[ {
  "id" : 4014002217349,
  "text" : "УИК №7",
  "href" : "region/izbirkom?action=show&root=12000008&tvd=4014002217349&vrn=100100225883172&prver=0&pronetvd=null&region=1&sub_region=1",
  "prver" : "0",
  "isUik" : true,
  "selected" : false,
  "load_on_demand" : false
}, {
  "id" : 4014002217350,
  "text" : "УИК №8",
  "href" : "region/izbirkom?action=show&root=12000008&tvd=4014002217350&vrn=100100225883172&prver=0&pronetvd=null&region=1&sub_region=1",
  "prver" : "0",
  "isUik" : true,
  "selected" : false,
  "load_on_demand" : false
}, {
  "id" : 4014002217351,
  "text" : "УИК №9",
  "href" : "region/izbirkom?action=show&root=12000008&tvd=4014002217351&vrn=100100225883172&prver=0&pronetvd=null&region=1&sub_region=1",
  "prver" : "0",
  "isUik" : true,
  "selected" : false,
  "load_on_demand" : false
}, {
  "id" : 4014002217352,
  "text" : "УИК №10",
  "href" : "region/izbirkom?action=show&root=12000008&tvd=4014002217352&vrn=100100225883172&prver=0&pronetvd=null&region=1&sub_region=1",
  "prver" : "0",
  "isUik" : true,
  "selected" : false,
  "load_on_demand" : false
}, {
  "id" : 4014002217353,
  "text" : "УИК №11",
  "href" : "region/izbirkom?action=show&root=12000008&tvd=4014002217353&vrn=100100225883172&prver=0&pronetvd=null&region=1&sub_region=1",
  "prver" : "0",
  "isUik" : true,
  "selected" : false,
  "load_on_demand" : false
}, {
  "id" : 4014002217354,
  "text" : "УИК №12",
  "href" : "region/izbirkom?action=show&root=12000008&tvd=4014002217354&vrn=100100225883172&prver=0&pronetvd=null&region=1&sub_region=1",
  "prver" : "0",
  "isUik" : true,
  "selected" : false,
  "load_on_demand" : false
}, {
  "id" : 4014002217355,
  "text" : "УИК №13",
  "href" : "region/izbirkom?action=show&root=12000008&tvd=4014002217355&vrn=100100225883172&prver=0&pronetvd=null&region=1&sub_region=1",
  "prver" : "0",
  "isUik" : true,
  "selected" : false,
  "load_on_demand" : false
}, {
  "id" : 4014002217356,
  "text" : "УИК №14",
  "href" : "region/izbirkom?action=show&root=12000008&tvd=4014002217356&vrn=100100225883172&prver=0&pronetvd=null&region=1&sub_region=1",
  "prver" : "0",
  "isUik" : true,
  "selected" : false,
  "load_on_demand" : false
}, {
  "id" : 4014002217357,
  "text" : "УИК №15",
  "href" : "region/izbirkom?action=show&root=12000008&tvd=4014002217357&vrn=100100225883172&prver=0&pronetvd=null&region=1&sub_region=1",
  "prver" : "0",
  "isUik" : true,
  "selected" : false,
  "load_on_demand" : false
}, {
  "id" : 4014002217358,
  "text" : "УИК №16",
  "href" : "region/izbirkom?action=show&root=12000008&tvd=4014002217358&vrn=100100225883172&prver=0&pronetvd=null&region=1&sub_region=1",
  "prver" : "0",
  "isUik" : true,
  "selected" : false,
  "load_on_demand" : false
}, {
  "id" : 4014002217359,
  "text" : "УИК №17",
  "href" : "region/izbirkom?action=show&root=12000008&tvd=4014002217359&vrn=100100225883172&prver=0&pronetvd=null&region=1&sub_region=1",
  "prver" : "0",
  "isUik" : true,
  "selected" : false,
  "load_on_demand" : false
}, {
  "id" : 4014002217360,
  "text" : "УИК №18",
  "href" : "region/izbirkom?action=show&root=12000008&tvd=4014002217360&vrn=100100225883172&prver=0&pronetvd=null&region=1&sub_region=1",
  "prver" : "0",
  "isUik" : true,
  "selected" : false,
  "load_on_demand" : false
}, {
  "id" : 4014002217361,
  "text" : "УИК №19",
  "href" : "region/izbirkom?action=show&root=12000008&tvd=4014002217361&vrn=100100225883172&prver=0&pronetvd=null&region=1&sub_region=1",
  "prver" : "0",
  "isUik" : true,
  "selected" : false,
  "load_on_demand" : false
}, {
  "id" : 4014002217362,
  "text" : "УИК №20",
  "href" : "region/izbirkom?action=show&root=12000008&tvd=4014002217362&vrn=100100225883172&prver=0&pronetvd=null&region=1&sub_region=1",
  "prver" : "0",
  "isUik" : true,
  "selected" : false,
  "load_on_demand" : false
}, {
  "id" : 4014002217363,
  "text" : "УИК №21",
  "href" : "region/izbirkom?action=show&root=12000008&tvd=4014002217363&vrn=100100225883172&prver=0&pronetvd=null&region=1&sub_region=1",
  "prver" : "0",
  "isUik" : true,
  "selected" : false,
  "load_on_demand" : false
}, {
  "id" : 4014002217364,
  "text" : "УИК №22",
  "href" : "region/izbirkom?action=show&root=12000008&tvd=4014002217364&vrn=100100225883172&prver=0&pronetvd=null&region=1&sub_region=1",
  "prver" : "0",
  "isUik" : true,
  "selected" : false,
  "load_on_demand" : false
}, {
  "id" : 4014002217365,
  "text" : "УИК №23",
  "href" : "region/izbirkom?action=show&root=12000008&tvd=4014002217365&vrn=100100225883172&prver=0&pronetvd=null&region=1&sub_region=1",
  "prver" : "0",
  "isUik" : true,
  "selected" : false,
  "load_on_demand" : false
}, {
  "id" : 4014002217366,
  "text" : "УИК №24",
  "href" : "region/izbirkom?action=show&root=12000008&tvd=4014002217366&vrn=100100225883172&prver=0&pronetvd=null&region=1&sub_region=1",
  "prver" : "0",
  "isUik" : true,
  "selected" : false,
  "load_on_demand" : false
}, {
  "id" : 4014002217367,
  "text" : "УИК №25",
  "href" : "region/izbirkom?action=show&root=12000008&tvd=4014002217367&vrn=100100225883172&prver=0&pronetvd=null&region=1&sub_region=1",
  "prver" : "0",
  "isUik" : true,
  "selected" : false,
  "load_on_demand" : false
}, {
  "id" : 4014002217368,
  "text" : "УИК №26",
  "href" : "region/izbirkom?action=show&root=12000008&tvd=4014002217368&vrn=100100225883172&prver=0&pronetvd=null&region=1&sub_region=1",
  "prver" : "0",
  "isUik" : true,
  "selected" : false,
  "load_on_demand" : false
}, {
  "id" : 4014002217369,
  "text" : "УИК №27",
  "href" : "region/izbirkom?action=show&root=12000008&tvd=4014002217369&vrn=100100225883172&prver=0&pronetvd=null&region=1&sub_region=1",
  "prver" : "0",
  "isUik" : true,
  "selected" : false,
  "load_on_demand" : false
}, {
  "id" : 4014002217370,
  "text" : "УИК №28",
  "href" : "region/izbirkom?action=show&root=12000008&tvd=4014002217370&vrn=100100225883172&prver=0&pronetvd=null&region=1&sub_region=1",
  "prver" : "0",
  "isUik" : true,
  "selected" : false,
  "load_on_demand" : false
}, {
  "id" : 4014002217371,
  "text" : "УИК №29",
  "href" : "region/izbirkom?action=show&root=12000008&tvd=4014002217371&vrn=100100225883172&prver=0&pronetvd=null&region=1&sub_region=1",
  "prver" : "0",
  "isUik" : true,
  "selected" : false,
  "load_on_demand" : false
}, {
  "id" : 4014002217372,
  "text" : "УИК №30",
  "href" : "region/izbirkom?action=show&root=12000008&tvd=4014002217372&vrn=100100225883172&prver=0&pronetvd=null&region=1&sub_region=1",
  "prver" : "0",
  "isUik" : true,
  "selected" : false,
  "load_on_demand" : false
} ]