[ {
  "id" : 4014008210007,
  "text" : "УИК №247",
  "href" : "region/izbirkom?action=show&root=12000001&tvd=4014008210007&vrn=100100225883172&prver=0&pronetvd=null&region=1&sub_region=1",
  "prver" : "0",
  "isUik" : true,
  "selected" : false,
  "load_on_demand" : false
}, {
  "id" : 4014008210008,
  "text" : "УИК №248",
  "href" : "region/izbirkom?action=show&root=12000001&tvd=4014008210008&vrn=100100225883172&prver=0&pronetvd=null&region=1&sub_region=1",
  "prver" : "0",
  "isUik" : true,
  "selected" : false,
  "load_on_demand" : false
}, {
  "id" : 4014008210009,
  "text" : "УИК №249",
  "href" : "region/izbirkom?action=show&root=12000001&tvd=4014008210009&vrn=100100225883172&prver=0&pronetvd=null&region=1&sub_region=1",
  "prver" : "0",
  "isUik" : true,
  "selected" : false,
  "load_on_demand" : false
}, {
  "id" : 4014008210010,
  "text" : "УИК №250",
  "href" : "region/izbirkom?action=show&root=12000001&tvd=4014008210010&vrn=100100225883172&prver=0&pronetvd=null&region=1&sub_region=1",
  "prver" : "0",
  "isUik" : true,
  "selected" : false,
  "load_on_demand" : false
}, {
  "id" : 4014008210011,
  "text" : "УИК №251",
  "href" : "region/izbirkom?action=show&root=12000001&tvd=4014008210011&vrn=100100225883172&prver=0&pronetvd=null&region=1&sub_region=1",
  "prver" : "0",
  "isUik" : true,
  "selected" : false,
  "load_on_demand" : false
}, {
  "id" : 4014008210012,
  "text" : "УИК №252",
  "href" : "region/izbirkom?action=show&root=12000001&tvd=4014008210012&vrn=100100225883172&prver=0&pronetvd=null&region=1&sub_region=1",
  "prver" : "0",
  "isUik" : true,
  "selected" : false,
  "load_on_demand" : false
}, {
  "id" : 4014008210013,
  "text" : "УИК №253",
  "href" : "region/izbirkom?action=show&root=12000001&tvd=4014008210013&vrn=100100225883172&prver=0&pronetvd=null&region=1&sub_region=1",
  "prver" : "0",
  "isUik" : true,
  "selected" : false,
  "load_on_demand" : false
}, {
  "id" : 4014008210014,
  "text" : "УИК №254",
  "href" : "region/izbirkom?action=show&root=12000001&tvd=4014008210014&vrn=100100225883172&prver=0&pronetvd=null&region=1&sub_region=1",
  "prver" : "0",
  "isUik" : true,
  "selected" : false,
  "load_on_demand" : false
}, {
  "id" : 4014008210015,
  "text" : "УИК №255",
  "href" : "region/izbirkom?action=show&root=12000001&tvd=4014008210015&vrn=100100225883172&prver=0&pronetvd=null&region=1&sub_region=1",
  "prver" : "0",
  "isUik" : true,
  "selected" : false,
  "load_on_demand" : false
}, {
  "id" : 4014008210016,
  "text" : "УИК №256",
  "href" : "region/izbirkom?action=show&root=12000001&tvd=4014008210016&vrn=100100225883172&prver=0&pronetvd=null&region=1&sub_region=1",
  "prver" : "0",
  "isUik" : true,
  "selected" : false,
  "load_on_demand" : false
}, {
  "id" : 4014008210017,
  "text" : "УИК №257",
  "href" : "region/izbirkom?action=show&root=12000001&tvd=4014008210017&vrn=100100225883172&prver=0&pronetvd=null&region=1&sub_region=1",
  "prver" : "0",
  "isUik" : true,
  "selected" : false,
  "load_on_demand" : false
}, {
  "id" : 4014008210018,
  "text" : "УИК №258",
  "href" : "region/izbirkom?action=show&root=12000001&tvd=4014008210018&vrn=100100225883172&prver=0&pronetvd=null&region=1&sub_region=1",
  "prver" : "0",
  "isUik" : true,
  "selected" : false,
  "load_on_demand" : false
}, {
  "id" : 4014008210019,
  "text" : "УИК №259",
  "href" : "region/izbirkom?action=show&root=12000001&tvd=4014008210019&vrn=100100225883172&prver=0&pronetvd=null&region=1&sub_region=1",
  "prver" : "0",
  "isUik" : true,
  "selected" : false,
  "load_on_demand" : false
}, {
  "id" : 4014008210020,
  "text" : "УИК №260",
  "href" : "region/izbirkom?action=show&root=12000001&tvd=4014008210020&vrn=100100225883172&prver=0&pronetvd=null&region=1&sub_region=1",
  "prver" : "0",
  "isUik" : true,
  "selected" : false,
  "load_on_demand" : false
}, {
  "id" : 4014008210021,
  "text" : "УИК №261",
  "href" : "region/izbirkom?action=show&root=12000001&tvd=4014008210021&vrn=100100225883172&prver=0&pronetvd=null&region=1&sub_region=1",
  "prver" : "0",
  "isUik" : true,
  "selected" : false,
  "load_on_demand" : false
}, {
  "id" : 4014008210022,
  "text" : "УИК №262",
  "href" : "region/izbirkom?action=show&root=12000001&tvd=4014008210022&vrn=100100225883172&prver=0&pronetvd=null&region=1&sub_region=1",
  "prver" : "0",
  "isUik" : true,
  "selected" : false,
  "load_on_demand" : false
}, {
  "id" : 4014008210023,
  "text" : "УИК №263",
  "href" : "region/izbirkom?action=show&root=12000001&tvd=4014008210023&vrn=100100225883172&prver=0&pronetvd=null&region=1&sub_region=1",
  "prver" : "0",
  "isUik" : true,
  "selected" : false,
  "load_on_demand" : false
} ]