[ {
  "id" : 4014007280321,
  "text" : "УИК №187",
  "href" : "region/izbirkom?action=show&root=12000003&tvd=4014007280321&vrn=100100225883172&prver=0&pronetvd=null&region=1&sub_region=1",
  "prver" : "0",
  "isUik" : true,
  "selected" : false,
  "load_on_demand" : false
}, {
  "id" : 4014007280322,
  "text" : "УИК №188",
  "href" : "region/izbirkom?action=show&root=12000003&tvd=4014007280322&vrn=100100225883172&prver=0&pronetvd=null&region=1&sub_region=1",
  "prver" : "0",
  "isUik" : true,
  "selected" : false,
  "load_on_demand" : false
}, {
  "id" : 4014007280323,
  "text" : "УИК №189",
  "href" : "region/izbirkom?action=show&root=12000003&tvd=4014007280323&vrn=100100225883172&prver=0&pronetvd=null&region=1&sub_region=1",
  "prver" : "0",
  "isUik" : true,
  "selected" : false,
  "load_on_demand" : false
}, {
  "id" : 4014007280324,
  "text" : "УИК №190",
  "href" : "region/izbirkom?action=show&root=12000003&tvd=4014007280324&vrn=100100225883172&prver=0&pronetvd=null&region=1&sub_region=1",
  "prver" : "0",
  "isUik" : true,
  "selected" : false,
  "load_on_demand" : false
}, {
  "id" : 4014007280325,
  "text" : "УИК №191",
  "href" : "region/izbirkom?action=show&root=12000003&tvd=4014007280325&vrn=100100225883172&prver=0&pronetvd=null&region=1&sub_region=1",
  "prver" : "0",
  "isUik" : true,
  "selected" : false,
  "load_on_demand" : false
}, {
  "id" : 4014007280326,
  "text" : "УИК №192",
  "href" : "region/izbirkom?action=show&root=12000003&tvd=4014007280326&vrn=100100225883172&prver=0&pronetvd=null&region=1&sub_region=1",
  "prver" : "0",
  "isUik" : true,
  "selected" : false,
  "load_on_demand" : false
}, {
  "id" : 4014007280327,
  "text" : "УИК №193",
  "href" : "region/izbirkom?action=show&root=12000003&tvd=4014007280327&vrn=100100225883172&prver=0&pronetvd=null&region=1&sub_region=1",
  "prver" : "0",
  "isUik" : true,
  "selected" : false,
  "load_on_demand" : false
}, {
  "id" : 4014007280328,
  "text" : "УИК №194",
  "href" : "region/izbirkom?action=show&root=12000003&tvd=4014007280328&vrn=100100225883172&prver=0&pronetvd=null&region=1&sub_region=1",
  "prver" : "0",
  "isUik" : true,
  "selected" : false,
  "load_on_demand" : false
}, {
  "id" : 4014007280329,
  "text" : "УИК №195",
  "href" : "region/izbirkom?action=show&root=12000003&tvd=4014007280329&vrn=100100225883172&prver=0&pronetvd=null&region=1&sub_region=1",
  "prver" : "0",
  "isUik" : true,
  "selected" : false,
  "load_on_demand" : false
}, {
  "id" : 4014007280330,
  "text" : "УИК №196",
  "href" : "region/izbirkom?action=show&root=12000003&tvd=4014007280330&vrn=100100225883172&prver=0&pronetvd=null&region=1&sub_region=1",
  "prver" : "0",
  "isUik" : true,
  "selected" : false,
  "load_on_demand" : false
}, {
  "id" : 4014007280331,
  "text" : "УИК №197",
  "href" : "region/izbirkom?action=show&root=12000003&tvd=4014007280331&vrn=100100225883172&prver=0&pronetvd=null&region=1&sub_region=1",
  "prver" : "0",
  "isUik" : true,
  "selected" : false,
  "load_on_demand" : false
}, {
  "id" : 4014007280332,
  "text" : "УИК №198",
  "href" : "region/izbirkom?action=show&root=12000003&tvd=4014007280332&vrn=100100225883172&prver=0&pronetvd=null&region=1&sub_region=1",
  "prver" : "0",
  "isUik" : true,
  "selected" : false,
  "load_on_demand" : false
}, {
  "id" : 4014007280333,
  "text" : "УИК №199",
  "href" : "region/izbirkom?action=show&root=12000003&tvd=4014007280333&vrn=100100225883172&prver=0&pronetvd=null&region=1&sub_region=1",
  "prver" : "0",
  "isUik" : true,
  "selected" : false,
  "load_on_demand" : false
}, {
  "id" : 4014007280334,
  "text" : "УИК №200",
  "href" : "region/izbirkom?action=show&root=12000003&tvd=4014007280334&vrn=100100225883172&prver=0&pronetvd=null&region=1&sub_region=1",
  "prver" : "0",
  "isUik" : true,
  "selected" : false,
  "load_on_demand" : false
}, {
  "id" : 4014007280335,
  "text" : "УИК №201",
  "href" : "region/izbirkom?action=show&root=12000003&tvd=4014007280335&vrn=100100225883172&prver=0&pronetvd=null&region=1&sub_region=1",
  "prver" : "0",
  "isUik" : true,
  "selected" : false,
  "load_on_demand" : false
}, {
  "id" : 4014007280336,
  "text" : "УИК №202",
  "href" : "region/izbirkom?action=show&root=12000003&tvd=4014007280336&vrn=100100225883172&prver=0&pronetvd=null&region=1&sub_region=1",
  "prver" : "0",
  "isUik" : true,
  "selected" : false,
  "load_on_demand" : false
}, {
  "id" : 4014007280337,
  "text" : "УИК №203",
  "href" : "region/izbirkom?action=show&root=12000003&tvd=4014007280337&vrn=100100225883172&prver=0&pronetvd=null&region=1&sub_region=1",
  "prver" : "0",
  "isUik" : true,
  "selected" : false,
  "load_on_demand" : false
}, {
  "id" : 4014007280338,
  "text" : "УИК №204",
  "href" : "region/izbirkom?action=show&root=12000003&tvd=4014007280338&vrn=100100225883172&prver=0&pronetvd=null&region=1&sub_region=1",
  "prver" : "0",
  "isUik" : true,
  "selected" : false,
  "load_on_demand" : false
}, {
  "id" : 4014007280339,
  "text" : "УИК №205",
  "href" : "region/izbirkom?action=show&root=12000003&tvd=4014007280339&vrn=100100225883172&prver=0&pronetvd=null&region=1&sub_region=1",
  "prver" : "0",
  "isUik" : true,
  "selected" : false,
  "load_on_demand" : false
}, {
  "id" : 4014007280340,
  "text" : "УИК №206",
  "href" : "region/izbirkom?action=show&root=12000003&tvd=4014007280340&vrn=100100225883172&prver=0&pronetvd=null&region=1&sub_region=1",
  "prver" : "0",
  "isUik" : true,
  "selected" : false,
  "load_on_demand" : false
}, {
  "id" : 4014007280341,
  "text" : "УИК №207",
  "href" : "region/izbirkom?action=show&root=12000003&tvd=4014007280341&vrn=100100225883172&prver=0&pronetvd=null&region=1&sub_region=1",
  "prver" : "0",
  "isUik" : true,
  "selected" : false,
  "load_on_demand" : false
}, {
  "id" : 4014007280342,
  "text" : "УИК №208",
  "href" : "region/izbirkom?action=show&root=12000003&tvd=4014007280342&vrn=100100225883172&prver=0&pronetvd=null&region=1&sub_region=1",
  "prver" : "0",
  "isUik" : true,
  "selected" : false,
  "load_on_demand" : false
}, {
  "id" : 4014007280343,
  "text" : "УИК №209",
  "href" : "region/izbirkom?action=show&root=12000003&tvd=4014007280343&vrn=100100225883172&prver=0&pronetvd=null&region=1&sub_region=1",
  "prver" : "0",
  "isUik" : true,
  "selected" : false,
  "load_on_demand" : false
}, {
  "id" : 4014007280344,
  "text" : "УИК №210",
  "href" : "region/izbirkom?action=show&root=12000003&tvd=4014007280344&vrn=100100225883172&prver=0&pronetvd=null&region=1&sub_region=1",
  "prver" : "0",
  "isUik" : true,
  "selected" : false,
  "load_on_demand" : false
}, {
  "id" : 4014007280345,
  "text" : "УИК №211",
  "href" : "region/izbirkom?action=show&root=12000003&tvd=4014007280345&vrn=100100225883172&prver=0&pronetvd=null&region=1&sub_region=1",
  "prver" : "0",
  "isUik" : true,
  "selected" : false,
  "load_on_demand" : false
}, {
  "id" : 4014007280346,
  "text" : "УИК №212",
  "href" : "region/izbirkom?action=show&root=12000003&tvd=4014007280346&vrn=100100225883172&prver=0&pronetvd=null&region=1&sub_region=1",
  "prver" : "0",
  "isUik" : true,
  "selected" : false,
  "load_on_demand" : false
}, {
  "id" : 4014007280347,
  "text" : "УИК №213",
  "href" : "region/izbirkom?action=show&root=12000003&tvd=4014007280347&vrn=100100225883172&prver=0&pronetvd=null&region=1&sub_region=1",
  "prver" : "0",
  "isUik" : true,
  "selected" : false,
  "load_on_demand" : false
}, {
  "id" : 4014007280348,
  "text" : "УИК №214",
  "href" : "region/izbirkom?action=show&root=12000003&tvd=4014007280348&vrn=100100225883172&prver=0&pronetvd=null&region=1&sub_region=1",
  "prver" : "0",
  "isUik" : true,
  "selected" : false,
  "load_on_demand" : false
}, {
  "id" : 4014007280349,
  "text" : "УИК №215",
  "href" : "region/izbirkom?action=show&root=12000003&tvd=4014007280349&vrn=100100225883172&prver=0&pronetvd=null&region=1&sub_region=1",
  "prver" : "0",
  "isUik" : true,
  "selected" : false,
  "load_on_demand" : false
}, {
  "id" : 4014007280350,
  "text" : "УИК №216",
  "href" : "region/izbirkom?action=show&root=12000003&tvd=4014007280350&vrn=100100225883172&prver=0&pronetvd=null&region=1&sub_region=1",
  "prver" : "0",
  "isUik" : true,
  "selected" : false,
  "load_on_demand" : false
}, {
  "id" : 4014007280351,
  "text" : "УИК №217",
  "href" : "region/izbirkom?action=show&root=12000003&tvd=4014007280351&vrn=100100225883172&prver=0&pronetvd=null&region=1&sub_region=1",
  "prver" : "0",
  "isUik" : true,
  "selected" : false,
  "load_on_demand" : false
}, {
  "id" : 4014007280352,
  "text" : "УИК №218",
  "href" : "region/izbirkom?action=show&root=12000003&tvd=4014007280352&vrn=100100225883172&prver=0&pronetvd=null&region=1&sub_region=1",
  "prver" : "0",
  "isUik" : true,
  "selected" : false,
  "load_on_demand" : false
}, {
  "id" : 4014007280353,
  "text" : "УИК №219",
  "href" : "region/izbirkom?action=show&root=12000003&tvd=4014007280353&vrn=100100225883172&prver=0&pronetvd=null&region=1&sub_region=1",
  "prver" : "0",
  "isUik" : true,
  "selected" : false,
  "load_on_demand" : false
}, {
  "id" : 4014007280354,
  "text" : "УИК №220",
  "href" : "region/izbirkom?action=show&root=12000003&tvd=4014007280354&vrn=100100225883172&prver=0&pronetvd=null&region=1&sub_region=1",
  "prver" : "0",
  "isUik" : true,
  "selected" : false,
  "load_on_demand" : false
}, {
  "id" : 4014007280355,
  "text" : "УИК №221",
  "href" : "region/izbirkom?action=show&root=12000003&tvd=4014007280355&vrn=100100225883172&prver=0&pronetvd=null&region=1&sub_region=1",
  "prver" : "0",
  "isUik" : true,
  "selected" : false,
  "load_on_demand" : false
}, {
  "id" : 4014007280356,
  "text" : "УИК №222",
  "href" : "region/izbirkom?action=show&root=12000003&tvd=4014007280356&vrn=100100225883172&prver=0&pronetvd=null&region=1&sub_region=1",
  "prver" : "0",
  "isUik" : true,
  "selected" : false,
  "load_on_demand" : false
}, {
  "id" : 4014007280357,
  "text" : "УИК №223",
  "href" : "region/izbirkom?action=show&root=12000003&tvd=4014007280357&vrn=100100225883172&prver=0&pronetvd=null&region=1&sub_region=1",
  "prver" : "0",
  "isUik" : true,
  "selected" : false,
  "load_on_demand" : false
}, {
  "id" : 4014007280358,
  "text" : "УИК №224",
  "href" : "region/izbirkom?action=show&root=12000003&tvd=4014007280358&vrn=100100225883172&prver=0&pronetvd=null&region=1&sub_region=1",
  "prver" : "0",
  "isUik" : true,
  "selected" : false,
  "load_on_demand" : false
}, {
  "id" : 4014007280359,
  "text" : "УИК №225",
  "href" : "region/izbirkom?action=show&root=12000003&tvd=4014007280359&vrn=100100225883172&prver=0&pronetvd=null&region=1&sub_region=1",
  "prver" : "0",
  "isUik" : true,
  "selected" : false,
  "load_on_demand" : false
}, {
  "id" : 4014007280360,
  "text" : "УИК №276",
  "href" : "region/izbirkom?action=show&root=12000003&tvd=4014007280360&vrn=100100225883172&prver=0&pronetvd=null&region=1&sub_region=1",
  "prver" : "0",
  "isUik" : true,
  "selected" : false,
  "load_on_demand" : false
}, {
  "id" : 4014007280361,
  "text" : "УИК №277",
  "href" : "region/izbirkom?action=show&root=12000003&tvd=4014007280361&vrn=100100225883172&prver=0&pronetvd=null&region=1&sub_region=1",
  "prver" : "0",
  "isUik" : true,
  "selected" : false,
  "load_on_demand" : false
}, {
  "id" : 4014007280362,
  "text" : "УИК №278",
  "href" : "region/izbirkom?action=show&root=12000003&tvd=4014007280362&vrn=100100225883172&prver=0&pronetvd=null&region=1&sub_region=1",
  "prver" : "0",
  "isUik" : true,
  "selected" : false,
  "load_on_demand" : false
} ]