[ {
  "id" : 4024001412513,
  "text" : "УИК №754",
  "href" : "region/izbirkom?action=show&root=22000061&tvd=4024001412513&vrn=100100225883172&prver=0&pronetvd=null&region=3&sub_region=3",
  "prver" : "0",
  "isUik" : true,
  "selected" : false,
  "load_on_demand" : false
}, {
  "id" : 4024001412514,
  "text" : "УИК №755",
  "href" : "region/izbirkom?action=show&root=22000061&tvd=4024001412514&vrn=100100225883172&prver=0&pronetvd=null&region=3&sub_region=3",
  "prver" : "0",
  "isUik" : true,
  "selected" : false,
  "load_on_demand" : false
}, {
  "id" : 4024001412515,
  "text" : "УИК №757",
  "href" : "region/izbirkom?action=show&root=22000061&tvd=4024001412515&vrn=100100225883172&prver=0&pronetvd=null&region=3&sub_region=3",
  "prver" : "0",
  "isUik" : true,
  "selected" : false,
  "load_on_demand" : false
}, {
  "id" : 4024001412516,
  "text" : "УИК №758",
  "href" : "region/izbirkom?action=show&root=22000061&tvd=4024001412516&vrn=100100225883172&prver=0&pronetvd=null&region=3&sub_region=3",
  "prver" : "0",
  "isUik" : true,
  "selected" : false,
  "load_on_demand" : false
}, {
  "id" : 4024001412517,
  "text" : "УИК №759",
  "href" : "region/izbirkom?action=show&root=22000061&tvd=4024001412517&vrn=100100225883172&prver=0&pronetvd=null&region=3&sub_region=3",
  "prver" : "0",
  "isUik" : true,
  "selected" : false,
  "load_on_demand" : false
}, {
  "id" : 4024001412518,
  "text" : "УИК №760",
  "href" : "region/izbirkom?action=show&root=22000061&tvd=4024001412518&vrn=100100225883172&prver=0&pronetvd=null&region=3&sub_region=3",
  "prver" : "0",
  "isUik" : true,
  "selected" : false,
  "load_on_demand" : false
}, {
  "id" : 4024001412519,
  "text" : "УИК №761",
  "href" : "region/izbirkom?action=show&root=22000061&tvd=4024001412519&vrn=100100225883172&prver=0&pronetvd=null&region=3&sub_region=3",
  "prver" : "0",
  "isUik" : true,
  "selected" : false,
  "load_on_demand" : false
}, {
  "id" : 4024001412520,
  "text" : "УИК №762",
  "href" : "region/izbirkom?action=show&root=22000061&tvd=4024001412520&vrn=100100225883172&prver=0&pronetvd=null&region=3&sub_region=3",
  "prver" : "0",
  "isUik" : true,
  "selected" : false,
  "load_on_demand" : false
}, {
  "id" : 4024001412521,
  "text" : "УИК №763",
  "href" : "region/izbirkom?action=show&root=22000061&tvd=4024001412521&vrn=100100225883172&prver=0&pronetvd=null&region=3&sub_region=3",
  "prver" : "0",
  "isUik" : true,
  "selected" : false,
  "load_on_demand" : false
}, {
  "id" : 4024001412522,
  "text" : "УИК №764",
  "href" : "region/izbirkom?action=show&root=22000061&tvd=4024001412522&vrn=100100225883172&prver=0&pronetvd=null&region=3&sub_region=3",
  "prver" : "0",
  "isUik" : true,
  "selected" : false,
  "load_on_demand" : false
}, {
  "id" : 4024001412523,
  "text" : "УИК №765",
  "href" : "region/izbirkom?action=show&root=22000061&tvd=4024001412523&vrn=100100225883172&prver=0&pronetvd=null&region=3&sub_region=3",
  "prver" : "0",
  "isUik" : true,
  "selected" : false,
  "load_on_demand" : false
}, {
  "id" : 4024001412524,
  "text" : "УИК №766",
  "href" : "region/izbirkom?action=show&root=22000061&tvd=4024001412524&vrn=100100225883172&prver=0&pronetvd=null&region=3&sub_region=3",
  "prver" : "0",
  "isUik" : true,
  "selected" : false,
  "load_on_demand" : false
}, {
  "id" : 4024001412525,
  "text" : "УИК №767",
  "href" : "region/izbirkom?action=show&root=22000061&tvd=4024001412525&vrn=100100225883172&prver=0&pronetvd=null&region=3&sub_region=3",
  "prver" : "0",
  "isUik" : true,
  "selected" : false,
  "load_on_demand" : false
}, {
  "id" : 4024001412526,
  "text" : "УИК №768",
  "href" : "region/izbirkom?action=show&root=22000061&tvd=4024001412526&vrn=100100225883172&prver=0&pronetvd=null&region=3&sub_region=3",
  "prver" : "0",
  "isUik" : true,
  "selected" : false,
  "load_on_demand" : false
}, {
  "id" : 4024001412527,
  "text" : "УИК №769",
  "href" : "region/izbirkom?action=show&root=22000061&tvd=4024001412527&vrn=100100225883172&prver=0&pronetvd=null&region=3&sub_region=3",
  "prver" : "0",
  "isUik" : true,
  "selected" : false,
  "load_on_demand" : false
}, {
  "id" : 4024001412528,
  "text" : "УИК №770",
  "href" : "region/izbirkom?action=show&root=22000061&tvd=4024001412528&vrn=100100225883172&prver=0&pronetvd=null&region=3&sub_region=3",
  "prver" : "0",
  "isUik" : true,
  "selected" : false,
  "load_on_demand" : false
}, {
  "id" : 4024001412529,
  "text" : "УИК №771",
  "href" : "region/izbirkom?action=show&root=22000061&tvd=4024001412529&vrn=100100225883172&prver=0&pronetvd=null&region=3&sub_region=3",
  "prver" : "0",
  "isUik" : true,
  "selected" : false,
  "load_on_demand" : false
}, {
  "id" : 4024001412530,
  "text" : "УИК №772",
  "href" : "region/izbirkom?action=show&root=22000061&tvd=4024001412530&vrn=100100225883172&prver=0&pronetvd=null&region=3&sub_region=3",
  "prver" : "0",
  "isUik" : true,
  "selected" : false,
  "load_on_demand" : false
}, {
  "id" : 4024001412531,
  "text" : "УИК №773",
  "href" : "region/izbirkom?action=show&root=22000061&tvd=4024001412531&vrn=100100225883172&prver=0&pronetvd=null&region=3&sub_region=3",
  "prver" : "0",
  "isUik" : true,
  "selected" : false,
  "load_on_demand" : false
}, {
  "id" : 4024001412532,
  "text" : "УИК №774",
  "href" : "region/izbirkom?action=show&root=22000061&tvd=4024001412532&vrn=100100225883172&prver=0&pronetvd=null&region=3&sub_region=3",
  "prver" : "0",
  "isUik" : true,
  "selected" : false,
  "load_on_demand" : false
}, {
  "id" : 4024001412533,
  "text" : "УИК №775",
  "href" : "region/izbirkom?action=show&root=22000061&tvd=4024001412533&vrn=100100225883172&prver=0&pronetvd=null&region=3&sub_region=3",
  "prver" : "0",
  "isUik" : true,
  "selected" : false,
  "load_on_demand" : false
}, {
  "id" : 4024001412534,
  "text" : "УИК №776",
  "href" : "region/izbirkom?action=show&root=22000061&tvd=4024001412534&vrn=100100225883172&prver=0&pronetvd=null&region=3&sub_region=3",
  "prver" : "0",
  "isUik" : true,
  "selected" : false,
  "load_on_demand" : false
}, {
  "id" : 4024001412535,
  "text" : "УИК №777",
  "href" : "region/izbirkom?action=show&root=22000061&tvd=4024001412535&vrn=100100225883172&prver=0&pronetvd=null&region=3&sub_region=3",
  "prver" : "0",
  "isUik" : true,
  "selected" : false,
  "load_on_demand" : false
}, {
  "id" : 4024001412536,
  "text" : "УИК №778",
  "href" : "region/izbirkom?action=show&root=22000061&tvd=4024001412536&vrn=100100225883172&prver=0&pronetvd=null&region=3&sub_region=3",
  "prver" : "0",
  "isUik" : true,
  "selected" : false,
  "load_on_demand" : false
}, {
  "id" : 4024001412537,
  "text" : "УИК №779",
  "href" : "region/izbirkom?action=show&root=22000061&tvd=4024001412537&vrn=100100225883172&prver=0&pronetvd=null&region=3&sub_region=3",
  "prver" : "0",
  "isUik" : true,
  "selected" : false,
  "load_on_demand" : false
}, {
  "id" : 4024001412538,
  "text" : "УИК №780",
  "href" : "region/izbirkom?action=show&root=22000061&tvd=4024001412538&vrn=100100225883172&prver=0&pronetvd=null&region=3&sub_region=3",
  "prver" : "0",
  "isUik" : true,
  "selected" : false,
  "load_on_demand" : false
}, {
  "id" : 4024001412539,
  "text" : "УИК №781",
  "href" : "region/izbirkom?action=show&root=22000061&tvd=4024001412539&vrn=100100225883172&prver=0&pronetvd=null&region=3&sub_region=3",
  "prver" : "0",
  "isUik" : true,
  "selected" : false,
  "load_on_demand" : false
}, {
  "id" : 4024001412540,
  "text" : "УИК №782",
  "href" : "region/izbirkom?action=show&root=22000061&tvd=4024001412540&vrn=100100225883172&prver=0&pronetvd=null&region=3&sub_region=3",
  "prver" : "0",
  "isUik" : true,
  "selected" : false,
  "load_on_demand" : false
}, {
  "id" : 4024001412541,
  "text" : "УИК №783",
  "href" : "region/izbirkom?action=show&root=22000061&tvd=4024001412541&vrn=100100225883172&prver=0&pronetvd=null&region=3&sub_region=3",
  "prver" : "0",
  "isUik" : true,
  "selected" : false,
  "load_on_demand" : false
}, {
  "id" : 4024001412542,
  "text" : "УИК №784",
  "href" : "region/izbirkom?action=show&root=22000061&tvd=4024001412542&vrn=100100225883172&prver=0&pronetvd=null&region=3&sub_region=3",
  "prver" : "0",
  "isUik" : true,
  "selected" : false,
  "load_on_demand" : false
}, {
  "id" : 4024001412543,
  "text" : "УИК №786",
  "href" : "region/izbirkom?action=show&root=22000061&tvd=4024001412543&vrn=100100225883172&prver=0&pronetvd=null&region=3&sub_region=3",
  "prver" : "0",
  "isUik" : true,
  "selected" : false,
  "load_on_demand" : false
}, {
  "id" : 4024001412544,
  "text" : "УИК №788",
  "href" : "region/izbirkom?action=show&root=22000061&tvd=4024001412544&vrn=100100225883172&prver=0&pronetvd=null&region=3&sub_region=3",
  "prver" : "0",
  "isUik" : true,
  "selected" : false,
  "load_on_demand" : false
}, {
  "id" : 4024001412545,
  "text" : "УИК №789",
  "href" : "region/izbirkom?action=show&root=22000061&tvd=4024001412545&vrn=100100225883172&prver=0&pronetvd=null&region=3&sub_region=3",
  "prver" : "0",
  "isUik" : true,
  "selected" : false,
  "load_on_demand" : false
}, {
  "id" : 4024001412546,
  "text" : "УИК №790",
  "href" : "region/izbirkom?action=show&root=22000061&tvd=4024001412546&vrn=100100225883172&prver=0&pronetvd=null&region=3&sub_region=3",
  "prver" : "0",
  "isUik" : true,
  "selected" : false,
  "load_on_demand" : false
}, {
  "id" : 4024001412547,
  "text" : "УИК №791",
  "href" : "region/izbirkom?action=show&root=22000061&tvd=4024001412547&vrn=100100225883172&prver=0&pronetvd=null&region=3&sub_region=3",
  "prver" : "0",
  "isUik" : true,
  "selected" : false,
  "load_on_demand" : false
}, {
  "id" : 4024001412548,
  "text" : "УИК №792",
  "href" : "region/izbirkom?action=show&root=22000061&tvd=4024001412548&vrn=100100225883172&prver=0&pronetvd=null&region=3&sub_region=3",
  "prver" : "0",
  "isUik" : true,
  "selected" : false,
  "load_on_demand" : false
}, {
  "id" : 4024001412549,
  "text" : "УИК №794",
  "href" : "region/izbirkom?action=show&root=22000061&tvd=4024001412549&vrn=100100225883172&prver=0&pronetvd=null&region=3&sub_region=3",
  "prver" : "0",
  "isUik" : true,
  "selected" : false,
  "load_on_demand" : false
}, {
  "id" : 4024001412550,
  "text" : "УИК №795",
  "href" : "region/izbirkom?action=show&root=22000061&tvd=4024001412550&vrn=100100225883172&prver=0&pronetvd=null&region=3&sub_region=3",
  "prver" : "0",
  "isUik" : true,
  "selected" : false,
  "load_on_demand" : false
}, {
  "id" : 4024001412551,
  "text" : "УИК №796",
  "href" : "region/izbirkom?action=show&root=22000061&tvd=4024001412551&vrn=100100225883172&prver=0&pronetvd=null&region=3&sub_region=3",
  "prver" : "0",
  "isUik" : true,
  "selected" : false,
  "load_on_demand" : false
}, {
  "id" : 4024001412552,
  "text" : "УИК №797",
  "href" : "region/izbirkom?action=show&root=22000061&tvd=4024001412552&vrn=100100225883172&prver=0&pronetvd=null&region=3&sub_region=3",
  "prver" : "0",
  "isUik" : true,
  "selected" : false,
  "load_on_demand" : false
}, {
  "id" : 4024001412553,
  "text" : "УИК №798",
  "href" : "region/izbirkom?action=show&root=22000061&tvd=4024001412553&vrn=100100225883172&prver=0&pronetvd=null&region=3&sub_region=3",
  "prver" : "0",
  "isUik" : true,
  "selected" : false,
  "load_on_demand" : false
}, {
  "id" : 4024001412554,
  "text" : "УИК №799",
  "href" : "region/izbirkom?action=show&root=22000061&tvd=4024001412554&vrn=100100225883172&prver=0&pronetvd=null&region=3&sub_region=3",
  "prver" : "0",
  "isUik" : true,
  "selected" : false,
  "load_on_demand" : false
}, {
  "id" : 4024001412555,
  "text" : "УИК №800",
  "href" : "region/izbirkom?action=show&root=22000061&tvd=4024001412555&vrn=100100225883172&prver=0&pronetvd=null&region=3&sub_region=3",
  "prver" : "0",
  "isUik" : true,
  "selected" : false,
  "load_on_demand" : false
}, {
  "id" : 4024001412556,
  "text" : "УИК №801",
  "href" : "region/izbirkom?action=show&root=22000061&tvd=4024001412556&vrn=100100225883172&prver=0&pronetvd=null&region=3&sub_region=3",
  "prver" : "0",
  "isUik" : true,
  "selected" : false,
  "load_on_demand" : false
}, {
  "id" : 4024001412557,
  "text" : "УИК №802",
  "href" : "region/izbirkom?action=show&root=22000061&tvd=4024001412557&vrn=100100225883172&prver=0&pronetvd=null&region=3&sub_region=3",
  "prver" : "0",
  "isUik" : true,
  "selected" : false,
  "load_on_demand" : false
}, {
  "id" : 4024001412558,
  "text" : "УИК №803",
  "href" : "region/izbirkom?action=show&root=22000061&tvd=4024001412558&vrn=100100225883172&prver=0&pronetvd=null&region=3&sub_region=3",
  "prver" : "0",
  "isUik" : true,
  "selected" : false,
  "load_on_demand" : false
}, {
  "id" : 4024001412559,
  "text" : "УИК №804",
  "href" : "region/izbirkom?action=show&root=22000061&tvd=4024001412559&vrn=100100225883172&prver=0&pronetvd=null&region=3&sub_region=3",
  "prver" : "0",
  "isUik" : true,
  "selected" : false,
  "load_on_demand" : false
}, {
  "id" : 4024001412560,
  "text" : "УИК №805",
  "href" : "region/izbirkom?action=show&root=22000061&tvd=4024001412560&vrn=100100225883172&prver=0&pronetvd=null&region=3&sub_region=3",
  "prver" : "0",
  "isUik" : true,
  "selected" : false,
  "load_on_demand" : false
}, {
  "id" : 4024001412561,
  "text" : "УИК №806",
  "href" : "region/izbirkom?action=show&root=22000061&tvd=4024001412561&vrn=100100225883172&prver=0&pronetvd=null&region=3&sub_region=3",
  "prver" : "0",
  "isUik" : true,
  "selected" : false,
  "load_on_demand" : false
}, {
  "id" : 4024001412562,
  "text" : "УИК №807",
  "href" : "region/izbirkom?action=show&root=22000061&tvd=4024001412562&vrn=100100225883172&prver=0&pronetvd=null&region=3&sub_region=3",
  "prver" : "0",
  "isUik" : true,
  "selected" : false,
  "load_on_demand" : false
}, {
  "id" : 4024001412563,
  "text" : "УИК №808",
  "href" : "region/izbirkom?action=show&root=22000061&tvd=4024001412563&vrn=100100225883172&prver=0&pronetvd=null&region=3&sub_region=3",
  "prver" : "0",
  "isUik" : true,
  "selected" : false,
  "load_on_demand" : false
}, {
  "id" : 4024001412564,
  "text" : "УИК №809",
  "href" : "region/izbirkom?action=show&root=22000061&tvd=4024001412564&vrn=100100225883172&prver=0&pronetvd=null&region=3&sub_region=3",
  "prver" : "0",
  "isUik" : true,
  "selected" : false,
  "load_on_demand" : false
}, {
  "id" : 4024001412565,
  "text" : "УИК №810",
  "href" : "region/izbirkom?action=show&root=22000061&tvd=4024001412565&vrn=100100225883172&prver=0&pronetvd=null&region=3&sub_region=3",
  "prver" : "0",
  "isUik" : true,
  "selected" : false,
  "load_on_demand" : false
}, {
  "id" : 4024001412566,
  "text" : "УИК №811",
  "href" : "region/izbirkom?action=show&root=22000061&tvd=4024001412566&vrn=100100225883172&prver=0&pronetvd=null&region=3&sub_region=3",
  "prver" : "0",
  "isUik" : true,
  "selected" : false,
  "load_on_demand" : false
}, {
  "id" : 4024001412567,
  "text" : "УИК №812",
  "href" : "region/izbirkom?action=show&root=22000061&tvd=4024001412567&vrn=100100225883172&prver=0&pronetvd=null&region=3&sub_region=3",
  "prver" : "0",
  "isUik" : true,
  "selected" : false,
  "load_on_demand" : false
}, {
  "id" : 4024001412568,
  "text" : "УИК №813",
  "href" : "region/izbirkom?action=show&root=22000061&tvd=4024001412568&vrn=100100225883172&prver=0&pronetvd=null&region=3&sub_region=3",
  "prver" : "0",
  "isUik" : true,
  "selected" : false,
  "load_on_demand" : false
}, {
  "id" : 4024001412569,
  "text" : "УИК №814",
  "href" : "region/izbirkom?action=show&root=22000061&tvd=4024001412569&vrn=100100225883172&prver=0&pronetvd=null&region=3&sub_region=3",
  "prver" : "0",
  "isUik" : true,
  "selected" : false,
  "load_on_demand" : false
}, {
  "id" : 4024001412570,
  "text" : "УИК №815",
  "href" : "region/izbirkom?action=show&root=22000061&tvd=4024001412570&vrn=100100225883172&prver=0&pronetvd=null&region=3&sub_region=3",
  "prver" : "0",
  "isUik" : true,
  "selected" : false,
  "load_on_demand" : false
}, {
  "id" : 4024001412571,
  "text" : "УИК №816",
  "href" : "region/izbirkom?action=show&root=22000061&tvd=4024001412571&vrn=100100225883172&prver=0&pronetvd=null&region=3&sub_region=3",
  "prver" : "0",
  "isUik" : true,
  "selected" : false,
  "load_on_demand" : false
}, {
  "id" : 4024001412572,
  "text" : "УИК №817",
  "href" : "region/izbirkom?action=show&root=22000061&tvd=4024001412572&vrn=100100225883172&prver=0&pronetvd=null&region=3&sub_region=3",
  "prver" : "0",
  "isUik" : true,
  "selected" : false,
  "load_on_demand" : false
}, {
  "id" : 4024001412573,
  "text" : "УИК №818",
  "href" : "region/izbirkom?action=show&root=22000061&tvd=4024001412573&vrn=100100225883172&prver=0&pronetvd=null&region=3&sub_region=3",
  "prver" : "0",
  "isUik" : true,
  "selected" : false,
  "load_on_demand" : false
}, {
  "id" : 4024001412574,
  "text" : "УИК №819",
  "href" : "region/izbirkom?action=show&root=22000061&tvd=4024001412574&vrn=100100225883172&prver=0&pronetvd=null&region=3&sub_region=3",
  "prver" : "0",
  "isUik" : true,
  "selected" : false,
  "load_on_demand" : false
} ]