[ {
  "id" : 4024035389310,
  "text" : "УИК №2385",
  "href" : "region/izbirkom?action=show&root=22000056&tvd=4024035389310&vrn=100100225883172&prver=0&pronetvd=null&region=3&sub_region=3",
  "prver" : "0",
  "isUik" : true,
  "selected" : false,
  "load_on_demand" : false
}, {
  "id" : 4024035389311,
  "text" : "УИК №2386",
  "href" : "region/izbirkom?action=show&root=22000056&tvd=4024035389311&vrn=100100225883172&prver=0&pronetvd=null&region=3&sub_region=3",
  "prver" : "0",
  "isUik" : true,
  "selected" : false,
  "load_on_demand" : false
}, {
  "id" : 4024035389312,
  "text" : "УИК №2387",
  "href" : "region/izbirkom?action=show&root=22000056&tvd=4024035389312&vrn=100100225883172&prver=0&pronetvd=null&region=3&sub_region=3",
  "prver" : "0",
  "isUik" : true,
  "selected" : false,
  "load_on_demand" : false
}, {
  "id" : 4024035389313,
  "text" : "УИК №2388",
  "href" : "region/izbirkom?action=show&root=22000056&tvd=4024035389313&vrn=100100225883172&prver=0&pronetvd=null&region=3&sub_region=3",
  "prver" : "0",
  "isUik" : true,
  "selected" : false,
  "load_on_demand" : false
}, {
  "id" : 4024035389314,
  "text" : "УИК №2389",
  "href" : "region/izbirkom?action=show&root=22000056&tvd=4024035389314&vrn=100100225883172&prver=0&pronetvd=null&region=3&sub_region=3",
  "prver" : "0",
  "isUik" : true,
  "selected" : false,
  "load_on_demand" : false
}, {
  "id" : 4024035389315,
  "text" : "УИК №2390",
  "href" : "region/izbirkom?action=show&root=22000056&tvd=4024035389315&vrn=100100225883172&prver=0&pronetvd=null&region=3&sub_region=3",
  "prver" : "0",
  "isUik" : true,
  "selected" : false,
  "load_on_demand" : false
}, {
  "id" : 4024035389316,
  "text" : "УИК №2391",
  "href" : "region/izbirkom?action=show&root=22000056&tvd=4024035389316&vrn=100100225883172&prver=0&pronetvd=null&region=3&sub_region=3",
  "prver" : "0",
  "isUik" : true,
  "selected" : false,
  "load_on_demand" : false
}, {
  "id" : 4024035389317,
  "text" : "УИК №2392",
  "href" : "region/izbirkom?action=show&root=22000056&tvd=4024035389317&vrn=100100225883172&prver=0&pronetvd=null&region=3&sub_region=3",
  "prver" : "0",
  "isUik" : true,
  "selected" : false,
  "load_on_demand" : false
}, {
  "id" : 4024035389318,
  "text" : "УИК №2393",
  "href" : "region/izbirkom?action=show&root=22000056&tvd=4024035389318&vrn=100100225883172&prver=0&pronetvd=null&region=3&sub_region=3",
  "prver" : "0",
  "isUik" : true,
  "selected" : false,
  "load_on_demand" : false
}, {
  "id" : 4024035389319,
  "text" : "УИК №2394",
  "href" : "region/izbirkom?action=show&root=22000056&tvd=4024035389319&vrn=100100225883172&prver=0&pronetvd=null&region=3&sub_region=3",
  "prver" : "0",
  "isUik" : true,
  "selected" : false,
  "load_on_demand" : false
}, {
  "id" : 4024035389320,
  "text" : "УИК №2395",
  "href" : "region/izbirkom?action=show&root=22000056&tvd=4024035389320&vrn=100100225883172&prver=0&pronetvd=null&region=3&sub_region=3",
  "prver" : "0",
  "isUik" : true,
  "selected" : false,
  "load_on_demand" : false
}, {
  "id" : 4024035389321,
  "text" : "УИК №2396",
  "href" : "region/izbirkom?action=show&root=22000056&tvd=4024035389321&vrn=100100225883172&prver=0&pronetvd=null&region=3&sub_region=3",
  "prver" : "0",
  "isUik" : true,
  "selected" : false,
  "load_on_demand" : false
}, {
  "id" : 4024035389322,
  "text" : "УИК №2397",
  "href" : "region/izbirkom?action=show&root=22000056&tvd=4024035389322&vrn=100100225883172&prver=0&pronetvd=null&region=3&sub_region=3",
  "prver" : "0",
  "isUik" : true,
  "selected" : false,
  "load_on_demand" : false
}, {
  "id" : 4024035389323,
  "text" : "УИК №2398",
  "href" : "region/izbirkom?action=show&root=22000056&tvd=4024035389323&vrn=100100225883172&prver=0&pronetvd=null&region=3&sub_region=3",
  "prver" : "0",
  "isUik" : true,
  "selected" : false,
  "load_on_demand" : false
}, {
  "id" : 4024035389324,
  "text" : "УИК №2399",
  "href" : "region/izbirkom?action=show&root=22000056&tvd=4024035389324&vrn=100100225883172&prver=0&pronetvd=null&region=3&sub_region=3",
  "prver" : "0",
  "isUik" : true,
  "selected" : false,
  "load_on_demand" : false
}, {
  "id" : 4024035389325,
  "text" : "УИК №2400",
  "href" : "region/izbirkom?action=show&root=22000056&tvd=4024035389325&vrn=100100225883172&prver=0&pronetvd=null&region=3&sub_region=3",
  "prver" : "0",
  "isUik" : true,
  "selected" : false,
  "load_on_demand" : false
}, {
  "id" : 4024035389326,
  "text" : "УИК №2401",
  "href" : "region/izbirkom?action=show&root=22000056&tvd=4024035389326&vrn=100100225883172&prver=0&pronetvd=null&region=3&sub_region=3",
  "prver" : "0",
  "isUik" : true,
  "selected" : false,
  "load_on_demand" : false
}, {
  "id" : 4024035389327,
  "text" : "УИК №2402",
  "href" : "region/izbirkom?action=show&root=22000056&tvd=4024035389327&vrn=100100225883172&prver=0&pronetvd=null&region=3&sub_region=3",
  "prver" : "0",
  "isUik" : true,
  "selected" : false,
  "load_on_demand" : false
}, {
  "id" : 4024035389328,
  "text" : "УИК №2403",
  "href" : "region/izbirkom?action=show&root=22000056&tvd=4024035389328&vrn=100100225883172&prver=0&pronetvd=null&region=3&sub_region=3",
  "prver" : "0",
  "isUik" : true,
  "selected" : false,
  "load_on_demand" : false
}, {
  "id" : 4024035389329,
  "text" : "УИК №2404",
  "href" : "region/izbirkom?action=show&root=22000056&tvd=4024035389329&vrn=100100225883172&prver=0&pronetvd=null&region=3&sub_region=3",
  "prver" : "0",
  "isUik" : true,
  "selected" : false,
  "load_on_demand" : false
}, {
  "id" : 4024035389330,
  "text" : "УИК №2405",
  "href" : "region/izbirkom?action=show&root=22000056&tvd=4024035389330&vrn=100100225883172&prver=0&pronetvd=null&region=3&sub_region=3",
  "prver" : "0",
  "isUik" : true,
  "selected" : false,
  "load_on_demand" : false
}, {
  "id" : 4024035389331,
  "text" : "УИК №2406",
  "href" : "region/izbirkom?action=show&root=22000056&tvd=4024035389331&vrn=100100225883172&prver=0&pronetvd=null&region=3&sub_region=3",
  "prver" : "0",
  "isUik" : true,
  "selected" : false,
  "load_on_demand" : false
}, {
  "id" : 4024035389332,
  "text" : "УИК №2407",
  "href" : "region/izbirkom?action=show&root=22000056&tvd=4024035389332&vrn=100100225883172&prver=0&pronetvd=null&region=3&sub_region=3",
  "prver" : "0",
  "isUik" : true,
  "selected" : false,
  "load_on_demand" : false
}, {
  "id" : 4024035389333,
  "text" : "УИК №2408",
  "href" : "region/izbirkom?action=show&root=22000056&tvd=4024035389333&vrn=100100225883172&prver=0&pronetvd=null&region=3&sub_region=3",
  "prver" : "0",
  "isUik" : true,
  "selected" : false,
  "load_on_demand" : false
}, {
  "id" : 4024035389334,
  "text" : "УИК №2409",
  "href" : "region/izbirkom?action=show&root=22000056&tvd=4024035389334&vrn=100100225883172&prver=0&pronetvd=null&region=3&sub_region=3",
  "prver" : "0",
  "isUik" : true,
  "selected" : false,
  "load_on_demand" : false
}, {
  "id" : 4024035389335,
  "text" : "УИК №2410",
  "href" : "region/izbirkom?action=show&root=22000056&tvd=4024035389335&vrn=100100225883172&prver=0&pronetvd=null&region=3&sub_region=3",
  "prver" : "0",
  "isUik" : true,
  "selected" : false,
  "load_on_demand" : false
}, {
  "id" : 4024035389336,
  "text" : "УИК №2411",
  "href" : "region/izbirkom?action=show&root=22000056&tvd=4024035389336&vrn=100100225883172&prver=0&pronetvd=null&region=3&sub_region=3",
  "prver" : "0",
  "isUik" : true,
  "selected" : false,
  "load_on_demand" : false
}, {
  "id" : 4024035389337,
  "text" : "УИК №2412",
  "href" : "region/izbirkom?action=show&root=22000056&tvd=4024035389337&vrn=100100225883172&prver=0&pronetvd=null&region=3&sub_region=3",
  "prver" : "0",
  "isUik" : true,
  "selected" : false,
  "load_on_demand" : false
}, {
  "id" : 4024035389338,
  "text" : "УИК №2413",
  "href" : "region/izbirkom?action=show&root=22000056&tvd=4024035389338&vrn=100100225883172&prver=0&pronetvd=null&region=3&sub_region=3",
  "prver" : "0",
  "isUik" : true,
  "selected" : false,
  "load_on_demand" : false
}, {
  "id" : 4024035389339,
  "text" : "УИК №2414",
  "href" : "region/izbirkom?action=show&root=22000056&tvd=4024035389339&vrn=100100225883172&prver=0&pronetvd=null&region=3&sub_region=3",
  "prver" : "0",
  "isUik" : true,
  "selected" : false,
  "load_on_demand" : false
}, {
  "id" : 4024035389340,
  "text" : "УИК №2415",
  "href" : "region/izbirkom?action=show&root=22000056&tvd=4024035389340&vrn=100100225883172&prver=0&pronetvd=null&region=3&sub_region=3",
  "prver" : "0",
  "isUik" : true,
  "selected" : false,
  "load_on_demand" : false
}, {
  "id" : 4024035389341,
  "text" : "УИК №2416",
  "href" : "region/izbirkom?action=show&root=22000056&tvd=4024035389341&vrn=100100225883172&prver=0&pronetvd=null&region=3&sub_region=3",
  "prver" : "0",
  "isUik" : true,
  "selected" : false,
  "load_on_demand" : false
}, {
  "id" : 4024035389342,
  "text" : "УИК №2417",
  "href" : "region/izbirkom?action=show&root=22000056&tvd=4024035389342&vrn=100100225883172&prver=0&pronetvd=null&region=3&sub_region=3",
  "prver" : "0",
  "isUik" : true,
  "selected" : false,
  "load_on_demand" : false
}, {
  "id" : 4024035389343,
  "text" : "УИК №2418",
  "href" : "region/izbirkom?action=show&root=22000056&tvd=4024035389343&vrn=100100225883172&prver=0&pronetvd=null&region=3&sub_region=3",
  "prver" : "0",
  "isUik" : true,
  "selected" : false,
  "load_on_demand" : false
}, {
  "id" : 4024035389344,
  "text" : "УИК №2419",
  "href" : "region/izbirkom?action=show&root=22000056&tvd=4024035389344&vrn=100100225883172&prver=0&pronetvd=null&region=3&sub_region=3",
  "prver" : "0",
  "isUik" : true,
  "selected" : false,
  "load_on_demand" : false
}, {
  "id" : 4024035389345,
  "text" : "УИК №2420",
  "href" : "region/izbirkom?action=show&root=22000056&tvd=4024035389345&vrn=100100225883172&prver=0&pronetvd=null&region=3&sub_region=3",
  "prver" : "0",
  "isUik" : true,
  "selected" : false,
  "load_on_demand" : false
}, {
  "id" : 4024035389346,
  "text" : "УИК №2421",
  "href" : "region/izbirkom?action=show&root=22000056&tvd=4024035389346&vrn=100100225883172&prver=0&pronetvd=null&region=3&sub_region=3",
  "prver" : "0",
  "isUik" : true,
  "selected" : false,
  "load_on_demand" : false
}, {
  "id" : 4024035389347,
  "text" : "УИК №2422",
  "href" : "region/izbirkom?action=show&root=22000056&tvd=4024035389347&vrn=100100225883172&prver=0&pronetvd=null&region=3&sub_region=3",
  "prver" : "0",
  "isUik" : true,
  "selected" : false,
  "load_on_demand" : false
}, {
  "id" : 4024035389348,
  "text" : "УИК №2423",
  "href" : "region/izbirkom?action=show&root=22000056&tvd=4024035389348&vrn=100100225883172&prver=0&pronetvd=null&region=3&sub_region=3",
  "prver" : "0",
  "isUik" : true,
  "selected" : false,
  "load_on_demand" : false
}, {
  "id" : 4024035389349,
  "text" : "УИК №2424",
  "href" : "region/izbirkom?action=show&root=22000056&tvd=4024035389349&vrn=100100225883172&prver=0&pronetvd=null&region=3&sub_region=3",
  "prver" : "0",
  "isUik" : true,
  "selected" : false,
  "load_on_demand" : false
}, {
  "id" : 4024035389350,
  "text" : "УИК №2425",
  "href" : "region/izbirkom?action=show&root=22000056&tvd=4024035389350&vrn=100100225883172&prver=0&pronetvd=null&region=3&sub_region=3",
  "prver" : "0",
  "isUik" : true,
  "selected" : false,
  "load_on_demand" : false
}, {
  "id" : 4024035389351,
  "text" : "УИК №2426",
  "href" : "region/izbirkom?action=show&root=22000056&tvd=4024035389351&vrn=100100225883172&prver=0&pronetvd=null&region=3&sub_region=3",
  "prver" : "0",
  "isUik" : true,
  "selected" : false,
  "load_on_demand" : false
}, {
  "id" : 4024035389352,
  "text" : "УИК №2427",
  "href" : "region/izbirkom?action=show&root=22000056&tvd=4024035389352&vrn=100100225883172&prver=0&pronetvd=null&region=3&sub_region=3",
  "prver" : "0",
  "isUik" : true,
  "selected" : false,
  "load_on_demand" : false
}, {
  "id" : 4024035389353,
  "text" : "УИК №2428",
  "href" : "region/izbirkom?action=show&root=22000056&tvd=4024035389353&vrn=100100225883172&prver=0&pronetvd=null&region=3&sub_region=3",
  "prver" : "0",
  "isUik" : true,
  "selected" : false,
  "load_on_demand" : false
}, {
  "id" : 4024035389354,
  "text" : "УИК №2429",
  "href" : "region/izbirkom?action=show&root=22000056&tvd=4024035389354&vrn=100100225883172&prver=0&pronetvd=null&region=3&sub_region=3",
  "prver" : "0",
  "isUik" : true,
  "selected" : false,
  "load_on_demand" : false
}, {
  "id" : 4024035389355,
  "text" : "УИК №2430",
  "href" : "region/izbirkom?action=show&root=22000056&tvd=4024035389355&vrn=100100225883172&prver=0&pronetvd=null&region=3&sub_region=3",
  "prver" : "0",
  "isUik" : true,
  "selected" : false,
  "load_on_demand" : false
}, {
  "id" : 4024035389356,
  "text" : "УИК №2431",
  "href" : "region/izbirkom?action=show&root=22000056&tvd=4024035389356&vrn=100100225883172&prver=0&pronetvd=null&region=3&sub_region=3",
  "prver" : "0",
  "isUik" : true,
  "selected" : false,
  "load_on_demand" : false
}, {
  "id" : 4024035389357,
  "text" : "УИК №2432",
  "href" : "region/izbirkom?action=show&root=22000056&tvd=4024035389357&vrn=100100225883172&prver=0&pronetvd=null&region=3&sub_region=3",
  "prver" : "0",
  "isUik" : true,
  "selected" : false,
  "load_on_demand" : false
}, {
  "id" : 4024035389358,
  "text" : "УИК №2433",
  "href" : "region/izbirkom?action=show&root=22000056&tvd=4024035389358&vrn=100100225883172&prver=0&pronetvd=null&region=3&sub_region=3",
  "prver" : "0",
  "isUik" : true,
  "selected" : false,
  "load_on_demand" : false
}, {
  "id" : 4024035389359,
  "text" : "УИК №2434",
  "href" : "region/izbirkom?action=show&root=22000056&tvd=4024035389359&vrn=100100225883172&prver=0&pronetvd=null&region=3&sub_region=3",
  "prver" : "0",
  "isUik" : true,
  "selected" : false,
  "load_on_demand" : false
}, {
  "id" : 4024035389360,
  "text" : "УИК №2435",
  "href" : "region/izbirkom?action=show&root=22000056&tvd=4024035389360&vrn=100100225883172&prver=0&pronetvd=null&region=3&sub_region=3",
  "prver" : "0",
  "isUik" : true,
  "selected" : false,
  "load_on_demand" : false
}, {
  "id" : 4024035389361,
  "text" : "УИК №2436",
  "href" : "region/izbirkom?action=show&root=22000056&tvd=4024035389361&vrn=100100225883172&prver=0&pronetvd=null&region=3&sub_region=3",
  "prver" : "0",
  "isUik" : true,
  "selected" : false,
  "load_on_demand" : false
}, {
  "id" : 4024035389362,
  "text" : "УИК №2437",
  "href" : "region/izbirkom?action=show&root=22000056&tvd=4024035389362&vrn=100100225883172&prver=0&pronetvd=null&region=3&sub_region=3",
  "prver" : "0",
  "isUik" : true,
  "selected" : false,
  "load_on_demand" : false
}, {
  "id" : 4024035389363,
  "text" : "УИК №2438",
  "href" : "region/izbirkom?action=show&root=22000056&tvd=4024035389363&vrn=100100225883172&prver=0&pronetvd=null&region=3&sub_region=3",
  "prver" : "0",
  "isUik" : true,
  "selected" : false,
  "load_on_demand" : false
}, {
  "id" : 4024035389364,
  "text" : "УИК №2439",
  "href" : "region/izbirkom?action=show&root=22000056&tvd=4024035389364&vrn=100100225883172&prver=0&pronetvd=null&region=3&sub_region=3",
  "prver" : "0",
  "isUik" : true,
  "selected" : false,
  "load_on_demand" : false
}, {
  "id" : 4024035389365,
  "text" : "УИК №2440",
  "href" : "region/izbirkom?action=show&root=22000056&tvd=4024035389365&vrn=100100225883172&prver=0&pronetvd=null&region=3&sub_region=3",
  "prver" : "0",
  "isUik" : true,
  "selected" : false,
  "load_on_demand" : false
}, {
  "id" : 4024035389366,
  "text" : "УИК №2441",
  "href" : "region/izbirkom?action=show&root=22000056&tvd=4024035389366&vrn=100100225883172&prver=0&pronetvd=null&region=3&sub_region=3",
  "prver" : "0",
  "isUik" : true,
  "selected" : false,
  "load_on_demand" : false
}, {
  "id" : 4024035389367,
  "text" : "УИК №2442",
  "href" : "region/izbirkom?action=show&root=22000056&tvd=4024035389367&vrn=100100225883172&prver=0&pronetvd=null&region=3&sub_region=3",
  "prver" : "0",
  "isUik" : true,
  "selected" : false,
  "load_on_demand" : false
}, {
  "id" : 4024035389368,
  "text" : "УИК №2443",
  "href" : "region/izbirkom?action=show&root=22000056&tvd=4024035389368&vrn=100100225883172&prver=0&pronetvd=null&region=3&sub_region=3",
  "prver" : "0",
  "isUik" : true,
  "selected" : false,
  "load_on_demand" : false
}, {
  "id" : 4024035389369,
  "text" : "УИК №2444",
  "href" : "region/izbirkom?action=show&root=22000056&tvd=4024035389369&vrn=100100225883172&prver=0&pronetvd=null&region=3&sub_region=3",
  "prver" : "0",
  "isUik" : true,
  "selected" : false,
  "load_on_demand" : false
}, {
  "id" : 4024035389370,
  "text" : "УИК №2445",
  "href" : "region/izbirkom?action=show&root=22000056&tvd=4024035389370&vrn=100100225883172&prver=0&pronetvd=null&region=3&sub_region=3",
  "prver" : "0",
  "isUik" : true,
  "selected" : false,
  "load_on_demand" : false
}, {
  "id" : 4024035389371,
  "text" : "УИК №2446",
  "href" : "region/izbirkom?action=show&root=22000056&tvd=4024035389371&vrn=100100225883172&prver=0&pronetvd=null&region=3&sub_region=3",
  "prver" : "0",
  "isUik" : true,
  "selected" : false,
  "load_on_demand" : false
}, {
  "id" : 4024035389372,
  "text" : "УИК №2447",
  "href" : "region/izbirkom?action=show&root=22000056&tvd=4024035389372&vrn=100100225883172&prver=0&pronetvd=null&region=3&sub_region=3",
  "prver" : "0",
  "isUik" : true,
  "selected" : false,
  "load_on_demand" : false
}, {
  "id" : 4024035389373,
  "text" : "УИК №2448",
  "href" : "region/izbirkom?action=show&root=22000056&tvd=4024035389373&vrn=100100225883172&prver=0&pronetvd=null&region=3&sub_region=3",
  "prver" : "0",
  "isUik" : true,
  "selected" : false,
  "load_on_demand" : false
}, {
  "id" : 4024035389374,
  "text" : "УИК №2449",
  "href" : "region/izbirkom?action=show&root=22000056&tvd=4024035389374&vrn=100100225883172&prver=0&pronetvd=null&region=3&sub_region=3",
  "prver" : "0",
  "isUik" : true,
  "selected" : false,
  "load_on_demand" : false
} ]