[ {
  "id" : 4024060775682,
  "text" : "УИК №3046",
  "href" : "region/izbirkom?action=show&root=22000001&tvd=4024060775682&vrn=100100225883172&prver=0&pronetvd=null&region=3&sub_region=3",
  "prver" : "0",
  "isUik" : true,
  "selected" : false,
  "load_on_demand" : false
}, {
  "id" : 4024060775683,
  "text" : "УИК №3047",
  "href" : "region/izbirkom?action=show&root=22000001&tvd=4024060775683&vrn=100100225883172&prver=0&pronetvd=null&region=3&sub_region=3",
  "prver" : "0",
  "isUik" : true,
  "selected" : false,
  "load_on_demand" : false
}, {
  "id" : 4024060775684,
  "text" : "УИК №3050",
  "href" : "region/izbirkom?action=show&root=22000001&tvd=4024060775684&vrn=100100225883172&prver=0&pronetvd=null&region=3&sub_region=3",
  "prver" : "0",
  "isUik" : true,
  "selected" : false,
  "load_on_demand" : false
}, {
  "id" : 4024060775685,
  "text" : "УИК №3051",
  "href" : "region/izbirkom?action=show&root=22000001&tvd=4024060775685&vrn=100100225883172&prver=0&pronetvd=null&region=3&sub_region=3",
  "prver" : "0",
  "isUik" : true,
  "selected" : false,
  "load_on_demand" : false
}, {
  "id" : 4024060775686,
  "text" : "УИК №3052",
  "href" : "region/izbirkom?action=show&root=22000001&tvd=4024060775686&vrn=100100225883172&prver=0&pronetvd=null&region=3&sub_region=3",
  "prver" : "0",
  "isUik" : true,
  "selected" : false,
  "load_on_demand" : false
}, {
  "id" : 4024060775687,
  "text" : "УИК №3058",
  "href" : "region/izbirkom?action=show&root=22000001&tvd=4024060775687&vrn=100100225883172&prver=0&pronetvd=null&region=3&sub_region=3",
  "prver" : "0",
  "isUik" : true,
  "selected" : false,
  "load_on_demand" : false
}, {
  "id" : 4024060775688,
  "text" : "УИК №3059",
  "href" : "region/izbirkom?action=show&root=22000001&tvd=4024060775688&vrn=100100225883172&prver=0&pronetvd=null&region=3&sub_region=3",
  "prver" : "0",
  "isUik" : true,
  "selected" : false,
  "load_on_demand" : false
}, {
  "id" : 4024060775689,
  "text" : "УИК №3060",
  "href" : "region/izbirkom?action=show&root=22000001&tvd=4024060775689&vrn=100100225883172&prver=0&pronetvd=null&region=3&sub_region=3",
  "prver" : "0",
  "isUik" : true,
  "selected" : false,
  "load_on_demand" : false
}, {
  "id" : 4024060775690,
  "text" : "УИК №3061",
  "href" : "region/izbirkom?action=show&root=22000001&tvd=4024060775690&vrn=100100225883172&prver=0&pronetvd=null&region=3&sub_region=3",
  "prver" : "0",
  "isUik" : true,
  "selected" : false,
  "load_on_demand" : false
}, {
  "id" : 4024060775691,
  "text" : "УИК №3062",
  "href" : "region/izbirkom?action=show&root=22000001&tvd=4024060775691&vrn=100100225883172&prver=0&pronetvd=null&region=3&sub_region=3",
  "prver" : "0",
  "isUik" : true,
  "selected" : false,
  "load_on_demand" : false
}, {
  "id" : 4024060775692,
  "text" : "УИК №3074",
  "href" : "region/izbirkom?action=show&root=22000001&tvd=4024060775692&vrn=100100225883172&prver=0&pronetvd=null&region=3&sub_region=3",
  "prver" : "0",
  "isUik" : true,
  "selected" : false,
  "load_on_demand" : false
}, {
  "id" : 4024060775693,
  "text" : "УИК №3078",
  "href" : "region/izbirkom?action=show&root=22000001&tvd=4024060775693&vrn=100100225883172&prver=0&pronetvd=null&region=3&sub_region=3",
  "prver" : "0",
  "isUik" : true,
  "selected" : false,
  "load_on_demand" : false
}, {
  "id" : 4024060775694,
  "text" : "УИК №3080",
  "href" : "region/izbirkom?action=show&root=22000001&tvd=4024060775694&vrn=100100225883172&prver=0&pronetvd=null&region=3&sub_region=3",
  "prver" : "0",
  "isUik" : true,
  "selected" : false,
  "load_on_demand" : false
}, {
  "id" : 4024060775695,
  "text" : "УИК №3081",
  "href" : "region/izbirkom?action=show&root=22000001&tvd=4024060775695&vrn=100100225883172&prver=0&pronetvd=null&region=3&sub_region=3",
  "prver" : "0",
  "isUik" : true,
  "selected" : false,
  "load_on_demand" : false
}, {
  "id" : 4024060775696,
  "text" : "УИК №3082",
  "href" : "region/izbirkom?action=show&root=22000001&tvd=4024060775696&vrn=100100225883172&prver=0&pronetvd=null&region=3&sub_region=3",
  "prver" : "0",
  "isUik" : true,
  "selected" : false,
  "load_on_demand" : false
}, {
  "id" : 4024060775697,
  "text" : "УИК №3084",
  "href" : "region/izbirkom?action=show&root=22000001&tvd=4024060775697&vrn=100100225883172&prver=0&pronetvd=null&region=3&sub_region=3",
  "prver" : "0",
  "isUik" : true,
  "selected" : false,
  "load_on_demand" : false
}, {
  "id" : 4024060775698,
  "text" : "УИК №3088",
  "href" : "region/izbirkom?action=show&root=22000001&tvd=4024060775698&vrn=100100225883172&prver=0&pronetvd=null&region=3&sub_region=3",
  "prver" : "0",
  "isUik" : true,
  "selected" : false,
  "load_on_demand" : false
}, {
  "id" : 4024060775699,
  "text" : "УИК №3090",
  "href" : "region/izbirkom?action=show&root=22000001&tvd=4024060775699&vrn=100100225883172&prver=0&pronetvd=null&region=3&sub_region=3",
  "prver" : "0",
  "isUik" : true,
  "selected" : false,
  "load_on_demand" : false
}, {
  "id" : 4024060775700,
  "text" : "УИК №3493",
  "href" : "region/izbirkom?action=show&root=22000001&tvd=4024060775700&vrn=100100225883172&prver=0&pronetvd=null&region=3&sub_region=3",
  "prver" : "0",
  "isUik" : true,
  "selected" : false,
  "load_on_demand" : false
}, {
  "id" : 4024060775701,
  "text" : "УИК №3494",
  "href" : "region/izbirkom?action=show&root=22000001&tvd=4024060775701&vrn=100100225883172&prver=0&pronetvd=null&region=3&sub_region=3",
  "prver" : "0",
  "isUik" : true,
  "selected" : false,
  "load_on_demand" : false
}, {
  "id" : 4024060775702,
  "text" : "УИК №3505",
  "href" : "region/izbirkom?action=show&root=22000001&tvd=4024060775702&vrn=100100225883172&prver=0&pronetvd=null&region=3&sub_region=3",
  "prver" : "0",
  "isUik" : true,
  "selected" : false,
  "load_on_demand" : false
} ]