[ {
  "id" : 4024056208400,
  "text" : "УИК №170",
  "href" : "region/izbirkom?action=show&root=22000013&tvd=4024056208400&vrn=100100225883172&prver=0&pronetvd=null&region=3&sub_region=3",
  "prver" : "0",
  "isUik" : true,
  "selected" : false,
  "load_on_demand" : false
}, {
  "id" : 4024056208401,
  "text" : "УИК №171",
  "href" : "region/izbirkom?action=show&root=22000013&tvd=4024056208401&vrn=100100225883172&prver=0&pronetvd=null&region=3&sub_region=3",
  "prver" : "0",
  "isUik" : true,
  "selected" : false,
  "load_on_demand" : false
}, {
  "id" : 4024056208402,
  "text" : "УИК №172",
  "href" : "region/izbirkom?action=show&root=22000013&tvd=4024056208402&vrn=100100225883172&prver=0&pronetvd=null&region=3&sub_region=3",
  "prver" : "0",
  "isUik" : true,
  "selected" : false,
  "load_on_demand" : false
}, {
  "id" : 4024056208403,
  "text" : "УИК №173",
  "href" : "region/izbirkom?action=show&root=22000013&tvd=4024056208403&vrn=100100225883172&prver=0&pronetvd=null&region=3&sub_region=3",
  "prver" : "0",
  "isUik" : true,
  "selected" : false,
  "load_on_demand" : false
}, {
  "id" : 4024056208404,
  "text" : "УИК №174",
  "href" : "region/izbirkom?action=show&root=22000013&tvd=4024056208404&vrn=100100225883172&prver=0&pronetvd=null&region=3&sub_region=3",
  "prver" : "0",
  "isUik" : true,
  "selected" : false,
  "load_on_demand" : false
}, {
  "id" : 4024056208405,
  "text" : "УИК №175",
  "href" : "region/izbirkom?action=show&root=22000013&tvd=4024056208405&vrn=100100225883172&prver=0&pronetvd=null&region=3&sub_region=3",
  "prver" : "0",
  "isUik" : true,
  "selected" : false,
  "load_on_demand" : false
}, {
  "id" : 4024056208406,
  "text" : "УИК №176",
  "href" : "region/izbirkom?action=show&root=22000013&tvd=4024056208406&vrn=100100225883172&prver=0&pronetvd=null&region=3&sub_region=3",
  "prver" : "0",
  "isUik" : true,
  "selected" : false,
  "load_on_demand" : false
}, {
  "id" : 4024056208407,
  "text" : "УИК №177",
  "href" : "region/izbirkom?action=show&root=22000013&tvd=4024056208407&vrn=100100225883172&prver=0&pronetvd=null&region=3&sub_region=3",
  "prver" : "0",
  "isUik" : true,
  "selected" : false,
  "load_on_demand" : false
}, {
  "id" : 4024056208408,
  "text" : "УИК №178",
  "href" : "region/izbirkom?action=show&root=22000013&tvd=4024056208408&vrn=100100225883172&prver=0&pronetvd=null&region=3&sub_region=3",
  "prver" : "0",
  "isUik" : true,
  "selected" : false,
  "load_on_demand" : false
}, {
  "id" : 4024056208409,
  "text" : "УИК №179",
  "href" : "region/izbirkom?action=show&root=22000013&tvd=4024056208409&vrn=100100225883172&prver=0&pronetvd=null&region=3&sub_region=3",
  "prver" : "0",
  "isUik" : true,
  "selected" : false,
  "load_on_demand" : false
}, {
  "id" : 4024056208410,
  "text" : "УИК №180",
  "href" : "region/izbirkom?action=show&root=22000013&tvd=4024056208410&vrn=100100225883172&prver=0&pronetvd=null&region=3&sub_region=3",
  "prver" : "0",
  "isUik" : true,
  "selected" : false,
  "load_on_demand" : false
}, {
  "id" : 4024056208411,
  "text" : "УИК №181",
  "href" : "region/izbirkom?action=show&root=22000013&tvd=4024056208411&vrn=100100225883172&prver=0&pronetvd=null&region=3&sub_region=3",
  "prver" : "0",
  "isUik" : true,
  "selected" : false,
  "load_on_demand" : false
}, {
  "id" : 4024056208412,
  "text" : "УИК №182",
  "href" : "region/izbirkom?action=show&root=22000013&tvd=4024056208412&vrn=100100225883172&prver=0&pronetvd=null&region=3&sub_region=3",
  "prver" : "0",
  "isUik" : true,
  "selected" : false,
  "load_on_demand" : false
}, {
  "id" : 4024056208413,
  "text" : "УИК №183",
  "href" : "region/izbirkom?action=show&root=22000013&tvd=4024056208413&vrn=100100225883172&prver=0&pronetvd=null&region=3&sub_region=3",
  "prver" : "0",
  "isUik" : true,
  "selected" : false,
  "load_on_demand" : false
}, {
  "id" : 4024056208414,
  "text" : "УИК №185",
  "href" : "region/izbirkom?action=show&root=22000013&tvd=4024056208414&vrn=100100225883172&prver=0&pronetvd=null&region=3&sub_region=3",
  "prver" : "0",
  "isUik" : true,
  "selected" : false,
  "load_on_demand" : false
}, {
  "id" : 4024056208415,
  "text" : "УИК №186",
  "href" : "region/izbirkom?action=show&root=22000013&tvd=4024056208415&vrn=100100225883172&prver=0&pronetvd=null&region=3&sub_region=3",
  "prver" : "0",
  "isUik" : true,
  "selected" : false,
  "load_on_demand" : false
}, {
  "id" : 4024056208416,
  "text" : "УИК №187",
  "href" : "region/izbirkom?action=show&root=22000013&tvd=4024056208416&vrn=100100225883172&prver=0&pronetvd=null&region=3&sub_region=3",
  "prver" : "0",
  "isUik" : true,
  "selected" : false,
  "load_on_demand" : false
}, {
  "id" : 4024056208417,
  "text" : "УИК №188",
  "href" : "region/izbirkom?action=show&root=22000013&tvd=4024056208417&vrn=100100225883172&prver=0&pronetvd=null&region=3&sub_region=3",
  "prver" : "0",
  "isUik" : true,
  "selected" : false,
  "load_on_demand" : false
}, {
  "id" : 4024056208418,
  "text" : "УИК №189",
  "href" : "region/izbirkom?action=show&root=22000013&tvd=4024056208418&vrn=100100225883172&prver=0&pronetvd=null&region=3&sub_region=3",
  "prver" : "0",
  "isUik" : true,
  "selected" : false,
  "load_on_demand" : false
}, {
  "id" : 4024056208419,
  "text" : "УИК №190",
  "href" : "region/izbirkom?action=show&root=22000013&tvd=4024056208419&vrn=100100225883172&prver=0&pronetvd=null&region=3&sub_region=3",
  "prver" : "0",
  "isUik" : true,
  "selected" : false,
  "load_on_demand" : false
}, {
  "id" : 4024056208420,
  "text" : "УИК №191",
  "href" : "region/izbirkom?action=show&root=22000013&tvd=4024056208420&vrn=100100225883172&prver=0&pronetvd=null&region=3&sub_region=3",
  "prver" : "0",
  "isUik" : true,
  "selected" : false,
  "load_on_demand" : false
}, {
  "id" : 4024056208421,
  "text" : "УИК №193",
  "href" : "region/izbirkom?action=show&root=22000013&tvd=4024056208421&vrn=100100225883172&prver=0&pronetvd=null&region=3&sub_region=3",
  "prver" : "0",
  "isUik" : true,
  "selected" : false,
  "load_on_demand" : false
}, {
  "id" : 4024056208422,
  "text" : "УИК №194",
  "href" : "region/izbirkom?action=show&root=22000013&tvd=4024056208422&vrn=100100225883172&prver=0&pronetvd=null&region=3&sub_region=3",
  "prver" : "0",
  "isUik" : true,
  "selected" : false,
  "load_on_demand" : false
}, {
  "id" : 4024056208423,
  "text" : "УИК №195",
  "href" : "region/izbirkom?action=show&root=22000013&tvd=4024056208423&vrn=100100225883172&prver=0&pronetvd=null&region=3&sub_region=3",
  "prver" : "0",
  "isUik" : true,
  "selected" : false,
  "load_on_demand" : false
}, {
  "id" : 4024056208424,
  "text" : "УИК №196",
  "href" : "region/izbirkom?action=show&root=22000013&tvd=4024056208424&vrn=100100225883172&prver=0&pronetvd=null&region=3&sub_region=3",
  "prver" : "0",
  "isUik" : true,
  "selected" : false,
  "load_on_demand" : false
}, {
  "id" : 4024056208425,
  "text" : "УИК №197",
  "href" : "region/izbirkom?action=show&root=22000013&tvd=4024056208425&vrn=100100225883172&prver=0&pronetvd=null&region=3&sub_region=3",
  "prver" : "0",
  "isUik" : true,
  "selected" : false,
  "load_on_demand" : false
}, {
  "id" : 4024056208426,
  "text" : "УИК №198",
  "href" : "region/izbirkom?action=show&root=22000013&tvd=4024056208426&vrn=100100225883172&prver=0&pronetvd=null&region=3&sub_region=3",
  "prver" : "0",
  "isUik" : true,
  "selected" : false,
  "load_on_demand" : false
}, {
  "id" : 4024056208427,
  "text" : "УИК №199",
  "href" : "region/izbirkom?action=show&root=22000013&tvd=4024056208427&vrn=100100225883172&prver=0&pronetvd=null&region=3&sub_region=3",
  "prver" : "0",
  "isUik" : true,
  "selected" : false,
  "load_on_demand" : false
}, {
  "id" : 4024056208428,
  "text" : "УИК №200",
  "href" : "region/izbirkom?action=show&root=22000013&tvd=4024056208428&vrn=100100225883172&prver=0&pronetvd=null&region=3&sub_region=3",
  "prver" : "0",
  "isUik" : true,
  "selected" : false,
  "load_on_demand" : false
}, {
  "id" : 4024056208429,
  "text" : "УИК №201",
  "href" : "region/izbirkom?action=show&root=22000013&tvd=4024056208429&vrn=100100225883172&prver=0&pronetvd=null&region=3&sub_region=3",
  "prver" : "0",
  "isUik" : true,
  "selected" : false,
  "load_on_demand" : false
}, {
  "id" : 4024056208430,
  "text" : "УИК №202",
  "href" : "region/izbirkom?action=show&root=22000013&tvd=4024056208430&vrn=100100225883172&prver=0&pronetvd=null&region=3&sub_region=3",
  "prver" : "0",
  "isUik" : true,
  "selected" : false,
  "load_on_demand" : false
}, {
  "id" : 4024056208431,
  "text" : "УИК №203",
  "href" : "region/izbirkom?action=show&root=22000013&tvd=4024056208431&vrn=100100225883172&prver=0&pronetvd=null&region=3&sub_region=3",
  "prver" : "0",
  "isUik" : true,
  "selected" : false,
  "load_on_demand" : false
}, {
  "id" : 4024056208432,
  "text" : "УИК №204",
  "href" : "region/izbirkom?action=show&root=22000013&tvd=4024056208432&vrn=100100225883172&prver=0&pronetvd=null&region=3&sub_region=3",
  "prver" : "0",
  "isUik" : true,
  "selected" : false,
  "load_on_demand" : false
}, {
  "id" : 4024056208433,
  "text" : "УИК №205",
  "href" : "region/izbirkom?action=show&root=22000013&tvd=4024056208433&vrn=100100225883172&prver=0&pronetvd=null&region=3&sub_region=3",
  "prver" : "0",
  "isUik" : true,
  "selected" : false,
  "load_on_demand" : false
}, {
  "id" : 4024056209140,
  "text" : "УИК №206",
  "href" : "region/izbirkom?action=show&root=22000013&tvd=4024056209140&vrn=100100225883172&prver=0&pronetvd=null&region=3&sub_region=3",
  "prver" : "0",
  "isUik" : true,
  "selected" : false,
  "load_on_demand" : false
}, {
  "id" : 4024056208435,
  "text" : "УИК №3509",
  "href" : "region/izbirkom?action=show&root=22000013&tvd=4024056208435&vrn=100100225883172&prver=0&pronetvd=null&region=3&sub_region=3",
  "prver" : "0",
  "isUik" : true,
  "selected" : false,
  "load_on_demand" : false
} ]