[ {
  "id" : 4024019288260,
  "text" : "УИК №1626",
  "href" : "region/izbirkom?action=show&root=22000059&tvd=4024019288260&vrn=100100225883172&prver=0&pronetvd=null&region=3&sub_region=3",
  "prver" : "0",
  "isUik" : true,
  "selected" : false,
  "load_on_demand" : false
}, {
  "id" : 4024019288261,
  "text" : "УИК №1627",
  "href" : "region/izbirkom?action=show&root=22000059&tvd=4024019288261&vrn=100100225883172&prver=0&pronetvd=null&region=3&sub_region=3",
  "prver" : "0",
  "isUik" : true,
  "selected" : false,
  "load_on_demand" : false
}, {
  "id" : 4024019288262,
  "text" : "УИК №1628",
  "href" : "region/izbirkom?action=show&root=22000059&tvd=4024019288262&vrn=100100225883172&prver=0&pronetvd=null&region=3&sub_region=3",
  "prver" : "0",
  "isUik" : true,
  "selected" : false,
  "load_on_demand" : false
}, {
  "id" : 4024019288263,
  "text" : "УИК №1629",
  "href" : "region/izbirkom?action=show&root=22000059&tvd=4024019288263&vrn=100100225883172&prver=0&pronetvd=null&region=3&sub_region=3",
  "prver" : "0",
  "isUik" : true,
  "selected" : false,
  "load_on_demand" : false
}, {
  "id" : 4024019288264,
  "text" : "УИК №1630",
  "href" : "region/izbirkom?action=show&root=22000059&tvd=4024019288264&vrn=100100225883172&prver=0&pronetvd=null&region=3&sub_region=3",
  "prver" : "0",
  "isUik" : true,
  "selected" : false,
  "load_on_demand" : false
}, {
  "id" : 4024019288265,
  "text" : "УИК №1631",
  "href" : "region/izbirkom?action=show&root=22000059&tvd=4024019288265&vrn=100100225883172&prver=0&pronetvd=null&region=3&sub_region=3",
  "prver" : "0",
  "isUik" : true,
  "selected" : false,
  "load_on_demand" : false
}, {
  "id" : 4024019288266,
  "text" : "УИК №1632",
  "href" : "region/izbirkom?action=show&root=22000059&tvd=4024019288266&vrn=100100225883172&prver=0&pronetvd=null&region=3&sub_region=3",
  "prver" : "0",
  "isUik" : true,
  "selected" : false,
  "load_on_demand" : false
}, {
  "id" : 4024019288267,
  "text" : "УИК №1633",
  "href" : "region/izbirkom?action=show&root=22000059&tvd=4024019288267&vrn=100100225883172&prver=0&pronetvd=null&region=3&sub_region=3",
  "prver" : "0",
  "isUik" : true,
  "selected" : false,
  "load_on_demand" : false
}, {
  "id" : 4024019288268,
  "text" : "УИК №1634",
  "href" : "region/izbirkom?action=show&root=22000059&tvd=4024019288268&vrn=100100225883172&prver=0&pronetvd=null&region=3&sub_region=3",
  "prver" : "0",
  "isUik" : true,
  "selected" : false,
  "load_on_demand" : false
}, {
  "id" : 4024019288269,
  "text" : "УИК №1635",
  "href" : "region/izbirkom?action=show&root=22000059&tvd=4024019288269&vrn=100100225883172&prver=0&pronetvd=null&region=3&sub_region=3",
  "prver" : "0",
  "isUik" : true,
  "selected" : false,
  "load_on_demand" : false
}, {
  "id" : 4024019288270,
  "text" : "УИК №1636",
  "href" : "region/izbirkom?action=show&root=22000059&tvd=4024019288270&vrn=100100225883172&prver=0&pronetvd=null&region=3&sub_region=3",
  "prver" : "0",
  "isUik" : true,
  "selected" : false,
  "load_on_demand" : false
}, {
  "id" : 4024019288271,
  "text" : "УИК №1637",
  "href" : "region/izbirkom?action=show&root=22000059&tvd=4024019288271&vrn=100100225883172&prver=0&pronetvd=null&region=3&sub_region=3",
  "prver" : "0",
  "isUik" : true,
  "selected" : false,
  "load_on_demand" : false
}, {
  "id" : 4024019288272,
  "text" : "УИК №1638",
  "href" : "region/izbirkom?action=show&root=22000059&tvd=4024019288272&vrn=100100225883172&prver=0&pronetvd=null&region=3&sub_region=3",
  "prver" : "0",
  "isUik" : true,
  "selected" : false,
  "load_on_demand" : false
}, {
  "id" : 4024019288273,
  "text" : "УИК №1639",
  "href" : "region/izbirkom?action=show&root=22000059&tvd=4024019288273&vrn=100100225883172&prver=0&pronetvd=null&region=3&sub_region=3",
  "prver" : "0",
  "isUik" : true,
  "selected" : false,
  "load_on_demand" : false
}, {
  "id" : 4024019288274,
  "text" : "УИК №1640",
  "href" : "region/izbirkom?action=show&root=22000059&tvd=4024019288274&vrn=100100225883172&prver=0&pronetvd=null&region=3&sub_region=3",
  "prver" : "0",
  "isUik" : true,
  "selected" : false,
  "load_on_demand" : false
}, {
  "id" : 4024019288275,
  "text" : "УИК №1641",
  "href" : "region/izbirkom?action=show&root=22000059&tvd=4024019288275&vrn=100100225883172&prver=0&pronetvd=null&region=3&sub_region=3",
  "prver" : "0",
  "isUik" : true,
  "selected" : false,
  "load_on_demand" : false
}, {
  "id" : 4024019288276,
  "text" : "УИК №1642",
  "href" : "region/izbirkom?action=show&root=22000059&tvd=4024019288276&vrn=100100225883172&prver=0&pronetvd=null&region=3&sub_region=3",
  "prver" : "0",
  "isUik" : true,
  "selected" : false,
  "load_on_demand" : false
}, {
  "id" : 4024019288277,
  "text" : "УИК №1643",
  "href" : "region/izbirkom?action=show&root=22000059&tvd=4024019288277&vrn=100100225883172&prver=0&pronetvd=null&region=3&sub_region=3",
  "prver" : "0",
  "isUik" : true,
  "selected" : false,
  "load_on_demand" : false
}, {
  "id" : 4024019288278,
  "text" : "УИК №1644",
  "href" : "region/izbirkom?action=show&root=22000059&tvd=4024019288278&vrn=100100225883172&prver=0&pronetvd=null&region=3&sub_region=3",
  "prver" : "0",
  "isUik" : true,
  "selected" : false,
  "load_on_demand" : false
}, {
  "id" : 4024019288279,
  "text" : "УИК №1645",
  "href" : "region/izbirkom?action=show&root=22000059&tvd=4024019288279&vrn=100100225883172&prver=0&pronetvd=null&region=3&sub_region=3",
  "prver" : "0",
  "isUik" : true,
  "selected" : false,
  "load_on_demand" : false
}, {
  "id" : 4024019288280,
  "text" : "УИК №1646",
  "href" : "region/izbirkom?action=show&root=22000059&tvd=4024019288280&vrn=100100225883172&prver=0&pronetvd=null&region=3&sub_region=3",
  "prver" : "0",
  "isUik" : true,
  "selected" : false,
  "load_on_demand" : false
}, {
  "id" : 4024019288281,
  "text" : "УИК №1647",
  "href" : "region/izbirkom?action=show&root=22000059&tvd=4024019288281&vrn=100100225883172&prver=0&pronetvd=null&region=3&sub_region=3",
  "prver" : "0",
  "isUik" : true,
  "selected" : false,
  "load_on_demand" : false
}, {
  "id" : 4024019288282,
  "text" : "УИК №1648",
  "href" : "region/izbirkom?action=show&root=22000059&tvd=4024019288282&vrn=100100225883172&prver=0&pronetvd=null&region=3&sub_region=3",
  "prver" : "0",
  "isUik" : true,
  "selected" : false,
  "load_on_demand" : false
}, {
  "id" : 4024019288283,
  "text" : "УИК №1649",
  "href" : "region/izbirkom?action=show&root=22000059&tvd=4024019288283&vrn=100100225883172&prver=0&pronetvd=null&region=3&sub_region=3",
  "prver" : "0",
  "isUik" : true,
  "selected" : false,
  "load_on_demand" : false
}, {
  "id" : 4024019288284,
  "text" : "УИК №1650",
  "href" : "region/izbirkom?action=show&root=22000059&tvd=4024019288284&vrn=100100225883172&prver=0&pronetvd=null&region=3&sub_region=3",
  "prver" : "0",
  "isUik" : true,
  "selected" : false,
  "load_on_demand" : false
}, {
  "id" : 4024019288285,
  "text" : "УИК №1651",
  "href" : "region/izbirkom?action=show&root=22000059&tvd=4024019288285&vrn=100100225883172&prver=0&pronetvd=null&region=3&sub_region=3",
  "prver" : "0",
  "isUik" : true,
  "selected" : false,
  "load_on_demand" : false
}, {
  "id" : 4024019288286,
  "text" : "УИК №1652",
  "href" : "region/izbirkom?action=show&root=22000059&tvd=4024019288286&vrn=100100225883172&prver=0&pronetvd=null&region=3&sub_region=3",
  "prver" : "0",
  "isUik" : true,
  "selected" : false,
  "load_on_demand" : false
}, {
  "id" : 4024019288287,
  "text" : "УИК №1653",
  "href" : "region/izbirkom?action=show&root=22000059&tvd=4024019288287&vrn=100100225883172&prver=0&pronetvd=null&region=3&sub_region=3",
  "prver" : "0",
  "isUik" : true,
  "selected" : false,
  "load_on_demand" : false
}, {
  "id" : 4024019288288,
  "text" : "УИК №1654",
  "href" : "region/izbirkom?action=show&root=22000059&tvd=4024019288288&vrn=100100225883172&prver=0&pronetvd=null&region=3&sub_region=3",
  "prver" : "0",
  "isUik" : true,
  "selected" : false,
  "load_on_demand" : false
}, {
  "id" : 4024019288289,
  "text" : "УИК №1655",
  "href" : "region/izbirkom?action=show&root=22000059&tvd=4024019288289&vrn=100100225883172&prver=0&pronetvd=null&region=3&sub_region=3",
  "prver" : "0",
  "isUik" : true,
  "selected" : false,
  "load_on_demand" : false
}, {
  "id" : 4024019288290,
  "text" : "УИК №1656",
  "href" : "region/izbirkom?action=show&root=22000059&tvd=4024019288290&vrn=100100225883172&prver=0&pronetvd=null&region=3&sub_region=3",
  "prver" : "0",
  "isUik" : true,
  "selected" : false,
  "load_on_demand" : false
}, {
  "id" : 4024019288291,
  "text" : "УИК №1657",
  "href" : "region/izbirkom?action=show&root=22000059&tvd=4024019288291&vrn=100100225883172&prver=0&pronetvd=null&region=3&sub_region=3",
  "prver" : "0",
  "isUik" : true,
  "selected" : false,
  "load_on_demand" : false
}, {
  "id" : 4024019288292,
  "text" : "УИК №1658",
  "href" : "region/izbirkom?action=show&root=22000059&tvd=4024019288292&vrn=100100225883172&prver=0&pronetvd=null&region=3&sub_region=3",
  "prver" : "0",
  "isUik" : true,
  "selected" : false,
  "load_on_demand" : false
}, {
  "id" : 4024019288293,
  "text" : "УИК №1659",
  "href" : "region/izbirkom?action=show&root=22000059&tvd=4024019288293&vrn=100100225883172&prver=0&pronetvd=null&region=3&sub_region=3",
  "prver" : "0",
  "isUik" : true,
  "selected" : false,
  "load_on_demand" : false
}, {
  "id" : 4024019288294,
  "text" : "УИК №1660",
  "href" : "region/izbirkom?action=show&root=22000059&tvd=4024019288294&vrn=100100225883172&prver=0&pronetvd=null&region=3&sub_region=3",
  "prver" : "0",
  "isUik" : true,
  "selected" : false,
  "load_on_demand" : false
}, {
  "id" : 4024019288295,
  "text" : "УИК №1661",
  "href" : "region/izbirkom?action=show&root=22000059&tvd=4024019288295&vrn=100100225883172&prver=0&pronetvd=null&region=3&sub_region=3",
  "prver" : "0",
  "isUik" : true,
  "selected" : false,
  "load_on_demand" : false
}, {
  "id" : 4024019288296,
  "text" : "УИК №3462",
  "href" : "region/izbirkom?action=show&root=22000059&tvd=4024019288296&vrn=100100225883172&prver=0&pronetvd=null&region=3&sub_region=3",
  "prver" : "0",
  "isUik" : true,
  "selected" : false,
  "load_on_demand" : false
} ]