[ {
  "id" : 4024042305356,
  "text" : "УИК №465",
  "href" : "region/izbirkom?action=show&root=22000041&tvd=4024042305356&vrn=100100225883172&prver=0&pronetvd=null&region=3&sub_region=3",
  "prver" : "0",
  "isUik" : true,
  "selected" : false,
  "load_on_demand" : false
}, {
  "id" : 4024042305357,
  "text" : "УИК №466",
  "href" : "region/izbirkom?action=show&root=22000041&tvd=4024042305357&vrn=100100225883172&prver=0&pronetvd=null&region=3&sub_region=3",
  "prver" : "0",
  "isUik" : true,
  "selected" : false,
  "load_on_demand" : false
}, {
  "id" : 4024042305358,
  "text" : "УИК №467",
  "href" : "region/izbirkom?action=show&root=22000041&tvd=4024042305358&vrn=100100225883172&prver=0&pronetvd=null&region=3&sub_region=3",
  "prver" : "0",
  "isUik" : true,
  "selected" : false,
  "load_on_demand" : false
}, {
  "id" : 4024042305359,
  "text" : "УИК №468",
  "href" : "region/izbirkom?action=show&root=22000041&tvd=4024042305359&vrn=100100225883172&prver=0&pronetvd=null&region=3&sub_region=3",
  "prver" : "0",
  "isUik" : true,
  "selected" : false,
  "load_on_demand" : false
}, {
  "id" : 4024042305360,
  "text" : "УИК №469",
  "href" : "region/izbirkom?action=show&root=22000041&tvd=4024042305360&vrn=100100225883172&prver=0&pronetvd=null&region=3&sub_region=3",
  "prver" : "0",
  "isUik" : true,
  "selected" : false,
  "load_on_demand" : false
}, {
  "id" : 4024042305361,
  "text" : "УИК №470",
  "href" : "region/izbirkom?action=show&root=22000041&tvd=4024042305361&vrn=100100225883172&prver=0&pronetvd=null&region=3&sub_region=3",
  "prver" : "0",
  "isUik" : true,
  "selected" : false,
  "load_on_demand" : false
}, {
  "id" : 4024042305362,
  "text" : "УИК №471",
  "href" : "region/izbirkom?action=show&root=22000041&tvd=4024042305362&vrn=100100225883172&prver=0&pronetvd=null&region=3&sub_region=3",
  "prver" : "0",
  "isUik" : true,
  "selected" : false,
  "load_on_demand" : false
}, {
  "id" : 4024042305363,
  "text" : "УИК №472",
  "href" : "region/izbirkom?action=show&root=22000041&tvd=4024042305363&vrn=100100225883172&prver=0&pronetvd=null&region=3&sub_region=3",
  "prver" : "0",
  "isUik" : true,
  "selected" : false,
  "load_on_demand" : false
}, {
  "id" : 4024042305364,
  "text" : "УИК №473",
  "href" : "region/izbirkom?action=show&root=22000041&tvd=4024042305364&vrn=100100225883172&prver=0&pronetvd=null&region=3&sub_region=3",
  "prver" : "0",
  "isUik" : true,
  "selected" : false,
  "load_on_demand" : false
}, {
  "id" : 4024042305365,
  "text" : "УИК №474",
  "href" : "region/izbirkom?action=show&root=22000041&tvd=4024042305365&vrn=100100225883172&prver=0&pronetvd=null&region=3&sub_region=3",
  "prver" : "0",
  "isUik" : true,
  "selected" : false,
  "load_on_demand" : false
}, {
  "id" : 4024042305366,
  "text" : "УИК №475",
  "href" : "region/izbirkom?action=show&root=22000041&tvd=4024042305366&vrn=100100225883172&prver=0&pronetvd=null&region=3&sub_region=3",
  "prver" : "0",
  "isUik" : true,
  "selected" : false,
  "load_on_demand" : false
}, {
  "id" : 4024042305367,
  "text" : "УИК №476",
  "href" : "region/izbirkom?action=show&root=22000041&tvd=4024042305367&vrn=100100225883172&prver=0&pronetvd=null&region=3&sub_region=3",
  "prver" : "0",
  "isUik" : true,
  "selected" : false,
  "load_on_demand" : false
}, {
  "id" : 4024042305368,
  "text" : "УИК №477",
  "href" : "region/izbirkom?action=show&root=22000041&tvd=4024042305368&vrn=100100225883172&prver=0&pronetvd=null&region=3&sub_region=3",
  "prver" : "0",
  "isUik" : true,
  "selected" : false,
  "load_on_demand" : false
}, {
  "id" : 4024042305369,
  "text" : "УИК №478",
  "href" : "region/izbirkom?action=show&root=22000041&tvd=4024042305369&vrn=100100225883172&prver=0&pronetvd=null&region=3&sub_region=3",
  "prver" : "0",
  "isUik" : true,
  "selected" : false,
  "load_on_demand" : false
}, {
  "id" : 4024042305370,
  "text" : "УИК №479",
  "href" : "region/izbirkom?action=show&root=22000041&tvd=4024042305370&vrn=100100225883172&prver=0&pronetvd=null&region=3&sub_region=3",
  "prver" : "0",
  "isUik" : true,
  "selected" : false,
  "load_on_demand" : false
}, {
  "id" : 4024042305371,
  "text" : "УИК №480",
  "href" : "region/izbirkom?action=show&root=22000041&tvd=4024042305371&vrn=100100225883172&prver=0&pronetvd=null&region=3&sub_region=3",
  "prver" : "0",
  "isUik" : true,
  "selected" : false,
  "load_on_demand" : false
}, {
  "id" : 4024042305372,
  "text" : "УИК №481",
  "href" : "region/izbirkom?action=show&root=22000041&tvd=4024042305372&vrn=100100225883172&prver=0&pronetvd=null&region=3&sub_region=3",
  "prver" : "0",
  "isUik" : true,
  "selected" : false,
  "load_on_demand" : false
}, {
  "id" : 4024042305373,
  "text" : "УИК №482",
  "href" : "region/izbirkom?action=show&root=22000041&tvd=4024042305373&vrn=100100225883172&prver=0&pronetvd=null&region=3&sub_region=3",
  "prver" : "0",
  "isUik" : true,
  "selected" : false,
  "load_on_demand" : false
}, {
  "id" : 4024042305374,
  "text" : "УИК №483",
  "href" : "region/izbirkom?action=show&root=22000041&tvd=4024042305374&vrn=100100225883172&prver=0&pronetvd=null&region=3&sub_region=3",
  "prver" : "0",
  "isUik" : true,
  "selected" : false,
  "load_on_demand" : false
}, {
  "id" : 4024042305375,
  "text" : "УИК №484",
  "href" : "region/izbirkom?action=show&root=22000041&tvd=4024042305375&vrn=100100225883172&prver=0&pronetvd=null&region=3&sub_region=3",
  "prver" : "0",
  "isUik" : true,
  "selected" : false,
  "load_on_demand" : false
}, {
  "id" : 4024042305376,
  "text" : "УИК №485",
  "href" : "region/izbirkom?action=show&root=22000041&tvd=4024042305376&vrn=100100225883172&prver=0&pronetvd=null&region=3&sub_region=3",
  "prver" : "0",
  "isUik" : true,
  "selected" : false,
  "load_on_demand" : false
}, {
  "id" : 4024042305377,
  "text" : "УИК №486",
  "href" : "region/izbirkom?action=show&root=22000041&tvd=4024042305377&vrn=100100225883172&prver=0&pronetvd=null&region=3&sub_region=3",
  "prver" : "0",
  "isUik" : true,
  "selected" : false,
  "load_on_demand" : false
}, {
  "id" : 4024042305378,
  "text" : "УИК №487",
  "href" : "region/izbirkom?action=show&root=22000041&tvd=4024042305378&vrn=100100225883172&prver=0&pronetvd=null&region=3&sub_region=3",
  "prver" : "0",
  "isUik" : true,
  "selected" : false,
  "load_on_demand" : false
}, {
  "id" : 4024042305379,
  "text" : "УИК №488",
  "href" : "region/izbirkom?action=show&root=22000041&tvd=4024042305379&vrn=100100225883172&prver=0&pronetvd=null&region=3&sub_region=3",
  "prver" : "0",
  "isUik" : true,
  "selected" : false,
  "load_on_demand" : false
}, {
  "id" : 4024042305380,
  "text" : "УИК №489",
  "href" : "region/izbirkom?action=show&root=22000041&tvd=4024042305380&vrn=100100225883172&prver=0&pronetvd=null&region=3&sub_region=3",
  "prver" : "0",
  "isUik" : true,
  "selected" : false,
  "load_on_demand" : false
}, {
  "id" : 4024042305381,
  "text" : "УИК №490",
  "href" : "region/izbirkom?action=show&root=22000041&tvd=4024042305381&vrn=100100225883172&prver=0&pronetvd=null&region=3&sub_region=3",
  "prver" : "0",
  "isUik" : true,
  "selected" : false,
  "load_on_demand" : false
}, {
  "id" : 4024042305382,
  "text" : "УИК №491",
  "href" : "region/izbirkom?action=show&root=22000041&tvd=4024042305382&vrn=100100225883172&prver=0&pronetvd=null&region=3&sub_region=3",
  "prver" : "0",
  "isUik" : true,
  "selected" : false,
  "load_on_demand" : false
}, {
  "id" : 4024042305383,
  "text" : "УИК №492",
  "href" : "region/izbirkom?action=show&root=22000041&tvd=4024042305383&vrn=100100225883172&prver=0&pronetvd=null&region=3&sub_region=3",
  "prver" : "0",
  "isUik" : true,
  "selected" : false,
  "load_on_demand" : false
}, {
  "id" : 4024042305384,
  "text" : "УИК №494",
  "href" : "region/izbirkom?action=show&root=22000041&tvd=4024042305384&vrn=100100225883172&prver=0&pronetvd=null&region=3&sub_region=3",
  "prver" : "0",
  "isUik" : true,
  "selected" : false,
  "load_on_demand" : false
}, {
  "id" : 4024042305385,
  "text" : "УИК №495",
  "href" : "region/izbirkom?action=show&root=22000041&tvd=4024042305385&vrn=100100225883172&prver=0&pronetvd=null&region=3&sub_region=3",
  "prver" : "0",
  "isUik" : true,
  "selected" : false,
  "load_on_demand" : false
}, {
  "id" : 4024042305386,
  "text" : "УИК №496",
  "href" : "region/izbirkom?action=show&root=22000041&tvd=4024042305386&vrn=100100225883172&prver=0&pronetvd=null&region=3&sub_region=3",
  "prver" : "0",
  "isUik" : true,
  "selected" : false,
  "load_on_demand" : false
}, {
  "id" : 4024042305387,
  "text" : "УИК №497",
  "href" : "region/izbirkom?action=show&root=22000041&tvd=4024042305387&vrn=100100225883172&prver=0&pronetvd=null&region=3&sub_region=3",
  "prver" : "0",
  "isUik" : true,
  "selected" : false,
  "load_on_demand" : false
}, {
  "id" : 4024042305388,
  "text" : "УИК №498",
  "href" : "region/izbirkom?action=show&root=22000041&tvd=4024042305388&vrn=100100225883172&prver=0&pronetvd=null&region=3&sub_region=3",
  "prver" : "0",
  "isUik" : true,
  "selected" : false,
  "load_on_demand" : false
}, {
  "id" : 4024042305389,
  "text" : "УИК №499",
  "href" : "region/izbirkom?action=show&root=22000041&tvd=4024042305389&vrn=100100225883172&prver=0&pronetvd=null&region=3&sub_region=3",
  "prver" : "0",
  "isUik" : true,
  "selected" : false,
  "load_on_demand" : false
}, {
  "id" : 4024042305390,
  "text" : "УИК №500",
  "href" : "region/izbirkom?action=show&root=22000041&tvd=4024042305390&vrn=100100225883172&prver=0&pronetvd=null&region=3&sub_region=3",
  "prver" : "0",
  "isUik" : true,
  "selected" : false,
  "load_on_demand" : false
}, {
  "id" : 4024042305391,
  "text" : "УИК №501",
  "href" : "region/izbirkom?action=show&root=22000041&tvd=4024042305391&vrn=100100225883172&prver=0&pronetvd=null&region=3&sub_region=3",
  "prver" : "0",
  "isUik" : true,
  "selected" : false,
  "load_on_demand" : false
}, {
  "id" : 4024042305392,
  "text" : "УИК №502",
  "href" : "region/izbirkom?action=show&root=22000041&tvd=4024042305392&vrn=100100225883172&prver=0&pronetvd=null&region=3&sub_region=3",
  "prver" : "0",
  "isUik" : true,
  "selected" : false,
  "load_on_demand" : false
}, {
  "id" : 4024042305393,
  "text" : "УИК №503",
  "href" : "region/izbirkom?action=show&root=22000041&tvd=4024042305393&vrn=100100225883172&prver=0&pronetvd=null&region=3&sub_region=3",
  "prver" : "0",
  "isUik" : true,
  "selected" : false,
  "load_on_demand" : false
}, {
  "id" : 4024042305394,
  "text" : "УИК №504",
  "href" : "region/izbirkom?action=show&root=22000041&tvd=4024042305394&vrn=100100225883172&prver=0&pronetvd=null&region=3&sub_region=3",
  "prver" : "0",
  "isUik" : true,
  "selected" : false,
  "load_on_demand" : false
}, {
  "id" : 4024042305395,
  "text" : "УИК №505",
  "href" : "region/izbirkom?action=show&root=22000041&tvd=4024042305395&vrn=100100225883172&prver=0&pronetvd=null&region=3&sub_region=3",
  "prver" : "0",
  "isUik" : true,
  "selected" : false,
  "load_on_demand" : false
}, {
  "id" : 4024042305396,
  "text" : "УИК №506",
  "href" : "region/izbirkom?action=show&root=22000041&tvd=4024042305396&vrn=100100225883172&prver=0&pronetvd=null&region=3&sub_region=3",
  "prver" : "0",
  "isUik" : true,
  "selected" : false,
  "load_on_demand" : false
}, {
  "id" : 4024042305397,
  "text" : "УИК №507",
  "href" : "region/izbirkom?action=show&root=22000041&tvd=4024042305397&vrn=100100225883172&prver=0&pronetvd=null&region=3&sub_region=3",
  "prver" : "0",
  "isUik" : true,
  "selected" : false,
  "load_on_demand" : false
}, {
  "id" : 4024042305398,
  "text" : "УИК №508",
  "href" : "region/izbirkom?action=show&root=22000041&tvd=4024042305398&vrn=100100225883172&prver=0&pronetvd=null&region=3&sub_region=3",
  "prver" : "0",
  "isUik" : true,
  "selected" : false,
  "load_on_demand" : false
}, {
  "id" : 4024042305399,
  "text" : "УИК №509",
  "href" : "region/izbirkom?action=show&root=22000041&tvd=4024042305399&vrn=100100225883172&prver=0&pronetvd=null&region=3&sub_region=3",
  "prver" : "0",
  "isUik" : true,
  "selected" : false,
  "load_on_demand" : false
}, {
  "id" : 4024042305400,
  "text" : "УИК №510",
  "href" : "region/izbirkom?action=show&root=22000041&tvd=4024042305400&vrn=100100225883172&prver=0&pronetvd=null&region=3&sub_region=3",
  "prver" : "0",
  "isUik" : true,
  "selected" : false,
  "load_on_demand" : false
}, {
  "id" : 4024042305401,
  "text" : "УИК №511",
  "href" : "region/izbirkom?action=show&root=22000041&tvd=4024042305401&vrn=100100225883172&prver=0&pronetvd=null&region=3&sub_region=3",
  "prver" : "0",
  "isUik" : true,
  "selected" : false,
  "load_on_demand" : false
}, {
  "id" : 4024042305402,
  "text" : "УИК №512",
  "href" : "region/izbirkom?action=show&root=22000041&tvd=4024042305402&vrn=100100225883172&prver=0&pronetvd=null&region=3&sub_region=3",
  "prver" : "0",
  "isUik" : true,
  "selected" : false,
  "load_on_demand" : false
}, {
  "id" : 4024042305403,
  "text" : "УИК №513",
  "href" : "region/izbirkom?action=show&root=22000041&tvd=4024042305403&vrn=100100225883172&prver=0&pronetvd=null&region=3&sub_region=3",
  "prver" : "0",
  "isUik" : true,
  "selected" : false,
  "load_on_demand" : false
}, {
  "id" : 4024042305404,
  "text" : "УИК №514",
  "href" : "region/izbirkom?action=show&root=22000041&tvd=4024042305404&vrn=100100225883172&prver=0&pronetvd=null&region=3&sub_region=3",
  "prver" : "0",
  "isUik" : true,
  "selected" : false,
  "load_on_demand" : false
}, {
  "id" : 4024042305405,
  "text" : "УИК №3499",
  "href" : "region/izbirkom?action=show&root=22000041&tvd=4024042305405&vrn=100100225883172&prver=0&pronetvd=null&region=3&sub_region=3",
  "prver" : "0",
  "isUik" : true,
  "selected" : false,
  "load_on_demand" : false
}, {
  "id" : 4024042305406,
  "text" : "УИК №3512",
  "href" : "region/izbirkom?action=show&root=22000041&tvd=4024042305406&vrn=100100225883172&prver=0&pronetvd=null&region=3&sub_region=3",
  "prver" : "0",
  "isUik" : true,
  "selected" : false,
  "load_on_demand" : false
}, {
  "id" : 4024042305407,
  "text" : "УИК №3513",
  "href" : "region/izbirkom?action=show&root=22000041&tvd=4024042305407&vrn=100100225883172&prver=0&pronetvd=null&region=3&sub_region=3",
  "prver" : "0",
  "isUik" : true,
  "selected" : false,
  "load_on_demand" : false
}, {
  "id" : 4024042305408,
  "text" : "УИК №3514",
  "href" : "region/izbirkom?action=show&root=22000041&tvd=4024042305408&vrn=100100225883172&prver=0&pronetvd=null&region=3&sub_region=3",
  "prver" : "0",
  "isUik" : true,
  "selected" : false,
  "load_on_demand" : false
}, {
  "id" : 4024042305409,
  "text" : "УИК №3515",
  "href" : "region/izbirkom?action=show&root=22000041&tvd=4024042305409&vrn=100100225883172&prver=0&pronetvd=null&region=3&sub_region=3",
  "prver" : "0",
  "isUik" : true,
  "selected" : false,
  "load_on_demand" : false
}, {
  "id" : 4024042305410,
  "text" : "УИК №3533",
  "href" : "region/izbirkom?action=show&root=22000041&tvd=4024042305410&vrn=100100225883172&prver=0&pronetvd=null&region=3&sub_region=3",
  "prver" : "0",
  "isUik" : true,
  "selected" : false,
  "load_on_demand" : false
}, {
  "id" : 4024042305411,
  "text" : "УИК №3534",
  "href" : "region/izbirkom?action=show&root=22000041&tvd=4024042305411&vrn=100100225883172&prver=0&pronetvd=null&region=3&sub_region=3",
  "prver" : "0",
  "isUik" : true,
  "selected" : false,
  "load_on_demand" : false
} ]