[ {
  "id" : 4024037340473,
  "text" : "УИК №2450",
  "href" : "region/izbirkom?action=show&root=22000019&tvd=4024037340473&vrn=100100225883172&prver=0&pronetvd=null&region=3&sub_region=3",
  "prver" : "0",
  "isUik" : true,
  "selected" : false,
  "load_on_demand" : false
}, {
  "id" : 4024037340474,
  "text" : "УИК №2451",
  "href" : "region/izbirkom?action=show&root=22000019&tvd=4024037340474&vrn=100100225883172&prver=0&pronetvd=null&region=3&sub_region=3",
  "prver" : "0",
  "isUik" : true,
  "selected" : false,
  "load_on_demand" : false
}, {
  "id" : 4024037340475,
  "text" : "УИК №2452",
  "href" : "region/izbirkom?action=show&root=22000019&tvd=4024037340475&vrn=100100225883172&prver=0&pronetvd=null&region=3&sub_region=3",
  "prver" : "0",
  "isUik" : true,
  "selected" : false,
  "load_on_demand" : false
}, {
  "id" : 4024037340476,
  "text" : "УИК №2453",
  "href" : "region/izbirkom?action=show&root=22000019&tvd=4024037340476&vrn=100100225883172&prver=0&pronetvd=null&region=3&sub_region=3",
  "prver" : "0",
  "isUik" : true,
  "selected" : false,
  "load_on_demand" : false
}, {
  "id" : 4024037340477,
  "text" : "УИК №2454",
  "href" : "region/izbirkom?action=show&root=22000019&tvd=4024037340477&vrn=100100225883172&prver=0&pronetvd=null&region=3&sub_region=3",
  "prver" : "0",
  "isUik" : true,
  "selected" : false,
  "load_on_demand" : false
}, {
  "id" : 4024037340478,
  "text" : "УИК №2455",
  "href" : "region/izbirkom?action=show&root=22000019&tvd=4024037340478&vrn=100100225883172&prver=0&pronetvd=null&region=3&sub_region=3",
  "prver" : "0",
  "isUik" : true,
  "selected" : false,
  "load_on_demand" : false
}, {
  "id" : 4024037340479,
  "text" : "УИК №2456",
  "href" : "region/izbirkom?action=show&root=22000019&tvd=4024037340479&vrn=100100225883172&prver=0&pronetvd=null&region=3&sub_region=3",
  "prver" : "0",
  "isUik" : true,
  "selected" : false,
  "load_on_demand" : false
}, {
  "id" : 4024037340480,
  "text" : "УИК №2457",
  "href" : "region/izbirkom?action=show&root=22000019&tvd=4024037340480&vrn=100100225883172&prver=0&pronetvd=null&region=3&sub_region=3",
  "prver" : "0",
  "isUik" : true,
  "selected" : false,
  "load_on_demand" : false
}, {
  "id" : 4024037340481,
  "text" : "УИК №2458",
  "href" : "region/izbirkom?action=show&root=22000019&tvd=4024037340481&vrn=100100225883172&prver=0&pronetvd=null&region=3&sub_region=3",
  "prver" : "0",
  "isUik" : true,
  "selected" : false,
  "load_on_demand" : false
}, {
  "id" : 4024037340482,
  "text" : "УИК №2459",
  "href" : "region/izbirkom?action=show&root=22000019&tvd=4024037340482&vrn=100100225883172&prver=0&pronetvd=null&region=3&sub_region=3",
  "prver" : "0",
  "isUik" : true,
  "selected" : false,
  "load_on_demand" : false
}, {
  "id" : 4024037340483,
  "text" : "УИК №2460",
  "href" : "region/izbirkom?action=show&root=22000019&tvd=4024037340483&vrn=100100225883172&prver=0&pronetvd=null&region=3&sub_region=3",
  "prver" : "0",
  "isUik" : true,
  "selected" : false,
  "load_on_demand" : false
}, {
  "id" : 4024037340484,
  "text" : "УИК №2461",
  "href" : "region/izbirkom?action=show&root=22000019&tvd=4024037340484&vrn=100100225883172&prver=0&pronetvd=null&region=3&sub_region=3",
  "prver" : "0",
  "isUik" : true,
  "selected" : false,
  "load_on_demand" : false
}, {
  "id" : 4024037340485,
  "text" : "УИК №2462",
  "href" : "region/izbirkom?action=show&root=22000019&tvd=4024037340485&vrn=100100225883172&prver=0&pronetvd=null&region=3&sub_region=3",
  "prver" : "0",
  "isUik" : true,
  "selected" : false,
  "load_on_demand" : false
}, {
  "id" : 4024037340486,
  "text" : "УИК №2463",
  "href" : "region/izbirkom?action=show&root=22000019&tvd=4024037340486&vrn=100100225883172&prver=0&pronetvd=null&region=3&sub_region=3",
  "prver" : "0",
  "isUik" : true,
  "selected" : false,
  "load_on_demand" : false
}, {
  "id" : 4024037340487,
  "text" : "УИК №2464",
  "href" : "region/izbirkom?action=show&root=22000019&tvd=4024037340487&vrn=100100225883172&prver=0&pronetvd=null&region=3&sub_region=3",
  "prver" : "0",
  "isUik" : true,
  "selected" : false,
  "load_on_demand" : false
}, {
  "id" : 4024037340488,
  "text" : "УИК №2465",
  "href" : "region/izbirkom?action=show&root=22000019&tvd=4024037340488&vrn=100100225883172&prver=0&pronetvd=null&region=3&sub_region=3",
  "prver" : "0",
  "isUik" : true,
  "selected" : false,
  "load_on_demand" : false
}, {
  "id" : 4024037340489,
  "text" : "УИК №2466",
  "href" : "region/izbirkom?action=show&root=22000019&tvd=4024037340489&vrn=100100225883172&prver=0&pronetvd=null&region=3&sub_region=3",
  "prver" : "0",
  "isUik" : true,
  "selected" : false,
  "load_on_demand" : false
}, {
  "id" : 4024037340490,
  "text" : "УИК №2467",
  "href" : "region/izbirkom?action=show&root=22000019&tvd=4024037340490&vrn=100100225883172&prver=0&pronetvd=null&region=3&sub_region=3",
  "prver" : "0",
  "isUik" : true,
  "selected" : false,
  "load_on_demand" : false
}, {
  "id" : 4024037340491,
  "text" : "УИК №2468",
  "href" : "region/izbirkom?action=show&root=22000019&tvd=4024037340491&vrn=100100225883172&prver=0&pronetvd=null&region=3&sub_region=3",
  "prver" : "0",
  "isUik" : true,
  "selected" : false,
  "load_on_demand" : false
}, {
  "id" : 4024037340492,
  "text" : "УИК №2469",
  "href" : "region/izbirkom?action=show&root=22000019&tvd=4024037340492&vrn=100100225883172&prver=0&pronetvd=null&region=3&sub_region=3",
  "prver" : "0",
  "isUik" : true,
  "selected" : false,
  "load_on_demand" : false
}, {
  "id" : 4024037340493,
  "text" : "УИК №2470",
  "href" : "region/izbirkom?action=show&root=22000019&tvd=4024037340493&vrn=100100225883172&prver=0&pronetvd=null&region=3&sub_region=3",
  "prver" : "0",
  "isUik" : true,
  "selected" : false,
  "load_on_demand" : false
}, {
  "id" : 4024037340494,
  "text" : "УИК №2471",
  "href" : "region/izbirkom?action=show&root=22000019&tvd=4024037340494&vrn=100100225883172&prver=0&pronetvd=null&region=3&sub_region=3",
  "prver" : "0",
  "isUik" : true,
  "selected" : false,
  "load_on_demand" : false
}, {
  "id" : 4024037340495,
  "text" : "УИК №2472",
  "href" : "region/izbirkom?action=show&root=22000019&tvd=4024037340495&vrn=100100225883172&prver=0&pronetvd=null&region=3&sub_region=3",
  "prver" : "0",
  "isUik" : true,
  "selected" : false,
  "load_on_demand" : false
}, {
  "id" : 4024037340496,
  "text" : "УИК №2473",
  "href" : "region/izbirkom?action=show&root=22000019&tvd=4024037340496&vrn=100100225883172&prver=0&pronetvd=null&region=3&sub_region=3",
  "prver" : "0",
  "isUik" : true,
  "selected" : false,
  "load_on_demand" : false
}, {
  "id" : 4024037340497,
  "text" : "УИК №2474",
  "href" : "region/izbirkom?action=show&root=22000019&tvd=4024037340497&vrn=100100225883172&prver=0&pronetvd=null&region=3&sub_region=3",
  "prver" : "0",
  "isUik" : true,
  "selected" : false,
  "load_on_demand" : false
}, {
  "id" : 4024037340498,
  "text" : "УИК №2475",
  "href" : "region/izbirkom?action=show&root=22000019&tvd=4024037340498&vrn=100100225883172&prver=0&pronetvd=null&region=3&sub_region=3",
  "prver" : "0",
  "isUik" : true,
  "selected" : false,
  "load_on_demand" : false
}, {
  "id" : 4024037340499,
  "text" : "УИК №2476",
  "href" : "region/izbirkom?action=show&root=22000019&tvd=4024037340499&vrn=100100225883172&prver=0&pronetvd=null&region=3&sub_region=3",
  "prver" : "0",
  "isUik" : true,
  "selected" : false,
  "load_on_demand" : false
}, {
  "id" : 4024037340500,
  "text" : "УИК №2477",
  "href" : "region/izbirkom?action=show&root=22000019&tvd=4024037340500&vrn=100100225883172&prver=0&pronetvd=null&region=3&sub_region=3",
  "prver" : "0",
  "isUik" : true,
  "selected" : false,
  "load_on_demand" : false
}, {
  "id" : 4024037340501,
  "text" : "УИК №2478",
  "href" : "region/izbirkom?action=show&root=22000019&tvd=4024037340501&vrn=100100225883172&prver=0&pronetvd=null&region=3&sub_region=3",
  "prver" : "0",
  "isUik" : true,
  "selected" : false,
  "load_on_demand" : false
}, {
  "id" : 4024037340502,
  "text" : "УИК №2479",
  "href" : "region/izbirkom?action=show&root=22000019&tvd=4024037340502&vrn=100100225883172&prver=0&pronetvd=null&region=3&sub_region=3",
  "prver" : "0",
  "isUik" : true,
  "selected" : false,
  "load_on_demand" : false
}, {
  "id" : 4024037340503,
  "text" : "УИК №2480",
  "href" : "region/izbirkom?action=show&root=22000019&tvd=4024037340503&vrn=100100225883172&prver=0&pronetvd=null&region=3&sub_region=3",
  "prver" : "0",
  "isUik" : true,
  "selected" : false,
  "load_on_demand" : false
}, {
  "id" : 4024037340504,
  "text" : "УИК №2481",
  "href" : "region/izbirkom?action=show&root=22000019&tvd=4024037340504&vrn=100100225883172&prver=0&pronetvd=null&region=3&sub_region=3",
  "prver" : "0",
  "isUik" : true,
  "selected" : false,
  "load_on_demand" : false
}, {
  "id" : 4024037340505,
  "text" : "УИК №2482",
  "href" : "region/izbirkom?action=show&root=22000019&tvd=4024037340505&vrn=100100225883172&prver=0&pronetvd=null&region=3&sub_region=3",
  "prver" : "0",
  "isUik" : true,
  "selected" : false,
  "load_on_demand" : false
}, {
  "id" : 4024037340506,
  "text" : "УИК №2483",
  "href" : "region/izbirkom?action=show&root=22000019&tvd=4024037340506&vrn=100100225883172&prver=0&pronetvd=null&region=3&sub_region=3",
  "prver" : "0",
  "isUik" : true,
  "selected" : false,
  "load_on_demand" : false
}, {
  "id" : 4024037340507,
  "text" : "УИК №2484",
  "href" : "region/izbirkom?action=show&root=22000019&tvd=4024037340507&vrn=100100225883172&prver=0&pronetvd=null&region=3&sub_region=3",
  "prver" : "0",
  "isUik" : true,
  "selected" : false,
  "load_on_demand" : false
}, {
  "id" : 4024037340508,
  "text" : "УИК №2485",
  "href" : "region/izbirkom?action=show&root=22000019&tvd=4024037340508&vrn=100100225883172&prver=0&pronetvd=null&region=3&sub_region=3",
  "prver" : "0",
  "isUik" : true,
  "selected" : false,
  "load_on_demand" : false
}, {
  "id" : 4024037340509,
  "text" : "УИК №2486",
  "href" : "region/izbirkom?action=show&root=22000019&tvd=4024037340509&vrn=100100225883172&prver=0&pronetvd=null&region=3&sub_region=3",
  "prver" : "0",
  "isUik" : true,
  "selected" : false,
  "load_on_demand" : false
}, {
  "id" : 4024037340510,
  "text" : "УИК №2487",
  "href" : "region/izbirkom?action=show&root=22000019&tvd=4024037340510&vrn=100100225883172&prver=0&pronetvd=null&region=3&sub_region=3",
  "prver" : "0",
  "isUik" : true,
  "selected" : false,
  "load_on_demand" : false
}, {
  "id" : 4024037340511,
  "text" : "УИК №2488",
  "href" : "region/izbirkom?action=show&root=22000019&tvd=4024037340511&vrn=100100225883172&prver=0&pronetvd=null&region=3&sub_region=3",
  "prver" : "0",
  "isUik" : true,
  "selected" : false,
  "load_on_demand" : false
}, {
  "id" : 4024037340512,
  "text" : "УИК №2489",
  "href" : "region/izbirkom?action=show&root=22000019&tvd=4024037340512&vrn=100100225883172&prver=0&pronetvd=null&region=3&sub_region=3",
  "prver" : "0",
  "isUik" : true,
  "selected" : false,
  "load_on_demand" : false
}, {
  "id" : 4024037340513,
  "text" : "УИК №2490",
  "href" : "region/izbirkom?action=show&root=22000019&tvd=4024037340513&vrn=100100225883172&prver=0&pronetvd=null&region=3&sub_region=3",
  "prver" : "0",
  "isUik" : true,
  "selected" : false,
  "load_on_demand" : false
}, {
  "id" : 4024037340514,
  "text" : "УИК №2491",
  "href" : "region/izbirkom?action=show&root=22000019&tvd=4024037340514&vrn=100100225883172&prver=0&pronetvd=null&region=3&sub_region=3",
  "prver" : "0",
  "isUik" : true,
  "selected" : false,
  "load_on_demand" : false
}, {
  "id" : 4024037340515,
  "text" : "УИК №2492",
  "href" : "region/izbirkom?action=show&root=22000019&tvd=4024037340515&vrn=100100225883172&prver=0&pronetvd=null&region=3&sub_region=3",
  "prver" : "0",
  "isUik" : true,
  "selected" : false,
  "load_on_demand" : false
}, {
  "id" : 4024037340516,
  "text" : "УИК №2493",
  "href" : "region/izbirkom?action=show&root=22000019&tvd=4024037340516&vrn=100100225883172&prver=0&pronetvd=null&region=3&sub_region=3",
  "prver" : "0",
  "isUik" : true,
  "selected" : false,
  "load_on_demand" : false
}, {
  "id" : 4024037340517,
  "text" : "УИК №2494",
  "href" : "region/izbirkom?action=show&root=22000019&tvd=4024037340517&vrn=100100225883172&prver=0&pronetvd=null&region=3&sub_region=3",
  "prver" : "0",
  "isUik" : true,
  "selected" : false,
  "load_on_demand" : false
}, {
  "id" : 4024037340518,
  "text" : "УИК №2495",
  "href" : "region/izbirkom?action=show&root=22000019&tvd=4024037340518&vrn=100100225883172&prver=0&pronetvd=null&region=3&sub_region=3",
  "prver" : "0",
  "isUik" : true,
  "selected" : false,
  "load_on_demand" : false
} ]