[ {
  "id" : 4024057441213,
  "text" : "УИК №207",
  "href" : "region/izbirkom?action=show&root=22000032&tvd=4024057441213&vrn=100100225883172&prver=0&pronetvd=null&region=3&sub_region=3",
  "prver" : "0",
  "isUik" : true,
  "selected" : false,
  "load_on_demand" : false
}, {
  "id" : 4024057441214,
  "text" : "УИК №208",
  "href" : "region/izbirkom?action=show&root=22000032&tvd=4024057441214&vrn=100100225883172&prver=0&pronetvd=null&region=3&sub_region=3",
  "prver" : "0",
  "isUik" : true,
  "selected" : false,
  "load_on_demand" : false
}, {
  "id" : 4024057441215,
  "text" : "УИК №209",
  "href" : "region/izbirkom?action=show&root=22000032&tvd=4024057441215&vrn=100100225883172&prver=0&pronetvd=null&region=3&sub_region=3",
  "prver" : "0",
  "isUik" : true,
  "selected" : false,
  "load_on_demand" : false
}, {
  "id" : 4024057441216,
  "text" : "УИК №210",
  "href" : "region/izbirkom?action=show&root=22000032&tvd=4024057441216&vrn=100100225883172&prver=0&pronetvd=null&region=3&sub_region=3",
  "prver" : "0",
  "isUik" : true,
  "selected" : false,
  "load_on_demand" : false
}, {
  "id" : 4024057441217,
  "text" : "УИК №211",
  "href" : "region/izbirkom?action=show&root=22000032&tvd=4024057441217&vrn=100100225883172&prver=0&pronetvd=null&region=3&sub_region=3",
  "prver" : "0",
  "isUik" : true,
  "selected" : false,
  "load_on_demand" : false
}, {
  "id" : 4024057441218,
  "text" : "УИК №212",
  "href" : "region/izbirkom?action=show&root=22000032&tvd=4024057441218&vrn=100100225883172&prver=0&pronetvd=null&region=3&sub_region=3",
  "prver" : "0",
  "isUik" : true,
  "selected" : false,
  "load_on_demand" : false
}, {
  "id" : 4024057441219,
  "text" : "УИК №213",
  "href" : "region/izbirkom?action=show&root=22000032&tvd=4024057441219&vrn=100100225883172&prver=0&pronetvd=null&region=3&sub_region=3",
  "prver" : "0",
  "isUik" : true,
  "selected" : false,
  "load_on_demand" : false
}, {
  "id" : 4024057441220,
  "text" : "УИК №214",
  "href" : "region/izbirkom?action=show&root=22000032&tvd=4024057441220&vrn=100100225883172&prver=0&pronetvd=null&region=3&sub_region=3",
  "prver" : "0",
  "isUik" : true,
  "selected" : false,
  "load_on_demand" : false
}, {
  "id" : 4024057441221,
  "text" : "УИК №215",
  "href" : "region/izbirkom?action=show&root=22000032&tvd=4024057441221&vrn=100100225883172&prver=0&pronetvd=null&region=3&sub_region=3",
  "prver" : "0",
  "isUik" : true,
  "selected" : false,
  "load_on_demand" : false
}, {
  "id" : 4024057441222,
  "text" : "УИК №216",
  "href" : "region/izbirkom?action=show&root=22000032&tvd=4024057441222&vrn=100100225883172&prver=0&pronetvd=null&region=3&sub_region=3",
  "prver" : "0",
  "isUik" : true,
  "selected" : false,
  "load_on_demand" : false
}, {
  "id" : 4024057441223,
  "text" : "УИК №217",
  "href" : "region/izbirkom?action=show&root=22000032&tvd=4024057441223&vrn=100100225883172&prver=0&pronetvd=null&region=3&sub_region=3",
  "prver" : "0",
  "isUik" : true,
  "selected" : false,
  "load_on_demand" : false
}, {
  "id" : 4024057441224,
  "text" : "УИК №218",
  "href" : "region/izbirkom?action=show&root=22000032&tvd=4024057441224&vrn=100100225883172&prver=0&pronetvd=null&region=3&sub_region=3",
  "prver" : "0",
  "isUik" : true,
  "selected" : false,
  "load_on_demand" : false
}, {
  "id" : 4024057441225,
  "text" : "УИК №219",
  "href" : "region/izbirkom?action=show&root=22000032&tvd=4024057441225&vrn=100100225883172&prver=0&pronetvd=null&region=3&sub_region=3",
  "prver" : "0",
  "isUik" : true,
  "selected" : false,
  "load_on_demand" : false
}, {
  "id" : 4024057441226,
  "text" : "УИК №220",
  "href" : "region/izbirkom?action=show&root=22000032&tvd=4024057441226&vrn=100100225883172&prver=0&pronetvd=null&region=3&sub_region=3",
  "prver" : "0",
  "isUik" : true,
  "selected" : false,
  "load_on_demand" : false
}, {
  "id" : 4024057441227,
  "text" : "УИК №221",
  "href" : "region/izbirkom?action=show&root=22000032&tvd=4024057441227&vrn=100100225883172&prver=0&pronetvd=null&region=3&sub_region=3",
  "prver" : "0",
  "isUik" : true,
  "selected" : false,
  "load_on_demand" : false
}, {
  "id" : 4024057441228,
  "text" : "УИК №222",
  "href" : "region/izbirkom?action=show&root=22000032&tvd=4024057441228&vrn=100100225883172&prver=0&pronetvd=null&region=3&sub_region=3",
  "prver" : "0",
  "isUik" : true,
  "selected" : false,
  "load_on_demand" : false
}, {
  "id" : 4024057441229,
  "text" : "УИК №223",
  "href" : "region/izbirkom?action=show&root=22000032&tvd=4024057441229&vrn=100100225883172&prver=0&pronetvd=null&region=3&sub_region=3",
  "prver" : "0",
  "isUik" : true,
  "selected" : false,
  "load_on_demand" : false
}, {
  "id" : 4024057441230,
  "text" : "УИК №224",
  "href" : "region/izbirkom?action=show&root=22000032&tvd=4024057441230&vrn=100100225883172&prver=0&pronetvd=null&region=3&sub_region=3",
  "prver" : "0",
  "isUik" : true,
  "selected" : false,
  "load_on_demand" : false
}, {
  "id" : 4024057441231,
  "text" : "УИК №225",
  "href" : "region/izbirkom?action=show&root=22000032&tvd=4024057441231&vrn=100100225883172&prver=0&pronetvd=null&region=3&sub_region=3",
  "prver" : "0",
  "isUik" : true,
  "selected" : false,
  "load_on_demand" : false
}, {
  "id" : 4024057441232,
  "text" : "УИК №226",
  "href" : "region/izbirkom?action=show&root=22000032&tvd=4024057441232&vrn=100100225883172&prver=0&pronetvd=null&region=3&sub_region=3",
  "prver" : "0",
  "isUik" : true,
  "selected" : false,
  "load_on_demand" : false
}, {
  "id" : 4024057441233,
  "text" : "УИК №227",
  "href" : "region/izbirkom?action=show&root=22000032&tvd=4024057441233&vrn=100100225883172&prver=0&pronetvd=null&region=3&sub_region=3",
  "prver" : "0",
  "isUik" : true,
  "selected" : false,
  "load_on_demand" : false
}, {
  "id" : 4024057441234,
  "text" : "УИК №228",
  "href" : "region/izbirkom?action=show&root=22000032&tvd=4024057441234&vrn=100100225883172&prver=0&pronetvd=null&region=3&sub_region=3",
  "prver" : "0",
  "isUik" : true,
  "selected" : false,
  "load_on_demand" : false
}, {
  "id" : 4024057441235,
  "text" : "УИК №229",
  "href" : "region/izbirkom?action=show&root=22000032&tvd=4024057441235&vrn=100100225883172&prver=0&pronetvd=null&region=3&sub_region=3",
  "prver" : "0",
  "isUik" : true,
  "selected" : false,
  "load_on_demand" : false
}, {
  "id" : 4024057441236,
  "text" : "УИК №230",
  "href" : "region/izbirkom?action=show&root=22000032&tvd=4024057441236&vrn=100100225883172&prver=0&pronetvd=null&region=3&sub_region=3",
  "prver" : "0",
  "isUik" : true,
  "selected" : false,
  "load_on_demand" : false
}, {
  "id" : 4024057441237,
  "text" : "УИК №231",
  "href" : "region/izbirkom?action=show&root=22000032&tvd=4024057441237&vrn=100100225883172&prver=0&pronetvd=null&region=3&sub_region=3",
  "prver" : "0",
  "isUik" : true,
  "selected" : false,
  "load_on_demand" : false
}, {
  "id" : 4024057441238,
  "text" : "УИК №232",
  "href" : "region/izbirkom?action=show&root=22000032&tvd=4024057441238&vrn=100100225883172&prver=0&pronetvd=null&region=3&sub_region=3",
  "prver" : "0",
  "isUik" : true,
  "selected" : false,
  "load_on_demand" : false
}, {
  "id" : 4024057441239,
  "text" : "УИК №233",
  "href" : "region/izbirkom?action=show&root=22000032&tvd=4024057441239&vrn=100100225883172&prver=0&pronetvd=null&region=3&sub_region=3",
  "prver" : "0",
  "isUik" : true,
  "selected" : false,
  "load_on_demand" : false
}, {
  "id" : 4024057441240,
  "text" : "УИК №234",
  "href" : "region/izbirkom?action=show&root=22000032&tvd=4024057441240&vrn=100100225883172&prver=0&pronetvd=null&region=3&sub_region=3",
  "prver" : "0",
  "isUik" : true,
  "selected" : false,
  "load_on_demand" : false
}, {
  "id" : 4024057441241,
  "text" : "УИК №235",
  "href" : "region/izbirkom?action=show&root=22000032&tvd=4024057441241&vrn=100100225883172&prver=0&pronetvd=null&region=3&sub_region=3",
  "prver" : "0",
  "isUik" : true,
  "selected" : false,
  "load_on_demand" : false
}, {
  "id" : 4024057441242,
  "text" : "УИК №236",
  "href" : "region/izbirkom?action=show&root=22000032&tvd=4024057441242&vrn=100100225883172&prver=0&pronetvd=null&region=3&sub_region=3",
  "prver" : "0",
  "isUik" : true,
  "selected" : false,
  "load_on_demand" : false
}, {
  "id" : 4024057441243,
  "text" : "УИК №237",
  "href" : "region/izbirkom?action=show&root=22000032&tvd=4024057441243&vrn=100100225883172&prver=0&pronetvd=null&region=3&sub_region=3",
  "prver" : "0",
  "isUik" : true,
  "selected" : false,
  "load_on_demand" : false
}, {
  "id" : 4024057441244,
  "text" : "УИК №238",
  "href" : "region/izbirkom?action=show&root=22000032&tvd=4024057441244&vrn=100100225883172&prver=0&pronetvd=null&region=3&sub_region=3",
  "prver" : "0",
  "isUik" : true,
  "selected" : false,
  "load_on_demand" : false
}, {
  "id" : 4024057441245,
  "text" : "УИК №239",
  "href" : "region/izbirkom?action=show&root=22000032&tvd=4024057441245&vrn=100100225883172&prver=0&pronetvd=null&region=3&sub_region=3",
  "prver" : "0",
  "isUik" : true,
  "selected" : false,
  "load_on_demand" : false
}, {
  "id" : 4024057441246,
  "text" : "УИК №240",
  "href" : "region/izbirkom?action=show&root=22000032&tvd=4024057441246&vrn=100100225883172&prver=0&pronetvd=null&region=3&sub_region=3",
  "prver" : "0",
  "isUik" : true,
  "selected" : false,
  "load_on_demand" : false
}, {
  "id" : 4024057441247,
  "text" : "УИК №241",
  "href" : "region/izbirkom?action=show&root=22000032&tvd=4024057441247&vrn=100100225883172&prver=0&pronetvd=null&region=3&sub_region=3",
  "prver" : "0",
  "isUik" : true,
  "selected" : false,
  "load_on_demand" : false
}, {
  "id" : 4024057441248,
  "text" : "УИК №242",
  "href" : "region/izbirkom?action=show&root=22000032&tvd=4024057441248&vrn=100100225883172&prver=0&pronetvd=null&region=3&sub_region=3",
  "prver" : "0",
  "isUik" : true,
  "selected" : false,
  "load_on_demand" : false
}, {
  "id" : 4024057441249,
  "text" : "УИК №243",
  "href" : "region/izbirkom?action=show&root=22000032&tvd=4024057441249&vrn=100100225883172&prver=0&pronetvd=null&region=3&sub_region=3",
  "prver" : "0",
  "isUik" : true,
  "selected" : false,
  "load_on_demand" : false
}, {
  "id" : 4024057441250,
  "text" : "УИК №244",
  "href" : "region/izbirkom?action=show&root=22000032&tvd=4024057441250&vrn=100100225883172&prver=0&pronetvd=null&region=3&sub_region=3",
  "prver" : "0",
  "isUik" : true,
  "selected" : false,
  "load_on_demand" : false
}, {
  "id" : 4024057441251,
  "text" : "УИК №245",
  "href" : "region/izbirkom?action=show&root=22000032&tvd=4024057441251&vrn=100100225883172&prver=0&pronetvd=null&region=3&sub_region=3",
  "prver" : "0",
  "isUik" : true,
  "selected" : false,
  "load_on_demand" : false
}, {
  "id" : 4024057441252,
  "text" : "УИК №246",
  "href" : "region/izbirkom?action=show&root=22000032&tvd=4024057441252&vrn=100100225883172&prver=0&pronetvd=null&region=3&sub_region=3",
  "prver" : "0",
  "isUik" : true,
  "selected" : false,
  "load_on_demand" : false
}, {
  "id" : 4024057441253,
  "text" : "УИК №247",
  "href" : "region/izbirkom?action=show&root=22000032&tvd=4024057441253&vrn=100100225883172&prver=0&pronetvd=null&region=3&sub_region=3",
  "prver" : "0",
  "isUik" : true,
  "selected" : false,
  "load_on_demand" : false
}, {
  "id" : 4024057441254,
  "text" : "УИК №248",
  "href" : "region/izbirkom?action=show&root=22000032&tvd=4024057441254&vrn=100100225883172&prver=0&pronetvd=null&region=3&sub_region=3",
  "prver" : "0",
  "isUik" : true,
  "selected" : false,
  "load_on_demand" : false
}, {
  "id" : 4024057441255,
  "text" : "УИК №249",
  "href" : "region/izbirkom?action=show&root=22000032&tvd=4024057441255&vrn=100100225883172&prver=0&pronetvd=null&region=3&sub_region=3",
  "prver" : "0",
  "isUik" : true,
  "selected" : false,
  "load_on_demand" : false
}, {
  "id" : 4024057441256,
  "text" : "УИК №250",
  "href" : "region/izbirkom?action=show&root=22000032&tvd=4024057441256&vrn=100100225883172&prver=0&pronetvd=null&region=3&sub_region=3",
  "prver" : "0",
  "isUik" : true,
  "selected" : false,
  "load_on_demand" : false
}, {
  "id" : 4024057441257,
  "text" : "УИК №251",
  "href" : "region/izbirkom?action=show&root=22000032&tvd=4024057441257&vrn=100100225883172&prver=0&pronetvd=null&region=3&sub_region=3",
  "prver" : "0",
  "isUik" : true,
  "selected" : false,
  "load_on_demand" : false
}, {
  "id" : 4024057441258,
  "text" : "УИК №252",
  "href" : "region/izbirkom?action=show&root=22000032&tvd=4024057441258&vrn=100100225883172&prver=0&pronetvd=null&region=3&sub_region=3",
  "prver" : "0",
  "isUik" : true,
  "selected" : false,
  "load_on_demand" : false
}, {
  "id" : 4024057441259,
  "text" : "УИК №253",
  "href" : "region/izbirkom?action=show&root=22000032&tvd=4024057441259&vrn=100100225883172&prver=0&pronetvd=null&region=3&sub_region=3",
  "prver" : "0",
  "isUik" : true,
  "selected" : false,
  "load_on_demand" : false
}, {
  "id" : 4024057441260,
  "text" : "УИК №254",
  "href" : "region/izbirkom?action=show&root=22000032&tvd=4024057441260&vrn=100100225883172&prver=0&pronetvd=null&region=3&sub_region=3",
  "prver" : "0",
  "isUik" : true,
  "selected" : false,
  "load_on_demand" : false
}, {
  "id" : 4024057441261,
  "text" : "УИК №255",
  "href" : "region/izbirkom?action=show&root=22000032&tvd=4024057441261&vrn=100100225883172&prver=0&pronetvd=null&region=3&sub_region=3",
  "prver" : "0",
  "isUik" : true,
  "selected" : false,
  "load_on_demand" : false
}, {
  "id" : 4024057441262,
  "text" : "УИК №256",
  "href" : "region/izbirkom?action=show&root=22000032&tvd=4024057441262&vrn=100100225883172&prver=0&pronetvd=null&region=3&sub_region=3",
  "prver" : "0",
  "isUik" : true,
  "selected" : false,
  "load_on_demand" : false
}, {
  "id" : 4024057441263,
  "text" : "УИК №257",
  "href" : "region/izbirkom?action=show&root=22000032&tvd=4024057441263&vrn=100100225883172&prver=0&pronetvd=null&region=3&sub_region=3",
  "prver" : "0",
  "isUik" : true,
  "selected" : false,
  "load_on_demand" : false
}, {
  "id" : 4024057441264,
  "text" : "УИК №258",
  "href" : "region/izbirkom?action=show&root=22000032&tvd=4024057441264&vrn=100100225883172&prver=0&pronetvd=null&region=3&sub_region=3",
  "prver" : "0",
  "isUik" : true,
  "selected" : false,
  "load_on_demand" : false
}, {
  "id" : 4024057441265,
  "text" : "УИК №259",
  "href" : "region/izbirkom?action=show&root=22000032&tvd=4024057441265&vrn=100100225883172&prver=0&pronetvd=null&region=3&sub_region=3",
  "prver" : "0",
  "isUik" : true,
  "selected" : false,
  "load_on_demand" : false
}, {
  "id" : 4024057441266,
  "text" : "УИК №260",
  "href" : "region/izbirkom?action=show&root=22000032&tvd=4024057441266&vrn=100100225883172&prver=0&pronetvd=null&region=3&sub_region=3",
  "prver" : "0",
  "isUik" : true,
  "selected" : false,
  "load_on_demand" : false
}, {
  "id" : 4024057441267,
  "text" : "УИК №261",
  "href" : "region/izbirkom?action=show&root=22000032&tvd=4024057441267&vrn=100100225883172&prver=0&pronetvd=null&region=3&sub_region=3",
  "prver" : "0",
  "isUik" : true,
  "selected" : false,
  "load_on_demand" : false
}, {
  "id" : 4024057441268,
  "text" : "УИК №262",
  "href" : "region/izbirkom?action=show&root=22000032&tvd=4024057441268&vrn=100100225883172&prver=0&pronetvd=null&region=3&sub_region=3",
  "prver" : "0",
  "isUik" : true,
  "selected" : false,
  "load_on_demand" : false
}, {
  "id" : 4024057441269,
  "text" : "УИК №263",
  "href" : "region/izbirkom?action=show&root=22000032&tvd=4024057441269&vrn=100100225883172&prver=0&pronetvd=null&region=3&sub_region=3",
  "prver" : "0",
  "isUik" : true,
  "selected" : false,
  "load_on_demand" : false
}, {
  "id" : 4024057441270,
  "text" : "УИК №264",
  "href" : "region/izbirkom?action=show&root=22000032&tvd=4024057441270&vrn=100100225883172&prver=0&pronetvd=null&region=3&sub_region=3",
  "prver" : "0",
  "isUik" : true,
  "selected" : false,
  "load_on_demand" : false
}, {
  "id" : 4024057441271,
  "text" : "УИК №265",
  "href" : "region/izbirkom?action=show&root=22000032&tvd=4024057441271&vrn=100100225883172&prver=0&pronetvd=null&region=3&sub_region=3",
  "prver" : "0",
  "isUik" : true,
  "selected" : false,
  "load_on_demand" : false
}, {
  "id" : 4024057441272,
  "text" : "УИК №266",
  "href" : "region/izbirkom?action=show&root=22000032&tvd=4024057441272&vrn=100100225883172&prver=0&pronetvd=null&region=3&sub_region=3",
  "prver" : "0",
  "isUik" : true,
  "selected" : false,
  "load_on_demand" : false
}, {
  "id" : 4024057441273,
  "text" : "УИК №267",
  "href" : "region/izbirkom?action=show&root=22000032&tvd=4024057441273&vrn=100100225883172&prver=0&pronetvd=null&region=3&sub_region=3",
  "prver" : "0",
  "isUik" : true,
  "selected" : false,
  "load_on_demand" : false
}, {
  "id" : 4024057441274,
  "text" : "УИК №268",
  "href" : "region/izbirkom?action=show&root=22000032&tvd=4024057441274&vrn=100100225883172&prver=0&pronetvd=null&region=3&sub_region=3",
  "prver" : "0",
  "isUik" : true,
  "selected" : false,
  "load_on_demand" : false
}, {
  "id" : 4024057441275,
  "text" : "УИК №269",
  "href" : "region/izbirkom?action=show&root=22000032&tvd=4024057441275&vrn=100100225883172&prver=0&pronetvd=null&region=3&sub_region=3",
  "prver" : "0",
  "isUik" : true,
  "selected" : false,
  "load_on_demand" : false
}, {
  "id" : 4024057441276,
  "text" : "УИК №270",
  "href" : "region/izbirkom?action=show&root=22000032&tvd=4024057441276&vrn=100100225883172&prver=0&pronetvd=null&region=3&sub_region=3",
  "prver" : "0",
  "isUik" : true,
  "selected" : false,
  "load_on_demand" : false
}, {
  "id" : 4024057441277,
  "text" : "УИК №271",
  "href" : "region/izbirkom?action=show&root=22000032&tvd=4024057441277&vrn=100100225883172&prver=0&pronetvd=null&region=3&sub_region=3",
  "prver" : "0",
  "isUik" : true,
  "selected" : false,
  "load_on_demand" : false
}, {
  "id" : 4024057441278,
  "text" : "УИК №272",
  "href" : "region/izbirkom?action=show&root=22000032&tvd=4024057441278&vrn=100100225883172&prver=0&pronetvd=null&region=3&sub_region=3",
  "prver" : "0",
  "isUik" : true,
  "selected" : false,
  "load_on_demand" : false
}, {
  "id" : 4024057441279,
  "text" : "УИК №273",
  "href" : "region/izbirkom?action=show&root=22000032&tvd=4024057441279&vrn=100100225883172&prver=0&pronetvd=null&region=3&sub_region=3",
  "prver" : "0",
  "isUik" : true,
  "selected" : false,
  "load_on_demand" : false
}, {
  "id" : 4024057441280,
  "text" : "УИК №274",
  "href" : "region/izbirkom?action=show&root=22000032&tvd=4024057441280&vrn=100100225883172&prver=0&pronetvd=null&region=3&sub_region=3",
  "prver" : "0",
  "isUik" : true,
  "selected" : false,
  "load_on_demand" : false
}, {
  "id" : 4024057441281,
  "text" : "УИК №275",
  "href" : "region/izbirkom?action=show&root=22000032&tvd=4024057441281&vrn=100100225883172&prver=0&pronetvd=null&region=3&sub_region=3",
  "prver" : "0",
  "isUik" : true,
  "selected" : false,
  "load_on_demand" : false
}, {
  "id" : 4024057441282,
  "text" : "УИК №276",
  "href" : "region/izbirkom?action=show&root=22000032&tvd=4024057441282&vrn=100100225883172&prver=0&pronetvd=null&region=3&sub_region=3",
  "prver" : "0",
  "isUik" : true,
  "selected" : false,
  "load_on_demand" : false
}, {
  "id" : 4024057441283,
  "text" : "УИК №277",
  "href" : "region/izbirkom?action=show&root=22000032&tvd=4024057441283&vrn=100100225883172&prver=0&pronetvd=null&region=3&sub_region=3",
  "prver" : "0",
  "isUik" : true,
  "selected" : false,
  "load_on_demand" : false
}, {
  "id" : 4024057441284,
  "text" : "УИК №278",
  "href" : "region/izbirkom?action=show&root=22000032&tvd=4024057441284&vrn=100100225883172&prver=0&pronetvd=null&region=3&sub_region=3",
  "prver" : "0",
  "isUik" : true,
  "selected" : false,
  "load_on_demand" : false
}, {
  "id" : 4024057441285,
  "text" : "УИК №279",
  "href" : "region/izbirkom?action=show&root=22000032&tvd=4024057441285&vrn=100100225883172&prver=0&pronetvd=null&region=3&sub_region=3",
  "prver" : "0",
  "isUik" : true,
  "selected" : false,
  "load_on_demand" : false
}, {
  "id" : 4024057441286,
  "text" : "УИК №280",
  "href" : "region/izbirkom?action=show&root=22000032&tvd=4024057441286&vrn=100100225883172&prver=0&pronetvd=null&region=3&sub_region=3",
  "prver" : "0",
  "isUik" : true,
  "selected" : false,
  "load_on_demand" : false
}, {
  "id" : 4024057441287,
  "text" : "УИК №281",
  "href" : "region/izbirkom?action=show&root=22000032&tvd=4024057441287&vrn=100100225883172&prver=0&pronetvd=null&region=3&sub_region=3",
  "prver" : "0",
  "isUik" : true,
  "selected" : false,
  "load_on_demand" : false
}, {
  "id" : 4024057441288,
  "text" : "УИК №282",
  "href" : "region/izbirkom?action=show&root=22000032&tvd=4024057441288&vrn=100100225883172&prver=0&pronetvd=null&region=3&sub_region=3",
  "prver" : "0",
  "isUik" : true,
  "selected" : false,
  "load_on_demand" : false
}, {
  "id" : 4024057441289,
  "text" : "УИК №283",
  "href" : "region/izbirkom?action=show&root=22000032&tvd=4024057441289&vrn=100100225883172&prver=0&pronetvd=null&region=3&sub_region=3",
  "prver" : "0",
  "isUik" : true,
  "selected" : false,
  "load_on_demand" : false
}, {
  "id" : 4024057441290,
  "text" : "УИК №284",
  "href" : "region/izbirkom?action=show&root=22000032&tvd=4024057441290&vrn=100100225883172&prver=0&pronetvd=null&region=3&sub_region=3",
  "prver" : "0",
  "isUik" : true,
  "selected" : false,
  "load_on_demand" : false
}, {
  "id" : 4024057441291,
  "text" : "УИК №285",
  "href" : "region/izbirkom?action=show&root=22000032&tvd=4024057441291&vrn=100100225883172&prver=0&pronetvd=null&region=3&sub_region=3",
  "prver" : "0",
  "isUik" : true,
  "selected" : false,
  "load_on_demand" : false
}, {
  "id" : 4024057441292,
  "text" : "УИК №286",
  "href" : "region/izbirkom?action=show&root=22000032&tvd=4024057441292&vrn=100100225883172&prver=0&pronetvd=null&region=3&sub_region=3",
  "prver" : "0",
  "isUik" : true,
  "selected" : false,
  "load_on_demand" : false
}, {
  "id" : 4024057441293,
  "text" : "УИК №287",
  "href" : "region/izbirkom?action=show&root=22000032&tvd=4024057441293&vrn=100100225883172&prver=0&pronetvd=null&region=3&sub_region=3",
  "prver" : "0",
  "isUik" : true,
  "selected" : false,
  "load_on_demand" : false
}, {
  "id" : 4024057441294,
  "text" : "УИК №288",
  "href" : "region/izbirkom?action=show&root=22000032&tvd=4024057441294&vrn=100100225883172&prver=0&pronetvd=null&region=3&sub_region=3",
  "prver" : "0",
  "isUik" : true,
  "selected" : false,
  "load_on_demand" : false
}, {
  "id" : 4024057441545,
  "text" : "УИК №289",
  "href" : "region/izbirkom?action=show&root=22000032&tvd=4024057441545&vrn=100100225883172&prver=0&pronetvd=null&region=3&sub_region=3",
  "prver" : "0",
  "isUik" : true,
  "selected" : false,
  "load_on_demand" : false
}, {
  "id" : 4024057441546,
  "text" : "УИК №290",
  "href" : "region/izbirkom?action=show&root=22000032&tvd=4024057441546&vrn=100100225883172&prver=0&pronetvd=null&region=3&sub_region=3",
  "prver" : "0",
  "isUik" : true,
  "selected" : false,
  "load_on_demand" : false
}, {
  "id" : 4024057441547,
  "text" : "УИК №291",
  "href" : "region/izbirkom?action=show&root=22000032&tvd=4024057441547&vrn=100100225883172&prver=0&pronetvd=null&region=3&sub_region=3",
  "prver" : "0",
  "isUik" : true,
  "selected" : false,
  "load_on_demand" : false
}, {
  "id" : 4024057441296,
  "text" : "УИК №3484",
  "href" : "region/izbirkom?action=show&root=22000032&tvd=4024057441296&vrn=100100225883172&prver=0&pronetvd=null&region=3&sub_region=3",
  "prver" : "0",
  "isUik" : true,
  "selected" : false,
  "load_on_demand" : false
}, {
  "id" : 4024057441297,
  "text" : "УИК №3485",
  "href" : "region/izbirkom?action=show&root=22000032&tvd=4024057441297&vrn=100100225883172&prver=0&pronetvd=null&region=3&sub_region=3",
  "prver" : "0",
  "isUik" : true,
  "selected" : false,
  "load_on_demand" : false
}, {
  "id" : 4024057441298,
  "text" : "УИК №3537",
  "href" : "region/izbirkom?action=show&root=22000032&tvd=4024057441298&vrn=100100225883172&prver=0&pronetvd=null&region=3&sub_region=3",
  "prver" : "0",
  "isUik" : true,
  "selected" : false,
  "load_on_demand" : false
}, {
  "id" : 4024057441299,
  "text" : "УИК №3538",
  "href" : "region/izbirkom?action=show&root=22000032&tvd=4024057441299&vrn=100100225883172&prver=0&pronetvd=null&region=3&sub_region=3",
  "prver" : "0",
  "isUik" : true,
  "selected" : false,
  "load_on_demand" : false
} ]