[ {
  "id" : 4024030339903,
  "text" : "УИК №2187",
  "href" : "region/izbirkom?action=show&root=22000043&tvd=4024030339903&vrn=100100225883172&prver=0&pronetvd=null&region=3&sub_region=3",
  "prver" : "0",
  "isUik" : true,
  "selected" : false,
  "load_on_demand" : false
}, {
  "id" : 4024030339904,
  "text" : "УИК №2188",
  "href" : "region/izbirkom?action=show&root=22000043&tvd=4024030339904&vrn=100100225883172&prver=0&pronetvd=null&region=3&sub_region=3",
  "prver" : "0",
  "isUik" : true,
  "selected" : false,
  "load_on_demand" : false
}, {
  "id" : 4024030339905,
  "text" : "УИК №2189",
  "href" : "region/izbirkom?action=show&root=22000043&tvd=4024030339905&vrn=100100225883172&prver=0&pronetvd=null&region=3&sub_region=3",
  "prver" : "0",
  "isUik" : true,
  "selected" : false,
  "load_on_demand" : false
}, {
  "id" : 4024030339906,
  "text" : "УИК №2190",
  "href" : "region/izbirkom?action=show&root=22000043&tvd=4024030339906&vrn=100100225883172&prver=0&pronetvd=null&region=3&sub_region=3",
  "prver" : "0",
  "isUik" : true,
  "selected" : false,
  "load_on_demand" : false
}, {
  "id" : 4024030339907,
  "text" : "УИК №2191",
  "href" : "region/izbirkom?action=show&root=22000043&tvd=4024030339907&vrn=100100225883172&prver=0&pronetvd=null&region=3&sub_region=3",
  "prver" : "0",
  "isUik" : true,
  "selected" : false,
  "load_on_demand" : false
}, {
  "id" : 4024030339908,
  "text" : "УИК №2192",
  "href" : "region/izbirkom?action=show&root=22000043&tvd=4024030339908&vrn=100100225883172&prver=0&pronetvd=null&region=3&sub_region=3",
  "prver" : "0",
  "isUik" : true,
  "selected" : false,
  "load_on_demand" : false
}, {
  "id" : 4024030339909,
  "text" : "УИК №2193",
  "href" : "region/izbirkom?action=show&root=22000043&tvd=4024030339909&vrn=100100225883172&prver=0&pronetvd=null&region=3&sub_region=3",
  "prver" : "0",
  "isUik" : true,
  "selected" : false,
  "load_on_demand" : false
}, {
  "id" : 4024030339910,
  "text" : "УИК №2194",
  "href" : "region/izbirkom?action=show&root=22000043&tvd=4024030339910&vrn=100100225883172&prver=0&pronetvd=null&region=3&sub_region=3",
  "prver" : "0",
  "isUik" : true,
  "selected" : false,
  "load_on_demand" : false
}, {
  "id" : 4024030339911,
  "text" : "УИК №2195",
  "href" : "region/izbirkom?action=show&root=22000043&tvd=4024030339911&vrn=100100225883172&prver=0&pronetvd=null&region=3&sub_region=3",
  "prver" : "0",
  "isUik" : true,
  "selected" : false,
  "load_on_demand" : false
}, {
  "id" : 4024030339912,
  "text" : "УИК №2196",
  "href" : "region/izbirkom?action=show&root=22000043&tvd=4024030339912&vrn=100100225883172&prver=0&pronetvd=null&region=3&sub_region=3",
  "prver" : "0",
  "isUik" : true,
  "selected" : false,
  "load_on_demand" : false
}, {
  "id" : 4024030339913,
  "text" : "УИК №2197",
  "href" : "region/izbirkom?action=show&root=22000043&tvd=4024030339913&vrn=100100225883172&prver=0&pronetvd=null&region=3&sub_region=3",
  "prver" : "0",
  "isUik" : true,
  "selected" : false,
  "load_on_demand" : false
}, {
  "id" : 4024030339914,
  "text" : "УИК №2198",
  "href" : "region/izbirkom?action=show&root=22000043&tvd=4024030339914&vrn=100100225883172&prver=0&pronetvd=null&region=3&sub_region=3",
  "prver" : "0",
  "isUik" : true,
  "selected" : false,
  "load_on_demand" : false
}, {
  "id" : 4024030339915,
  "text" : "УИК №2199",
  "href" : "region/izbirkom?action=show&root=22000043&tvd=4024030339915&vrn=100100225883172&prver=0&pronetvd=null&region=3&sub_region=3",
  "prver" : "0",
  "isUik" : true,
  "selected" : false,
  "load_on_demand" : false
}, {
  "id" : 4024030339916,
  "text" : "УИК №2200",
  "href" : "region/izbirkom?action=show&root=22000043&tvd=4024030339916&vrn=100100225883172&prver=0&pronetvd=null&region=3&sub_region=3",
  "prver" : "0",
  "isUik" : true,
  "selected" : false,
  "load_on_demand" : false
}, {
  "id" : 4024030339917,
  "text" : "УИК №2201",
  "href" : "region/izbirkom?action=show&root=22000043&tvd=4024030339917&vrn=100100225883172&prver=0&pronetvd=null&region=3&sub_region=3",
  "prver" : "0",
  "isUik" : true,
  "selected" : false,
  "load_on_demand" : false
}, {
  "id" : 4024030339918,
  "text" : "УИК №2202",
  "href" : "region/izbirkom?action=show&root=22000043&tvd=4024030339918&vrn=100100225883172&prver=0&pronetvd=null&region=3&sub_region=3",
  "prver" : "0",
  "isUik" : true,
  "selected" : false,
  "load_on_demand" : false
}, {
  "id" : 4024030339919,
  "text" : "УИК №2203",
  "href" : "region/izbirkom?action=show&root=22000043&tvd=4024030339919&vrn=100100225883172&prver=0&pronetvd=null&region=3&sub_region=3",
  "prver" : "0",
  "isUik" : true,
  "selected" : false,
  "load_on_demand" : false
}, {
  "id" : 4024030339920,
  "text" : "УИК №2204",
  "href" : "region/izbirkom?action=show&root=22000043&tvd=4024030339920&vrn=100100225883172&prver=0&pronetvd=null&region=3&sub_region=3",
  "prver" : "0",
  "isUik" : true,
  "selected" : false,
  "load_on_demand" : false
}, {
  "id" : 4024030339921,
  "text" : "УИК №2205",
  "href" : "region/izbirkom?action=show&root=22000043&tvd=4024030339921&vrn=100100225883172&prver=0&pronetvd=null&region=3&sub_region=3",
  "prver" : "0",
  "isUik" : true,
  "selected" : false,
  "load_on_demand" : false
}, {
  "id" : 4024030339922,
  "text" : "УИК №2206",
  "href" : "region/izbirkom?action=show&root=22000043&tvd=4024030339922&vrn=100100225883172&prver=0&pronetvd=null&region=3&sub_region=3",
  "prver" : "0",
  "isUik" : true,
  "selected" : false,
  "load_on_demand" : false
}, {
  "id" : 4024030339923,
  "text" : "УИК №2207",
  "href" : "region/izbirkom?action=show&root=22000043&tvd=4024030339923&vrn=100100225883172&prver=0&pronetvd=null&region=3&sub_region=3",
  "prver" : "0",
  "isUik" : true,
  "selected" : false,
  "load_on_demand" : false
}, {
  "id" : 4024030339924,
  "text" : "УИК №2208",
  "href" : "region/izbirkom?action=show&root=22000043&tvd=4024030339924&vrn=100100225883172&prver=0&pronetvd=null&region=3&sub_region=3",
  "prver" : "0",
  "isUik" : true,
  "selected" : false,
  "load_on_demand" : false
}, {
  "id" : 4024030339925,
  "text" : "УИК №2209",
  "href" : "region/izbirkom?action=show&root=22000043&tvd=4024030339925&vrn=100100225883172&prver=0&pronetvd=null&region=3&sub_region=3",
  "prver" : "0",
  "isUik" : true,
  "selected" : false,
  "load_on_demand" : false
}, {
  "id" : 4024030339926,
  "text" : "УИК №2210",
  "href" : "region/izbirkom?action=show&root=22000043&tvd=4024030339926&vrn=100100225883172&prver=0&pronetvd=null&region=3&sub_region=3",
  "prver" : "0",
  "isUik" : true,
  "selected" : false,
  "load_on_demand" : false
}, {
  "id" : 4024030339927,
  "text" : "УИК №2211",
  "href" : "region/izbirkom?action=show&root=22000043&tvd=4024030339927&vrn=100100225883172&prver=0&pronetvd=null&region=3&sub_region=3",
  "prver" : "0",
  "isUik" : true,
  "selected" : false,
  "load_on_demand" : false
}, {
  "id" : 4024030339928,
  "text" : "УИК №2212",
  "href" : "region/izbirkom?action=show&root=22000043&tvd=4024030339928&vrn=100100225883172&prver=0&pronetvd=null&region=3&sub_region=3",
  "prver" : "0",
  "isUik" : true,
  "selected" : false,
  "load_on_demand" : false
}, {
  "id" : 4024030339929,
  "text" : "УИК №2213",
  "href" : "region/izbirkom?action=show&root=22000043&tvd=4024030339929&vrn=100100225883172&prver=0&pronetvd=null&region=3&sub_region=3",
  "prver" : "0",
  "isUik" : true,
  "selected" : false,
  "load_on_demand" : false
}, {
  "id" : 4024030339930,
  "text" : "УИК №2214",
  "href" : "region/izbirkom?action=show&root=22000043&tvd=4024030339930&vrn=100100225883172&prver=0&pronetvd=null&region=3&sub_region=3",
  "prver" : "0",
  "isUik" : true,
  "selected" : false,
  "load_on_demand" : false
}, {
  "id" : 4024030339931,
  "text" : "УИК №2215",
  "href" : "region/izbirkom?action=show&root=22000043&tvd=4024030339931&vrn=100100225883172&prver=0&pronetvd=null&region=3&sub_region=3",
  "prver" : "0",
  "isUik" : true,
  "selected" : false,
  "load_on_demand" : false
}, {
  "id" : 4024030339932,
  "text" : "УИК №2216",
  "href" : "region/izbirkom?action=show&root=22000043&tvd=4024030339932&vrn=100100225883172&prver=0&pronetvd=null&region=3&sub_region=3",
  "prver" : "0",
  "isUik" : true,
  "selected" : false,
  "load_on_demand" : false
}, {
  "id" : 4024030339933,
  "text" : "УИК №2217",
  "href" : "region/izbirkom?action=show&root=22000043&tvd=4024030339933&vrn=100100225883172&prver=0&pronetvd=null&region=3&sub_region=3",
  "prver" : "0",
  "isUik" : true,
  "selected" : false,
  "load_on_demand" : false
}, {
  "id" : 4024030339934,
  "text" : "УИК №2218",
  "href" : "region/izbirkom?action=show&root=22000043&tvd=4024030339934&vrn=100100225883172&prver=0&pronetvd=null&region=3&sub_region=3",
  "prver" : "0",
  "isUik" : true,
  "selected" : false,
  "load_on_demand" : false
}, {
  "id" : 4024030339935,
  "text" : "УИК №2219",
  "href" : "region/izbirkom?action=show&root=22000043&tvd=4024030339935&vrn=100100225883172&prver=0&pronetvd=null&region=3&sub_region=3",
  "prver" : "0",
  "isUik" : true,
  "selected" : false,
  "load_on_demand" : false
}, {
  "id" : 4024030339936,
  "text" : "УИК №2220",
  "href" : "region/izbirkom?action=show&root=22000043&tvd=4024030339936&vrn=100100225883172&prver=0&pronetvd=null&region=3&sub_region=3",
  "prver" : "0",
  "isUik" : true,
  "selected" : false,
  "load_on_demand" : false
}, {
  "id" : 4024030339937,
  "text" : "УИК №2221",
  "href" : "region/izbirkom?action=show&root=22000043&tvd=4024030339937&vrn=100100225883172&prver=0&pronetvd=null&region=3&sub_region=3",
  "prver" : "0",
  "isUik" : true,
  "selected" : false,
  "load_on_demand" : false
} ]