[ {
  "id" : 4024015318221,
  "text" : "УИК №1445",
  "href" : "region/izbirkom?action=show&root=22000010&tvd=4024015318221&vrn=100100225883172&prver=0&pronetvd=null&region=3&sub_region=3",
  "prver" : "0",
  "isUik" : true,
  "selected" : false,
  "load_on_demand" : false
}, {
  "id" : 4024015318222,
  "text" : "УИК №1446",
  "href" : "region/izbirkom?action=show&root=22000010&tvd=4024015318222&vrn=100100225883172&prver=0&pronetvd=null&region=3&sub_region=3",
  "prver" : "0",
  "isUik" : true,
  "selected" : false,
  "load_on_demand" : false
}, {
  "id" : 4024015318223,
  "text" : "УИК №1447",
  "href" : "region/izbirkom?action=show&root=22000010&tvd=4024015318223&vrn=100100225883172&prver=0&pronetvd=null&region=3&sub_region=3",
  "prver" : "0",
  "isUik" : true,
  "selected" : false,
  "load_on_demand" : false
}, {
  "id" : 4024015318224,
  "text" : "УИК №1448",
  "href" : "region/izbirkom?action=show&root=22000010&tvd=4024015318224&vrn=100100225883172&prver=0&pronetvd=null&region=3&sub_region=3",
  "prver" : "0",
  "isUik" : true,
  "selected" : false,
  "load_on_demand" : false
}, {
  "id" : 4024015318225,
  "text" : "УИК №1449",
  "href" : "region/izbirkom?action=show&root=22000010&tvd=4024015318225&vrn=100100225883172&prver=0&pronetvd=null&region=3&sub_region=3",
  "prver" : "0",
  "isUik" : true,
  "selected" : false,
  "load_on_demand" : false
}, {
  "id" : 4024015318226,
  "text" : "УИК №1450",
  "href" : "region/izbirkom?action=show&root=22000010&tvd=4024015318226&vrn=100100225883172&prver=0&pronetvd=null&region=3&sub_region=3",
  "prver" : "0",
  "isUik" : true,
  "selected" : false,
  "load_on_demand" : false
}, {
  "id" : 4024015318227,
  "text" : "УИК №1452",
  "href" : "region/izbirkom?action=show&root=22000010&tvd=4024015318227&vrn=100100225883172&prver=0&pronetvd=null&region=3&sub_region=3",
  "prver" : "0",
  "isUik" : true,
  "selected" : false,
  "load_on_demand" : false
}, {
  "id" : 4024015318228,
  "text" : "УИК №1453",
  "href" : "region/izbirkom?action=show&root=22000010&tvd=4024015318228&vrn=100100225883172&prver=0&pronetvd=null&region=3&sub_region=3",
  "prver" : "0",
  "isUik" : true,
  "selected" : false,
  "load_on_demand" : false
}, {
  "id" : 4024015318229,
  "text" : "УИК №1454",
  "href" : "region/izbirkom?action=show&root=22000010&tvd=4024015318229&vrn=100100225883172&prver=0&pronetvd=null&region=3&sub_region=3",
  "prver" : "0",
  "isUik" : true,
  "selected" : false,
  "load_on_demand" : false
}, {
  "id" : 4024015318230,
  "text" : "УИК №1455",
  "href" : "region/izbirkom?action=show&root=22000010&tvd=4024015318230&vrn=100100225883172&prver=0&pronetvd=null&region=3&sub_region=3",
  "prver" : "0",
  "isUik" : true,
  "selected" : false,
  "load_on_demand" : false
}, {
  "id" : 4024015318231,
  "text" : "УИК №1456",
  "href" : "region/izbirkom?action=show&root=22000010&tvd=4024015318231&vrn=100100225883172&prver=0&pronetvd=null&region=3&sub_region=3",
  "prver" : "0",
  "isUik" : true,
  "selected" : false,
  "load_on_demand" : false
}, {
  "id" : 4024015318232,
  "text" : "УИК №1457",
  "href" : "region/izbirkom?action=show&root=22000010&tvd=4024015318232&vrn=100100225883172&prver=0&pronetvd=null&region=3&sub_region=3",
  "prver" : "0",
  "isUik" : true,
  "selected" : false,
  "load_on_demand" : false
}, {
  "id" : 4024015318233,
  "text" : "УИК №1458",
  "href" : "region/izbirkom?action=show&root=22000010&tvd=4024015318233&vrn=100100225883172&prver=0&pronetvd=null&region=3&sub_region=3",
  "prver" : "0",
  "isUik" : true,
  "selected" : false,
  "load_on_demand" : false
}, {
  "id" : 4024015318234,
  "text" : "УИК №1459",
  "href" : "region/izbirkom?action=show&root=22000010&tvd=4024015318234&vrn=100100225883172&prver=0&pronetvd=null&region=3&sub_region=3",
  "prver" : "0",
  "isUik" : true,
  "selected" : false,
  "load_on_demand" : false
}, {
  "id" : 4024015318235,
  "text" : "УИК №1460",
  "href" : "region/izbirkom?action=show&root=22000010&tvd=4024015318235&vrn=100100225883172&prver=0&pronetvd=null&region=3&sub_region=3",
  "prver" : "0",
  "isUik" : true,
  "selected" : false,
  "load_on_demand" : false
}, {
  "id" : 4024015318236,
  "text" : "УИК №1461",
  "href" : "region/izbirkom?action=show&root=22000010&tvd=4024015318236&vrn=100100225883172&prver=0&pronetvd=null&region=3&sub_region=3",
  "prver" : "0",
  "isUik" : true,
  "selected" : false,
  "load_on_demand" : false
}, {
  "id" : 4024015318237,
  "text" : "УИК №1462",
  "href" : "region/izbirkom?action=show&root=22000010&tvd=4024015318237&vrn=100100225883172&prver=0&pronetvd=null&region=3&sub_region=3",
  "prver" : "0",
  "isUik" : true,
  "selected" : false,
  "load_on_demand" : false
}, {
  "id" : 4024015318238,
  "text" : "УИК №1463",
  "href" : "region/izbirkom?action=show&root=22000010&tvd=4024015318238&vrn=100100225883172&prver=0&pronetvd=null&region=3&sub_region=3",
  "prver" : "0",
  "isUik" : true,
  "selected" : false,
  "load_on_demand" : false
}, {
  "id" : 4024015318239,
  "text" : "УИК №1464",
  "href" : "region/izbirkom?action=show&root=22000010&tvd=4024015318239&vrn=100100225883172&prver=0&pronetvd=null&region=3&sub_region=3",
  "prver" : "0",
  "isUik" : true,
  "selected" : false,
  "load_on_demand" : false
}, {
  "id" : 4024015318240,
  "text" : "УИК №1465",
  "href" : "region/izbirkom?action=show&root=22000010&tvd=4024015318240&vrn=100100225883172&prver=0&pronetvd=null&region=3&sub_region=3",
  "prver" : "0",
  "isUik" : true,
  "selected" : false,
  "load_on_demand" : false
}, {
  "id" : 4024015318241,
  "text" : "УИК №1467",
  "href" : "region/izbirkom?action=show&root=22000010&tvd=4024015318241&vrn=100100225883172&prver=0&pronetvd=null&region=3&sub_region=3",
  "prver" : "0",
  "isUik" : true,
  "selected" : false,
  "load_on_demand" : false
}, {
  "id" : 4024015318242,
  "text" : "УИК №1468",
  "href" : "region/izbirkom?action=show&root=22000010&tvd=4024015318242&vrn=100100225883172&prver=0&pronetvd=null&region=3&sub_region=3",
  "prver" : "0",
  "isUik" : true,
  "selected" : false,
  "load_on_demand" : false
}, {
  "id" : 4024015318243,
  "text" : "УИК №1469",
  "href" : "region/izbirkom?action=show&root=22000010&tvd=4024015318243&vrn=100100225883172&prver=0&pronetvd=null&region=3&sub_region=3",
  "prver" : "0",
  "isUik" : true,
  "selected" : false,
  "load_on_demand" : false
}, {
  "id" : 4024015318244,
  "text" : "УИК №1470",
  "href" : "region/izbirkom?action=show&root=22000010&tvd=4024015318244&vrn=100100225883172&prver=0&pronetvd=null&region=3&sub_region=3",
  "prver" : "0",
  "isUik" : true,
  "selected" : false,
  "load_on_demand" : false
}, {
  "id" : 4024015318245,
  "text" : "УИК №1471",
  "href" : "region/izbirkom?action=show&root=22000010&tvd=4024015318245&vrn=100100225883172&prver=0&pronetvd=null&region=3&sub_region=3",
  "prver" : "0",
  "isUik" : true,
  "selected" : false,
  "load_on_demand" : false
}, {
  "id" : 4024015318246,
  "text" : "УИК №1472",
  "href" : "region/izbirkom?action=show&root=22000010&tvd=4024015318246&vrn=100100225883172&prver=0&pronetvd=null&region=3&sub_region=3",
  "prver" : "0",
  "isUik" : true,
  "selected" : false,
  "load_on_demand" : false
}, {
  "id" : 4024015318247,
  "text" : "УИК №1473",
  "href" : "region/izbirkom?action=show&root=22000010&tvd=4024015318247&vrn=100100225883172&prver=0&pronetvd=null&region=3&sub_region=3",
  "prver" : "0",
  "isUik" : true,
  "selected" : false,
  "load_on_demand" : false
}, {
  "id" : 4024015318248,
  "text" : "УИК №1474",
  "href" : "region/izbirkom?action=show&root=22000010&tvd=4024015318248&vrn=100100225883172&prver=0&pronetvd=null&region=3&sub_region=3",
  "prver" : "0",
  "isUik" : true,
  "selected" : false,
  "load_on_demand" : false
}, {
  "id" : 4024015318249,
  "text" : "УИК №1475",
  "href" : "region/izbirkom?action=show&root=22000010&tvd=4024015318249&vrn=100100225883172&prver=0&pronetvd=null&region=3&sub_region=3",
  "prver" : "0",
  "isUik" : true,
  "selected" : false,
  "load_on_demand" : false
}, {
  "id" : 4024015318250,
  "text" : "УИК №1476",
  "href" : "region/izbirkom?action=show&root=22000010&tvd=4024015318250&vrn=100100225883172&prver=0&pronetvd=null&region=3&sub_region=3",
  "prver" : "0",
  "isUik" : true,
  "selected" : false,
  "load_on_demand" : false
}, {
  "id" : 4024015318251,
  "text" : "УИК №1477",
  "href" : "region/izbirkom?action=show&root=22000010&tvd=4024015318251&vrn=100100225883172&prver=0&pronetvd=null&region=3&sub_region=3",
  "prver" : "0",
  "isUik" : true,
  "selected" : false,
  "load_on_demand" : false
}, {
  "id" : 4024015318252,
  "text" : "УИК №1478",
  "href" : "region/izbirkom?action=show&root=22000010&tvd=4024015318252&vrn=100100225883172&prver=0&pronetvd=null&region=3&sub_region=3",
  "prver" : "0",
  "isUik" : true,
  "selected" : false,
  "load_on_demand" : false
} ]