[ {
  "id" : 4024018317038,
  "text" : "УИК №1575",
  "href" : "region/izbirkom?action=show&root=22000023&tvd=4024018317038&vrn=100100225883172&prver=0&pronetvd=null&region=3&sub_region=3",
  "prver" : "0",
  "isUik" : true,
  "selected" : false,
  "load_on_demand" : false
}, {
  "id" : 4024018317039,
  "text" : "УИК №1576",
  "href" : "region/izbirkom?action=show&root=22000023&tvd=4024018317039&vrn=100100225883172&prver=0&pronetvd=null&region=3&sub_region=3",
  "prver" : "0",
  "isUik" : true,
  "selected" : false,
  "load_on_demand" : false
}, {
  "id" : 4024018317040,
  "text" : "УИК №1577",
  "href" : "region/izbirkom?action=show&root=22000023&tvd=4024018317040&vrn=100100225883172&prver=0&pronetvd=null&region=3&sub_region=3",
  "prver" : "0",
  "isUik" : true,
  "selected" : false,
  "load_on_demand" : false
}, {
  "id" : 4024018317041,
  "text" : "УИК №1578",
  "href" : "region/izbirkom?action=show&root=22000023&tvd=4024018317041&vrn=100100225883172&prver=0&pronetvd=null&region=3&sub_region=3",
  "prver" : "0",
  "isUik" : true,
  "selected" : false,
  "load_on_demand" : false
}, {
  "id" : 4024018317042,
  "text" : "УИК №1579",
  "href" : "region/izbirkom?action=show&root=22000023&tvd=4024018317042&vrn=100100225883172&prver=0&pronetvd=null&region=3&sub_region=3",
  "prver" : "0",
  "isUik" : true,
  "selected" : false,
  "load_on_demand" : false
}, {
  "id" : 4024018317043,
  "text" : "УИК №1580",
  "href" : "region/izbirkom?action=show&root=22000023&tvd=4024018317043&vrn=100100225883172&prver=0&pronetvd=null&region=3&sub_region=3",
  "prver" : "0",
  "isUik" : true,
  "selected" : false,
  "load_on_demand" : false
}, {
  "id" : 4024018317044,
  "text" : "УИК №1581",
  "href" : "region/izbirkom?action=show&root=22000023&tvd=4024018317044&vrn=100100225883172&prver=0&pronetvd=null&region=3&sub_region=3",
  "prver" : "0",
  "isUik" : true,
  "selected" : false,
  "load_on_demand" : false
}, {
  "id" : 4024018317045,
  "text" : "УИК №1582",
  "href" : "region/izbirkom?action=show&root=22000023&tvd=4024018317045&vrn=100100225883172&prver=0&pronetvd=null&region=3&sub_region=3",
  "prver" : "0",
  "isUik" : true,
  "selected" : false,
  "load_on_demand" : false
}, {
  "id" : 4024018317046,
  "text" : "УИК №1583",
  "href" : "region/izbirkom?action=show&root=22000023&tvd=4024018317046&vrn=100100225883172&prver=0&pronetvd=null&region=3&sub_region=3",
  "prver" : "0",
  "isUik" : true,
  "selected" : false,
  "load_on_demand" : false
}, {
  "id" : 4024018317047,
  "text" : "УИК №1584",
  "href" : "region/izbirkom?action=show&root=22000023&tvd=4024018317047&vrn=100100225883172&prver=0&pronetvd=null&region=3&sub_region=3",
  "prver" : "0",
  "isUik" : true,
  "selected" : false,
  "load_on_demand" : false
}, {
  "id" : 4024018317048,
  "text" : "УИК №1585",
  "href" : "region/izbirkom?action=show&root=22000023&tvd=4024018317048&vrn=100100225883172&prver=0&pronetvd=null&region=3&sub_region=3",
  "prver" : "0",
  "isUik" : true,
  "selected" : false,
  "load_on_demand" : false
}, {
  "id" : 4024018317049,
  "text" : "УИК №1586",
  "href" : "region/izbirkom?action=show&root=22000023&tvd=4024018317049&vrn=100100225883172&prver=0&pronetvd=null&region=3&sub_region=3",
  "prver" : "0",
  "isUik" : true,
  "selected" : false,
  "load_on_demand" : false
}, {
  "id" : 4024018317050,
  "text" : "УИК №1587",
  "href" : "region/izbirkom?action=show&root=22000023&tvd=4024018317050&vrn=100100225883172&prver=0&pronetvd=null&region=3&sub_region=3",
  "prver" : "0",
  "isUik" : true,
  "selected" : false,
  "load_on_demand" : false
}, {
  "id" : 4024018317051,
  "text" : "УИК №1588",
  "href" : "region/izbirkom?action=show&root=22000023&tvd=4024018317051&vrn=100100225883172&prver=0&pronetvd=null&region=3&sub_region=3",
  "prver" : "0",
  "isUik" : true,
  "selected" : false,
  "load_on_demand" : false
}, {
  "id" : 4024018317052,
  "text" : "УИК №1589",
  "href" : "region/izbirkom?action=show&root=22000023&tvd=4024018317052&vrn=100100225883172&prver=0&pronetvd=null&region=3&sub_region=3",
  "prver" : "0",
  "isUik" : true,
  "selected" : false,
  "load_on_demand" : false
}, {
  "id" : 4024018317053,
  "text" : "УИК №1590",
  "href" : "region/izbirkom?action=show&root=22000023&tvd=4024018317053&vrn=100100225883172&prver=0&pronetvd=null&region=3&sub_region=3",
  "prver" : "0",
  "isUik" : true,
  "selected" : false,
  "load_on_demand" : false
}, {
  "id" : 4024018317054,
  "text" : "УИК №1591",
  "href" : "region/izbirkom?action=show&root=22000023&tvd=4024018317054&vrn=100100225883172&prver=0&pronetvd=null&region=3&sub_region=3",
  "prver" : "0",
  "isUik" : true,
  "selected" : false,
  "load_on_demand" : false
}, {
  "id" : 4024018317055,
  "text" : "УИК №1592",
  "href" : "region/izbirkom?action=show&root=22000023&tvd=4024018317055&vrn=100100225883172&prver=0&pronetvd=null&region=3&sub_region=3",
  "prver" : "0",
  "isUik" : true,
  "selected" : false,
  "load_on_demand" : false
}, {
  "id" : 4024018317056,
  "text" : "УИК №1593",
  "href" : "region/izbirkom?action=show&root=22000023&tvd=4024018317056&vrn=100100225883172&prver=0&pronetvd=null&region=3&sub_region=3",
  "prver" : "0",
  "isUik" : true,
  "selected" : false,
  "load_on_demand" : false
}, {
  "id" : 4024018317057,
  "text" : "УИК №1594",
  "href" : "region/izbirkom?action=show&root=22000023&tvd=4024018317057&vrn=100100225883172&prver=0&pronetvd=null&region=3&sub_region=3",
  "prver" : "0",
  "isUik" : true,
  "selected" : false,
  "load_on_demand" : false
}, {
  "id" : 4024018317058,
  "text" : "УИК №1595",
  "href" : "region/izbirkom?action=show&root=22000023&tvd=4024018317058&vrn=100100225883172&prver=0&pronetvd=null&region=3&sub_region=3",
  "prver" : "0",
  "isUik" : true,
  "selected" : false,
  "load_on_demand" : false
}, {
  "id" : 4024018317059,
  "text" : "УИК №1596",
  "href" : "region/izbirkom?action=show&root=22000023&tvd=4024018317059&vrn=100100225883172&prver=0&pronetvd=null&region=3&sub_region=3",
  "prver" : "0",
  "isUik" : true,
  "selected" : false,
  "load_on_demand" : false
}, {
  "id" : 4024018317060,
  "text" : "УИК №1597",
  "href" : "region/izbirkom?action=show&root=22000023&tvd=4024018317060&vrn=100100225883172&prver=0&pronetvd=null&region=3&sub_region=3",
  "prver" : "0",
  "isUik" : true,
  "selected" : false,
  "load_on_demand" : false
}, {
  "id" : 4024018317061,
  "text" : "УИК №1598",
  "href" : "region/izbirkom?action=show&root=22000023&tvd=4024018317061&vrn=100100225883172&prver=0&pronetvd=null&region=3&sub_region=3",
  "prver" : "0",
  "isUik" : true,
  "selected" : false,
  "load_on_demand" : false
}, {
  "id" : 4024018317062,
  "text" : "УИК №1599",
  "href" : "region/izbirkom?action=show&root=22000023&tvd=4024018317062&vrn=100100225883172&prver=0&pronetvd=null&region=3&sub_region=3",
  "prver" : "0",
  "isUik" : true,
  "selected" : false,
  "load_on_demand" : false
}, {
  "id" : 4024018317063,
  "text" : "УИК №1600",
  "href" : "region/izbirkom?action=show&root=22000023&tvd=4024018317063&vrn=100100225883172&prver=0&pronetvd=null&region=3&sub_region=3",
  "prver" : "0",
  "isUik" : true,
  "selected" : false,
  "load_on_demand" : false
}, {
  "id" : 4024018317064,
  "text" : "УИК №1601",
  "href" : "region/izbirkom?action=show&root=22000023&tvd=4024018317064&vrn=100100225883172&prver=0&pronetvd=null&region=3&sub_region=3",
  "prver" : "0",
  "isUik" : true,
  "selected" : false,
  "load_on_demand" : false
}, {
  "id" : 4024018317065,
  "text" : "УИК №1602",
  "href" : "region/izbirkom?action=show&root=22000023&tvd=4024018317065&vrn=100100225883172&prver=0&pronetvd=null&region=3&sub_region=3",
  "prver" : "0",
  "isUik" : true,
  "selected" : false,
  "load_on_demand" : false
}, {
  "id" : 4024018317066,
  "text" : "УИК №1603",
  "href" : "region/izbirkom?action=show&root=22000023&tvd=4024018317066&vrn=100100225883172&prver=0&pronetvd=null&region=3&sub_region=3",
  "prver" : "0",
  "isUik" : true,
  "selected" : false,
  "load_on_demand" : false
}, {
  "id" : 4024018317067,
  "text" : "УИК №1604",
  "href" : "region/izbirkom?action=show&root=22000023&tvd=4024018317067&vrn=100100225883172&prver=0&pronetvd=null&region=3&sub_region=3",
  "prver" : "0",
  "isUik" : true,
  "selected" : false,
  "load_on_demand" : false
}, {
  "id" : 4024018317068,
  "text" : "УИК №1605",
  "href" : "region/izbirkom?action=show&root=22000023&tvd=4024018317068&vrn=100100225883172&prver=0&pronetvd=null&region=3&sub_region=3",
  "prver" : "0",
  "isUik" : true,
  "selected" : false,
  "load_on_demand" : false
}, {
  "id" : 4024018317069,
  "text" : "УИК №1606",
  "href" : "region/izbirkom?action=show&root=22000023&tvd=4024018317069&vrn=100100225883172&prver=0&pronetvd=null&region=3&sub_region=3",
  "prver" : "0",
  "isUik" : true,
  "selected" : false,
  "load_on_demand" : false
}, {
  "id" : 4024018317070,
  "text" : "УИК №1607",
  "href" : "region/izbirkom?action=show&root=22000023&tvd=4024018317070&vrn=100100225883172&prver=0&pronetvd=null&region=3&sub_region=3",
  "prver" : "0",
  "isUik" : true,
  "selected" : false,
  "load_on_demand" : false
}, {
  "id" : 4024018317071,
  "text" : "УИК №1608",
  "href" : "region/izbirkom?action=show&root=22000023&tvd=4024018317071&vrn=100100225883172&prver=0&pronetvd=null&region=3&sub_region=3",
  "prver" : "0",
  "isUik" : true,
  "selected" : false,
  "load_on_demand" : false
}, {
  "id" : 4024018317072,
  "text" : "УИК №1609",
  "href" : "region/izbirkom?action=show&root=22000023&tvd=4024018317072&vrn=100100225883172&prver=0&pronetvd=null&region=3&sub_region=3",
  "prver" : "0",
  "isUik" : true,
  "selected" : false,
  "load_on_demand" : false
}, {
  "id" : 4024018317073,
  "text" : "УИК №1610",
  "href" : "region/izbirkom?action=show&root=22000023&tvd=4024018317073&vrn=100100225883172&prver=0&pronetvd=null&region=3&sub_region=3",
  "prver" : "0",
  "isUik" : true,
  "selected" : false,
  "load_on_demand" : false
}, {
  "id" : 4024018317074,
  "text" : "УИК №1611",
  "href" : "region/izbirkom?action=show&root=22000023&tvd=4024018317074&vrn=100100225883172&prver=0&pronetvd=null&region=3&sub_region=3",
  "prver" : "0",
  "isUik" : true,
  "selected" : false,
  "load_on_demand" : false
}, {
  "id" : 4024018317075,
  "text" : "УИК №1612",
  "href" : "region/izbirkom?action=show&root=22000023&tvd=4024018317075&vrn=100100225883172&prver=0&pronetvd=null&region=3&sub_region=3",
  "prver" : "0",
  "isUik" : true,
  "selected" : false,
  "load_on_demand" : false
}, {
  "id" : 4024018317076,
  "text" : "УИК №1614",
  "href" : "region/izbirkom?action=show&root=22000023&tvd=4024018317076&vrn=100100225883172&prver=0&pronetvd=null&region=3&sub_region=3",
  "prver" : "0",
  "isUik" : true,
  "selected" : false,
  "load_on_demand" : false
}, {
  "id" : 4024018317077,
  "text" : "УИК №1615",
  "href" : "region/izbirkom?action=show&root=22000023&tvd=4024018317077&vrn=100100225883172&prver=0&pronetvd=null&region=3&sub_region=3",
  "prver" : "0",
  "isUik" : true,
  "selected" : false,
  "load_on_demand" : false
}, {
  "id" : 4024018317078,
  "text" : "УИК №1616",
  "href" : "region/izbirkom?action=show&root=22000023&tvd=4024018317078&vrn=100100225883172&prver=0&pronetvd=null&region=3&sub_region=3",
  "prver" : "0",
  "isUik" : true,
  "selected" : false,
  "load_on_demand" : false
}, {
  "id" : 4024018317079,
  "text" : "УИК №1617",
  "href" : "region/izbirkom?action=show&root=22000023&tvd=4024018317079&vrn=100100225883172&prver=0&pronetvd=null&region=3&sub_region=3",
  "prver" : "0",
  "isUik" : true,
  "selected" : false,
  "load_on_demand" : false
}, {
  "id" : 4024018317080,
  "text" : "УИК №1618",
  "href" : "region/izbirkom?action=show&root=22000023&tvd=4024018317080&vrn=100100225883172&prver=0&pronetvd=null&region=3&sub_region=3",
  "prver" : "0",
  "isUik" : true,
  "selected" : false,
  "load_on_demand" : false
}, {
  "id" : 4024018317081,
  "text" : "УИК №1620",
  "href" : "region/izbirkom?action=show&root=22000023&tvd=4024018317081&vrn=100100225883172&prver=0&pronetvd=null&region=3&sub_region=3",
  "prver" : "0",
  "isUik" : true,
  "selected" : false,
  "load_on_demand" : false
}, {
  "id" : 4024018317082,
  "text" : "УИК №1621",
  "href" : "region/izbirkom?action=show&root=22000023&tvd=4024018317082&vrn=100100225883172&prver=0&pronetvd=null&region=3&sub_region=3",
  "prver" : "0",
  "isUik" : true,
  "selected" : false,
  "load_on_demand" : false
}, {
  "id" : 4024018317083,
  "text" : "УИК №1622",
  "href" : "region/izbirkom?action=show&root=22000023&tvd=4024018317083&vrn=100100225883172&prver=0&pronetvd=null&region=3&sub_region=3",
  "prver" : "0",
  "isUik" : true,
  "selected" : false,
  "load_on_demand" : false
}, {
  "id" : 4024018317084,
  "text" : "УИК №1623",
  "href" : "region/izbirkom?action=show&root=22000023&tvd=4024018317084&vrn=100100225883172&prver=0&pronetvd=null&region=3&sub_region=3",
  "prver" : "0",
  "isUik" : true,
  "selected" : false,
  "load_on_demand" : false
}, {
  "id" : 4024018317085,
  "text" : "УИК №1624",
  "href" : "region/izbirkom?action=show&root=22000023&tvd=4024018317085&vrn=100100225883172&prver=0&pronetvd=null&region=3&sub_region=3",
  "prver" : "0",
  "isUik" : true,
  "selected" : false,
  "load_on_demand" : false
}, {
  "id" : 4024018317086,
  "text" : "УИК №1625",
  "href" : "region/izbirkom?action=show&root=22000023&tvd=4024018317086&vrn=100100225883172&prver=0&pronetvd=null&region=3&sub_region=3",
  "prver" : "0",
  "isUik" : true,
  "selected" : false,
  "load_on_demand" : false
} ]