[ {
  "id" : 4024049458387,
  "text" : "УИК №642",
  "href" : "region/izbirkom?action=show&root=22000063&tvd=4024049458387&vrn=100100225883172&prver=0&pronetvd=null&region=3&sub_region=3",
  "prver" : "0",
  "isUik" : true,
  "selected" : false,
  "load_on_demand" : false
}, {
  "id" : 4024049458389,
  "text" : "УИК №643",
  "href" : "region/izbirkom?action=show&root=22000063&tvd=4024049458389&vrn=100100225883172&prver=0&pronetvd=null&region=3&sub_region=3",
  "prver" : "0",
  "isUik" : true,
  "selected" : false,
  "load_on_demand" : false
}, {
  "id" : 4024049458390,
  "text" : "УИК №644",
  "href" : "region/izbirkom?action=show&root=22000063&tvd=4024049458390&vrn=100100225883172&prver=0&pronetvd=null&region=3&sub_region=3",
  "prver" : "0",
  "isUik" : true,
  "selected" : false,
  "load_on_demand" : false
}, {
  "id" : 4024049458391,
  "text" : "УИК №645",
  "href" : "region/izbirkom?action=show&root=22000063&tvd=4024049458391&vrn=100100225883172&prver=0&pronetvd=null&region=3&sub_region=3",
  "prver" : "0",
  "isUik" : true,
  "selected" : false,
  "load_on_demand" : false
}, {
  "id" : 4024049458392,
  "text" : "УИК №646",
  "href" : "region/izbirkom?action=show&root=22000063&tvd=4024049458392&vrn=100100225883172&prver=0&pronetvd=null&region=3&sub_region=3",
  "prver" : "0",
  "isUik" : true,
  "selected" : false,
  "load_on_demand" : false
}, {
  "id" : 4024049458393,
  "text" : "УИК №647",
  "href" : "region/izbirkom?action=show&root=22000063&tvd=4024049458393&vrn=100100225883172&prver=0&pronetvd=null&region=3&sub_region=3",
  "prver" : "0",
  "isUik" : true,
  "selected" : false,
  "load_on_demand" : false
}, {
  "id" : 4024049458394,
  "text" : "УИК №648",
  "href" : "region/izbirkom?action=show&root=22000063&tvd=4024049458394&vrn=100100225883172&prver=0&pronetvd=null&region=3&sub_region=3",
  "prver" : "0",
  "isUik" : true,
  "selected" : false,
  "load_on_demand" : false
}, {
  "id" : 4024049458396,
  "text" : "УИК №649",
  "href" : "region/izbirkom?action=show&root=22000063&tvd=4024049458396&vrn=100100225883172&prver=0&pronetvd=null&region=3&sub_region=3",
  "prver" : "0",
  "isUik" : true,
  "selected" : false,
  "load_on_demand" : false
}, {
  "id" : 4024049458397,
  "text" : "УИК №650",
  "href" : "region/izbirkom?action=show&root=22000063&tvd=4024049458397&vrn=100100225883172&prver=0&pronetvd=null&region=3&sub_region=3",
  "prver" : "0",
  "isUik" : true,
  "selected" : false,
  "load_on_demand" : false
}, {
  "id" : 4024049458398,
  "text" : "УИК №651",
  "href" : "region/izbirkom?action=show&root=22000063&tvd=4024049458398&vrn=100100225883172&prver=0&pronetvd=null&region=3&sub_region=3",
  "prver" : "0",
  "isUik" : true,
  "selected" : false,
  "load_on_demand" : false
}, {
  "id" : 4024049458399,
  "text" : "УИК №652",
  "href" : "region/izbirkom?action=show&root=22000063&tvd=4024049458399&vrn=100100225883172&prver=0&pronetvd=null&region=3&sub_region=3",
  "prver" : "0",
  "isUik" : true,
  "selected" : false,
  "load_on_demand" : false
}, {
  "id" : 4024049458400,
  "text" : "УИК №653",
  "href" : "region/izbirkom?action=show&root=22000063&tvd=4024049458400&vrn=100100225883172&prver=0&pronetvd=null&region=3&sub_region=3",
  "prver" : "0",
  "isUik" : true,
  "selected" : false,
  "load_on_demand" : false
}, {
  "id" : 4024049458401,
  "text" : "УИК №654",
  "href" : "region/izbirkom?action=show&root=22000063&tvd=4024049458401&vrn=100100225883172&prver=0&pronetvd=null&region=3&sub_region=3",
  "prver" : "0",
  "isUik" : true,
  "selected" : false,
  "load_on_demand" : false
}, {
  "id" : 4024049458403,
  "text" : "УИК №655",
  "href" : "region/izbirkom?action=show&root=22000063&tvd=4024049458403&vrn=100100225883172&prver=0&pronetvd=null&region=3&sub_region=3",
  "prver" : "0",
  "isUik" : true,
  "selected" : false,
  "load_on_demand" : false
}, {
  "id" : 4024049458404,
  "text" : "УИК №656",
  "href" : "region/izbirkom?action=show&root=22000063&tvd=4024049458404&vrn=100100225883172&prver=0&pronetvd=null&region=3&sub_region=3",
  "prver" : "0",
  "isUik" : true,
  "selected" : false,
  "load_on_demand" : false
}, {
  "id" : 4024049458405,
  "text" : "УИК №657",
  "href" : "region/izbirkom?action=show&root=22000063&tvd=4024049458405&vrn=100100225883172&prver=0&pronetvd=null&region=3&sub_region=3",
  "prver" : "0",
  "isUik" : true,
  "selected" : false,
  "load_on_demand" : false
}, {
  "id" : 4024049458406,
  "text" : "УИК №658",
  "href" : "region/izbirkom?action=show&root=22000063&tvd=4024049458406&vrn=100100225883172&prver=0&pronetvd=null&region=3&sub_region=3",
  "prver" : "0",
  "isUik" : true,
  "selected" : false,
  "load_on_demand" : false
}, {
  "id" : 4024049458407,
  "text" : "УИК №659",
  "href" : "region/izbirkom?action=show&root=22000063&tvd=4024049458407&vrn=100100225883172&prver=0&pronetvd=null&region=3&sub_region=3",
  "prver" : "0",
  "isUik" : true,
  "selected" : false,
  "load_on_demand" : false
}, {
  "id" : 4024049458408,
  "text" : "УИК №660",
  "href" : "region/izbirkom?action=show&root=22000063&tvd=4024049458408&vrn=100100225883172&prver=0&pronetvd=null&region=3&sub_region=3",
  "prver" : "0",
  "isUik" : true,
  "selected" : false,
  "load_on_demand" : false
}, {
  "id" : 4024049458410,
  "text" : "УИК №661",
  "href" : "region/izbirkom?action=show&root=22000063&tvd=4024049458410&vrn=100100225883172&prver=0&pronetvd=null&region=3&sub_region=3",
  "prver" : "0",
  "isUik" : true,
  "selected" : false,
  "load_on_demand" : false
}, {
  "id" : 4024049458411,
  "text" : "УИК №662",
  "href" : "region/izbirkom?action=show&root=22000063&tvd=4024049458411&vrn=100100225883172&prver=0&pronetvd=null&region=3&sub_region=3",
  "prver" : "0",
  "isUik" : true,
  "selected" : false,
  "load_on_demand" : false
}, {
  "id" : 4024049458412,
  "text" : "УИК №663",
  "href" : "region/izbirkom?action=show&root=22000063&tvd=4024049458412&vrn=100100225883172&prver=0&pronetvd=null&region=3&sub_region=3",
  "prver" : "0",
  "isUik" : true,
  "selected" : false,
  "load_on_demand" : false
}, {
  "id" : 4024049458413,
  "text" : "УИК №664",
  "href" : "region/izbirkom?action=show&root=22000063&tvd=4024049458413&vrn=100100225883172&prver=0&pronetvd=null&region=3&sub_region=3",
  "prver" : "0",
  "isUik" : true,
  "selected" : false,
  "load_on_demand" : false
}, {
  "id" : 4024049458414,
  "text" : "УИК №665",
  "href" : "region/izbirkom?action=show&root=22000063&tvd=4024049458414&vrn=100100225883172&prver=0&pronetvd=null&region=3&sub_region=3",
  "prver" : "0",
  "isUik" : true,
  "selected" : false,
  "load_on_demand" : false
}, {
  "id" : 4024049458415,
  "text" : "УИК №666",
  "href" : "region/izbirkom?action=show&root=22000063&tvd=4024049458415&vrn=100100225883172&prver=0&pronetvd=null&region=3&sub_region=3",
  "prver" : "0",
  "isUik" : true,
  "selected" : false,
  "load_on_demand" : false
}, {
  "id" : 4024049458417,
  "text" : "УИК №667",
  "href" : "region/izbirkom?action=show&root=22000063&tvd=4024049458417&vrn=100100225883172&prver=0&pronetvd=null&region=3&sub_region=3",
  "prver" : "0",
  "isUik" : true,
  "selected" : false,
  "load_on_demand" : false
}, {
  "id" : 4024049458418,
  "text" : "УИК №668",
  "href" : "region/izbirkom?action=show&root=22000063&tvd=4024049458418&vrn=100100225883172&prver=0&pronetvd=null&region=3&sub_region=3",
  "prver" : "0",
  "isUik" : true,
  "selected" : false,
  "load_on_demand" : false
}, {
  "id" : 4024049458419,
  "text" : "УИК №669",
  "href" : "region/izbirkom?action=show&root=22000063&tvd=4024049458419&vrn=100100225883172&prver=0&pronetvd=null&region=3&sub_region=3",
  "prver" : "0",
  "isUik" : true,
  "selected" : false,
  "load_on_demand" : false
}, {
  "id" : 4024049458420,
  "text" : "УИК №670",
  "href" : "region/izbirkom?action=show&root=22000063&tvd=4024049458420&vrn=100100225883172&prver=0&pronetvd=null&region=3&sub_region=3",
  "prver" : "0",
  "isUik" : true,
  "selected" : false,
  "load_on_demand" : false
}, {
  "id" : 4024049458421,
  "text" : "УИК №671",
  "href" : "region/izbirkom?action=show&root=22000063&tvd=4024049458421&vrn=100100225883172&prver=0&pronetvd=null&region=3&sub_region=3",
  "prver" : "0",
  "isUik" : true,
  "selected" : false,
  "load_on_demand" : false
}, {
  "id" : 4024049458422,
  "text" : "УИК №672",
  "href" : "region/izbirkom?action=show&root=22000063&tvd=4024049458422&vrn=100100225883172&prver=0&pronetvd=null&region=3&sub_region=3",
  "prver" : "0",
  "isUik" : true,
  "selected" : false,
  "load_on_demand" : false
}, {
  "id" : 4024049458424,
  "text" : "УИК №673",
  "href" : "region/izbirkom?action=show&root=22000063&tvd=4024049458424&vrn=100100225883172&prver=0&pronetvd=null&region=3&sub_region=3",
  "prver" : "0",
  "isUik" : true,
  "selected" : false,
  "load_on_demand" : false
}, {
  "id" : 4024049458425,
  "text" : "УИК №674",
  "href" : "region/izbirkom?action=show&root=22000063&tvd=4024049458425&vrn=100100225883172&prver=0&pronetvd=null&region=3&sub_region=3",
  "prver" : "0",
  "isUik" : true,
  "selected" : false,
  "load_on_demand" : false
}, {
  "id" : 4024049458426,
  "text" : "УИК №675",
  "href" : "region/izbirkom?action=show&root=22000063&tvd=4024049458426&vrn=100100225883172&prver=0&pronetvd=null&region=3&sub_region=3",
  "prver" : "0",
  "isUik" : true,
  "selected" : false,
  "load_on_demand" : false
}, {
  "id" : 4024049458427,
  "text" : "УИК №676",
  "href" : "region/izbirkom?action=show&root=22000063&tvd=4024049458427&vrn=100100225883172&prver=0&pronetvd=null&region=3&sub_region=3",
  "prver" : "0",
  "isUik" : true,
  "selected" : false,
  "load_on_demand" : false
}, {
  "id" : 4024049458428,
  "text" : "УИК №677",
  "href" : "region/izbirkom?action=show&root=22000063&tvd=4024049458428&vrn=100100225883172&prver=0&pronetvd=null&region=3&sub_region=3",
  "prver" : "0",
  "isUik" : true,
  "selected" : false,
  "load_on_demand" : false
}, {
  "id" : 4024049458429,
  "text" : "УИК №678",
  "href" : "region/izbirkom?action=show&root=22000063&tvd=4024049458429&vrn=100100225883172&prver=0&pronetvd=null&region=3&sub_region=3",
  "prver" : "0",
  "isUik" : true,
  "selected" : false,
  "load_on_demand" : false
}, {
  "id" : 4024049458431,
  "text" : "УИК №679",
  "href" : "region/izbirkom?action=show&root=22000063&tvd=4024049458431&vrn=100100225883172&prver=0&pronetvd=null&region=3&sub_region=3",
  "prver" : "0",
  "isUik" : true,
  "selected" : false,
  "load_on_demand" : false
}, {
  "id" : 4024049458432,
  "text" : "УИК №680",
  "href" : "region/izbirkom?action=show&root=22000063&tvd=4024049458432&vrn=100100225883172&prver=0&pronetvd=null&region=3&sub_region=3",
  "prver" : "0",
  "isUik" : true,
  "selected" : false,
  "load_on_demand" : false
}, {
  "id" : 4024049458433,
  "text" : "УИК №681",
  "href" : "region/izbirkom?action=show&root=22000063&tvd=4024049458433&vrn=100100225883172&prver=0&pronetvd=null&region=3&sub_region=3",
  "prver" : "0",
  "isUik" : true,
  "selected" : false,
  "load_on_demand" : false
}, {
  "id" : 4024049458434,
  "text" : "УИК №682",
  "href" : "region/izbirkom?action=show&root=22000063&tvd=4024049458434&vrn=100100225883172&prver=0&pronetvd=null&region=3&sub_region=3",
  "prver" : "0",
  "isUik" : true,
  "selected" : false,
  "load_on_demand" : false
}, {
  "id" : 4024049458435,
  "text" : "УИК №683",
  "href" : "region/izbirkom?action=show&root=22000063&tvd=4024049458435&vrn=100100225883172&prver=0&pronetvd=null&region=3&sub_region=3",
  "prver" : "0",
  "isUik" : true,
  "selected" : false,
  "load_on_demand" : false
}, {
  "id" : 4024049458436,
  "text" : "УИК №684",
  "href" : "region/izbirkom?action=show&root=22000063&tvd=4024049458436&vrn=100100225883172&prver=0&pronetvd=null&region=3&sub_region=3",
  "prver" : "0",
  "isUik" : true,
  "selected" : false,
  "load_on_demand" : false
}, {
  "id" : 4024049458438,
  "text" : "УИК №685",
  "href" : "region/izbirkom?action=show&root=22000063&tvd=4024049458438&vrn=100100225883172&prver=0&pronetvd=null&region=3&sub_region=3",
  "prver" : "0",
  "isUik" : true,
  "selected" : false,
  "load_on_demand" : false
}, {
  "id" : 4024049458439,
  "text" : "УИК №686",
  "href" : "region/izbirkom?action=show&root=22000063&tvd=4024049458439&vrn=100100225883172&prver=0&pronetvd=null&region=3&sub_region=3",
  "prver" : "0",
  "isUik" : true,
  "selected" : false,
  "load_on_demand" : false
}, {
  "id" : 4024049458440,
  "text" : "УИК №687",
  "href" : "region/izbirkom?action=show&root=22000063&tvd=4024049458440&vrn=100100225883172&prver=0&pronetvd=null&region=3&sub_region=3",
  "prver" : "0",
  "isUik" : true,
  "selected" : false,
  "load_on_demand" : false
}, {
  "id" : 4024049458441,
  "text" : "УИК №688",
  "href" : "region/izbirkom?action=show&root=22000063&tvd=4024049458441&vrn=100100225883172&prver=0&pronetvd=null&region=3&sub_region=3",
  "prver" : "0",
  "isUik" : true,
  "selected" : false,
  "load_on_demand" : false
}, {
  "id" : 4024049458442,
  "text" : "УИК №689",
  "href" : "region/izbirkom?action=show&root=22000063&tvd=4024049458442&vrn=100100225883172&prver=0&pronetvd=null&region=3&sub_region=3",
  "prver" : "0",
  "isUik" : true,
  "selected" : false,
  "load_on_demand" : false
}, {
  "id" : 4024049458443,
  "text" : "УИК №690",
  "href" : "region/izbirkom?action=show&root=22000063&tvd=4024049458443&vrn=100100225883172&prver=0&pronetvd=null&region=3&sub_region=3",
  "prver" : "0",
  "isUik" : true,
  "selected" : false,
  "load_on_demand" : false
}, {
  "id" : 4024049458445,
  "text" : "УИК №691",
  "href" : "region/izbirkom?action=show&root=22000063&tvd=4024049458445&vrn=100100225883172&prver=0&pronetvd=null&region=3&sub_region=3",
  "prver" : "0",
  "isUik" : true,
  "selected" : false,
  "load_on_demand" : false
}, {
  "id" : 4024049458446,
  "text" : "УИК №692",
  "href" : "region/izbirkom?action=show&root=22000063&tvd=4024049458446&vrn=100100225883172&prver=0&pronetvd=null&region=3&sub_region=3",
  "prver" : "0",
  "isUik" : true,
  "selected" : false,
  "load_on_demand" : false
}, {
  "id" : 4024049458447,
  "text" : "УИК №693",
  "href" : "region/izbirkom?action=show&root=22000063&tvd=4024049458447&vrn=100100225883172&prver=0&pronetvd=null&region=3&sub_region=3",
  "prver" : "0",
  "isUik" : true,
  "selected" : false,
  "load_on_demand" : false
}, {
  "id" : 4024049458448,
  "text" : "УИК №694",
  "href" : "region/izbirkom?action=show&root=22000063&tvd=4024049458448&vrn=100100225883172&prver=0&pronetvd=null&region=3&sub_region=3",
  "prver" : "0",
  "isUik" : true,
  "selected" : false,
  "load_on_demand" : false
}, {
  "id" : 4024049458449,
  "text" : "УИК №695",
  "href" : "region/izbirkom?action=show&root=22000063&tvd=4024049458449&vrn=100100225883172&prver=0&pronetvd=null&region=3&sub_region=3",
  "prver" : "0",
  "isUik" : true,
  "selected" : false,
  "load_on_demand" : false
}, {
  "id" : 4024049458450,
  "text" : "УИК №696",
  "href" : "region/izbirkom?action=show&root=22000063&tvd=4024049458450&vrn=100100225883172&prver=0&pronetvd=null&region=3&sub_region=3",
  "prver" : "0",
  "isUik" : true,
  "selected" : false,
  "load_on_demand" : false
}, {
  "id" : 4024049458452,
  "text" : "УИК №697",
  "href" : "region/izbirkom?action=show&root=22000063&tvd=4024049458452&vrn=100100225883172&prver=0&pronetvd=null&region=3&sub_region=3",
  "prver" : "0",
  "isUik" : true,
  "selected" : false,
  "load_on_demand" : false
}, {
  "id" : 4024049458453,
  "text" : "УИК №698",
  "href" : "region/izbirkom?action=show&root=22000063&tvd=4024049458453&vrn=100100225883172&prver=0&pronetvd=null&region=3&sub_region=3",
  "prver" : "0",
  "isUik" : true,
  "selected" : false,
  "load_on_demand" : false
}, {
  "id" : 4024049458454,
  "text" : "УИК №699",
  "href" : "region/izbirkom?action=show&root=22000063&tvd=4024049458454&vrn=100100225883172&prver=0&pronetvd=null&region=3&sub_region=3",
  "prver" : "0",
  "isUik" : true,
  "selected" : false,
  "load_on_demand" : false
}, {
  "id" : 4024049458455,
  "text" : "УИК №700",
  "href" : "region/izbirkom?action=show&root=22000063&tvd=4024049458455&vrn=100100225883172&prver=0&pronetvd=null&region=3&sub_region=3",
  "prver" : "0",
  "isUik" : true,
  "selected" : false,
  "load_on_demand" : false
}, {
  "id" : 4024049458456,
  "text" : "УИК №701",
  "href" : "region/izbirkom?action=show&root=22000063&tvd=4024049458456&vrn=100100225883172&prver=0&pronetvd=null&region=3&sub_region=3",
  "prver" : "0",
  "isUik" : true,
  "selected" : false,
  "load_on_demand" : false
}, {
  "id" : 4024049458457,
  "text" : "УИК №702",
  "href" : "region/izbirkom?action=show&root=22000063&tvd=4024049458457&vrn=100100225883172&prver=0&pronetvd=null&region=3&sub_region=3",
  "prver" : "0",
  "isUik" : true,
  "selected" : false,
  "load_on_demand" : false
}, {
  "id" : 4024049458459,
  "text" : "УИК №703",
  "href" : "region/izbirkom?action=show&root=22000063&tvd=4024049458459&vrn=100100225883172&prver=0&pronetvd=null&region=3&sub_region=3",
  "prver" : "0",
  "isUik" : true,
  "selected" : false,
  "load_on_demand" : false
}, {
  "id" : 4024049458460,
  "text" : "УИК №704",
  "href" : "region/izbirkom?action=show&root=22000063&tvd=4024049458460&vrn=100100225883172&prver=0&pronetvd=null&region=3&sub_region=3",
  "prver" : "0",
  "isUik" : true,
  "selected" : false,
  "load_on_demand" : false
}, {
  "id" : 4024049458461,
  "text" : "УИК №705",
  "href" : "region/izbirkom?action=show&root=22000063&tvd=4024049458461&vrn=100100225883172&prver=0&pronetvd=null&region=3&sub_region=3",
  "prver" : "0",
  "isUik" : true,
  "selected" : false,
  "load_on_demand" : false
}, {
  "id" : 4024049458462,
  "text" : "УИК №706",
  "href" : "region/izbirkom?action=show&root=22000063&tvd=4024049458462&vrn=100100225883172&prver=0&pronetvd=null&region=3&sub_region=3",
  "prver" : "0",
  "isUik" : true,
  "selected" : false,
  "load_on_demand" : false
}, {
  "id" : 4024049458463,
  "text" : "УИК №707",
  "href" : "region/izbirkom?action=show&root=22000063&tvd=4024049458463&vrn=100100225883172&prver=0&pronetvd=null&region=3&sub_region=3",
  "prver" : "0",
  "isUik" : true,
  "selected" : false,
  "load_on_demand" : false
}, {
  "id" : 4024049458464,
  "text" : "УИК №708",
  "href" : "region/izbirkom?action=show&root=22000063&tvd=4024049458464&vrn=100100225883172&prver=0&pronetvd=null&region=3&sub_region=3",
  "prver" : "0",
  "isUik" : true,
  "selected" : false,
  "load_on_demand" : false
}, {
  "id" : 4024049458466,
  "text" : "УИК №709",
  "href" : "region/izbirkom?action=show&root=22000063&tvd=4024049458466&vrn=100100225883172&prver=0&pronetvd=null&region=3&sub_region=3",
  "prver" : "0",
  "isUik" : true,
  "selected" : false,
  "load_on_demand" : false
}, {
  "id" : 4024049458467,
  "text" : "УИК №710",
  "href" : "region/izbirkom?action=show&root=22000063&tvd=4024049458467&vrn=100100225883172&prver=0&pronetvd=null&region=3&sub_region=3",
  "prver" : "0",
  "isUik" : true,
  "selected" : false,
  "load_on_demand" : false
}, {
  "id" : 4024049458468,
  "text" : "УИК №711",
  "href" : "region/izbirkom?action=show&root=22000063&tvd=4024049458468&vrn=100100225883172&prver=0&pronetvd=null&region=3&sub_region=3",
  "prver" : "0",
  "isUik" : true,
  "selected" : false,
  "load_on_demand" : false
}, {
  "id" : 4024049458469,
  "text" : "УИК №712",
  "href" : "region/izbirkom?action=show&root=22000063&tvd=4024049458469&vrn=100100225883172&prver=0&pronetvd=null&region=3&sub_region=3",
  "prver" : "0",
  "isUik" : true,
  "selected" : false,
  "load_on_demand" : false
}, {
  "id" : 4024049458470,
  "text" : "УИК №713",
  "href" : "region/izbirkom?action=show&root=22000063&tvd=4024049458470&vrn=100100225883172&prver=0&pronetvd=null&region=3&sub_region=3",
  "prver" : "0",
  "isUik" : true,
  "selected" : false,
  "load_on_demand" : false
}, {
  "id" : 4024049458471,
  "text" : "УИК №714",
  "href" : "region/izbirkom?action=show&root=22000063&tvd=4024049458471&vrn=100100225883172&prver=0&pronetvd=null&region=3&sub_region=3",
  "prver" : "0",
  "isUik" : true,
  "selected" : false,
  "load_on_demand" : false
}, {
  "id" : 4024049458475,
  "text" : "УИК №715",
  "href" : "region/izbirkom?action=show&root=22000063&tvd=4024049458475&vrn=100100225883172&prver=0&pronetvd=null&region=3&sub_region=3",
  "prver" : "0",
  "isUik" : true,
  "selected" : false,
  "load_on_demand" : false
}, {
  "id" : 4024049458476,
  "text" : "УИК №716",
  "href" : "region/izbirkom?action=show&root=22000063&tvd=4024049458476&vrn=100100225883172&prver=0&pronetvd=null&region=3&sub_region=3",
  "prver" : "0",
  "isUik" : true,
  "selected" : false,
  "load_on_demand" : false
}, {
  "id" : 4024049458477,
  "text" : "УИК №717",
  "href" : "region/izbirkom?action=show&root=22000063&tvd=4024049458477&vrn=100100225883172&prver=0&pronetvd=null&region=3&sub_region=3",
  "prver" : "0",
  "isUik" : true,
  "selected" : false,
  "load_on_demand" : false
}, {
  "id" : 4024049458478,
  "text" : "УИК №718",
  "href" : "region/izbirkom?action=show&root=22000063&tvd=4024049458478&vrn=100100225883172&prver=0&pronetvd=null&region=3&sub_region=3",
  "prver" : "0",
  "isUik" : true,
  "selected" : false,
  "load_on_demand" : false
}, {
  "id" : 4024049458479,
  "text" : "УИК №719",
  "href" : "region/izbirkom?action=show&root=22000063&tvd=4024049458479&vrn=100100225883172&prver=0&pronetvd=null&region=3&sub_region=3",
  "prver" : "0",
  "isUik" : true,
  "selected" : false,
  "load_on_demand" : false
}, {
  "id" : 4024049458480,
  "text" : "УИК №720",
  "href" : "region/izbirkom?action=show&root=22000063&tvd=4024049458480&vrn=100100225883172&prver=0&pronetvd=null&region=3&sub_region=3",
  "prver" : "0",
  "isUik" : true,
  "selected" : false,
  "load_on_demand" : false
}, {
  "id" : 4024049458482,
  "text" : "УИК №721",
  "href" : "region/izbirkom?action=show&root=22000063&tvd=4024049458482&vrn=100100225883172&prver=0&pronetvd=null&region=3&sub_region=3",
  "prver" : "0",
  "isUik" : true,
  "selected" : false,
  "load_on_demand" : false
}, {
  "id" : 4024049458483,
  "text" : "УИК №722",
  "href" : "region/izbirkom?action=show&root=22000063&tvd=4024049458483&vrn=100100225883172&prver=0&pronetvd=null&region=3&sub_region=3",
  "prver" : "0",
  "isUik" : true,
  "selected" : false,
  "load_on_demand" : false
}, {
  "id" : 4024049458484,
  "text" : "УИК №723",
  "href" : "region/izbirkom?action=show&root=22000063&tvd=4024049458484&vrn=100100225883172&prver=0&pronetvd=null&region=3&sub_region=3",
  "prver" : "0",
  "isUik" : true,
  "selected" : false,
  "load_on_demand" : false
}, {
  "id" : 4024049458485,
  "text" : "УИК №724",
  "href" : "region/izbirkom?action=show&root=22000063&tvd=4024049458485&vrn=100100225883172&prver=0&pronetvd=null&region=3&sub_region=3",
  "prver" : "0",
  "isUik" : true,
  "selected" : false,
  "load_on_demand" : false
}, {
  "id" : 4024049458486,
  "text" : "УИК №725",
  "href" : "region/izbirkom?action=show&root=22000063&tvd=4024049458486&vrn=100100225883172&prver=0&pronetvd=null&region=3&sub_region=3",
  "prver" : "0",
  "isUik" : true,
  "selected" : false,
  "load_on_demand" : false
}, {
  "id" : 4024049458487,
  "text" : "УИК №726",
  "href" : "region/izbirkom?action=show&root=22000063&tvd=4024049458487&vrn=100100225883172&prver=0&pronetvd=null&region=3&sub_region=3",
  "prver" : "0",
  "isUik" : true,
  "selected" : false,
  "load_on_demand" : false
}, {
  "id" : 4024049458489,
  "text" : "УИК №727",
  "href" : "region/izbirkom?action=show&root=22000063&tvd=4024049458489&vrn=100100225883172&prver=0&pronetvd=null&region=3&sub_region=3",
  "prver" : "0",
  "isUik" : true,
  "selected" : false,
  "load_on_demand" : false
}, {
  "id" : 4024049458490,
  "text" : "УИК №728",
  "href" : "region/izbirkom?action=show&root=22000063&tvd=4024049458490&vrn=100100225883172&prver=0&pronetvd=null&region=3&sub_region=3",
  "prver" : "0",
  "isUik" : true,
  "selected" : false,
  "load_on_demand" : false
}, {
  "id" : 4024049458491,
  "text" : "УИК №729",
  "href" : "region/izbirkom?action=show&root=22000063&tvd=4024049458491&vrn=100100225883172&prver=0&pronetvd=null&region=3&sub_region=3",
  "prver" : "0",
  "isUik" : true,
  "selected" : false,
  "load_on_demand" : false
}, {
  "id" : 4024049458492,
  "text" : "УИК №730",
  "href" : "region/izbirkom?action=show&root=22000063&tvd=4024049458492&vrn=100100225883172&prver=0&pronetvd=null&region=3&sub_region=3",
  "prver" : "0",
  "isUik" : true,
  "selected" : false,
  "load_on_demand" : false
}, {
  "id" : 4024049458493,
  "text" : "УИК №731",
  "href" : "region/izbirkom?action=show&root=22000063&tvd=4024049458493&vrn=100100225883172&prver=0&pronetvd=null&region=3&sub_region=3",
  "prver" : "0",
  "isUik" : true,
  "selected" : false,
  "load_on_demand" : false
}, {
  "id" : 4024049458494,
  "text" : "УИК №732",
  "href" : "region/izbirkom?action=show&root=22000063&tvd=4024049458494&vrn=100100225883172&prver=0&pronetvd=null&region=3&sub_region=3",
  "prver" : "0",
  "isUik" : true,
  "selected" : false,
  "load_on_demand" : false
}, {
  "id" : 4024049458496,
  "text" : "УИК №733",
  "href" : "region/izbirkom?action=show&root=22000063&tvd=4024049458496&vrn=100100225883172&prver=0&pronetvd=null&region=3&sub_region=3",
  "prver" : "0",
  "isUik" : true,
  "selected" : false,
  "load_on_demand" : false
}, {
  "id" : 4024049458497,
  "text" : "УИК №734",
  "href" : "region/izbirkom?action=show&root=22000063&tvd=4024049458497&vrn=100100225883172&prver=0&pronetvd=null&region=3&sub_region=3",
  "prver" : "0",
  "isUik" : true,
  "selected" : false,
  "load_on_demand" : false
}, {
  "id" : 4024049458498,
  "text" : "УИК №735",
  "href" : "region/izbirkom?action=show&root=22000063&tvd=4024049458498&vrn=100100225883172&prver=0&pronetvd=null&region=3&sub_region=3",
  "prver" : "0",
  "isUik" : true,
  "selected" : false,
  "load_on_demand" : false
}, {
  "id" : 4024049458499,
  "text" : "УИК №736",
  "href" : "region/izbirkom?action=show&root=22000063&tvd=4024049458499&vrn=100100225883172&prver=0&pronetvd=null&region=3&sub_region=3",
  "prver" : "0",
  "isUik" : true,
  "selected" : false,
  "load_on_demand" : false
}, {
  "id" : 4024049458500,
  "text" : "УИК №737",
  "href" : "region/izbirkom?action=show&root=22000063&tvd=4024049458500&vrn=100100225883172&prver=0&pronetvd=null&region=3&sub_region=3",
  "prver" : "0",
  "isUik" : true,
  "selected" : false,
  "load_on_demand" : false
}, {
  "id" : 4024049458501,
  "text" : "УИК №738",
  "href" : "region/izbirkom?action=show&root=22000063&tvd=4024049458501&vrn=100100225883172&prver=0&pronetvd=null&region=3&sub_region=3",
  "prver" : "0",
  "isUik" : true,
  "selected" : false,
  "load_on_demand" : false
}, {
  "id" : 4024049458503,
  "text" : "УИК №739",
  "href" : "region/izbirkom?action=show&root=22000063&tvd=4024049458503&vrn=100100225883172&prver=0&pronetvd=null&region=3&sub_region=3",
  "prver" : "0",
  "isUik" : true,
  "selected" : false,
  "load_on_demand" : false
}, {
  "id" : 4024049458504,
  "text" : "УИК №740",
  "href" : "region/izbirkom?action=show&root=22000063&tvd=4024049458504&vrn=100100225883172&prver=0&pronetvd=null&region=3&sub_region=3",
  "prver" : "0",
  "isUik" : true,
  "selected" : false,
  "load_on_demand" : false
}, {
  "id" : 4024049458505,
  "text" : "УИК №741",
  "href" : "region/izbirkom?action=show&root=22000063&tvd=4024049458505&vrn=100100225883172&prver=0&pronetvd=null&region=3&sub_region=3",
  "prver" : "0",
  "isUik" : true,
  "selected" : false,
  "load_on_demand" : false
}, {
  "id" : 4024049458506,
  "text" : "УИК №742",
  "href" : "region/izbirkom?action=show&root=22000063&tvd=4024049458506&vrn=100100225883172&prver=0&pronetvd=null&region=3&sub_region=3",
  "prver" : "0",
  "isUik" : true,
  "selected" : false,
  "load_on_demand" : false
}, {
  "id" : 4024049458507,
  "text" : "УИК №743",
  "href" : "region/izbirkom?action=show&root=22000063&tvd=4024049458507&vrn=100100225883172&prver=0&pronetvd=null&region=3&sub_region=3",
  "prver" : "0",
  "isUik" : true,
  "selected" : false,
  "load_on_demand" : false
}, {
  "id" : 4024049458508,
  "text" : "УИК №744",
  "href" : "region/izbirkom?action=show&root=22000063&tvd=4024049458508&vrn=100100225883172&prver=0&pronetvd=null&region=3&sub_region=3",
  "prver" : "0",
  "isUik" : true,
  "selected" : false,
  "load_on_demand" : false
}, {
  "id" : 4024049458510,
  "text" : "УИК №745",
  "href" : "region/izbirkom?action=show&root=22000063&tvd=4024049458510&vrn=100100225883172&prver=0&pronetvd=null&region=3&sub_region=3",
  "prver" : "0",
  "isUik" : true,
  "selected" : false,
  "load_on_demand" : false
}, {
  "id" : 4024049458511,
  "text" : "УИК №746",
  "href" : "region/izbirkom?action=show&root=22000063&tvd=4024049458511&vrn=100100225883172&prver=0&pronetvd=null&region=3&sub_region=3",
  "prver" : "0",
  "isUik" : true,
  "selected" : false,
  "load_on_demand" : false
}, {
  "id" : 4024049458512,
  "text" : "УИК №747",
  "href" : "region/izbirkom?action=show&root=22000063&tvd=4024049458512&vrn=100100225883172&prver=0&pronetvd=null&region=3&sub_region=3",
  "prver" : "0",
  "isUik" : true,
  "selected" : false,
  "load_on_demand" : false
}, {
  "id" : 4024049458513,
  "text" : "УИК №748",
  "href" : "region/izbirkom?action=show&root=22000063&tvd=4024049458513&vrn=100100225883172&prver=0&pronetvd=null&region=3&sub_region=3",
  "prver" : "0",
  "isUik" : true,
  "selected" : false,
  "load_on_demand" : false
}, {
  "id" : 4024049458473,
  "text" : "УИК №749",
  "href" : "region/izbirkom?action=show&root=22000063&tvd=4024049458473&vrn=100100225883172&prver=0&pronetvd=null&region=3&sub_region=3",
  "prver" : "0",
  "isUik" : true,
  "selected" : false,
  "load_on_demand" : false
}, {
  "id" : 4024049459556,
  "text" : "УИК №750",
  "href" : "region/izbirkom?action=show&root=22000063&tvd=4024049459556&vrn=100100225883172&prver=0&pronetvd=null&region=3&sub_region=3",
  "prver" : "0",
  "isUik" : true,
  "selected" : false,
  "load_on_demand" : false
}, {
  "id" : 4024049459518,
  "text" : "УИК №751",
  "href" : "region/izbirkom?action=show&root=22000063&tvd=4024049459518&vrn=100100225883172&prver=0&pronetvd=null&region=3&sub_region=3",
  "prver" : "0",
  "isUik" : true,
  "selected" : false,
  "load_on_demand" : false
}, {
  "id" : 4024049459520,
  "text" : "УИК №752",
  "href" : "region/izbirkom?action=show&root=22000063&tvd=4024049459520&vrn=100100225883172&prver=0&pronetvd=null&region=3&sub_region=3",
  "prver" : "0",
  "isUik" : true,
  "selected" : false,
  "load_on_demand" : false
}, {
  "id" : 4024049459522,
  "text" : "УИК №753",
  "href" : "region/izbirkom?action=show&root=22000063&tvd=4024049459522&vrn=100100225883172&prver=0&pronetvd=null&region=3&sub_region=3",
  "prver" : "0",
  "isUik" : true,
  "selected" : false,
  "load_on_demand" : false
}, {
  "id" : 4024049458515,
  "text" : "УИК №3460",
  "href" : "region/izbirkom?action=show&root=22000063&tvd=4024049458515&vrn=100100225883172&prver=0&pronetvd=null&region=3&sub_region=3",
  "prver" : "0",
  "isUik" : true,
  "selected" : false,
  "load_on_demand" : false
}, {
  "id" : 4024049458516,
  "text" : "УИК №3461",
  "href" : "region/izbirkom?action=show&root=22000063&tvd=4024049458516&vrn=100100225883172&prver=0&pronetvd=null&region=3&sub_region=3",
  "prver" : "0",
  "isUik" : true,
  "selected" : false,
  "load_on_demand" : false
}, {
  "id" : 4024049459524,
  "text" : "УИК №3495",
  "href" : "region/izbirkom?action=show&root=22000063&tvd=4024049459524&vrn=100100225883172&prver=0&pronetvd=null&region=3&sub_region=3",
  "prver" : "0",
  "isUik" : true,
  "selected" : false,
  "load_on_demand" : false
}, {
  "id" : 4024049459526,
  "text" : "УИК №3496",
  "href" : "region/izbirkom?action=show&root=22000063&tvd=4024049459526&vrn=100100225883172&prver=0&pronetvd=null&region=3&sub_region=3",
  "prver" : "0",
  "isUik" : true,
  "selected" : false,
  "load_on_demand" : false
}, {
  "id" : 4024049458518,
  "text" : "УИК №3500",
  "href" : "region/izbirkom?action=show&root=22000063&tvd=4024049458518&vrn=100100225883172&prver=0&pronetvd=null&region=3&sub_region=3",
  "prver" : "0",
  "isUik" : true,
  "selected" : false,
  "load_on_demand" : false
}, {
  "id" : 4024049458519,
  "text" : "УИК №3501",
  "href" : "region/izbirkom?action=show&root=22000063&tvd=4024049458519&vrn=100100225883172&prver=0&pronetvd=null&region=3&sub_region=3",
  "prver" : "0",
  "isUik" : true,
  "selected" : false,
  "load_on_demand" : false
}, {
  "id" : 4024049458520,
  "text" : "УИК №3502",
  "href" : "region/izbirkom?action=show&root=22000063&tvd=4024049458520&vrn=100100225883172&prver=0&pronetvd=null&region=3&sub_region=3",
  "prver" : "0",
  "isUik" : true,
  "selected" : false,
  "load_on_demand" : false
}, {
  "id" : 4024049458521,
  "text" : "УИК №3503",
  "href" : "region/izbirkom?action=show&root=22000063&tvd=4024049458521&vrn=100100225883172&prver=0&pronetvd=null&region=3&sub_region=3",
  "prver" : "0",
  "isUik" : true,
  "selected" : false,
  "load_on_demand" : false
}, {
  "id" : 4024049458523,
  "text" : "УИК №3525",
  "href" : "region/izbirkom?action=show&root=22000063&tvd=4024049458523&vrn=100100225883172&prver=0&pronetvd=null&region=3&sub_region=3",
  "prver" : "0",
  "isUik" : true,
  "selected" : false,
  "load_on_demand" : false
}, {
  "id" : 4024049458524,
  "text" : "УИК №3526",
  "href" : "region/izbirkom?action=show&root=22000063&tvd=4024049458524&vrn=100100225883172&prver=0&pronetvd=null&region=3&sub_region=3",
  "prver" : "0",
  "isUik" : true,
  "selected" : false,
  "load_on_demand" : false
} ]