[ {
  "id" : 4024067399902,
  "text" : "УИК №3405",
  "href" : "region/izbirkom?action=show&root=22000038&tvd=4024067399902&vrn=100100225883172&prver=0&pronetvd=null&region=3&sub_region=3",
  "prver" : "0",
  "isUik" : true,
  "selected" : false,
  "load_on_demand" : false
}, {
  "id" : 4024067399903,
  "text" : "УИК №3406",
  "href" : "region/izbirkom?action=show&root=22000038&tvd=4024067399903&vrn=100100225883172&prver=0&pronetvd=null&region=3&sub_region=3",
  "prver" : "0",
  "isUik" : true,
  "selected" : false,
  "load_on_demand" : false
}, {
  "id" : 4024067399904,
  "text" : "УИК №3407",
  "href" : "region/izbirkom?action=show&root=22000038&tvd=4024067399904&vrn=100100225883172&prver=0&pronetvd=null&region=3&sub_region=3",
  "prver" : "0",
  "isUik" : true,
  "selected" : false,
  "load_on_demand" : false
}, {
  "id" : 4024067399905,
  "text" : "УИК №3408",
  "href" : "region/izbirkom?action=show&root=22000038&tvd=4024067399905&vrn=100100225883172&prver=0&pronetvd=null&region=3&sub_region=3",
  "prver" : "0",
  "isUik" : true,
  "selected" : false,
  "load_on_demand" : false
}, {
  "id" : 4024067399906,
  "text" : "УИК №3409",
  "href" : "region/izbirkom?action=show&root=22000038&tvd=4024067399906&vrn=100100225883172&prver=0&pronetvd=null&region=3&sub_region=3",
  "prver" : "0",
  "isUik" : true,
  "selected" : false,
  "load_on_demand" : false
}, {
  "id" : 4024067399907,
  "text" : "УИК №3410",
  "href" : "region/izbirkom?action=show&root=22000038&tvd=4024067399907&vrn=100100225883172&prver=0&pronetvd=null&region=3&sub_region=3",
  "prver" : "0",
  "isUik" : true,
  "selected" : false,
  "load_on_demand" : false
}, {
  "id" : 4024067399908,
  "text" : "УИК №3411",
  "href" : "region/izbirkom?action=show&root=22000038&tvd=4024067399908&vrn=100100225883172&prver=0&pronetvd=null&region=3&sub_region=3",
  "prver" : "0",
  "isUik" : true,
  "selected" : false,
  "load_on_demand" : false
}, {
  "id" : 4024067399909,
  "text" : "УИК №3412",
  "href" : "region/izbirkom?action=show&root=22000038&tvd=4024067399909&vrn=100100225883172&prver=0&pronetvd=null&region=3&sub_region=3",
  "prver" : "0",
  "isUik" : true,
  "selected" : false,
  "load_on_demand" : false
}, {
  "id" : 4024067399910,
  "text" : "УИК №3413",
  "href" : "region/izbirkom?action=show&root=22000038&tvd=4024067399910&vrn=100100225883172&prver=0&pronetvd=null&region=3&sub_region=3",
  "prver" : "0",
  "isUik" : true,
  "selected" : false,
  "load_on_demand" : false
}, {
  "id" : 4024067399911,
  "text" : "УИК №3414",
  "href" : "region/izbirkom?action=show&root=22000038&tvd=4024067399911&vrn=100100225883172&prver=0&pronetvd=null&region=3&sub_region=3",
  "prver" : "0",
  "isUik" : true,
  "selected" : false,
  "load_on_demand" : false
}, {
  "id" : 4024067399912,
  "text" : "УИК №3415",
  "href" : "region/izbirkom?action=show&root=22000038&tvd=4024067399912&vrn=100100225883172&prver=0&pronetvd=null&region=3&sub_region=3",
  "prver" : "0",
  "isUik" : true,
  "selected" : false,
  "load_on_demand" : false
}, {
  "id" : 4024067399913,
  "text" : "УИК №3416",
  "href" : "region/izbirkom?action=show&root=22000038&tvd=4024067399913&vrn=100100225883172&prver=0&pronetvd=null&region=3&sub_region=3",
  "prver" : "0",
  "isUik" : true,
  "selected" : false,
  "load_on_demand" : false
}, {
  "id" : 4024067399914,
  "text" : "УИК №3417",
  "href" : "region/izbirkom?action=show&root=22000038&tvd=4024067399914&vrn=100100225883172&prver=0&pronetvd=null&region=3&sub_region=3",
  "prver" : "0",
  "isUik" : true,
  "selected" : false,
  "load_on_demand" : false
}, {
  "id" : 4024067399915,
  "text" : "УИК №3418",
  "href" : "region/izbirkom?action=show&root=22000038&tvd=4024067399915&vrn=100100225883172&prver=0&pronetvd=null&region=3&sub_region=3",
  "prver" : "0",
  "isUik" : true,
  "selected" : false,
  "load_on_demand" : false
}, {
  "id" : 4024067399916,
  "text" : "УИК №3419",
  "href" : "region/izbirkom?action=show&root=22000038&tvd=4024067399916&vrn=100100225883172&prver=0&pronetvd=null&region=3&sub_region=3",
  "prver" : "0",
  "isUik" : true,
  "selected" : false,
  "load_on_demand" : false
}, {
  "id" : 4024067399917,
  "text" : "УИК №3420",
  "href" : "region/izbirkom?action=show&root=22000038&tvd=4024067399917&vrn=100100225883172&prver=0&pronetvd=null&region=3&sub_region=3",
  "prver" : "0",
  "isUik" : true,
  "selected" : false,
  "load_on_demand" : false
}, {
  "id" : 4024067399918,
  "text" : "УИК №3421",
  "href" : "region/izbirkom?action=show&root=22000038&tvd=4024067399918&vrn=100100225883172&prver=0&pronetvd=null&region=3&sub_region=3",
  "prver" : "0",
  "isUik" : true,
  "selected" : false,
  "load_on_demand" : false
}, {
  "id" : 4024067399919,
  "text" : "УИК №3422",
  "href" : "region/izbirkom?action=show&root=22000038&tvd=4024067399919&vrn=100100225883172&prver=0&pronetvd=null&region=3&sub_region=3",
  "prver" : "0",
  "isUik" : true,
  "selected" : false,
  "load_on_demand" : false
}, {
  "id" : 4024067399920,
  "text" : "УИК №3423",
  "href" : "region/izbirkom?action=show&root=22000038&tvd=4024067399920&vrn=100100225883172&prver=0&pronetvd=null&region=3&sub_region=3",
  "prver" : "0",
  "isUik" : true,
  "selected" : false,
  "load_on_demand" : false
}, {
  "id" : 4024067399921,
  "text" : "УИК №3424",
  "href" : "region/izbirkom?action=show&root=22000038&tvd=4024067399921&vrn=100100225883172&prver=0&pronetvd=null&region=3&sub_region=3",
  "prver" : "0",
  "isUik" : true,
  "selected" : false,
  "load_on_demand" : false
}, {
  "id" : 4024067399922,
  "text" : "УИК №3425",
  "href" : "region/izbirkom?action=show&root=22000038&tvd=4024067399922&vrn=100100225883172&prver=0&pronetvd=null&region=3&sub_region=3",
  "prver" : "0",
  "isUik" : true,
  "selected" : false,
  "load_on_demand" : false
}, {
  "id" : 4024067399923,
  "text" : "УИК №3426",
  "href" : "region/izbirkom?action=show&root=22000038&tvd=4024067399923&vrn=100100225883172&prver=0&pronetvd=null&region=3&sub_region=3",
  "prver" : "0",
  "isUik" : true,
  "selected" : false,
  "load_on_demand" : false
}, {
  "id" : 4024067399924,
  "text" : "УИК №3427",
  "href" : "region/izbirkom?action=show&root=22000038&tvd=4024067399924&vrn=100100225883172&prver=0&pronetvd=null&region=3&sub_region=3",
  "prver" : "0",
  "isUik" : true,
  "selected" : false,
  "load_on_demand" : false
}, {
  "id" : 4024067399925,
  "text" : "УИК №3428",
  "href" : "region/izbirkom?action=show&root=22000038&tvd=4024067399925&vrn=100100225883172&prver=0&pronetvd=null&region=3&sub_region=3",
  "prver" : "0",
  "isUik" : true,
  "selected" : false,
  "load_on_demand" : false
}, {
  "id" : 4024067399926,
  "text" : "УИК №3429",
  "href" : "region/izbirkom?action=show&root=22000038&tvd=4024067399926&vrn=100100225883172&prver=0&pronetvd=null&region=3&sub_region=3",
  "prver" : "0",
  "isUik" : true,
  "selected" : false,
  "load_on_demand" : false
}, {
  "id" : 4024067399927,
  "text" : "УИК №3430",
  "href" : "region/izbirkom?action=show&root=22000038&tvd=4024067399927&vrn=100100225883172&prver=0&pronetvd=null&region=3&sub_region=3",
  "prver" : "0",
  "isUik" : true,
  "selected" : false,
  "load_on_demand" : false
}, {
  "id" : 4024067399928,
  "text" : "УИК №3431",
  "href" : "region/izbirkom?action=show&root=22000038&tvd=4024067399928&vrn=100100225883172&prver=0&pronetvd=null&region=3&sub_region=3",
  "prver" : "0",
  "isUik" : true,
  "selected" : false,
  "load_on_demand" : false
}, {
  "id" : 4024067399929,
  "text" : "УИК №3432",
  "href" : "region/izbirkom?action=show&root=22000038&tvd=4024067399929&vrn=100100225883172&prver=0&pronetvd=null&region=3&sub_region=3",
  "prver" : "0",
  "isUik" : true,
  "selected" : false,
  "load_on_demand" : false
}, {
  "id" : 4024067399930,
  "text" : "УИК №3433",
  "href" : "region/izbirkom?action=show&root=22000038&tvd=4024067399930&vrn=100100225883172&prver=0&pronetvd=null&region=3&sub_region=3",
  "prver" : "0",
  "isUik" : true,
  "selected" : false,
  "load_on_demand" : false
}, {
  "id" : 4024067399931,
  "text" : "УИК №3434",
  "href" : "region/izbirkom?action=show&root=22000038&tvd=4024067399931&vrn=100100225883172&prver=0&pronetvd=null&region=3&sub_region=3",
  "prver" : "0",
  "isUik" : true,
  "selected" : false,
  "load_on_demand" : false
}, {
  "id" : 4024067399932,
  "text" : "УИК №3435",
  "href" : "region/izbirkom?action=show&root=22000038&tvd=4024067399932&vrn=100100225883172&prver=0&pronetvd=null&region=3&sub_region=3",
  "prver" : "0",
  "isUik" : true,
  "selected" : false,
  "load_on_demand" : false
}, {
  "id" : 4024067399933,
  "text" : "УИК №3436",
  "href" : "region/izbirkom?action=show&root=22000038&tvd=4024067399933&vrn=100100225883172&prver=0&pronetvd=null&region=3&sub_region=3",
  "prver" : "0",
  "isUik" : true,
  "selected" : false,
  "load_on_demand" : false
}, {
  "id" : 4024067399934,
  "text" : "УИК №3437",
  "href" : "region/izbirkom?action=show&root=22000038&tvd=4024067399934&vrn=100100225883172&prver=0&pronetvd=null&region=3&sub_region=3",
  "prver" : "0",
  "isUik" : true,
  "selected" : false,
  "load_on_demand" : false
}, {
  "id" : 4024067399935,
  "text" : "УИК №3438",
  "href" : "region/izbirkom?action=show&root=22000038&tvd=4024067399935&vrn=100100225883172&prver=0&pronetvd=null&region=3&sub_region=3",
  "prver" : "0",
  "isUik" : true,
  "selected" : false,
  "load_on_demand" : false
}, {
  "id" : 4024067399936,
  "text" : "УИК №3439",
  "href" : "region/izbirkom?action=show&root=22000038&tvd=4024067399936&vrn=100100225883172&prver=0&pronetvd=null&region=3&sub_region=3",
  "prver" : "0",
  "isUik" : true,
  "selected" : false,
  "load_on_demand" : false
}, {
  "id" : 4024067399937,
  "text" : "УИК №3440",
  "href" : "region/izbirkom?action=show&root=22000038&tvd=4024067399937&vrn=100100225883172&prver=0&pronetvd=null&region=3&sub_region=3",
  "prver" : "0",
  "isUik" : true,
  "selected" : false,
  "load_on_demand" : false
}, {
  "id" : 4024067399938,
  "text" : "УИК №3441",
  "href" : "region/izbirkom?action=show&root=22000038&tvd=4024067399938&vrn=100100225883172&prver=0&pronetvd=null&region=3&sub_region=3",
  "prver" : "0",
  "isUik" : true,
  "selected" : false,
  "load_on_demand" : false
}, {
  "id" : 4024067399939,
  "text" : "УИК №3442",
  "href" : "region/izbirkom?action=show&root=22000038&tvd=4024067399939&vrn=100100225883172&prver=0&pronetvd=null&region=3&sub_region=3",
  "prver" : "0",
  "isUik" : true,
  "selected" : false,
  "load_on_demand" : false
}, {
  "id" : 4024067399940,
  "text" : "УИК №3443",
  "href" : "region/izbirkom?action=show&root=22000038&tvd=4024067399940&vrn=100100225883172&prver=0&pronetvd=null&region=3&sub_region=3",
  "prver" : "0",
  "isUik" : true,
  "selected" : false,
  "load_on_demand" : false
}, {
  "id" : 4024067399941,
  "text" : "УИК №3444",
  "href" : "region/izbirkom?action=show&root=22000038&tvd=4024067399941&vrn=100100225883172&prver=0&pronetvd=null&region=3&sub_region=3",
  "prver" : "0",
  "isUik" : true,
  "selected" : false,
  "load_on_demand" : false
}, {
  "id" : 4024067399942,
  "text" : "УИК №3445",
  "href" : "region/izbirkom?action=show&root=22000038&tvd=4024067399942&vrn=100100225883172&prver=0&pronetvd=null&region=3&sub_region=3",
  "prver" : "0",
  "isUik" : true,
  "selected" : false,
  "load_on_demand" : false
}, {
  "id" : 4024067399943,
  "text" : "УИК №3446",
  "href" : "region/izbirkom?action=show&root=22000038&tvd=4024067399943&vrn=100100225883172&prver=0&pronetvd=null&region=3&sub_region=3",
  "prver" : "0",
  "isUik" : true,
  "selected" : false,
  "load_on_demand" : false
}, {
  "id" : 4024067399944,
  "text" : "УИК №3447",
  "href" : "region/izbirkom?action=show&root=22000038&tvd=4024067399944&vrn=100100225883172&prver=0&pronetvd=null&region=3&sub_region=3",
  "prver" : "0",
  "isUik" : true,
  "selected" : false,
  "load_on_demand" : false
}, {
  "id" : 4024067399945,
  "text" : "УИК №3448",
  "href" : "region/izbirkom?action=show&root=22000038&tvd=4024067399945&vrn=100100225883172&prver=0&pronetvd=null&region=3&sub_region=3",
  "prver" : "0",
  "isUik" : true,
  "selected" : false,
  "load_on_demand" : false
}, {
  "id" : 4024067399946,
  "text" : "УИК №3449",
  "href" : "region/izbirkom?action=show&root=22000038&tvd=4024067399946&vrn=100100225883172&prver=0&pronetvd=null&region=3&sub_region=3",
  "prver" : "0",
  "isUik" : true,
  "selected" : false,
  "load_on_demand" : false
}, {
  "id" : 4024067399947,
  "text" : "УИК №3450",
  "href" : "region/izbirkom?action=show&root=22000038&tvd=4024067399947&vrn=100100225883172&prver=0&pronetvd=null&region=3&sub_region=3",
  "prver" : "0",
  "isUik" : true,
  "selected" : false,
  "load_on_demand" : false
}, {
  "id" : 4024067399948,
  "text" : "УИК №3451",
  "href" : "region/izbirkom?action=show&root=22000038&tvd=4024067399948&vrn=100100225883172&prver=0&pronetvd=null&region=3&sub_region=3",
  "prver" : "0",
  "isUik" : true,
  "selected" : false,
  "load_on_demand" : false
}, {
  "id" : 4024067399949,
  "text" : "УИК №3452",
  "href" : "region/izbirkom?action=show&root=22000038&tvd=4024067399949&vrn=100100225883172&prver=0&pronetvd=null&region=3&sub_region=3",
  "prver" : "0",
  "isUik" : true,
  "selected" : false,
  "load_on_demand" : false
} ]