[ {
  "id" : 4024059381862,
  "text" : "УИК №358",
  "href" : "region/izbirkom?action=show&root=22000004&tvd=4024059381862&vrn=100100225883172&prver=0&pronetvd=null&region=3&sub_region=3",
  "prver" : "0",
  "isUik" : true,
  "selected" : false,
  "load_on_demand" : false
}, {
  "id" : 4024059381863,
  "text" : "УИК №359",
  "href" : "region/izbirkom?action=show&root=22000004&tvd=4024059381863&vrn=100100225883172&prver=0&pronetvd=null&region=3&sub_region=3",
  "prver" : "0",
  "isUik" : true,
  "selected" : false,
  "load_on_demand" : false
}, {
  "id" : 4024059381864,
  "text" : "УИК №360",
  "href" : "region/izbirkom?action=show&root=22000004&tvd=4024059381864&vrn=100100225883172&prver=0&pronetvd=null&region=3&sub_region=3",
  "prver" : "0",
  "isUik" : true,
  "selected" : false,
  "load_on_demand" : false
}, {
  "id" : 4024059381865,
  "text" : "УИК №361",
  "href" : "region/izbirkom?action=show&root=22000004&tvd=4024059381865&vrn=100100225883172&prver=0&pronetvd=null&region=3&sub_region=3",
  "prver" : "0",
  "isUik" : true,
  "selected" : false,
  "load_on_demand" : false
}, {
  "id" : 4024059381866,
  "text" : "УИК №362",
  "href" : "region/izbirkom?action=show&root=22000004&tvd=4024059381866&vrn=100100225883172&prver=0&pronetvd=null&region=3&sub_region=3",
  "prver" : "0",
  "isUik" : true,
  "selected" : false,
  "load_on_demand" : false
}, {
  "id" : 4024059381867,
  "text" : "УИК №363",
  "href" : "region/izbirkom?action=show&root=22000004&tvd=4024059381867&vrn=100100225883172&prver=0&pronetvd=null&region=3&sub_region=3",
  "prver" : "0",
  "isUik" : true,
  "selected" : false,
  "load_on_demand" : false
}, {
  "id" : 4024059381868,
  "text" : "УИК №364",
  "href" : "region/izbirkom?action=show&root=22000004&tvd=4024059381868&vrn=100100225883172&prver=0&pronetvd=null&region=3&sub_region=3",
  "prver" : "0",
  "isUik" : true,
  "selected" : false,
  "load_on_demand" : false
}, {
  "id" : 4024059381869,
  "text" : "УИК №365",
  "href" : "region/izbirkom?action=show&root=22000004&tvd=4024059381869&vrn=100100225883172&prver=0&pronetvd=null&region=3&sub_region=3",
  "prver" : "0",
  "isUik" : true,
  "selected" : false,
  "load_on_demand" : false
}, {
  "id" : 4024059381870,
  "text" : "УИК №366",
  "href" : "region/izbirkom?action=show&root=22000004&tvd=4024059381870&vrn=100100225883172&prver=0&pronetvd=null&region=3&sub_region=3",
  "prver" : "0",
  "isUik" : true,
  "selected" : false,
  "load_on_demand" : false
}, {
  "id" : 4024059381871,
  "text" : "УИК №367",
  "href" : "region/izbirkom?action=show&root=22000004&tvd=4024059381871&vrn=100100225883172&prver=0&pronetvd=null&region=3&sub_region=3",
  "prver" : "0",
  "isUik" : true,
  "selected" : false,
  "load_on_demand" : false
}, {
  "id" : 4024059381872,
  "text" : "УИК №368",
  "href" : "region/izbirkom?action=show&root=22000004&tvd=4024059381872&vrn=100100225883172&prver=0&pronetvd=null&region=3&sub_region=3",
  "prver" : "0",
  "isUik" : true,
  "selected" : false,
  "load_on_demand" : false
}, {
  "id" : 4024059381873,
  "text" : "УИК №370",
  "href" : "region/izbirkom?action=show&root=22000004&tvd=4024059381873&vrn=100100225883172&prver=0&pronetvd=null&region=3&sub_region=3",
  "prver" : "0",
  "isUik" : true,
  "selected" : false,
  "load_on_demand" : false
}, {
  "id" : 4024059381874,
  "text" : "УИК №371",
  "href" : "region/izbirkom?action=show&root=22000004&tvd=4024059381874&vrn=100100225883172&prver=0&pronetvd=null&region=3&sub_region=3",
  "prver" : "0",
  "isUik" : true,
  "selected" : false,
  "load_on_demand" : false
}, {
  "id" : 4024059381875,
  "text" : "УИК №372",
  "href" : "region/izbirkom?action=show&root=22000004&tvd=4024059381875&vrn=100100225883172&prver=0&pronetvd=null&region=3&sub_region=3",
  "prver" : "0",
  "isUik" : true,
  "selected" : false,
  "load_on_demand" : false
}, {
  "id" : 4024059381876,
  "text" : "УИК №373",
  "href" : "region/izbirkom?action=show&root=22000004&tvd=4024059381876&vrn=100100225883172&prver=0&pronetvd=null&region=3&sub_region=3",
  "prver" : "0",
  "isUik" : true,
  "selected" : false,
  "load_on_demand" : false
}, {
  "id" : 4024059381877,
  "text" : "УИК №374",
  "href" : "region/izbirkom?action=show&root=22000004&tvd=4024059381877&vrn=100100225883172&prver=0&pronetvd=null&region=3&sub_region=3",
  "prver" : "0",
  "isUik" : true,
  "selected" : false,
  "load_on_demand" : false
}, {
  "id" : 4024059381878,
  "text" : "УИК №375",
  "href" : "region/izbirkom?action=show&root=22000004&tvd=4024059381878&vrn=100100225883172&prver=0&pronetvd=null&region=3&sub_region=3",
  "prver" : "0",
  "isUik" : true,
  "selected" : false,
  "load_on_demand" : false
}, {
  "id" : 4024059381879,
  "text" : "УИК №376",
  "href" : "region/izbirkom?action=show&root=22000004&tvd=4024059381879&vrn=100100225883172&prver=0&pronetvd=null&region=3&sub_region=3",
  "prver" : "0",
  "isUik" : true,
  "selected" : false,
  "load_on_demand" : false
}, {
  "id" : 4024059381880,
  "text" : "УИК №377",
  "href" : "region/izbirkom?action=show&root=22000004&tvd=4024059381880&vrn=100100225883172&prver=0&pronetvd=null&region=3&sub_region=3",
  "prver" : "0",
  "isUik" : true,
  "selected" : false,
  "load_on_demand" : false
}, {
  "id" : 4024059381881,
  "text" : "УИК №378",
  "href" : "region/izbirkom?action=show&root=22000004&tvd=4024059381881&vrn=100100225883172&prver=0&pronetvd=null&region=3&sub_region=3",
  "prver" : "0",
  "isUik" : true,
  "selected" : false,
  "load_on_demand" : false
}, {
  "id" : 4024059381882,
  "text" : "УИК №379",
  "href" : "region/izbirkom?action=show&root=22000004&tvd=4024059381882&vrn=100100225883172&prver=0&pronetvd=null&region=3&sub_region=3",
  "prver" : "0",
  "isUik" : true,
  "selected" : false,
  "load_on_demand" : false
}, {
  "id" : 4024059381883,
  "text" : "УИК №380",
  "href" : "region/izbirkom?action=show&root=22000004&tvd=4024059381883&vrn=100100225883172&prver=0&pronetvd=null&region=3&sub_region=3",
  "prver" : "0",
  "isUik" : true,
  "selected" : false,
  "load_on_demand" : false
}, {
  "id" : 4024059381884,
  "text" : "УИК №381",
  "href" : "region/izbirkom?action=show&root=22000004&tvd=4024059381884&vrn=100100225883172&prver=0&pronetvd=null&region=3&sub_region=3",
  "prver" : "0",
  "isUik" : true,
  "selected" : false,
  "load_on_demand" : false
}, {
  "id" : 4024059381885,
  "text" : "УИК №382",
  "href" : "region/izbirkom?action=show&root=22000004&tvd=4024059381885&vrn=100100225883172&prver=0&pronetvd=null&region=3&sub_region=3",
  "prver" : "0",
  "isUik" : true,
  "selected" : false,
  "load_on_demand" : false
}, {
  "id" : 4024059381886,
  "text" : "УИК №383",
  "href" : "region/izbirkom?action=show&root=22000004&tvd=4024059381886&vrn=100100225883172&prver=0&pronetvd=null&region=3&sub_region=3",
  "prver" : "0",
  "isUik" : true,
  "selected" : false,
  "load_on_demand" : false
}, {
  "id" : 4024059381887,
  "text" : "УИК №384",
  "href" : "region/izbirkom?action=show&root=22000004&tvd=4024059381887&vrn=100100225883172&prver=0&pronetvd=null&region=3&sub_region=3",
  "prver" : "0",
  "isUik" : true,
  "selected" : false,
  "load_on_demand" : false
}, {
  "id" : 4024059381888,
  "text" : "УИК №385",
  "href" : "region/izbirkom?action=show&root=22000004&tvd=4024059381888&vrn=100100225883172&prver=0&pronetvd=null&region=3&sub_region=3",
  "prver" : "0",
  "isUik" : true,
  "selected" : false,
  "load_on_demand" : false
}, {
  "id" : 4024059381889,
  "text" : "УИК №386",
  "href" : "region/izbirkom?action=show&root=22000004&tvd=4024059381889&vrn=100100225883172&prver=0&pronetvd=null&region=3&sub_region=3",
  "prver" : "0",
  "isUik" : true,
  "selected" : false,
  "load_on_demand" : false
}, {
  "id" : 4024059381890,
  "text" : "УИК №387",
  "href" : "region/izbirkom?action=show&root=22000004&tvd=4024059381890&vrn=100100225883172&prver=0&pronetvd=null&region=3&sub_region=3",
  "prver" : "0",
  "isUik" : true,
  "selected" : false,
  "load_on_demand" : false
}, {
  "id" : 4024059381891,
  "text" : "УИК №388",
  "href" : "region/izbirkom?action=show&root=22000004&tvd=4024059381891&vrn=100100225883172&prver=0&pronetvd=null&region=3&sub_region=3",
  "prver" : "0",
  "isUik" : true,
  "selected" : false,
  "load_on_demand" : false
}, {
  "id" : 4024059381892,
  "text" : "УИК №389",
  "href" : "region/izbirkom?action=show&root=22000004&tvd=4024059381892&vrn=100100225883172&prver=0&pronetvd=null&region=3&sub_region=3",
  "prver" : "0",
  "isUik" : true,
  "selected" : false,
  "load_on_demand" : false
}, {
  "id" : 4024059381893,
  "text" : "УИК №390",
  "href" : "region/izbirkom?action=show&root=22000004&tvd=4024059381893&vrn=100100225883172&prver=0&pronetvd=null&region=3&sub_region=3",
  "prver" : "0",
  "isUik" : true,
  "selected" : false,
  "load_on_demand" : false
}, {
  "id" : 4024059381894,
  "text" : "УИК №391",
  "href" : "region/izbirkom?action=show&root=22000004&tvd=4024059381894&vrn=100100225883172&prver=0&pronetvd=null&region=3&sub_region=3",
  "prver" : "0",
  "isUik" : true,
  "selected" : false,
  "load_on_demand" : false
}, {
  "id" : 4024059381895,
  "text" : "УИК №392",
  "href" : "region/izbirkom?action=show&root=22000004&tvd=4024059381895&vrn=100100225883172&prver=0&pronetvd=null&region=3&sub_region=3",
  "prver" : "0",
  "isUik" : true,
  "selected" : false,
  "load_on_demand" : false
}, {
  "id" : 4024059381896,
  "text" : "УИК №393",
  "href" : "region/izbirkom?action=show&root=22000004&tvd=4024059381896&vrn=100100225883172&prver=0&pronetvd=null&region=3&sub_region=3",
  "prver" : "0",
  "isUik" : true,
  "selected" : false,
  "load_on_demand" : false
}, {
  "id" : 4024059381897,
  "text" : "УИК №394",
  "href" : "region/izbirkom?action=show&root=22000004&tvd=4024059381897&vrn=100100225883172&prver=0&pronetvd=null&region=3&sub_region=3",
  "prver" : "0",
  "isUik" : true,
  "selected" : false,
  "load_on_demand" : false
}, {
  "id" : 4024059381898,
  "text" : "УИК №395",
  "href" : "region/izbirkom?action=show&root=22000004&tvd=4024059381898&vrn=100100225883172&prver=0&pronetvd=null&region=3&sub_region=3",
  "prver" : "0",
  "isUik" : true,
  "selected" : false,
  "load_on_demand" : false
}, {
  "id" : 4024059381899,
  "text" : "УИК №396",
  "href" : "region/izbirkom?action=show&root=22000004&tvd=4024059381899&vrn=100100225883172&prver=0&pronetvd=null&region=3&sub_region=3",
  "prver" : "0",
  "isUik" : true,
  "selected" : false,
  "load_on_demand" : false
}, {
  "id" : 4024059381900,
  "text" : "УИК №397",
  "href" : "region/izbirkom?action=show&root=22000004&tvd=4024059381900&vrn=100100225883172&prver=0&pronetvd=null&region=3&sub_region=3",
  "prver" : "0",
  "isUik" : true,
  "selected" : false,
  "load_on_demand" : false
}, {
  "id" : 4024059381901,
  "text" : "УИК №398",
  "href" : "region/izbirkom?action=show&root=22000004&tvd=4024059381901&vrn=100100225883172&prver=0&pronetvd=null&region=3&sub_region=3",
  "prver" : "0",
  "isUik" : true,
  "selected" : false,
  "load_on_demand" : false
}, {
  "id" : 4024059381902,
  "text" : "УИК №399",
  "href" : "region/izbirkom?action=show&root=22000004&tvd=4024059381902&vrn=100100225883172&prver=0&pronetvd=null&region=3&sub_region=3",
  "prver" : "0",
  "isUik" : true,
  "selected" : false,
  "load_on_demand" : false
}, {
  "id" : 4024059381903,
  "text" : "УИК №400",
  "href" : "region/izbirkom?action=show&root=22000004&tvd=4024059381903&vrn=100100225883172&prver=0&pronetvd=null&region=3&sub_region=3",
  "prver" : "0",
  "isUik" : true,
  "selected" : false,
  "load_on_demand" : false
}, {
  "id" : 4024059381904,
  "text" : "УИК №401",
  "href" : "region/izbirkom?action=show&root=22000004&tvd=4024059381904&vrn=100100225883172&prver=0&pronetvd=null&region=3&sub_region=3",
  "prver" : "0",
  "isUik" : true,
  "selected" : false,
  "load_on_demand" : false
}, {
  "id" : 4024059381905,
  "text" : "УИК №402",
  "href" : "region/izbirkom?action=show&root=22000004&tvd=4024059381905&vrn=100100225883172&prver=0&pronetvd=null&region=3&sub_region=3",
  "prver" : "0",
  "isUik" : true,
  "selected" : false,
  "load_on_demand" : false
}, {
  "id" : 4024059381906,
  "text" : "УИК №403",
  "href" : "region/izbirkom?action=show&root=22000004&tvd=4024059381906&vrn=100100225883172&prver=0&pronetvd=null&region=3&sub_region=3",
  "prver" : "0",
  "isUik" : true,
  "selected" : false,
  "load_on_demand" : false
}, {
  "id" : 4024059381907,
  "text" : "УИК №404",
  "href" : "region/izbirkom?action=show&root=22000004&tvd=4024059381907&vrn=100100225883172&prver=0&pronetvd=null&region=3&sub_region=3",
  "prver" : "0",
  "isUik" : true,
  "selected" : false,
  "load_on_demand" : false
}, {
  "id" : 4024059381908,
  "text" : "УИК №405",
  "href" : "region/izbirkom?action=show&root=22000004&tvd=4024059381908&vrn=100100225883172&prver=0&pronetvd=null&region=3&sub_region=3",
  "prver" : "0",
  "isUik" : true,
  "selected" : false,
  "load_on_demand" : false
}, {
  "id" : 4024059381909,
  "text" : "УИК №406",
  "href" : "region/izbirkom?action=show&root=22000004&tvd=4024059381909&vrn=100100225883172&prver=0&pronetvd=null&region=3&sub_region=3",
  "prver" : "0",
  "isUik" : true,
  "selected" : false,
  "load_on_demand" : false
}, {
  "id" : 4024059381910,
  "text" : "УИК №407",
  "href" : "region/izbirkom?action=show&root=22000004&tvd=4024059381910&vrn=100100225883172&prver=0&pronetvd=null&region=3&sub_region=3",
  "prver" : "0",
  "isUik" : true,
  "selected" : false,
  "load_on_demand" : false
}, {
  "id" : 4024059381911,
  "text" : "УИК №408",
  "href" : "region/izbirkom?action=show&root=22000004&tvd=4024059381911&vrn=100100225883172&prver=0&pronetvd=null&region=3&sub_region=3",
  "prver" : "0",
  "isUik" : true,
  "selected" : false,
  "load_on_demand" : false
}, {
  "id" : 4024059381912,
  "text" : "УИК №409",
  "href" : "region/izbirkom?action=show&root=22000004&tvd=4024059381912&vrn=100100225883172&prver=0&pronetvd=null&region=3&sub_region=3",
  "prver" : "0",
  "isUik" : true,
  "selected" : false,
  "load_on_demand" : false
}, {
  "id" : 4024059381913,
  "text" : "УИК №410",
  "href" : "region/izbirkom?action=show&root=22000004&tvd=4024059381913&vrn=100100225883172&prver=0&pronetvd=null&region=3&sub_region=3",
  "prver" : "0",
  "isUik" : true,
  "selected" : false,
  "load_on_demand" : false
}, {
  "id" : 4024059381914,
  "text" : "УИК №411",
  "href" : "region/izbirkom?action=show&root=22000004&tvd=4024059381914&vrn=100100225883172&prver=0&pronetvd=null&region=3&sub_region=3",
  "prver" : "0",
  "isUik" : true,
  "selected" : false,
  "load_on_demand" : false
}, {
  "id" : 4024059381915,
  "text" : "УИК №412",
  "href" : "region/izbirkom?action=show&root=22000004&tvd=4024059381915&vrn=100100225883172&prver=0&pronetvd=null&region=3&sub_region=3",
  "prver" : "0",
  "isUik" : true,
  "selected" : false,
  "load_on_demand" : false
}, {
  "id" : 4024059381916,
  "text" : "УИК №413",
  "href" : "region/izbirkom?action=show&root=22000004&tvd=4024059381916&vrn=100100225883172&prver=0&pronetvd=null&region=3&sub_region=3",
  "prver" : "0",
  "isUik" : true,
  "selected" : false,
  "load_on_demand" : false
}, {
  "id" : 4024059381917,
  "text" : "УИК №414",
  "href" : "region/izbirkom?action=show&root=22000004&tvd=4024059381917&vrn=100100225883172&prver=0&pronetvd=null&region=3&sub_region=3",
  "prver" : "0",
  "isUik" : true,
  "selected" : false,
  "load_on_demand" : false
}, {
  "id" : 4024059381918,
  "text" : "УИК №415",
  "href" : "region/izbirkom?action=show&root=22000004&tvd=4024059381918&vrn=100100225883172&prver=0&pronetvd=null&region=3&sub_region=3",
  "prver" : "0",
  "isUik" : true,
  "selected" : false,
  "load_on_demand" : false
}, {
  "id" : 4024059381919,
  "text" : "УИК №416",
  "href" : "region/izbirkom?action=show&root=22000004&tvd=4024059381919&vrn=100100225883172&prver=0&pronetvd=null&region=3&sub_region=3",
  "prver" : "0",
  "isUik" : true,
  "selected" : false,
  "load_on_demand" : false
}, {
  "id" : 4024059381920,
  "text" : "УИК №417",
  "href" : "region/izbirkom?action=show&root=22000004&tvd=4024059381920&vrn=100100225883172&prver=0&pronetvd=null&region=3&sub_region=3",
  "prver" : "0",
  "isUik" : true,
  "selected" : false,
  "load_on_demand" : false
}, {
  "id" : 4024059381921,
  "text" : "УИК №418",
  "href" : "region/izbirkom?action=show&root=22000004&tvd=4024059381921&vrn=100100225883172&prver=0&pronetvd=null&region=3&sub_region=3",
  "prver" : "0",
  "isUik" : true,
  "selected" : false,
  "load_on_demand" : false
}, {
  "id" : 4024059381922,
  "text" : "УИК №419",
  "href" : "region/izbirkom?action=show&root=22000004&tvd=4024059381922&vrn=100100225883172&prver=0&pronetvd=null&region=3&sub_region=3",
  "prver" : "0",
  "isUik" : true,
  "selected" : false,
  "load_on_demand" : false
}, {
  "id" : 4024059381923,
  "text" : "УИК №420",
  "href" : "region/izbirkom?action=show&root=22000004&tvd=4024059381923&vrn=100100225883172&prver=0&pronetvd=null&region=3&sub_region=3",
  "prver" : "0",
  "isUik" : true,
  "selected" : false,
  "load_on_demand" : false
}, {
  "id" : 4024059381924,
  "text" : "УИК №421",
  "href" : "region/izbirkom?action=show&root=22000004&tvd=4024059381924&vrn=100100225883172&prver=0&pronetvd=null&region=3&sub_region=3",
  "prver" : "0",
  "isUik" : true,
  "selected" : false,
  "load_on_demand" : false
}, {
  "id" : 4024059382176,
  "text" : "УИК №422",
  "href" : "region/izbirkom?action=show&root=22000004&tvd=4024059382176&vrn=100100225883172&prver=0&pronetvd=null&region=3&sub_region=3",
  "prver" : "0",
  "isUik" : true,
  "selected" : false,
  "load_on_demand" : false
}, {
  "id" : 4024059382177,
  "text" : "УИК №423",
  "href" : "region/izbirkom?action=show&root=22000004&tvd=4024059382177&vrn=100100225883172&prver=0&pronetvd=null&region=3&sub_region=3",
  "prver" : "0",
  "isUik" : true,
  "selected" : false,
  "load_on_demand" : false
}, {
  "id" : 4024059382178,
  "text" : "УИК №424",
  "href" : "region/izbirkom?action=show&root=22000004&tvd=4024059382178&vrn=100100225883172&prver=0&pronetvd=null&region=3&sub_region=3",
  "prver" : "0",
  "isUik" : true,
  "selected" : false,
  "load_on_demand" : false
}, {
  "id" : 4024059382179,
  "text" : "УИК №425",
  "href" : "region/izbirkom?action=show&root=22000004&tvd=4024059382179&vrn=100100225883172&prver=0&pronetvd=null&region=3&sub_region=3",
  "prver" : "0",
  "isUik" : true,
  "selected" : false,
  "load_on_demand" : false
} ]