[ {
  "id" : 4024025365317,
  "text" : "УИК №1908",
  "href" : "region/izbirkom?action=show&root=22000058&tvd=4024025365317&vrn=100100225883172&prver=0&pronetvd=null&region=3&sub_region=3",
  "prver" : "0",
  "isUik" : true,
  "selected" : false,
  "load_on_demand" : false
}, {
  "id" : 4024025365318,
  "text" : "УИК №1909",
  "href" : "region/izbirkom?action=show&root=22000058&tvd=4024025365318&vrn=100100225883172&prver=0&pronetvd=null&region=3&sub_region=3",
  "prver" : "0",
  "isUik" : true,
  "selected" : false,
  "load_on_demand" : false
}, {
  "id" : 4024025365319,
  "text" : "УИК №1910",
  "href" : "region/izbirkom?action=show&root=22000058&tvd=4024025365319&vrn=100100225883172&prver=0&pronetvd=null&region=3&sub_region=3",
  "prver" : "0",
  "isUik" : true,
  "selected" : false,
  "load_on_demand" : false
}, {
  "id" : 4024025365320,
  "text" : "УИК №1911",
  "href" : "region/izbirkom?action=show&root=22000058&tvd=4024025365320&vrn=100100225883172&prver=0&pronetvd=null&region=3&sub_region=3",
  "prver" : "0",
  "isUik" : true,
  "selected" : false,
  "load_on_demand" : false
}, {
  "id" : 4024025365321,
  "text" : "УИК №1912",
  "href" : "region/izbirkom?action=show&root=22000058&tvd=4024025365321&vrn=100100225883172&prver=0&pronetvd=null&region=3&sub_region=3",
  "prver" : "0",
  "isUik" : true,
  "selected" : false,
  "load_on_demand" : false
}, {
  "id" : 4024025365322,
  "text" : "УИК №1913",
  "href" : "region/izbirkom?action=show&root=22000058&tvd=4024025365322&vrn=100100225883172&prver=0&pronetvd=null&region=3&sub_region=3",
  "prver" : "0",
  "isUik" : true,
  "selected" : false,
  "load_on_demand" : false
}, {
  "id" : 4024025365323,
  "text" : "УИК №1914",
  "href" : "region/izbirkom?action=show&root=22000058&tvd=4024025365323&vrn=100100225883172&prver=0&pronetvd=null&region=3&sub_region=3",
  "prver" : "0",
  "isUik" : true,
  "selected" : false,
  "load_on_demand" : false
}, {
  "id" : 4024025365325,
  "text" : "УИК №1916",
  "href" : "region/izbirkom?action=show&root=22000058&tvd=4024025365325&vrn=100100225883172&prver=0&pronetvd=null&region=3&sub_region=3",
  "prver" : "0",
  "isUik" : true,
  "selected" : false,
  "load_on_demand" : false
}, {
  "id" : 4024025365326,
  "text" : "УИК №1917",
  "href" : "region/izbirkom?action=show&root=22000058&tvd=4024025365326&vrn=100100225883172&prver=0&pronetvd=null&region=3&sub_region=3",
  "prver" : "0",
  "isUik" : true,
  "selected" : false,
  "load_on_demand" : false
}, {
  "id" : 4024025365327,
  "text" : "УИК №1918",
  "href" : "region/izbirkom?action=show&root=22000058&tvd=4024025365327&vrn=100100225883172&prver=0&pronetvd=null&region=3&sub_region=3",
  "prver" : "0",
  "isUik" : true,
  "selected" : false,
  "load_on_demand" : false
}, {
  "id" : 4024025365328,
  "text" : "УИК №1919",
  "href" : "region/izbirkom?action=show&root=22000058&tvd=4024025365328&vrn=100100225883172&prver=0&pronetvd=null&region=3&sub_region=3",
  "prver" : "0",
  "isUik" : true,
  "selected" : false,
  "load_on_demand" : false
}, {
  "id" : 4024025365329,
  "text" : "УИК №1920",
  "href" : "region/izbirkom?action=show&root=22000058&tvd=4024025365329&vrn=100100225883172&prver=0&pronetvd=null&region=3&sub_region=3",
  "prver" : "0",
  "isUik" : true,
  "selected" : false,
  "load_on_demand" : false
}, {
  "id" : 4024025365330,
  "text" : "УИК №1921",
  "href" : "region/izbirkom?action=show&root=22000058&tvd=4024025365330&vrn=100100225883172&prver=0&pronetvd=null&region=3&sub_region=3",
  "prver" : "0",
  "isUik" : true,
  "selected" : false,
  "load_on_demand" : false
}, {
  "id" : 4024025365331,
  "text" : "УИК №1922",
  "href" : "region/izbirkom?action=show&root=22000058&tvd=4024025365331&vrn=100100225883172&prver=0&pronetvd=null&region=3&sub_region=3",
  "prver" : "0",
  "isUik" : true,
  "selected" : false,
  "load_on_demand" : false
}, {
  "id" : 4024025365332,
  "text" : "УИК №1923",
  "href" : "region/izbirkom?action=show&root=22000058&tvd=4024025365332&vrn=100100225883172&prver=0&pronetvd=null&region=3&sub_region=3",
  "prver" : "0",
  "isUik" : true,
  "selected" : false,
  "load_on_demand" : false
}, {
  "id" : 4024025365333,
  "text" : "УИК №1924",
  "href" : "region/izbirkom?action=show&root=22000058&tvd=4024025365333&vrn=100100225883172&prver=0&pronetvd=null&region=3&sub_region=3",
  "prver" : "0",
  "isUik" : true,
  "selected" : false,
  "load_on_demand" : false
}, {
  "id" : 4024025365334,
  "text" : "УИК №1925",
  "href" : "region/izbirkom?action=show&root=22000058&tvd=4024025365334&vrn=100100225883172&prver=0&pronetvd=null&region=3&sub_region=3",
  "prver" : "0",
  "isUik" : true,
  "selected" : false,
  "load_on_demand" : false
}, {
  "id" : 4024025365335,
  "text" : "УИК №1926",
  "href" : "region/izbirkom?action=show&root=22000058&tvd=4024025365335&vrn=100100225883172&prver=0&pronetvd=null&region=3&sub_region=3",
  "prver" : "0",
  "isUik" : true,
  "selected" : false,
  "load_on_demand" : false
}, {
  "id" : 4024025365336,
  "text" : "УИК №1927",
  "href" : "region/izbirkom?action=show&root=22000058&tvd=4024025365336&vrn=100100225883172&prver=0&pronetvd=null&region=3&sub_region=3",
  "prver" : "0",
  "isUik" : true,
  "selected" : false,
  "load_on_demand" : false
}, {
  "id" : 4024025365337,
  "text" : "УИК №1928",
  "href" : "region/izbirkom?action=show&root=22000058&tvd=4024025365337&vrn=100100225883172&prver=0&pronetvd=null&region=3&sub_region=3",
  "prver" : "0",
  "isUik" : true,
  "selected" : false,
  "load_on_demand" : false
}, {
  "id" : 4024025365338,
  "text" : "УИК №1929",
  "href" : "region/izbirkom?action=show&root=22000058&tvd=4024025365338&vrn=100100225883172&prver=0&pronetvd=null&region=3&sub_region=3",
  "prver" : "0",
  "isUik" : true,
  "selected" : false,
  "load_on_demand" : false
}, {
  "id" : 4024025365339,
  "text" : "УИК №1930",
  "href" : "region/izbirkom?action=show&root=22000058&tvd=4024025365339&vrn=100100225883172&prver=0&pronetvd=null&region=3&sub_region=3",
  "prver" : "0",
  "isUik" : true,
  "selected" : false,
  "load_on_demand" : false
}, {
  "id" : 4024025365340,
  "text" : "УИК №1931",
  "href" : "region/izbirkom?action=show&root=22000058&tvd=4024025365340&vrn=100100225883172&prver=0&pronetvd=null&region=3&sub_region=3",
  "prver" : "0",
  "isUik" : true,
  "selected" : false,
  "load_on_demand" : false
}, {
  "id" : 4024025365341,
  "text" : "УИК №1932",
  "href" : "region/izbirkom?action=show&root=22000058&tvd=4024025365341&vrn=100100225883172&prver=0&pronetvd=null&region=3&sub_region=3",
  "prver" : "0",
  "isUik" : true,
  "selected" : false,
  "load_on_demand" : false
}, {
  "id" : 4024025365342,
  "text" : "УИК №1933",
  "href" : "region/izbirkom?action=show&root=22000058&tvd=4024025365342&vrn=100100225883172&prver=0&pronetvd=null&region=3&sub_region=3",
  "prver" : "0",
  "isUik" : true,
  "selected" : false,
  "load_on_demand" : false
}, {
  "id" : 4024025365343,
  "text" : "УИК №1934",
  "href" : "region/izbirkom?action=show&root=22000058&tvd=4024025365343&vrn=100100225883172&prver=0&pronetvd=null&region=3&sub_region=3",
  "prver" : "0",
  "isUik" : true,
  "selected" : false,
  "load_on_demand" : false
}, {
  "id" : 4024025365344,
  "text" : "УИК №1935",
  "href" : "region/izbirkom?action=show&root=22000058&tvd=4024025365344&vrn=100100225883172&prver=0&pronetvd=null&region=3&sub_region=3",
  "prver" : "0",
  "isUik" : true,
  "selected" : false,
  "load_on_demand" : false
}, {
  "id" : 4024025365345,
  "text" : "УИК №1936",
  "href" : "region/izbirkom?action=show&root=22000058&tvd=4024025365345&vrn=100100225883172&prver=0&pronetvd=null&region=3&sub_region=3",
  "prver" : "0",
  "isUik" : true,
  "selected" : false,
  "load_on_demand" : false
}, {
  "id" : 4024025365346,
  "text" : "УИК №1937",
  "href" : "region/izbirkom?action=show&root=22000058&tvd=4024025365346&vrn=100100225883172&prver=0&pronetvd=null&region=3&sub_region=3",
  "prver" : "0",
  "isUik" : true,
  "selected" : false,
  "load_on_demand" : false
}, {
  "id" : 4024025365347,
  "text" : "УИК №1938",
  "href" : "region/izbirkom?action=show&root=22000058&tvd=4024025365347&vrn=100100225883172&prver=0&pronetvd=null&region=3&sub_region=3",
  "prver" : "0",
  "isUik" : true,
  "selected" : false,
  "load_on_demand" : false
}, {
  "id" : 4024025365348,
  "text" : "УИК №1939",
  "href" : "region/izbirkom?action=show&root=22000058&tvd=4024025365348&vrn=100100225883172&prver=0&pronetvd=null&region=3&sub_region=3",
  "prver" : "0",
  "isUik" : true,
  "selected" : false,
  "load_on_demand" : false
}, {
  "id" : 4024025365349,
  "text" : "УИК №1940",
  "href" : "region/izbirkom?action=show&root=22000058&tvd=4024025365349&vrn=100100225883172&prver=0&pronetvd=null&region=3&sub_region=3",
  "prver" : "0",
  "isUik" : true,
  "selected" : false,
  "load_on_demand" : false
}, {
  "id" : 4024025365350,
  "text" : "УИК №1941",
  "href" : "region/izbirkom?action=show&root=22000058&tvd=4024025365350&vrn=100100225883172&prver=0&pronetvd=null&region=3&sub_region=3",
  "prver" : "0",
  "isUik" : true,
  "selected" : false,
  "load_on_demand" : false
}, {
  "id" : 4024025365352,
  "text" : "УИК №1944",
  "href" : "region/izbirkom?action=show&root=22000058&tvd=4024025365352&vrn=100100225883172&prver=0&pronetvd=null&region=3&sub_region=3",
  "prver" : "0",
  "isUik" : true,
  "selected" : false,
  "load_on_demand" : false
}, {
  "id" : 4024025365353,
  "text" : "УИК №1945",
  "href" : "region/izbirkom?action=show&root=22000058&tvd=4024025365353&vrn=100100225883172&prver=0&pronetvd=null&region=3&sub_region=3",
  "prver" : "0",
  "isUik" : true,
  "selected" : false,
  "load_on_demand" : false
}, {
  "id" : 4024025365354,
  "text" : "УИК №1946",
  "href" : "region/izbirkom?action=show&root=22000058&tvd=4024025365354&vrn=100100225883172&prver=0&pronetvd=null&region=3&sub_region=3",
  "prver" : "0",
  "isUik" : true,
  "selected" : false,
  "load_on_demand" : false
}, {
  "id" : 4024025365355,
  "text" : "УИК №1947",
  "href" : "region/izbirkom?action=show&root=22000058&tvd=4024025365355&vrn=100100225883172&prver=0&pronetvd=null&region=3&sub_region=3",
  "prver" : "0",
  "isUik" : true,
  "selected" : false,
  "load_on_demand" : false
}, {
  "id" : 4024025365356,
  "text" : "УИК №1948",
  "href" : "region/izbirkom?action=show&root=22000058&tvd=4024025365356&vrn=100100225883172&prver=0&pronetvd=null&region=3&sub_region=3",
  "prver" : "0",
  "isUik" : true,
  "selected" : false,
  "load_on_demand" : false
}, {
  "id" : 4024025365357,
  "text" : "УИК №1949",
  "href" : "region/izbirkom?action=show&root=22000058&tvd=4024025365357&vrn=100100225883172&prver=0&pronetvd=null&region=3&sub_region=3",
  "prver" : "0",
  "isUik" : true,
  "selected" : false,
  "load_on_demand" : false
}, {
  "id" : 4024025365358,
  "text" : "УИК №1950",
  "href" : "region/izbirkom?action=show&root=22000058&tvd=4024025365358&vrn=100100225883172&prver=0&pronetvd=null&region=3&sub_region=3",
  "prver" : "0",
  "isUik" : true,
  "selected" : false,
  "load_on_demand" : false
}, {
  "id" : 4024025365359,
  "text" : "УИК №1951",
  "href" : "region/izbirkom?action=show&root=22000058&tvd=4024025365359&vrn=100100225883172&prver=0&pronetvd=null&region=3&sub_region=3",
  "prver" : "0",
  "isUik" : true,
  "selected" : false,
  "load_on_demand" : false
}, {
  "id" : 4024025365360,
  "text" : "УИК №1952",
  "href" : "region/izbirkom?action=show&root=22000058&tvd=4024025365360&vrn=100100225883172&prver=0&pronetvd=null&region=3&sub_region=3",
  "prver" : "0",
  "isUik" : true,
  "selected" : false,
  "load_on_demand" : false
}, {
  "id" : 4024025365361,
  "text" : "УИК №1953",
  "href" : "region/izbirkom?action=show&root=22000058&tvd=4024025365361&vrn=100100225883172&prver=0&pronetvd=null&region=3&sub_region=3",
  "prver" : "0",
  "isUik" : true,
  "selected" : false,
  "load_on_demand" : false
}, {
  "id" : 4024025365362,
  "text" : "УИК №1954",
  "href" : "region/izbirkom?action=show&root=22000058&tvd=4024025365362&vrn=100100225883172&prver=0&pronetvd=null&region=3&sub_region=3",
  "prver" : "0",
  "isUik" : true,
  "selected" : false,
  "load_on_demand" : false
}, {
  "id" : 4024025365363,
  "text" : "УИК №1955",
  "href" : "region/izbirkom?action=show&root=22000058&tvd=4024025365363&vrn=100100225883172&prver=0&pronetvd=null&region=3&sub_region=3",
  "prver" : "0",
  "isUik" : true,
  "selected" : false,
  "load_on_demand" : false
}, {
  "id" : 4024025365364,
  "text" : "УИК №1956",
  "href" : "region/izbirkom?action=show&root=22000058&tvd=4024025365364&vrn=100100225883172&prver=0&pronetvd=null&region=3&sub_region=3",
  "prver" : "0",
  "isUik" : true,
  "selected" : false,
  "load_on_demand" : false
}, {
  "id" : 4024025365365,
  "text" : "УИК №1957",
  "href" : "region/izbirkom?action=show&root=22000058&tvd=4024025365365&vrn=100100225883172&prver=0&pronetvd=null&region=3&sub_region=3",
  "prver" : "0",
  "isUik" : true,
  "selected" : false,
  "load_on_demand" : false
}, {
  "id" : 4024025365366,
  "text" : "УИК №1958",
  "href" : "region/izbirkom?action=show&root=22000058&tvd=4024025365366&vrn=100100225883172&prver=0&pronetvd=null&region=3&sub_region=3",
  "prver" : "0",
  "isUik" : true,
  "selected" : false,
  "load_on_demand" : false
}, {
  "id" : 4024025365368,
  "text" : "УИК №1960",
  "href" : "region/izbirkom?action=show&root=22000058&tvd=4024025365368&vrn=100100225883172&prver=0&pronetvd=null&region=3&sub_region=3",
  "prver" : "0",
  "isUik" : true,
  "selected" : false,
  "load_on_demand" : false
}, {
  "id" : 4024025365369,
  "text" : "УИК №1961",
  "href" : "region/izbirkom?action=show&root=22000058&tvd=4024025365369&vrn=100100225883172&prver=0&pronetvd=null&region=3&sub_region=3",
  "prver" : "0",
  "isUik" : true,
  "selected" : false,
  "load_on_demand" : false
}, {
  "id" : 4024025365370,
  "text" : "УИК №1962",
  "href" : "region/izbirkom?action=show&root=22000058&tvd=4024025365370&vrn=100100225883172&prver=0&pronetvd=null&region=3&sub_region=3",
  "prver" : "0",
  "isUik" : true,
  "selected" : false,
  "load_on_demand" : false
}, {
  "id" : 4024025365372,
  "text" : "УИК №1964",
  "href" : "region/izbirkom?action=show&root=22000058&tvd=4024025365372&vrn=100100225883172&prver=0&pronetvd=null&region=3&sub_region=3",
  "prver" : "0",
  "isUik" : true,
  "selected" : false,
  "load_on_demand" : false
}, {
  "id" : 4024025365373,
  "text" : "УИК №1965",
  "href" : "region/izbirkom?action=show&root=22000058&tvd=4024025365373&vrn=100100225883172&prver=0&pronetvd=null&region=3&sub_region=3",
  "prver" : "0",
  "isUik" : true,
  "selected" : false,
  "load_on_demand" : false
}, {
  "id" : 4024025365374,
  "text" : "УИК №1966",
  "href" : "region/izbirkom?action=show&root=22000058&tvd=4024025365374&vrn=100100225883172&prver=0&pronetvd=null&region=3&sub_region=3",
  "prver" : "0",
  "isUik" : true,
  "selected" : false,
  "load_on_demand" : false
}, {
  "id" : 4024025365375,
  "text" : "УИК №1967",
  "href" : "region/izbirkom?action=show&root=22000058&tvd=4024025365375&vrn=100100225883172&prver=0&pronetvd=null&region=3&sub_region=3",
  "prver" : "0",
  "isUik" : true,
  "selected" : false,
  "load_on_demand" : false
}, {
  "id" : 4024025365376,
  "text" : "УИК №1968",
  "href" : "region/izbirkom?action=show&root=22000058&tvd=4024025365376&vrn=100100225883172&prver=0&pronetvd=null&region=3&sub_region=3",
  "prver" : "0",
  "isUik" : true,
  "selected" : false,
  "load_on_demand" : false
}, {
  "id" : 4024025365377,
  "text" : "УИК №1969",
  "href" : "region/izbirkom?action=show&root=22000058&tvd=4024025365377&vrn=100100225883172&prver=0&pronetvd=null&region=3&sub_region=3",
  "prver" : "0",
  "isUik" : true,
  "selected" : false,
  "load_on_demand" : false
}, {
  "id" : 4024025365378,
  "text" : "УИК №1970",
  "href" : "region/izbirkom?action=show&root=22000058&tvd=4024025365378&vrn=100100225883172&prver=0&pronetvd=null&region=3&sub_region=3",
  "prver" : "0",
  "isUik" : true,
  "selected" : false,
  "load_on_demand" : false
}, {
  "id" : 4024025365379,
  "text" : "УИК №1971",
  "href" : "region/izbirkom?action=show&root=22000058&tvd=4024025365379&vrn=100100225883172&prver=0&pronetvd=null&region=3&sub_region=3",
  "prver" : "0",
  "isUik" : true,
  "selected" : false,
  "load_on_demand" : false
} ]