[ {
  "id" : 4024065458556,
  "text" : "УИК №3307",
  "href" : "region/izbirkom?action=show&root=22000002&tvd=4024065458556&vrn=100100225883172&prver=0&pronetvd=null&region=3&sub_region=3",
  "prver" : "0",
  "isUik" : true,
  "selected" : false,
  "load_on_demand" : false
}, {
  "id" : 4024065458557,
  "text" : "УИК №3308",
  "href" : "region/izbirkom?action=show&root=22000002&tvd=4024065458557&vrn=100100225883172&prver=0&pronetvd=null&region=3&sub_region=3",
  "prver" : "0",
  "isUik" : true,
  "selected" : false,
  "load_on_demand" : false
}, {
  "id" : 4024065458558,
  "text" : "УИК №3309",
  "href" : "region/izbirkom?action=show&root=22000002&tvd=4024065458558&vrn=100100225883172&prver=0&pronetvd=null&region=3&sub_region=3",
  "prver" : "0",
  "isUik" : true,
  "selected" : false,
  "load_on_demand" : false
}, {
  "id" : 4024065458559,
  "text" : "УИК №3310",
  "href" : "region/izbirkom?action=show&root=22000002&tvd=4024065458559&vrn=100100225883172&prver=0&pronetvd=null&region=3&sub_region=3",
  "prver" : "0",
  "isUik" : true,
  "selected" : false,
  "load_on_demand" : false
}, {
  "id" : 4024065458560,
  "text" : "УИК №3311",
  "href" : "region/izbirkom?action=show&root=22000002&tvd=4024065458560&vrn=100100225883172&prver=0&pronetvd=null&region=3&sub_region=3",
  "prver" : "0",
  "isUik" : true,
  "selected" : false,
  "load_on_demand" : false
}, {
  "id" : 4024065458561,
  "text" : "УИК №3312",
  "href" : "region/izbirkom?action=show&root=22000002&tvd=4024065458561&vrn=100100225883172&prver=0&pronetvd=null&region=3&sub_region=3",
  "prver" : "0",
  "isUik" : true,
  "selected" : false,
  "load_on_demand" : false
}, {
  "id" : 4024065458562,
  "text" : "УИК №3313",
  "href" : "region/izbirkom?action=show&root=22000002&tvd=4024065458562&vrn=100100225883172&prver=0&pronetvd=null&region=3&sub_region=3",
  "prver" : "0",
  "isUik" : true,
  "selected" : false,
  "load_on_demand" : false
}, {
  "id" : 4024065458563,
  "text" : "УИК №3314",
  "href" : "region/izbirkom?action=show&root=22000002&tvd=4024065458563&vrn=100100225883172&prver=0&pronetvd=null&region=3&sub_region=3",
  "prver" : "0",
  "isUik" : true,
  "selected" : false,
  "load_on_demand" : false
}, {
  "id" : 4024065458564,
  "text" : "УИК №3315",
  "href" : "region/izbirkom?action=show&root=22000002&tvd=4024065458564&vrn=100100225883172&prver=0&pronetvd=null&region=3&sub_region=3",
  "prver" : "0",
  "isUik" : true,
  "selected" : false,
  "load_on_demand" : false
}, {
  "id" : 4024065458565,
  "text" : "УИК №3316",
  "href" : "region/izbirkom?action=show&root=22000002&tvd=4024065458565&vrn=100100225883172&prver=0&pronetvd=null&region=3&sub_region=3",
  "prver" : "0",
  "isUik" : true,
  "selected" : false,
  "load_on_demand" : false
}, {
  "id" : 4024065458566,
  "text" : "УИК №3317",
  "href" : "region/izbirkom?action=show&root=22000002&tvd=4024065458566&vrn=100100225883172&prver=0&pronetvd=null&region=3&sub_region=3",
  "prver" : "0",
  "isUik" : true,
  "selected" : false,
  "load_on_demand" : false
}, {
  "id" : 4024065458567,
  "text" : "УИК №3318",
  "href" : "region/izbirkom?action=show&root=22000002&tvd=4024065458567&vrn=100100225883172&prver=0&pronetvd=null&region=3&sub_region=3",
  "prver" : "0",
  "isUik" : true,
  "selected" : false,
  "load_on_demand" : false
}, {
  "id" : 4024065458568,
  "text" : "УИК №3319",
  "href" : "region/izbirkom?action=show&root=22000002&tvd=4024065458568&vrn=100100225883172&prver=0&pronetvd=null&region=3&sub_region=3",
  "prver" : "0",
  "isUik" : true,
  "selected" : false,
  "load_on_demand" : false
}, {
  "id" : 4024065458569,
  "text" : "УИК №3320",
  "href" : "region/izbirkom?action=show&root=22000002&tvd=4024065458569&vrn=100100225883172&prver=0&pronetvd=null&region=3&sub_region=3",
  "prver" : "0",
  "isUik" : true,
  "selected" : false,
  "load_on_demand" : false
}, {
  "id" : 4024065458570,
  "text" : "УИК №3321",
  "href" : "region/izbirkom?action=show&root=22000002&tvd=4024065458570&vrn=100100225883172&prver=0&pronetvd=null&region=3&sub_region=3",
  "prver" : "0",
  "isUik" : true,
  "selected" : false,
  "load_on_demand" : false
}, {
  "id" : 4024065458571,
  "text" : "УИК №3322",
  "href" : "region/izbirkom?action=show&root=22000002&tvd=4024065458571&vrn=100100225883172&prver=0&pronetvd=null&region=3&sub_region=3",
  "prver" : "0",
  "isUik" : true,
  "selected" : false,
  "load_on_demand" : false
}, {
  "id" : 4024065458572,
  "text" : "УИК №3323",
  "href" : "region/izbirkom?action=show&root=22000002&tvd=4024065458572&vrn=100100225883172&prver=0&pronetvd=null&region=3&sub_region=3",
  "prver" : "0",
  "isUik" : true,
  "selected" : false,
  "load_on_demand" : false
}, {
  "id" : 4024065458573,
  "text" : "УИК №3324",
  "href" : "region/izbirkom?action=show&root=22000002&tvd=4024065458573&vrn=100100225883172&prver=0&pronetvd=null&region=3&sub_region=3",
  "prver" : "0",
  "isUik" : true,
  "selected" : false,
  "load_on_demand" : false
}, {
  "id" : 4024065458574,
  "text" : "УИК №3325",
  "href" : "region/izbirkom?action=show&root=22000002&tvd=4024065458574&vrn=100100225883172&prver=0&pronetvd=null&region=3&sub_region=3",
  "prver" : "0",
  "isUik" : true,
  "selected" : false,
  "load_on_demand" : false
}, {
  "id" : 4024065458575,
  "text" : "УИК №3326",
  "href" : "region/izbirkom?action=show&root=22000002&tvd=4024065458575&vrn=100100225883172&prver=0&pronetvd=null&region=3&sub_region=3",
  "prver" : "0",
  "isUik" : true,
  "selected" : false,
  "load_on_demand" : false
}, {
  "id" : 4024065458576,
  "text" : "УИК №3327",
  "href" : "region/izbirkom?action=show&root=22000002&tvd=4024065458576&vrn=100100225883172&prver=0&pronetvd=null&region=3&sub_region=3",
  "prver" : "0",
  "isUik" : true,
  "selected" : false,
  "load_on_demand" : false
}, {
  "id" : 4024065458577,
  "text" : "УИК №3328",
  "href" : "region/izbirkom?action=show&root=22000002&tvd=4024065458577&vrn=100100225883172&prver=0&pronetvd=null&region=3&sub_region=3",
  "prver" : "0",
  "isUik" : true,
  "selected" : false,
  "load_on_demand" : false
}, {
  "id" : 4024065458578,
  "text" : "УИК №3329",
  "href" : "region/izbirkom?action=show&root=22000002&tvd=4024065458578&vrn=100100225883172&prver=0&pronetvd=null&region=3&sub_region=3",
  "prver" : "0",
  "isUik" : true,
  "selected" : false,
  "load_on_demand" : false
}, {
  "id" : 4024065458579,
  "text" : "УИК №3330",
  "href" : "region/izbirkom?action=show&root=22000002&tvd=4024065458579&vrn=100100225883172&prver=0&pronetvd=null&region=3&sub_region=3",
  "prver" : "0",
  "isUik" : true,
  "selected" : false,
  "load_on_demand" : false
}, {
  "id" : 4024065458580,
  "text" : "УИК №3331",
  "href" : "region/izbirkom?action=show&root=22000002&tvd=4024065458580&vrn=100100225883172&prver=0&pronetvd=null&region=3&sub_region=3",
  "prver" : "0",
  "isUik" : true,
  "selected" : false,
  "load_on_demand" : false
}, {
  "id" : 4024065458581,
  "text" : "УИК №3332",
  "href" : "region/izbirkom?action=show&root=22000002&tvd=4024065458581&vrn=100100225883172&prver=0&pronetvd=null&region=3&sub_region=3",
  "prver" : "0",
  "isUik" : true,
  "selected" : false,
  "load_on_demand" : false
}, {
  "id" : 4024065458582,
  "text" : "УИК №3333",
  "href" : "region/izbirkom?action=show&root=22000002&tvd=4024065458582&vrn=100100225883172&prver=0&pronetvd=null&region=3&sub_region=3",
  "prver" : "0",
  "isUik" : true,
  "selected" : false,
  "load_on_demand" : false
}, {
  "id" : 4024065458583,
  "text" : "УИК №3334",
  "href" : "region/izbirkom?action=show&root=22000002&tvd=4024065458583&vrn=100100225883172&prver=0&pronetvd=null&region=3&sub_region=3",
  "prver" : "0",
  "isUik" : true,
  "selected" : false,
  "load_on_demand" : false
}, {
  "id" : 4024065458584,
  "text" : "УИК №3335",
  "href" : "region/izbirkom?action=show&root=22000002&tvd=4024065458584&vrn=100100225883172&prver=0&pronetvd=null&region=3&sub_region=3",
  "prver" : "0",
  "isUik" : true,
  "selected" : false,
  "load_on_demand" : false
}, {
  "id" : 4024065458585,
  "text" : "УИК №3336",
  "href" : "region/izbirkom?action=show&root=22000002&tvd=4024065458585&vrn=100100225883172&prver=0&pronetvd=null&region=3&sub_region=3",
  "prver" : "0",
  "isUik" : true,
  "selected" : false,
  "load_on_demand" : false
}, {
  "id" : 4024065458586,
  "text" : "УИК №3337",
  "href" : "region/izbirkom?action=show&root=22000002&tvd=4024065458586&vrn=100100225883172&prver=0&pronetvd=null&region=3&sub_region=3",
  "prver" : "0",
  "isUik" : true,
  "selected" : false,
  "load_on_demand" : false
}, {
  "id" : 4024065458587,
  "text" : "УИК №3338",
  "href" : "region/izbirkom?action=show&root=22000002&tvd=4024065458587&vrn=100100225883172&prver=0&pronetvd=null&region=3&sub_region=3",
  "prver" : "0",
  "isUik" : true,
  "selected" : false,
  "load_on_demand" : false
}, {
  "id" : 4024065458588,
  "text" : "УИК №3339",
  "href" : "region/izbirkom?action=show&root=22000002&tvd=4024065458588&vrn=100100225883172&prver=0&pronetvd=null&region=3&sub_region=3",
  "prver" : "0",
  "isUik" : true,
  "selected" : false,
  "load_on_demand" : false
}, {
  "id" : 4024065458589,
  "text" : "УИК №3340",
  "href" : "region/izbirkom?action=show&root=22000002&tvd=4024065458589&vrn=100100225883172&prver=0&pronetvd=null&region=3&sub_region=3",
  "prver" : "0",
  "isUik" : true,
  "selected" : false,
  "load_on_demand" : false
}, {
  "id" : 4024065458590,
  "text" : "УИК №3341",
  "href" : "region/izbirkom?action=show&root=22000002&tvd=4024065458590&vrn=100100225883172&prver=0&pronetvd=null&region=3&sub_region=3",
  "prver" : "0",
  "isUik" : true,
  "selected" : false,
  "load_on_demand" : false
}, {
  "id" : 4024065458591,
  "text" : "УИК №3342",
  "href" : "region/izbirkom?action=show&root=22000002&tvd=4024065458591&vrn=100100225883172&prver=0&pronetvd=null&region=3&sub_region=3",
  "prver" : "0",
  "isUik" : true,
  "selected" : false,
  "load_on_demand" : false
}, {
  "id" : 4024065458592,
  "text" : "УИК №3343",
  "href" : "region/izbirkom?action=show&root=22000002&tvd=4024065458592&vrn=100100225883172&prver=0&pronetvd=null&region=3&sub_region=3",
  "prver" : "0",
  "isUik" : true,
  "selected" : false,
  "load_on_demand" : false
}, {
  "id" : 4024065458593,
  "text" : "УИК №3344",
  "href" : "region/izbirkom?action=show&root=22000002&tvd=4024065458593&vrn=100100225883172&prver=0&pronetvd=null&region=3&sub_region=3",
  "prver" : "0",
  "isUik" : true,
  "selected" : false,
  "load_on_demand" : false
}, {
  "id" : 4024065458594,
  "text" : "УИК №3345",
  "href" : "region/izbirkom?action=show&root=22000002&tvd=4024065458594&vrn=100100225883172&prver=0&pronetvd=null&region=3&sub_region=3",
  "prver" : "0",
  "isUik" : true,
  "selected" : false,
  "load_on_demand" : false
}, {
  "id" : 4024065458595,
  "text" : "УИК №3346",
  "href" : "region/izbirkom?action=show&root=22000002&tvd=4024065458595&vrn=100100225883172&prver=0&pronetvd=null&region=3&sub_region=3",
  "prver" : "0",
  "isUik" : true,
  "selected" : false,
  "load_on_demand" : false
}, {
  "id" : 4024065458596,
  "text" : "УИК №3347",
  "href" : "region/izbirkom?action=show&root=22000002&tvd=4024065458596&vrn=100100225883172&prver=0&pronetvd=null&region=3&sub_region=3",
  "prver" : "0",
  "isUik" : true,
  "selected" : false,
  "load_on_demand" : false
}, {
  "id" : 4024065458597,
  "text" : "УИК №3348",
  "href" : "region/izbirkom?action=show&root=22000002&tvd=4024065458597&vrn=100100225883172&prver=0&pronetvd=null&region=3&sub_region=3",
  "prver" : "0",
  "isUik" : true,
  "selected" : false,
  "load_on_demand" : false
}, {
  "id" : 4024065458598,
  "text" : "УИК №3349",
  "href" : "region/izbirkom?action=show&root=22000002&tvd=4024065458598&vrn=100100225883172&prver=0&pronetvd=null&region=3&sub_region=3",
  "prver" : "0",
  "isUik" : true,
  "selected" : false,
  "load_on_demand" : false
}, {
  "id" : 4024065458599,
  "text" : "УИК №3350",
  "href" : "region/izbirkom?action=show&root=22000002&tvd=4024065458599&vrn=100100225883172&prver=0&pronetvd=null&region=3&sub_region=3",
  "prver" : "0",
  "isUik" : true,
  "selected" : false,
  "load_on_demand" : false
}, {
  "id" : 4024065458600,
  "text" : "УИК №3351",
  "href" : "region/izbirkom?action=show&root=22000002&tvd=4024065458600&vrn=100100225883172&prver=0&pronetvd=null&region=3&sub_region=3",
  "prver" : "0",
  "isUik" : true,
  "selected" : false,
  "load_on_demand" : false
}, {
  "id" : 4024065458601,
  "text" : "УИК №3352",
  "href" : "region/izbirkom?action=show&root=22000002&tvd=4024065458601&vrn=100100225883172&prver=0&pronetvd=null&region=3&sub_region=3",
  "prver" : "0",
  "isUik" : true,
  "selected" : false,
  "load_on_demand" : false
}, {
  "id" : 4024065458602,
  "text" : "УИК №3353",
  "href" : "region/izbirkom?action=show&root=22000002&tvd=4024065458602&vrn=100100225883172&prver=0&pronetvd=null&region=3&sub_region=3",
  "prver" : "0",
  "isUik" : true,
  "selected" : false,
  "load_on_demand" : false
}, {
  "id" : 4024065458603,
  "text" : "УИК №3354",
  "href" : "region/izbirkom?action=show&root=22000002&tvd=4024065458603&vrn=100100225883172&prver=0&pronetvd=null&region=3&sub_region=3",
  "prver" : "0",
  "isUik" : true,
  "selected" : false,
  "load_on_demand" : false
}, {
  "id" : 4024065458604,
  "text" : "УИК №3355",
  "href" : "region/izbirkom?action=show&root=22000002&tvd=4024065458604&vrn=100100225883172&prver=0&pronetvd=null&region=3&sub_region=3",
  "prver" : "0",
  "isUik" : true,
  "selected" : false,
  "load_on_demand" : false
}, {
  "id" : 4024065458605,
  "text" : "УИК №3356",
  "href" : "region/izbirkom?action=show&root=22000002&tvd=4024065458605&vrn=100100225883172&prver=0&pronetvd=null&region=3&sub_region=3",
  "prver" : "0",
  "isUik" : true,
  "selected" : false,
  "load_on_demand" : false
}, {
  "id" : 4024065458606,
  "text" : "УИК №3357",
  "href" : "region/izbirkom?action=show&root=22000002&tvd=4024065458606&vrn=100100225883172&prver=0&pronetvd=null&region=3&sub_region=3",
  "prver" : "0",
  "isUik" : true,
  "selected" : false,
  "load_on_demand" : false
}, {
  "id" : 4024065458607,
  "text" : "УИК №3358",
  "href" : "region/izbirkom?action=show&root=22000002&tvd=4024065458607&vrn=100100225883172&prver=0&pronetvd=null&region=3&sub_region=3",
  "prver" : "0",
  "isUik" : true,
  "selected" : false,
  "load_on_demand" : false
}, {
  "id" : 4024065458608,
  "text" : "УИК №3359",
  "href" : "region/izbirkom?action=show&root=22000002&tvd=4024065458608&vrn=100100225883172&prver=0&pronetvd=null&region=3&sub_region=3",
  "prver" : "0",
  "isUik" : true,
  "selected" : false,
  "load_on_demand" : false
}, {
  "id" : 4024065458609,
  "text" : "УИК №3360",
  "href" : "region/izbirkom?action=show&root=22000002&tvd=4024065458609&vrn=100100225883172&prver=0&pronetvd=null&region=3&sub_region=3",
  "prver" : "0",
  "isUik" : true,
  "selected" : false,
  "load_on_demand" : false
} ]