[ {
  "id" : 4024073175321,
  "text" : "УИК №459",
  "href" : "region/izbirkom?action=show&root=22000029&tvd=4024073175321&vrn=100100225883172&prver=0&pronetvd=null&region=3&sub_region=3",
  "prver" : "0",
  "isUik" : true,
  "selected" : false,
  "load_on_demand" : false
}, {
  "id" : 4024073175322,
  "text" : "УИК №460",
  "href" : "region/izbirkom?action=show&root=22000029&tvd=4024073175322&vrn=100100225883172&prver=0&pronetvd=null&region=3&sub_region=3",
  "prver" : "0",
  "isUik" : true,
  "selected" : false,
  "load_on_demand" : false
}, {
  "id" : 4024073175323,
  "text" : "УИК №461",
  "href" : "region/izbirkom?action=show&root=22000029&tvd=4024073175323&vrn=100100225883172&prver=0&pronetvd=null&region=3&sub_region=3",
  "prver" : "0",
  "isUik" : true,
  "selected" : false,
  "load_on_demand" : false
}, {
  "id" : 4024073175324,
  "text" : "УИК №462",
  "href" : "region/izbirkom?action=show&root=22000029&tvd=4024073175324&vrn=100100225883172&prver=0&pronetvd=null&region=3&sub_region=3",
  "prver" : "0",
  "isUik" : true,
  "selected" : false,
  "load_on_demand" : false
}, {
  "id" : 4024073175325,
  "text" : "УИК №463",
  "href" : "region/izbirkom?action=show&root=22000029&tvd=4024073175325&vrn=100100225883172&prver=0&pronetvd=null&region=3&sub_region=3",
  "prver" : "0",
  "isUik" : true,
  "selected" : false,
  "load_on_demand" : false
}, {
  "id" : 4024073175326,
  "text" : "УИК №464",
  "href" : "region/izbirkom?action=show&root=22000029&tvd=4024073175326&vrn=100100225883172&prver=0&pronetvd=null&region=3&sub_region=3",
  "prver" : "0",
  "isUik" : true,
  "selected" : false,
  "load_on_demand" : false
} ]