[ {
  "id" : 4024060775649,
  "text" : "УИК №3048",
  "href" : "region/izbirkom?action=show&root=22000028&tvd=4024060775649&vrn=100100225883172&prver=0&pronetvd=null&region=3&sub_region=3",
  "prver" : "0",
  "isUik" : true,
  "selected" : false,
  "load_on_demand" : false
}, {
  "id" : 4024060775650,
  "text" : "УИК №3049",
  "href" : "region/izbirkom?action=show&root=22000028&tvd=4024060775650&vrn=100100225883172&prver=0&pronetvd=null&region=3&sub_region=3",
  "prver" : "0",
  "isUik" : true,
  "selected" : false,
  "load_on_demand" : false
}, {
  "id" : 4024060775651,
  "text" : "УИК №3053",
  "href" : "region/izbirkom?action=show&root=22000028&tvd=4024060775651&vrn=100100225883172&prver=0&pronetvd=null&region=3&sub_region=3",
  "prver" : "0",
  "isUik" : true,
  "selected" : false,
  "load_on_demand" : false
}, {
  "id" : 4024060775652,
  "text" : "УИК №3054",
  "href" : "region/izbirkom?action=show&root=22000028&tvd=4024060775652&vrn=100100225883172&prver=0&pronetvd=null&region=3&sub_region=3",
  "prver" : "0",
  "isUik" : true,
  "selected" : false,
  "load_on_demand" : false
}, {
  "id" : 4024060775653,
  "text" : "УИК №3055",
  "href" : "region/izbirkom?action=show&root=22000028&tvd=4024060775653&vrn=100100225883172&prver=0&pronetvd=null&region=3&sub_region=3",
  "prver" : "0",
  "isUik" : true,
  "selected" : false,
  "load_on_demand" : false
}, {
  "id" : 4024060775654,
  "text" : "УИК №3056",
  "href" : "region/izbirkom?action=show&root=22000028&tvd=4024060775654&vrn=100100225883172&prver=0&pronetvd=null&region=3&sub_region=3",
  "prver" : "0",
  "isUik" : true,
  "selected" : false,
  "load_on_demand" : false
}, {
  "id" : 4024060775655,
  "text" : "УИК №3057",
  "href" : "region/izbirkom?action=show&root=22000028&tvd=4024060775655&vrn=100100225883172&prver=0&pronetvd=null&region=3&sub_region=3",
  "prver" : "0",
  "isUik" : true,
  "selected" : false,
  "load_on_demand" : false
}, {
  "id" : 4024060775656,
  "text" : "УИК №3063",
  "href" : "region/izbirkom?action=show&root=22000028&tvd=4024060775656&vrn=100100225883172&prver=0&pronetvd=null&region=3&sub_region=3",
  "prver" : "0",
  "isUik" : true,
  "selected" : false,
  "load_on_demand" : false
}, {
  "id" : 4024060775657,
  "text" : "УИК №3066",
  "href" : "region/izbirkom?action=show&root=22000028&tvd=4024060775657&vrn=100100225883172&prver=0&pronetvd=null&region=3&sub_region=3",
  "prver" : "0",
  "isUik" : true,
  "selected" : false,
  "load_on_demand" : false
}, {
  "id" : 4024060775658,
  "text" : "УИК №3067",
  "href" : "region/izbirkom?action=show&root=22000028&tvd=4024060775658&vrn=100100225883172&prver=0&pronetvd=null&region=3&sub_region=3",
  "prver" : "0",
  "isUik" : true,
  "selected" : false,
  "load_on_demand" : false
}, {
  "id" : 4024060775659,
  "text" : "УИК №3068",
  "href" : "region/izbirkom?action=show&root=22000028&tvd=4024060775659&vrn=100100225883172&prver=0&pronetvd=null&region=3&sub_region=3",
  "prver" : "0",
  "isUik" : true,
  "selected" : false,
  "load_on_demand" : false
}, {
  "id" : 4024060775660,
  "text" : "УИК №3069",
  "href" : "region/izbirkom?action=show&root=22000028&tvd=4024060775660&vrn=100100225883172&prver=0&pronetvd=null&region=3&sub_region=3",
  "prver" : "0",
  "isUik" : true,
  "selected" : false,
  "load_on_demand" : false
}, {
  "id" : 4024060775661,
  "text" : "УИК №3070",
  "href" : "region/izbirkom?action=show&root=22000028&tvd=4024060775661&vrn=100100225883172&prver=0&pronetvd=null&region=3&sub_region=3",
  "prver" : "0",
  "isUik" : true,
  "selected" : false,
  "load_on_demand" : false
}, {
  "id" : 4024060775662,
  "text" : "УИК №3071",
  "href" : "region/izbirkom?action=show&root=22000028&tvd=4024060775662&vrn=100100225883172&prver=0&pronetvd=null&region=3&sub_region=3",
  "prver" : "0",
  "isUik" : true,
  "selected" : false,
  "load_on_demand" : false
}, {
  "id" : 4024060775663,
  "text" : "УИК №3072",
  "href" : "region/izbirkom?action=show&root=22000028&tvd=4024060775663&vrn=100100225883172&prver=0&pronetvd=null&region=3&sub_region=3",
  "prver" : "0",
  "isUik" : true,
  "selected" : false,
  "load_on_demand" : false
}, {
  "id" : 4024060775664,
  "text" : "УИК №3073",
  "href" : "region/izbirkom?action=show&root=22000028&tvd=4024060775664&vrn=100100225883172&prver=0&pronetvd=null&region=3&sub_region=3",
  "prver" : "0",
  "isUik" : true,
  "selected" : false,
  "load_on_demand" : false
}, {
  "id" : 4024060775665,
  "text" : "УИК №3079",
  "href" : "region/izbirkom?action=show&root=22000028&tvd=4024060775665&vrn=100100225883172&prver=0&pronetvd=null&region=3&sub_region=3",
  "prver" : "0",
  "isUik" : true,
  "selected" : false,
  "load_on_demand" : false
}, {
  "id" : 4024060775666,
  "text" : "УИК №3083",
  "href" : "region/izbirkom?action=show&root=22000028&tvd=4024060775666&vrn=100100225883172&prver=0&pronetvd=null&region=3&sub_region=3",
  "prver" : "0",
  "isUik" : true,
  "selected" : false,
  "load_on_demand" : false
}, {
  "id" : 4024060775667,
  "text" : "УИК №3085",
  "href" : "region/izbirkom?action=show&root=22000028&tvd=4024060775667&vrn=100100225883172&prver=0&pronetvd=null&region=3&sub_region=3",
  "prver" : "0",
  "isUik" : true,
  "selected" : false,
  "load_on_demand" : false
}, {
  "id" : 4024060775668,
  "text" : "УИК №3086",
  "href" : "region/izbirkom?action=show&root=22000028&tvd=4024060775668&vrn=100100225883172&prver=0&pronetvd=null&region=3&sub_region=3",
  "prver" : "0",
  "isUik" : true,
  "selected" : false,
  "load_on_demand" : false
}, {
  "id" : 4024060775669,
  "text" : "УИК №3087",
  "href" : "region/izbirkom?action=show&root=22000028&tvd=4024060775669&vrn=100100225883172&prver=0&pronetvd=null&region=3&sub_region=3",
  "prver" : "0",
  "isUik" : true,
  "selected" : false,
  "load_on_demand" : false
}, {
  "id" : 4024060775670,
  "text" : "УИК №3506",
  "href" : "region/izbirkom?action=show&root=22000028&tvd=4024060775670&vrn=100100225883172&prver=0&pronetvd=null&region=3&sub_region=3",
  "prver" : "0",
  "isUik" : true,
  "selected" : false,
  "load_on_demand" : false
}, {
  "id" : 4024060775671,
  "text" : "УИК №3507",
  "href" : "region/izbirkom?action=show&root=22000028&tvd=4024060775671&vrn=100100225883172&prver=0&pronetvd=null&region=3&sub_region=3",
  "prver" : "0",
  "isUik" : true,
  "selected" : false,
  "load_on_demand" : false
}, {
  "id" : 4024060775672,
  "text" : "УИК №3508",
  "href" : "region/izbirkom?action=show&root=22000028&tvd=4024060775672&vrn=100100225883172&prver=0&pronetvd=null&region=3&sub_region=3",
  "prver" : "0",
  "isUik" : true,
  "selected" : false,
  "load_on_demand" : false
} ]