[ {
  "id" : 4024003379495,
  "text" : "УИК №820",
  "href" : "region/izbirkom?action=show&root=22000071&tvd=4024003379495&vrn=100100225883172&prver=0&pronetvd=null&region=3&sub_region=3",
  "prver" : "0",
  "isUik" : true,
  "selected" : false,
  "load_on_demand" : false
}, {
  "id" : 4024003379496,
  "text" : "УИК №821",
  "href" : "region/izbirkom?action=show&root=22000071&tvd=4024003379496&vrn=100100225883172&prver=0&pronetvd=null&region=3&sub_region=3",
  "prver" : "0",
  "isUik" : true,
  "selected" : false,
  "load_on_demand" : false
}, {
  "id" : 4024003379497,
  "text" : "УИК №822",
  "href" : "region/izbirkom?action=show&root=22000071&tvd=4024003379497&vrn=100100225883172&prver=0&pronetvd=null&region=3&sub_region=3",
  "prver" : "0",
  "isUik" : true,
  "selected" : false,
  "load_on_demand" : false
}, {
  "id" : 4024003379498,
  "text" : "УИК №823",
  "href" : "region/izbirkom?action=show&root=22000071&tvd=4024003379498&vrn=100100225883172&prver=0&pronetvd=null&region=3&sub_region=3",
  "prver" : "0",
  "isUik" : true,
  "selected" : false,
  "load_on_demand" : false
}, {
  "id" : 4024003379499,
  "text" : "УИК №824",
  "href" : "region/izbirkom?action=show&root=22000071&tvd=4024003379499&vrn=100100225883172&prver=0&pronetvd=null&region=3&sub_region=3",
  "prver" : "0",
  "isUik" : true,
  "selected" : false,
  "load_on_demand" : false
}, {
  "id" : 4024003379500,
  "text" : "УИК №825",
  "href" : "region/izbirkom?action=show&root=22000071&tvd=4024003379500&vrn=100100225883172&prver=0&pronetvd=null&region=3&sub_region=3",
  "prver" : "0",
  "isUik" : true,
  "selected" : false,
  "load_on_demand" : false
}, {
  "id" : 4024003379501,
  "text" : "УИК №826",
  "href" : "region/izbirkom?action=show&root=22000071&tvd=4024003379501&vrn=100100225883172&prver=0&pronetvd=null&region=3&sub_region=3",
  "prver" : "0",
  "isUik" : true,
  "selected" : false,
  "load_on_demand" : false
}, {
  "id" : 4024003379502,
  "text" : "УИК №827",
  "href" : "region/izbirkom?action=show&root=22000071&tvd=4024003379502&vrn=100100225883172&prver=0&pronetvd=null&region=3&sub_region=3",
  "prver" : "0",
  "isUik" : true,
  "selected" : false,
  "load_on_demand" : false
}, {
  "id" : 4024003379503,
  "text" : "УИК №828",
  "href" : "region/izbirkom?action=show&root=22000071&tvd=4024003379503&vrn=100100225883172&prver=0&pronetvd=null&region=3&sub_region=3",
  "prver" : "0",
  "isUik" : true,
  "selected" : false,
  "load_on_demand" : false
}, {
  "id" : 4024003379504,
  "text" : "УИК №829",
  "href" : "region/izbirkom?action=show&root=22000071&tvd=4024003379504&vrn=100100225883172&prver=0&pronetvd=null&region=3&sub_region=3",
  "prver" : "0",
  "isUik" : true,
  "selected" : false,
  "load_on_demand" : false
}, {
  "id" : 4024003379505,
  "text" : "УИК №830",
  "href" : "region/izbirkom?action=show&root=22000071&tvd=4024003379505&vrn=100100225883172&prver=0&pronetvd=null&region=3&sub_region=3",
  "prver" : "0",
  "isUik" : true,
  "selected" : false,
  "load_on_demand" : false
}, {
  "id" : 4024003379506,
  "text" : "УИК №831",
  "href" : "region/izbirkom?action=show&root=22000071&tvd=4024003379506&vrn=100100225883172&prver=0&pronetvd=null&region=3&sub_region=3",
  "prver" : "0",
  "isUik" : true,
  "selected" : false,
  "load_on_demand" : false
}, {
  "id" : 4024003379507,
  "text" : "УИК №832",
  "href" : "region/izbirkom?action=show&root=22000071&tvd=4024003379507&vrn=100100225883172&prver=0&pronetvd=null&region=3&sub_region=3",
  "prver" : "0",
  "isUik" : true,
  "selected" : false,
  "load_on_demand" : false
}, {
  "id" : 4024003379508,
  "text" : "УИК №833",
  "href" : "region/izbirkom?action=show&root=22000071&tvd=4024003379508&vrn=100100225883172&prver=0&pronetvd=null&region=3&sub_region=3",
  "prver" : "0",
  "isUik" : true,
  "selected" : false,
  "load_on_demand" : false
}, {
  "id" : 4024003379509,
  "text" : "УИК №834",
  "href" : "region/izbirkom?action=show&root=22000071&tvd=4024003379509&vrn=100100225883172&prver=0&pronetvd=null&region=3&sub_region=3",
  "prver" : "0",
  "isUik" : true,
  "selected" : false,
  "load_on_demand" : false
}, {
  "id" : 4024003379510,
  "text" : "УИК №835",
  "href" : "region/izbirkom?action=show&root=22000071&tvd=4024003379510&vrn=100100225883172&prver=0&pronetvd=null&region=3&sub_region=3",
  "prver" : "0",
  "isUik" : true,
  "selected" : false,
  "load_on_demand" : false
}, {
  "id" : 4024003379511,
  "text" : "УИК №836",
  "href" : "region/izbirkom?action=show&root=22000071&tvd=4024003379511&vrn=100100225883172&prver=0&pronetvd=null&region=3&sub_region=3",
  "prver" : "0",
  "isUik" : true,
  "selected" : false,
  "load_on_demand" : false
}, {
  "id" : 4024003379512,
  "text" : "УИК №837",
  "href" : "region/izbirkom?action=show&root=22000071&tvd=4024003379512&vrn=100100225883172&prver=0&pronetvd=null&region=3&sub_region=3",
  "prver" : "0",
  "isUik" : true,
  "selected" : false,
  "load_on_demand" : false
}, {
  "id" : 4024003379513,
  "text" : "УИК №838",
  "href" : "region/izbirkom?action=show&root=22000071&tvd=4024003379513&vrn=100100225883172&prver=0&pronetvd=null&region=3&sub_region=3",
  "prver" : "0",
  "isUik" : true,
  "selected" : false,
  "load_on_demand" : false
}, {
  "id" : 4024003379514,
  "text" : "УИК №839",
  "href" : "region/izbirkom?action=show&root=22000071&tvd=4024003379514&vrn=100100225883172&prver=0&pronetvd=null&region=3&sub_region=3",
  "prver" : "0",
  "isUik" : true,
  "selected" : false,
  "load_on_demand" : false
}, {
  "id" : 4024003379515,
  "text" : "УИК №840",
  "href" : "region/izbirkom?action=show&root=22000071&tvd=4024003379515&vrn=100100225883172&prver=0&pronetvd=null&region=3&sub_region=3",
  "prver" : "0",
  "isUik" : true,
  "selected" : false,
  "load_on_demand" : false
}, {
  "id" : 4024003379516,
  "text" : "УИК №841",
  "href" : "region/izbirkom?action=show&root=22000071&tvd=4024003379516&vrn=100100225883172&prver=0&pronetvd=null&region=3&sub_region=3",
  "prver" : "0",
  "isUik" : true,
  "selected" : false,
  "load_on_demand" : false
}, {
  "id" : 4024003379517,
  "text" : "УИК №842",
  "href" : "region/izbirkom?action=show&root=22000071&tvd=4024003379517&vrn=100100225883172&prver=0&pronetvd=null&region=3&sub_region=3",
  "prver" : "0",
  "isUik" : true,
  "selected" : false,
  "load_on_demand" : false
}, {
  "id" : 4024003379518,
  "text" : "УИК №843",
  "href" : "region/izbirkom?action=show&root=22000071&tvd=4024003379518&vrn=100100225883172&prver=0&pronetvd=null&region=3&sub_region=3",
  "prver" : "0",
  "isUik" : true,
  "selected" : false,
  "load_on_demand" : false
}, {
  "id" : 4024003379519,
  "text" : "УИК №844",
  "href" : "region/izbirkom?action=show&root=22000071&tvd=4024003379519&vrn=100100225883172&prver=0&pronetvd=null&region=3&sub_region=3",
  "prver" : "0",
  "isUik" : true,
  "selected" : false,
  "load_on_demand" : false
}, {
  "id" : 4024003379520,
  "text" : "УИК №845",
  "href" : "region/izbirkom?action=show&root=22000071&tvd=4024003379520&vrn=100100225883172&prver=0&pronetvd=null&region=3&sub_region=3",
  "prver" : "0",
  "isUik" : true,
  "selected" : false,
  "load_on_demand" : false
}, {
  "id" : 4024003379521,
  "text" : "УИК №846",
  "href" : "region/izbirkom?action=show&root=22000071&tvd=4024003379521&vrn=100100225883172&prver=0&pronetvd=null&region=3&sub_region=3",
  "prver" : "0",
  "isUik" : true,
  "selected" : false,
  "load_on_demand" : false
}, {
  "id" : 4024003379522,
  "text" : "УИК №847",
  "href" : "region/izbirkom?action=show&root=22000071&tvd=4024003379522&vrn=100100225883172&prver=0&pronetvd=null&region=3&sub_region=3",
  "prver" : "0",
  "isUik" : true,
  "selected" : false,
  "load_on_demand" : false
}, {
  "id" : 4024003379523,
  "text" : "УИК №848",
  "href" : "region/izbirkom?action=show&root=22000071&tvd=4024003379523&vrn=100100225883172&prver=0&pronetvd=null&region=3&sub_region=3",
  "prver" : "0",
  "isUik" : true,
  "selected" : false,
  "load_on_demand" : false
}, {
  "id" : 4024003379524,
  "text" : "УИК №849",
  "href" : "region/izbirkom?action=show&root=22000071&tvd=4024003379524&vrn=100100225883172&prver=0&pronetvd=null&region=3&sub_region=3",
  "prver" : "0",
  "isUik" : true,
  "selected" : false,
  "load_on_demand" : false
}, {
  "id" : 4024003379525,
  "text" : "УИК №850",
  "href" : "region/izbirkom?action=show&root=22000071&tvd=4024003379525&vrn=100100225883172&prver=0&pronetvd=null&region=3&sub_region=3",
  "prver" : "0",
  "isUik" : true,
  "selected" : false,
  "load_on_demand" : false
}, {
  "id" : 4024003379526,
  "text" : "УИК №851",
  "href" : "region/izbirkom?action=show&root=22000071&tvd=4024003379526&vrn=100100225883172&prver=0&pronetvd=null&region=3&sub_region=3",
  "prver" : "0",
  "isUik" : true,
  "selected" : false,
  "load_on_demand" : false
}, {
  "id" : 4024003379527,
  "text" : "УИК №852",
  "href" : "region/izbirkom?action=show&root=22000071&tvd=4024003379527&vrn=100100225883172&prver=0&pronetvd=null&region=3&sub_region=3",
  "prver" : "0",
  "isUik" : true,
  "selected" : false,
  "load_on_demand" : false
}, {
  "id" : 4024003379528,
  "text" : "УИК №853",
  "href" : "region/izbirkom?action=show&root=22000071&tvd=4024003379528&vrn=100100225883172&prver=0&pronetvd=null&region=3&sub_region=3",
  "prver" : "0",
  "isUik" : true,
  "selected" : false,
  "load_on_demand" : false
}, {
  "id" : 4024003379529,
  "text" : "УИК №854",
  "href" : "region/izbirkom?action=show&root=22000071&tvd=4024003379529&vrn=100100225883172&prver=0&pronetvd=null&region=3&sub_region=3",
  "prver" : "0",
  "isUik" : true,
  "selected" : false,
  "load_on_demand" : false
}, {
  "id" : 4024003379530,
  "text" : "УИК №855",
  "href" : "region/izbirkom?action=show&root=22000071&tvd=4024003379530&vrn=100100225883172&prver=0&pronetvd=null&region=3&sub_region=3",
  "prver" : "0",
  "isUik" : true,
  "selected" : false,
  "load_on_demand" : false
}, {
  "id" : 4024003379531,
  "text" : "УИК №856",
  "href" : "region/izbirkom?action=show&root=22000071&tvd=4024003379531&vrn=100100225883172&prver=0&pronetvd=null&region=3&sub_region=3",
  "prver" : "0",
  "isUik" : true,
  "selected" : false,
  "load_on_demand" : false
}, {
  "id" : 4024003379532,
  "text" : "УИК №857",
  "href" : "region/izbirkom?action=show&root=22000071&tvd=4024003379532&vrn=100100225883172&prver=0&pronetvd=null&region=3&sub_region=3",
  "prver" : "0",
  "isUik" : true,
  "selected" : false,
  "load_on_demand" : false
}, {
  "id" : 4024003379533,
  "text" : "УИК №858",
  "href" : "region/izbirkom?action=show&root=22000071&tvd=4024003379533&vrn=100100225883172&prver=0&pronetvd=null&region=3&sub_region=3",
  "prver" : "0",
  "isUik" : true,
  "selected" : false,
  "load_on_demand" : false
}, {
  "id" : 4024003379534,
  "text" : "УИК №859",
  "href" : "region/izbirkom?action=show&root=22000071&tvd=4024003379534&vrn=100100225883172&prver=0&pronetvd=null&region=3&sub_region=3",
  "prver" : "0",
  "isUik" : true,
  "selected" : false,
  "load_on_demand" : false
}, {
  "id" : 4024003379535,
  "text" : "УИК №860",
  "href" : "region/izbirkom?action=show&root=22000071&tvd=4024003379535&vrn=100100225883172&prver=0&pronetvd=null&region=3&sub_region=3",
  "prver" : "0",
  "isUik" : true,
  "selected" : false,
  "load_on_demand" : false
}, {
  "id" : 4024003379536,
  "text" : "УИК №861",
  "href" : "region/izbirkom?action=show&root=22000071&tvd=4024003379536&vrn=100100225883172&prver=0&pronetvd=null&region=3&sub_region=3",
  "prver" : "0",
  "isUik" : true,
  "selected" : false,
  "load_on_demand" : false
}, {
  "id" : 4024003379537,
  "text" : "УИК №862",
  "href" : "region/izbirkom?action=show&root=22000071&tvd=4024003379537&vrn=100100225883172&prver=0&pronetvd=null&region=3&sub_region=3",
  "prver" : "0",
  "isUik" : true,
  "selected" : false,
  "load_on_demand" : false
}, {
  "id" : 4024003379538,
  "text" : "УИК №863",
  "href" : "region/izbirkom?action=show&root=22000071&tvd=4024003379538&vrn=100100225883172&prver=0&pronetvd=null&region=3&sub_region=3",
  "prver" : "0",
  "isUik" : true,
  "selected" : false,
  "load_on_demand" : false
}, {
  "id" : 4024003379539,
  "text" : "УИК №864",
  "href" : "region/izbirkom?action=show&root=22000071&tvd=4024003379539&vrn=100100225883172&prver=0&pronetvd=null&region=3&sub_region=3",
  "prver" : "0",
  "isUik" : true,
  "selected" : false,
  "load_on_demand" : false
}, {
  "id" : 4024003379540,
  "text" : "УИК №865",
  "href" : "region/izbirkom?action=show&root=22000071&tvd=4024003379540&vrn=100100225883172&prver=0&pronetvd=null&region=3&sub_region=3",
  "prver" : "0",
  "isUik" : true,
  "selected" : false,
  "load_on_demand" : false
}, {
  "id" : 4024003379541,
  "text" : "УИК №866",
  "href" : "region/izbirkom?action=show&root=22000071&tvd=4024003379541&vrn=100100225883172&prver=0&pronetvd=null&region=3&sub_region=3",
  "prver" : "0",
  "isUik" : true,
  "selected" : false,
  "load_on_demand" : false
}, {
  "id" : 4024003379542,
  "text" : "УИК №867",
  "href" : "region/izbirkom?action=show&root=22000071&tvd=4024003379542&vrn=100100225883172&prver=0&pronetvd=null&region=3&sub_region=3",
  "prver" : "0",
  "isUik" : true,
  "selected" : false,
  "load_on_demand" : false
}, {
  "id" : 4024003379543,
  "text" : "УИК №868",
  "href" : "region/izbirkom?action=show&root=22000071&tvd=4024003379543&vrn=100100225883172&prver=0&pronetvd=null&region=3&sub_region=3",
  "prver" : "0",
  "isUik" : true,
  "selected" : false,
  "load_on_demand" : false
} ]