[ {
  "id" : 4024028370453,
  "text" : "УИК №2049",
  "href" : "region/izbirkom?action=show&root=22000044&tvd=4024028370453&vrn=100100225883172&prver=0&pronetvd=null&region=3&sub_region=3",
  "prver" : "0",
  "isUik" : true,
  "selected" : false,
  "load_on_demand" : false
}, {
  "id" : 4024028370454,
  "text" : "УИК №2050",
  "href" : "region/izbirkom?action=show&root=22000044&tvd=4024028370454&vrn=100100225883172&prver=0&pronetvd=null&region=3&sub_region=3",
  "prver" : "0",
  "isUik" : true,
  "selected" : false,
  "load_on_demand" : false
}, {
  "id" : 4024028370455,
  "text" : "УИК №2051",
  "href" : "region/izbirkom?action=show&root=22000044&tvd=4024028370455&vrn=100100225883172&prver=0&pronetvd=null&region=3&sub_region=3",
  "prver" : "0",
  "isUik" : true,
  "selected" : false,
  "load_on_demand" : false
}, {
  "id" : 4024028370456,
  "text" : "УИК №2052",
  "href" : "region/izbirkom?action=show&root=22000044&tvd=4024028370456&vrn=100100225883172&prver=0&pronetvd=null&region=3&sub_region=3",
  "prver" : "0",
  "isUik" : true,
  "selected" : false,
  "load_on_demand" : false
}, {
  "id" : 4024028370457,
  "text" : "УИК №2053",
  "href" : "region/izbirkom?action=show&root=22000044&tvd=4024028370457&vrn=100100225883172&prver=0&pronetvd=null&region=3&sub_region=3",
  "prver" : "0",
  "isUik" : true,
  "selected" : false,
  "load_on_demand" : false
}, {
  "id" : 4024028370458,
  "text" : "УИК №2055",
  "href" : "region/izbirkom?action=show&root=22000044&tvd=4024028370458&vrn=100100225883172&prver=0&pronetvd=null&region=3&sub_region=3",
  "prver" : "0",
  "isUik" : true,
  "selected" : false,
  "load_on_demand" : false
}, {
  "id" : 4024028370459,
  "text" : "УИК №2057",
  "href" : "region/izbirkom?action=show&root=22000044&tvd=4024028370459&vrn=100100225883172&prver=0&pronetvd=null&region=3&sub_region=3",
  "prver" : "0",
  "isUik" : true,
  "selected" : false,
  "load_on_demand" : false
}, {
  "id" : 4024028370460,
  "text" : "УИК №2058",
  "href" : "region/izbirkom?action=show&root=22000044&tvd=4024028370460&vrn=100100225883172&prver=0&pronetvd=null&region=3&sub_region=3",
  "prver" : "0",
  "isUik" : true,
  "selected" : false,
  "load_on_demand" : false
}, {
  "id" : 4024028370461,
  "text" : "УИК №2062",
  "href" : "region/izbirkom?action=show&root=22000044&tvd=4024028370461&vrn=100100225883172&prver=0&pronetvd=null&region=3&sub_region=3",
  "prver" : "0",
  "isUik" : true,
  "selected" : false,
  "load_on_demand" : false
}, {
  "id" : 4024028370462,
  "text" : "УИК №2063",
  "href" : "region/izbirkom?action=show&root=22000044&tvd=4024028370462&vrn=100100225883172&prver=0&pronetvd=null&region=3&sub_region=3",
  "prver" : "0",
  "isUik" : true,
  "selected" : false,
  "load_on_demand" : false
}, {
  "id" : 4024028370463,
  "text" : "УИК №2064",
  "href" : "region/izbirkom?action=show&root=22000044&tvd=4024028370463&vrn=100100225883172&prver=0&pronetvd=null&region=3&sub_region=3",
  "prver" : "0",
  "isUik" : true,
  "selected" : false,
  "load_on_demand" : false
}, {
  "id" : 4024028370464,
  "text" : "УИК №2065",
  "href" : "region/izbirkom?action=show&root=22000044&tvd=4024028370464&vrn=100100225883172&prver=0&pronetvd=null&region=3&sub_region=3",
  "prver" : "0",
  "isUik" : true,
  "selected" : false,
  "load_on_demand" : false
}, {
  "id" : 4024028370465,
  "text" : "УИК №2068",
  "href" : "region/izbirkom?action=show&root=22000044&tvd=4024028370465&vrn=100100225883172&prver=0&pronetvd=null&region=3&sub_region=3",
  "prver" : "0",
  "isUik" : true,
  "selected" : false,
  "load_on_demand" : false
}, {
  "id" : 4024028370466,
  "text" : "УИК №2070",
  "href" : "region/izbirkom?action=show&root=22000044&tvd=4024028370466&vrn=100100225883172&prver=0&pronetvd=null&region=3&sub_region=3",
  "prver" : "0",
  "isUik" : true,
  "selected" : false,
  "load_on_demand" : false
}, {
  "id" : 4024028370467,
  "text" : "УИК №2071",
  "href" : "region/izbirkom?action=show&root=22000044&tvd=4024028370467&vrn=100100225883172&prver=0&pronetvd=null&region=3&sub_region=3",
  "prver" : "0",
  "isUik" : true,
  "selected" : false,
  "load_on_demand" : false
}, {
  "id" : 4024028370468,
  "text" : "УИК №2072",
  "href" : "region/izbirkom?action=show&root=22000044&tvd=4024028370468&vrn=100100225883172&prver=0&pronetvd=null&region=3&sub_region=3",
  "prver" : "0",
  "isUik" : true,
  "selected" : false,
  "load_on_demand" : false
}, {
  "id" : 4024028370469,
  "text" : "УИК №2074",
  "href" : "region/izbirkom?action=show&root=22000044&tvd=4024028370469&vrn=100100225883172&prver=0&pronetvd=null&region=3&sub_region=3",
  "prver" : "0",
  "isUik" : true,
  "selected" : false,
  "load_on_demand" : false
}, {
  "id" : 4024028370470,
  "text" : "УИК №2075",
  "href" : "region/izbirkom?action=show&root=22000044&tvd=4024028370470&vrn=100100225883172&prver=0&pronetvd=null&region=3&sub_region=3",
  "prver" : "0",
  "isUik" : true,
  "selected" : false,
  "load_on_demand" : false
}, {
  "id" : 4024028370471,
  "text" : "УИК №2077",
  "href" : "region/izbirkom?action=show&root=22000044&tvd=4024028370471&vrn=100100225883172&prver=0&pronetvd=null&region=3&sub_region=3",
  "prver" : "0",
  "isUik" : true,
  "selected" : false,
  "load_on_demand" : false
}, {
  "id" : 4024028370472,
  "text" : "УИК №2078",
  "href" : "region/izbirkom?action=show&root=22000044&tvd=4024028370472&vrn=100100225883172&prver=0&pronetvd=null&region=3&sub_region=3",
  "prver" : "0",
  "isUik" : true,
  "selected" : false,
  "load_on_demand" : false
}, {
  "id" : 4024028370473,
  "text" : "УИК №2080",
  "href" : "region/izbirkom?action=show&root=22000044&tvd=4024028370473&vrn=100100225883172&prver=0&pronetvd=null&region=3&sub_region=3",
  "prver" : "0",
  "isUik" : true,
  "selected" : false,
  "load_on_demand" : false
}, {
  "id" : 4024028370474,
  "text" : "УИК №2081",
  "href" : "region/izbirkom?action=show&root=22000044&tvd=4024028370474&vrn=100100225883172&prver=0&pronetvd=null&region=3&sub_region=3",
  "prver" : "0",
  "isUik" : true,
  "selected" : false,
  "load_on_demand" : false
}, {
  "id" : 4024028370475,
  "text" : "УИК №2083",
  "href" : "region/izbirkom?action=show&root=22000044&tvd=4024028370475&vrn=100100225883172&prver=0&pronetvd=null&region=3&sub_region=3",
  "prver" : "0",
  "isUik" : true,
  "selected" : false,
  "load_on_demand" : false
}, {
  "id" : 4024028370476,
  "text" : "УИК №2084",
  "href" : "region/izbirkom?action=show&root=22000044&tvd=4024028370476&vrn=100100225883172&prver=0&pronetvd=null&region=3&sub_region=3",
  "prver" : "0",
  "isUik" : true,
  "selected" : false,
  "load_on_demand" : false
}, {
  "id" : 4024028370477,
  "text" : "УИК №2085",
  "href" : "region/izbirkom?action=show&root=22000044&tvd=4024028370477&vrn=100100225883172&prver=0&pronetvd=null&region=3&sub_region=3",
  "prver" : "0",
  "isUik" : true,
  "selected" : false,
  "load_on_demand" : false
}, {
  "id" : 4024028370478,
  "text" : "УИК №2086",
  "href" : "region/izbirkom?action=show&root=22000044&tvd=4024028370478&vrn=100100225883172&prver=0&pronetvd=null&region=3&sub_region=3",
  "prver" : "0",
  "isUik" : true,
  "selected" : false,
  "load_on_demand" : false
}, {
  "id" : 4024028370479,
  "text" : "УИК №2087",
  "href" : "region/izbirkom?action=show&root=22000044&tvd=4024028370479&vrn=100100225883172&prver=0&pronetvd=null&region=3&sub_region=3",
  "prver" : "0",
  "isUik" : true,
  "selected" : false,
  "load_on_demand" : false
}, {
  "id" : 4024028370480,
  "text" : "УИК №2088",
  "href" : "region/izbirkom?action=show&root=22000044&tvd=4024028370480&vrn=100100225883172&prver=0&pronetvd=null&region=3&sub_region=3",
  "prver" : "0",
  "isUik" : true,
  "selected" : false,
  "load_on_demand" : false
}, {
  "id" : 4024028370481,
  "text" : "УИК №2089",
  "href" : "region/izbirkom?action=show&root=22000044&tvd=4024028370481&vrn=100100225883172&prver=0&pronetvd=null&region=3&sub_region=3",
  "prver" : "0",
  "isUik" : true,
  "selected" : false,
  "load_on_demand" : false
}, {
  "id" : 4024028370482,
  "text" : "УИК №2092",
  "href" : "region/izbirkom?action=show&root=22000044&tvd=4024028370482&vrn=100100225883172&prver=0&pronetvd=null&region=3&sub_region=3",
  "prver" : "0",
  "isUik" : true,
  "selected" : false,
  "load_on_demand" : false
}, {
  "id" : 4024028370483,
  "text" : "УИК №2095",
  "href" : "region/izbirkom?action=show&root=22000044&tvd=4024028370483&vrn=100100225883172&prver=0&pronetvd=null&region=3&sub_region=3",
  "prver" : "0",
  "isUik" : true,
  "selected" : false,
  "load_on_demand" : false
}, {
  "id" : 4024028370484,
  "text" : "УИК №2096",
  "href" : "region/izbirkom?action=show&root=22000044&tvd=4024028370484&vrn=100100225883172&prver=0&pronetvd=null&region=3&sub_region=3",
  "prver" : "0",
  "isUik" : true,
  "selected" : false,
  "load_on_demand" : false
}, {
  "id" : 4024028370485,
  "text" : "УИК №2097",
  "href" : "region/izbirkom?action=show&root=22000044&tvd=4024028370485&vrn=100100225883172&prver=0&pronetvd=null&region=3&sub_region=3",
  "prver" : "0",
  "isUik" : true,
  "selected" : false,
  "load_on_demand" : false
}, {
  "id" : 4024028370486,
  "text" : "УИК №2099",
  "href" : "region/izbirkom?action=show&root=22000044&tvd=4024028370486&vrn=100100225883172&prver=0&pronetvd=null&region=3&sub_region=3",
  "prver" : "0",
  "isUik" : true,
  "selected" : false,
  "load_on_demand" : false
}, {
  "id" : 4024028370487,
  "text" : "УИК №2102",
  "href" : "region/izbirkom?action=show&root=22000044&tvd=4024028370487&vrn=100100225883172&prver=0&pronetvd=null&region=3&sub_region=3",
  "prver" : "0",
  "isUik" : true,
  "selected" : false,
  "load_on_demand" : false
}, {
  "id" : 4024028370488,
  "text" : "УИК №2103",
  "href" : "region/izbirkom?action=show&root=22000044&tvd=4024028370488&vrn=100100225883172&prver=0&pronetvd=null&region=3&sub_region=3",
  "prver" : "0",
  "isUik" : true,
  "selected" : false,
  "load_on_demand" : false
}, {
  "id" : 4024028370489,
  "text" : "УИК №2104",
  "href" : "region/izbirkom?action=show&root=22000044&tvd=4024028370489&vrn=100100225883172&prver=0&pronetvd=null&region=3&sub_region=3",
  "prver" : "0",
  "isUik" : true,
  "selected" : false,
  "load_on_demand" : false
}, {
  "id" : 4024028370490,
  "text" : "УИК №2105",
  "href" : "region/izbirkom?action=show&root=22000044&tvd=4024028370490&vrn=100100225883172&prver=0&pronetvd=null&region=3&sub_region=3",
  "prver" : "0",
  "isUik" : true,
  "selected" : false,
  "load_on_demand" : false
}, {
  "id" : 4024028370491,
  "text" : "УИК №2106",
  "href" : "region/izbirkom?action=show&root=22000044&tvd=4024028370491&vrn=100100225883172&prver=0&pronetvd=null&region=3&sub_region=3",
  "prver" : "0",
  "isUik" : true,
  "selected" : false,
  "load_on_demand" : false
}, {
  "id" : 4024028370492,
  "text" : "УИК №2107",
  "href" : "region/izbirkom?action=show&root=22000044&tvd=4024028370492&vrn=100100225883172&prver=0&pronetvd=null&region=3&sub_region=3",
  "prver" : "0",
  "isUik" : true,
  "selected" : false,
  "load_on_demand" : false
}, {
  "id" : 4024028370493,
  "text" : "УИК №2109",
  "href" : "region/izbirkom?action=show&root=22000044&tvd=4024028370493&vrn=100100225883172&prver=0&pronetvd=null&region=3&sub_region=3",
  "prver" : "0",
  "isUik" : true,
  "selected" : false,
  "load_on_demand" : false
}, {
  "id" : 4024028370494,
  "text" : "УИК №2110",
  "href" : "region/izbirkom?action=show&root=22000044&tvd=4024028370494&vrn=100100225883172&prver=0&pronetvd=null&region=3&sub_region=3",
  "prver" : "0",
  "isUik" : true,
  "selected" : false,
  "load_on_demand" : false
}, {
  "id" : 4024028370495,
  "text" : "УИК №2112",
  "href" : "region/izbirkom?action=show&root=22000044&tvd=4024028370495&vrn=100100225883172&prver=0&pronetvd=null&region=3&sub_region=3",
  "prver" : "0",
  "isUik" : true,
  "selected" : false,
  "load_on_demand" : false
}, {
  "id" : 4024028370496,
  "text" : "УИК №2113",
  "href" : "region/izbirkom?action=show&root=22000044&tvd=4024028370496&vrn=100100225883172&prver=0&pronetvd=null&region=3&sub_region=3",
  "prver" : "0",
  "isUik" : true,
  "selected" : false,
  "load_on_demand" : false
}, {
  "id" : 4024028370497,
  "text" : "УИК №2114",
  "href" : "region/izbirkom?action=show&root=22000044&tvd=4024028370497&vrn=100100225883172&prver=0&pronetvd=null&region=3&sub_region=3",
  "prver" : "0",
  "isUik" : true,
  "selected" : false,
  "load_on_demand" : false
}, {
  "id" : 4024028370498,
  "text" : "УИК №2115",
  "href" : "region/izbirkom?action=show&root=22000044&tvd=4024028370498&vrn=100100225883172&prver=0&pronetvd=null&region=3&sub_region=3",
  "prver" : "0",
  "isUik" : true,
  "selected" : false,
  "load_on_demand" : false
}, {
  "id" : 4024028370499,
  "text" : "УИК №2116",
  "href" : "region/izbirkom?action=show&root=22000044&tvd=4024028370499&vrn=100100225883172&prver=0&pronetvd=null&region=3&sub_region=3",
  "prver" : "0",
  "isUik" : true,
  "selected" : false,
  "load_on_demand" : false
}, {
  "id" : 4024028370500,
  "text" : "УИК №2117",
  "href" : "region/izbirkom?action=show&root=22000044&tvd=4024028370500&vrn=100100225883172&prver=0&pronetvd=null&region=3&sub_region=3",
  "prver" : "0",
  "isUik" : true,
  "selected" : false,
  "load_on_demand" : false
}, {
  "id" : 4024028370501,
  "text" : "УИК №2118",
  "href" : "region/izbirkom?action=show&root=22000044&tvd=4024028370501&vrn=100100225883172&prver=0&pronetvd=null&region=3&sub_region=3",
  "prver" : "0",
  "isUik" : true,
  "selected" : false,
  "load_on_demand" : false
} ]