[ {
  "id" : 4024051300285,
  "text" : "УИК №2912",
  "href" : "region/izbirkom?action=show&root=22000014&tvd=4024051300285&vrn=100100225883172&prver=0&pronetvd=null&region=3&sub_region=3",
  "prver" : "0",
  "isUik" : true,
  "selected" : false,
  "load_on_demand" : false
}, {
  "id" : 4024051300286,
  "text" : "УИК №2913",
  "href" : "region/izbirkom?action=show&root=22000014&tvd=4024051300286&vrn=100100225883172&prver=0&pronetvd=null&region=3&sub_region=3",
  "prver" : "0",
  "isUik" : true,
  "selected" : false,
  "load_on_demand" : false
}, {
  "id" : 4024051300287,
  "text" : "УИК №2914",
  "href" : "region/izbirkom?action=show&root=22000014&tvd=4024051300287&vrn=100100225883172&prver=0&pronetvd=null&region=3&sub_region=3",
  "prver" : "0",
  "isUik" : true,
  "selected" : false,
  "load_on_demand" : false
}, {
  "id" : 4024051300288,
  "text" : "УИК №2915",
  "href" : "region/izbirkom?action=show&root=22000014&tvd=4024051300288&vrn=100100225883172&prver=0&pronetvd=null&region=3&sub_region=3",
  "prver" : "0",
  "isUik" : true,
  "selected" : false,
  "load_on_demand" : false
}, {
  "id" : 4024051300289,
  "text" : "УИК №2916",
  "href" : "region/izbirkom?action=show&root=22000014&tvd=4024051300289&vrn=100100225883172&prver=0&pronetvd=null&region=3&sub_region=3",
  "prver" : "0",
  "isUik" : true,
  "selected" : false,
  "load_on_demand" : false
}, {
  "id" : 4024051300290,
  "text" : "УИК №2917",
  "href" : "region/izbirkom?action=show&root=22000014&tvd=4024051300290&vrn=100100225883172&prver=0&pronetvd=null&region=3&sub_region=3",
  "prver" : "0",
  "isUik" : true,
  "selected" : false,
  "load_on_demand" : false
}, {
  "id" : 4024051300291,
  "text" : "УИК №2918",
  "href" : "region/izbirkom?action=show&root=22000014&tvd=4024051300291&vrn=100100225883172&prver=0&pronetvd=null&region=3&sub_region=3",
  "prver" : "0",
  "isUik" : true,
  "selected" : false,
  "load_on_demand" : false
}, {
  "id" : 4024051300292,
  "text" : "УИК №2919",
  "href" : "region/izbirkom?action=show&root=22000014&tvd=4024051300292&vrn=100100225883172&prver=0&pronetvd=null&region=3&sub_region=3",
  "prver" : "0",
  "isUik" : true,
  "selected" : false,
  "load_on_demand" : false
}, {
  "id" : 4024051300293,
  "text" : "УИК №2920",
  "href" : "region/izbirkom?action=show&root=22000014&tvd=4024051300293&vrn=100100225883172&prver=0&pronetvd=null&region=3&sub_region=3",
  "prver" : "0",
  "isUik" : true,
  "selected" : false,
  "load_on_demand" : false
}, {
  "id" : 4024051300294,
  "text" : "УИК №2921",
  "href" : "region/izbirkom?action=show&root=22000014&tvd=4024051300294&vrn=100100225883172&prver=0&pronetvd=null&region=3&sub_region=3",
  "prver" : "0",
  "isUik" : true,
  "selected" : false,
  "load_on_demand" : false
}, {
  "id" : 4024051300295,
  "text" : "УИК №2922",
  "href" : "region/izbirkom?action=show&root=22000014&tvd=4024051300295&vrn=100100225883172&prver=0&pronetvd=null&region=3&sub_region=3",
  "prver" : "0",
  "isUik" : true,
  "selected" : false,
  "load_on_demand" : false
}, {
  "id" : 4024051300296,
  "text" : "УИК №2923",
  "href" : "region/izbirkom?action=show&root=22000014&tvd=4024051300296&vrn=100100225883172&prver=0&pronetvd=null&region=3&sub_region=3",
  "prver" : "0",
  "isUik" : true,
  "selected" : false,
  "load_on_demand" : false
}, {
  "id" : 4024051300297,
  "text" : "УИК №2924",
  "href" : "region/izbirkom?action=show&root=22000014&tvd=4024051300297&vrn=100100225883172&prver=0&pronetvd=null&region=3&sub_region=3",
  "prver" : "0",
  "isUik" : true,
  "selected" : false,
  "load_on_demand" : false
}, {
  "id" : 4024051300298,
  "text" : "УИК №2925",
  "href" : "region/izbirkom?action=show&root=22000014&tvd=4024051300298&vrn=100100225883172&prver=0&pronetvd=null&region=3&sub_region=3",
  "prver" : "0",
  "isUik" : true,
  "selected" : false,
  "load_on_demand" : false
}, {
  "id" : 4024051300299,
  "text" : "УИК №2926",
  "href" : "region/izbirkom?action=show&root=22000014&tvd=4024051300299&vrn=100100225883172&prver=0&pronetvd=null&region=3&sub_region=3",
  "prver" : "0",
  "isUik" : true,
  "selected" : false,
  "load_on_demand" : false
}, {
  "id" : 4024051300300,
  "text" : "УИК №2927",
  "href" : "region/izbirkom?action=show&root=22000014&tvd=4024051300300&vrn=100100225883172&prver=0&pronetvd=null&region=3&sub_region=3",
  "prver" : "0",
  "isUik" : true,
  "selected" : false,
  "load_on_demand" : false
}, {
  "id" : 4024051300301,
  "text" : "УИК №2928",
  "href" : "region/izbirkom?action=show&root=22000014&tvd=4024051300301&vrn=100100225883172&prver=0&pronetvd=null&region=3&sub_region=3",
  "prver" : "0",
  "isUik" : true,
  "selected" : false,
  "load_on_demand" : false
}, {
  "id" : 4024051300302,
  "text" : "УИК №2929",
  "href" : "region/izbirkom?action=show&root=22000014&tvd=4024051300302&vrn=100100225883172&prver=0&pronetvd=null&region=3&sub_region=3",
  "prver" : "0",
  "isUik" : true,
  "selected" : false,
  "load_on_demand" : false
}, {
  "id" : 4024051300303,
  "text" : "УИК №2930",
  "href" : "region/izbirkom?action=show&root=22000014&tvd=4024051300303&vrn=100100225883172&prver=0&pronetvd=null&region=3&sub_region=3",
  "prver" : "0",
  "isUik" : true,
  "selected" : false,
  "load_on_demand" : false
}, {
  "id" : 4024051300304,
  "text" : "УИК №2931",
  "href" : "region/izbirkom?action=show&root=22000014&tvd=4024051300304&vrn=100100225883172&prver=0&pronetvd=null&region=3&sub_region=3",
  "prver" : "0",
  "isUik" : true,
  "selected" : false,
  "load_on_demand" : false
}, {
  "id" : 4024051300305,
  "text" : "УИК №2932",
  "href" : "region/izbirkom?action=show&root=22000014&tvd=4024051300305&vrn=100100225883172&prver=0&pronetvd=null&region=3&sub_region=3",
  "prver" : "0",
  "isUik" : true,
  "selected" : false,
  "load_on_demand" : false
}, {
  "id" : 4024051300306,
  "text" : "УИК №2933",
  "href" : "region/izbirkom?action=show&root=22000014&tvd=4024051300306&vrn=100100225883172&prver=0&pronetvd=null&region=3&sub_region=3",
  "prver" : "0",
  "isUik" : true,
  "selected" : false,
  "load_on_demand" : false
}, {
  "id" : 4024051300307,
  "text" : "УИК №2934",
  "href" : "region/izbirkom?action=show&root=22000014&tvd=4024051300307&vrn=100100225883172&prver=0&pronetvd=null&region=3&sub_region=3",
  "prver" : "0",
  "isUik" : true,
  "selected" : false,
  "load_on_demand" : false
}, {
  "id" : 4024051300308,
  "text" : "УИК №2935",
  "href" : "region/izbirkom?action=show&root=22000014&tvd=4024051300308&vrn=100100225883172&prver=0&pronetvd=null&region=3&sub_region=3",
  "prver" : "0",
  "isUik" : true,
  "selected" : false,
  "load_on_demand" : false
}, {
  "id" : 4024051300309,
  "text" : "УИК №2936",
  "href" : "region/izbirkom?action=show&root=22000014&tvd=4024051300309&vrn=100100225883172&prver=0&pronetvd=null&region=3&sub_region=3",
  "prver" : "0",
  "isUik" : true,
  "selected" : false,
  "load_on_demand" : false
}, {
  "id" : 4024051300310,
  "text" : "УИК №2937",
  "href" : "region/izbirkom?action=show&root=22000014&tvd=4024051300310&vrn=100100225883172&prver=0&pronetvd=null&region=3&sub_region=3",
  "prver" : "0",
  "isUik" : true,
  "selected" : false,
  "load_on_demand" : false
}, {
  "id" : 4024051300311,
  "text" : "УИК №2938",
  "href" : "region/izbirkom?action=show&root=22000014&tvd=4024051300311&vrn=100100225883172&prver=0&pronetvd=null&region=3&sub_region=3",
  "prver" : "0",
  "isUik" : true,
  "selected" : false,
  "load_on_demand" : false
}, {
  "id" : 4024051300312,
  "text" : "УИК №2939",
  "href" : "region/izbirkom?action=show&root=22000014&tvd=4024051300312&vrn=100100225883172&prver=0&pronetvd=null&region=3&sub_region=3",
  "prver" : "0",
  "isUik" : true,
  "selected" : false,
  "load_on_demand" : false
}, {
  "id" : 4024051300313,
  "text" : "УИК №2940",
  "href" : "region/izbirkom?action=show&root=22000014&tvd=4024051300313&vrn=100100225883172&prver=0&pronetvd=null&region=3&sub_region=3",
  "prver" : "0",
  "isUik" : true,
  "selected" : false,
  "load_on_demand" : false
}, {
  "id" : 4024051300314,
  "text" : "УИК №2941",
  "href" : "region/izbirkom?action=show&root=22000014&tvd=4024051300314&vrn=100100225883172&prver=0&pronetvd=null&region=3&sub_region=3",
  "prver" : "0",
  "isUik" : true,
  "selected" : false,
  "load_on_demand" : false
}, {
  "id" : 4024051300315,
  "text" : "УИК №2942",
  "href" : "region/izbirkom?action=show&root=22000014&tvd=4024051300315&vrn=100100225883172&prver=0&pronetvd=null&region=3&sub_region=3",
  "prver" : "0",
  "isUik" : true,
  "selected" : false,
  "load_on_demand" : false
}, {
  "id" : 4024051300316,
  "text" : "УИК №2943",
  "href" : "region/izbirkom?action=show&root=22000014&tvd=4024051300316&vrn=100100225883172&prver=0&pronetvd=null&region=3&sub_region=3",
  "prver" : "0",
  "isUik" : true,
  "selected" : false,
  "load_on_demand" : false
}, {
  "id" : 4024051300317,
  "text" : "УИК №2944",
  "href" : "region/izbirkom?action=show&root=22000014&tvd=4024051300317&vrn=100100225883172&prver=0&pronetvd=null&region=3&sub_region=3",
  "prver" : "0",
  "isUik" : true,
  "selected" : false,
  "load_on_demand" : false
}, {
  "id" : 4024051300318,
  "text" : "УИК №2945",
  "href" : "region/izbirkom?action=show&root=22000014&tvd=4024051300318&vrn=100100225883172&prver=0&pronetvd=null&region=3&sub_region=3",
  "prver" : "0",
  "isUik" : true,
  "selected" : false,
  "load_on_demand" : false
}, {
  "id" : 4024051300319,
  "text" : "УИК №2946",
  "href" : "region/izbirkom?action=show&root=22000014&tvd=4024051300319&vrn=100100225883172&prver=0&pronetvd=null&region=3&sub_region=3",
  "prver" : "0",
  "isUik" : true,
  "selected" : false,
  "load_on_demand" : false
}, {
  "id" : 4024051300320,
  "text" : "УИК №2947",
  "href" : "region/izbirkom?action=show&root=22000014&tvd=4024051300320&vrn=100100225883172&prver=0&pronetvd=null&region=3&sub_region=3",
  "prver" : "0",
  "isUik" : true,
  "selected" : false,
  "load_on_demand" : false
}, {
  "id" : 4024051300321,
  "text" : "УИК №2948",
  "href" : "region/izbirkom?action=show&root=22000014&tvd=4024051300321&vrn=100100225883172&prver=0&pronetvd=null&region=3&sub_region=3",
  "prver" : "0",
  "isUik" : true,
  "selected" : false,
  "load_on_demand" : false
}, {
  "id" : 4024051300322,
  "text" : "УИК №2949",
  "href" : "region/izbirkom?action=show&root=22000014&tvd=4024051300322&vrn=100100225883172&prver=0&pronetvd=null&region=3&sub_region=3",
  "prver" : "0",
  "isUik" : true,
  "selected" : false,
  "load_on_demand" : false
}, {
  "id" : 4024051300323,
  "text" : "УИК №2950",
  "href" : "region/izbirkom?action=show&root=22000014&tvd=4024051300323&vrn=100100225883172&prver=0&pronetvd=null&region=3&sub_region=3",
  "prver" : "0",
  "isUik" : true,
  "selected" : false,
  "load_on_demand" : false
}, {
  "id" : 4024051300324,
  "text" : "УИК №2951",
  "href" : "region/izbirkom?action=show&root=22000014&tvd=4024051300324&vrn=100100225883172&prver=0&pronetvd=null&region=3&sub_region=3",
  "prver" : "0",
  "isUik" : true,
  "selected" : false,
  "load_on_demand" : false
}, {
  "id" : 4024051300325,
  "text" : "УИК №2952",
  "href" : "region/izbirkom?action=show&root=22000014&tvd=4024051300325&vrn=100100225883172&prver=0&pronetvd=null&region=3&sub_region=3",
  "prver" : "0",
  "isUik" : true,
  "selected" : false,
  "load_on_demand" : false
}, {
  "id" : 4024051300326,
  "text" : "УИК №2953",
  "href" : "region/izbirkom?action=show&root=22000014&tvd=4024051300326&vrn=100100225883172&prver=0&pronetvd=null&region=3&sub_region=3",
  "prver" : "0",
  "isUik" : true,
  "selected" : false,
  "load_on_demand" : false
}, {
  "id" : 4024051300327,
  "text" : "УИК №2954",
  "href" : "region/izbirkom?action=show&root=22000014&tvd=4024051300327&vrn=100100225883172&prver=0&pronetvd=null&region=3&sub_region=3",
  "prver" : "0",
  "isUik" : true,
  "selected" : false,
  "load_on_demand" : false
}, {
  "id" : 4024051300328,
  "text" : "УИК №2955",
  "href" : "region/izbirkom?action=show&root=22000014&tvd=4024051300328&vrn=100100225883172&prver=0&pronetvd=null&region=3&sub_region=3",
  "prver" : "0",
  "isUik" : true,
  "selected" : false,
  "load_on_demand" : false
}, {
  "id" : 4024051300329,
  "text" : "УИК №2956",
  "href" : "region/izbirkom?action=show&root=22000014&tvd=4024051300329&vrn=100100225883172&prver=0&pronetvd=null&region=3&sub_region=3",
  "prver" : "0",
  "isUik" : true,
  "selected" : false,
  "load_on_demand" : false
}, {
  "id" : 4024051300330,
  "text" : "УИК №2957",
  "href" : "region/izbirkom?action=show&root=22000014&tvd=4024051300330&vrn=100100225883172&prver=0&pronetvd=null&region=3&sub_region=3",
  "prver" : "0",
  "isUik" : true,
  "selected" : false,
  "load_on_demand" : false
}, {
  "id" : 4024051300331,
  "text" : "УИК №2958",
  "href" : "region/izbirkom?action=show&root=22000014&tvd=4024051300331&vrn=100100225883172&prver=0&pronetvd=null&region=3&sub_region=3",
  "prver" : "0",
  "isUik" : true,
  "selected" : false,
  "load_on_demand" : false
}, {
  "id" : 4024051300332,
  "text" : "УИК №2959",
  "href" : "region/izbirkom?action=show&root=22000014&tvd=4024051300332&vrn=100100225883172&prver=0&pronetvd=null&region=3&sub_region=3",
  "prver" : "0",
  "isUik" : true,
  "selected" : false,
  "load_on_demand" : false
}, {
  "id" : 4024051300333,
  "text" : "УИК №2960",
  "href" : "region/izbirkom?action=show&root=22000014&tvd=4024051300333&vrn=100100225883172&prver=0&pronetvd=null&region=3&sub_region=3",
  "prver" : "0",
  "isUik" : true,
  "selected" : false,
  "load_on_demand" : false
}, {
  "id" : 4024051300334,
  "text" : "УИК №2961",
  "href" : "region/izbirkom?action=show&root=22000014&tvd=4024051300334&vrn=100100225883172&prver=0&pronetvd=null&region=3&sub_region=3",
  "prver" : "0",
  "isUik" : true,
  "selected" : false,
  "load_on_demand" : false
}, {
  "id" : 4024051300335,
  "text" : "УИК №2962",
  "href" : "region/izbirkom?action=show&root=22000014&tvd=4024051300335&vrn=100100225883172&prver=0&pronetvd=null&region=3&sub_region=3",
  "prver" : "0",
  "isUik" : true,
  "selected" : false,
  "load_on_demand" : false
} ]