[ {
  "id" : 4024023380875,
  "text" : "УИК №1791",
  "href" : "region/izbirkom?action=show&root=22000045&tvd=4024023380875&vrn=100100225883172&prver=0&pronetvd=null&region=3&sub_region=3",
  "prver" : "0",
  "isUik" : true,
  "selected" : false,
  "load_on_demand" : false
}, {
  "id" : 4024023380807,
  "text" : "УИК №1792",
  "href" : "region/izbirkom?action=show&root=22000045&tvd=4024023380807&vrn=100100225883172&prver=0&pronetvd=null&region=3&sub_region=3",
  "prver" : "0",
  "isUik" : true,
  "selected" : false,
  "load_on_demand" : false
}, {
  "id" : 4024023380808,
  "text" : "УИК №1794",
  "href" : "region/izbirkom?action=show&root=22000045&tvd=4024023380808&vrn=100100225883172&prver=0&pronetvd=null&region=3&sub_region=3",
  "prver" : "0",
  "isUik" : true,
  "selected" : false,
  "load_on_demand" : false
}, {
  "id" : 4024023380809,
  "text" : "УИК №1795",
  "href" : "region/izbirkom?action=show&root=22000045&tvd=4024023380809&vrn=100100225883172&prver=0&pronetvd=null&region=3&sub_region=3",
  "prver" : "0",
  "isUik" : true,
  "selected" : false,
  "load_on_demand" : false
}, {
  "id" : 4024023380810,
  "text" : "УИК №1797",
  "href" : "region/izbirkom?action=show&root=22000045&tvd=4024023380810&vrn=100100225883172&prver=0&pronetvd=null&region=3&sub_region=3",
  "prver" : "0",
  "isUik" : true,
  "selected" : false,
  "load_on_demand" : false
}, {
  "id" : 4024023380811,
  "text" : "УИК №1798",
  "href" : "region/izbirkom?action=show&root=22000045&tvd=4024023380811&vrn=100100225883172&prver=0&pronetvd=null&region=3&sub_region=3",
  "prver" : "0",
  "isUik" : true,
  "selected" : false,
  "load_on_demand" : false
}, {
  "id" : 4024023380812,
  "text" : "УИК №1799",
  "href" : "region/izbirkom?action=show&root=22000045&tvd=4024023380812&vrn=100100225883172&prver=0&pronetvd=null&region=3&sub_region=3",
  "prver" : "0",
  "isUik" : true,
  "selected" : false,
  "load_on_demand" : false
}, {
  "id" : 4024023380813,
  "text" : "УИК №1800",
  "href" : "region/izbirkom?action=show&root=22000045&tvd=4024023380813&vrn=100100225883172&prver=0&pronetvd=null&region=3&sub_region=3",
  "prver" : "0",
  "isUik" : true,
  "selected" : false,
  "load_on_demand" : false
}, {
  "id" : 4024023380814,
  "text" : "УИК №1801",
  "href" : "region/izbirkom?action=show&root=22000045&tvd=4024023380814&vrn=100100225883172&prver=0&pronetvd=null&region=3&sub_region=3",
  "prver" : "0",
  "isUik" : true,
  "selected" : false,
  "load_on_demand" : false
}, {
  "id" : 4024023380815,
  "text" : "УИК №1802",
  "href" : "region/izbirkom?action=show&root=22000045&tvd=4024023380815&vrn=100100225883172&prver=0&pronetvd=null&region=3&sub_region=3",
  "prver" : "0",
  "isUik" : true,
  "selected" : false,
  "load_on_demand" : false
}, {
  "id" : 4024023380816,
  "text" : "УИК №1804",
  "href" : "region/izbirkom?action=show&root=22000045&tvd=4024023380816&vrn=100100225883172&prver=0&pronetvd=null&region=3&sub_region=3",
  "prver" : "0",
  "isUik" : true,
  "selected" : false,
  "load_on_demand" : false
}, {
  "id" : 4024023380817,
  "text" : "УИК №1805",
  "href" : "region/izbirkom?action=show&root=22000045&tvd=4024023380817&vrn=100100225883172&prver=0&pronetvd=null&region=3&sub_region=3",
  "prver" : "0",
  "isUik" : true,
  "selected" : false,
  "load_on_demand" : false
}, {
  "id" : 4024023380818,
  "text" : "УИК №1807",
  "href" : "region/izbirkom?action=show&root=22000045&tvd=4024023380818&vrn=100100225883172&prver=0&pronetvd=null&region=3&sub_region=3",
  "prver" : "0",
  "isUik" : true,
  "selected" : false,
  "load_on_demand" : false
}, {
  "id" : 4024023380819,
  "text" : "УИК №1808",
  "href" : "region/izbirkom?action=show&root=22000045&tvd=4024023380819&vrn=100100225883172&prver=0&pronetvd=null&region=3&sub_region=3",
  "prver" : "0",
  "isUik" : true,
  "selected" : false,
  "load_on_demand" : false
}, {
  "id" : 4024023380820,
  "text" : "УИК №1810",
  "href" : "region/izbirkom?action=show&root=22000045&tvd=4024023380820&vrn=100100225883172&prver=0&pronetvd=null&region=3&sub_region=3",
  "prver" : "0",
  "isUik" : true,
  "selected" : false,
  "load_on_demand" : false
}, {
  "id" : 4024023380821,
  "text" : "УИК №1812",
  "href" : "region/izbirkom?action=show&root=22000045&tvd=4024023380821&vrn=100100225883172&prver=0&pronetvd=null&region=3&sub_region=3",
  "prver" : "0",
  "isUik" : true,
  "selected" : false,
  "load_on_demand" : false
}, {
  "id" : 4024023380822,
  "text" : "УИК №1815",
  "href" : "region/izbirkom?action=show&root=22000045&tvd=4024023380822&vrn=100100225883172&prver=0&pronetvd=null&region=3&sub_region=3",
  "prver" : "0",
  "isUik" : true,
  "selected" : false,
  "load_on_demand" : false
}, {
  "id" : 4024023380823,
  "text" : "УИК №1817",
  "href" : "region/izbirkom?action=show&root=22000045&tvd=4024023380823&vrn=100100225883172&prver=0&pronetvd=null&region=3&sub_region=3",
  "prver" : "0",
  "isUik" : true,
  "selected" : false,
  "load_on_demand" : false
}, {
  "id" : 4024023380824,
  "text" : "УИК №1819",
  "href" : "region/izbirkom?action=show&root=22000045&tvd=4024023380824&vrn=100100225883172&prver=0&pronetvd=null&region=3&sub_region=3",
  "prver" : "0",
  "isUik" : true,
  "selected" : false,
  "load_on_demand" : false
}, {
  "id" : 4024023380825,
  "text" : "УИК №1820",
  "href" : "region/izbirkom?action=show&root=22000045&tvd=4024023380825&vrn=100100225883172&prver=0&pronetvd=null&region=3&sub_region=3",
  "prver" : "0",
  "isUik" : true,
  "selected" : false,
  "load_on_demand" : false
}, {
  "id" : 4024023380826,
  "text" : "УИК №1822",
  "href" : "region/izbirkom?action=show&root=22000045&tvd=4024023380826&vrn=100100225883172&prver=0&pronetvd=null&region=3&sub_region=3",
  "prver" : "0",
  "isUik" : true,
  "selected" : false,
  "load_on_demand" : false
}, {
  "id" : 4024023380827,
  "text" : "УИК №1823",
  "href" : "region/izbirkom?action=show&root=22000045&tvd=4024023380827&vrn=100100225883172&prver=0&pronetvd=null&region=3&sub_region=3",
  "prver" : "0",
  "isUik" : true,
  "selected" : false,
  "load_on_demand" : false
}, {
  "id" : 4024023380828,
  "text" : "УИК №1824",
  "href" : "region/izbirkom?action=show&root=22000045&tvd=4024023380828&vrn=100100225883172&prver=0&pronetvd=null&region=3&sub_region=3",
  "prver" : "0",
  "isUik" : true,
  "selected" : false,
  "load_on_demand" : false
}, {
  "id" : 4024023380829,
  "text" : "УИК №1825",
  "href" : "region/izbirkom?action=show&root=22000045&tvd=4024023380829&vrn=100100225883172&prver=0&pronetvd=null&region=3&sub_region=3",
  "prver" : "0",
  "isUik" : true,
  "selected" : false,
  "load_on_demand" : false
}, {
  "id" : 4024023380830,
  "text" : "УИК №1826",
  "href" : "region/izbirkom?action=show&root=22000045&tvd=4024023380830&vrn=100100225883172&prver=0&pronetvd=null&region=3&sub_region=3",
  "prver" : "0",
  "isUik" : true,
  "selected" : false,
  "load_on_demand" : false
}, {
  "id" : 4024023380831,
  "text" : "УИК №1827",
  "href" : "region/izbirkom?action=show&root=22000045&tvd=4024023380831&vrn=100100225883172&prver=0&pronetvd=null&region=3&sub_region=3",
  "prver" : "0",
  "isUik" : true,
  "selected" : false,
  "load_on_demand" : false
}, {
  "id" : 4024023380832,
  "text" : "УИК №1828",
  "href" : "region/izbirkom?action=show&root=22000045&tvd=4024023380832&vrn=100100225883172&prver=0&pronetvd=null&region=3&sub_region=3",
  "prver" : "0",
  "isUik" : true,
  "selected" : false,
  "load_on_demand" : false
}, {
  "id" : 4024023380833,
  "text" : "УИК №1829",
  "href" : "region/izbirkom?action=show&root=22000045&tvd=4024023380833&vrn=100100225883172&prver=0&pronetvd=null&region=3&sub_region=3",
  "prver" : "0",
  "isUik" : true,
  "selected" : false,
  "load_on_demand" : false
}, {
  "id" : 4024023380834,
  "text" : "УИК №1830",
  "href" : "region/izbirkom?action=show&root=22000045&tvd=4024023380834&vrn=100100225883172&prver=0&pronetvd=null&region=3&sub_region=3",
  "prver" : "0",
  "isUik" : true,
  "selected" : false,
  "load_on_demand" : false
}, {
  "id" : 4024023380835,
  "text" : "УИК №1831",
  "href" : "region/izbirkom?action=show&root=22000045&tvd=4024023380835&vrn=100100225883172&prver=0&pronetvd=null&region=3&sub_region=3",
  "prver" : "0",
  "isUik" : true,
  "selected" : false,
  "load_on_demand" : false
}, {
  "id" : 4024023380836,
  "text" : "УИК №1832",
  "href" : "region/izbirkom?action=show&root=22000045&tvd=4024023380836&vrn=100100225883172&prver=0&pronetvd=null&region=3&sub_region=3",
  "prver" : "0",
  "isUik" : true,
  "selected" : false,
  "load_on_demand" : false
}, {
  "id" : 4024023380837,
  "text" : "УИК №1833",
  "href" : "region/izbirkom?action=show&root=22000045&tvd=4024023380837&vrn=100100225883172&prver=0&pronetvd=null&region=3&sub_region=3",
  "prver" : "0",
  "isUik" : true,
  "selected" : false,
  "load_on_demand" : false
}, {
  "id" : 4024023380838,
  "text" : "УИК №1834",
  "href" : "region/izbirkom?action=show&root=22000045&tvd=4024023380838&vrn=100100225883172&prver=0&pronetvd=null&region=3&sub_region=3",
  "prver" : "0",
  "isUik" : true,
  "selected" : false,
  "load_on_demand" : false
}, {
  "id" : 4024023380839,
  "text" : "УИК №1835",
  "href" : "region/izbirkom?action=show&root=22000045&tvd=4024023380839&vrn=100100225883172&prver=0&pronetvd=null&region=3&sub_region=3",
  "prver" : "0",
  "isUik" : true,
  "selected" : false,
  "load_on_demand" : false
}, {
  "id" : 4024023380840,
  "text" : "УИК №1836",
  "href" : "region/izbirkom?action=show&root=22000045&tvd=4024023380840&vrn=100100225883172&prver=0&pronetvd=null&region=3&sub_region=3",
  "prver" : "0",
  "isUik" : true,
  "selected" : false,
  "load_on_demand" : false
}, {
  "id" : 4024023380841,
  "text" : "УИК №1837",
  "href" : "region/izbirkom?action=show&root=22000045&tvd=4024023380841&vrn=100100225883172&prver=0&pronetvd=null&region=3&sub_region=3",
  "prver" : "0",
  "isUik" : true,
  "selected" : false,
  "load_on_demand" : false
}, {
  "id" : 4024023380842,
  "text" : "УИК №1838",
  "href" : "region/izbirkom?action=show&root=22000045&tvd=4024023380842&vrn=100100225883172&prver=0&pronetvd=null&region=3&sub_region=3",
  "prver" : "0",
  "isUik" : true,
  "selected" : false,
  "load_on_demand" : false
}, {
  "id" : 4024023380843,
  "text" : "УИК №1839",
  "href" : "region/izbirkom?action=show&root=22000045&tvd=4024023380843&vrn=100100225883172&prver=0&pronetvd=null&region=3&sub_region=3",
  "prver" : "0",
  "isUik" : true,
  "selected" : false,
  "load_on_demand" : false
}, {
  "id" : 4024023380844,
  "text" : "УИК №1840",
  "href" : "region/izbirkom?action=show&root=22000045&tvd=4024023380844&vrn=100100225883172&prver=0&pronetvd=null&region=3&sub_region=3",
  "prver" : "0",
  "isUik" : true,
  "selected" : false,
  "load_on_demand" : false
}, {
  "id" : 4024023380845,
  "text" : "УИК №1841",
  "href" : "region/izbirkom?action=show&root=22000045&tvd=4024023380845&vrn=100100225883172&prver=0&pronetvd=null&region=3&sub_region=3",
  "prver" : "0",
  "isUik" : true,
  "selected" : false,
  "load_on_demand" : false
}, {
  "id" : 4024023380846,
  "text" : "УИК №1842",
  "href" : "region/izbirkom?action=show&root=22000045&tvd=4024023380846&vrn=100100225883172&prver=0&pronetvd=null&region=3&sub_region=3",
  "prver" : "0",
  "isUik" : true,
  "selected" : false,
  "load_on_demand" : false
}, {
  "id" : 4024023380847,
  "text" : "УИК №1843",
  "href" : "region/izbirkom?action=show&root=22000045&tvd=4024023380847&vrn=100100225883172&prver=0&pronetvd=null&region=3&sub_region=3",
  "prver" : "0",
  "isUik" : true,
  "selected" : false,
  "load_on_demand" : false
}, {
  "id" : 4024023380848,
  "text" : "УИК №1844",
  "href" : "region/izbirkom?action=show&root=22000045&tvd=4024023380848&vrn=100100225883172&prver=0&pronetvd=null&region=3&sub_region=3",
  "prver" : "0",
  "isUik" : true,
  "selected" : false,
  "load_on_demand" : false
}, {
  "id" : 4024023380849,
  "text" : "УИК №1845",
  "href" : "region/izbirkom?action=show&root=22000045&tvd=4024023380849&vrn=100100225883172&prver=0&pronetvd=null&region=3&sub_region=3",
  "prver" : "0",
  "isUik" : true,
  "selected" : false,
  "load_on_demand" : false
}, {
  "id" : 4024023380850,
  "text" : "УИК №1846",
  "href" : "region/izbirkom?action=show&root=22000045&tvd=4024023380850&vrn=100100225883172&prver=0&pronetvd=null&region=3&sub_region=3",
  "prver" : "0",
  "isUik" : true,
  "selected" : false,
  "load_on_demand" : false
}, {
  "id" : 4024023380851,
  "text" : "УИК №1847",
  "href" : "region/izbirkom?action=show&root=22000045&tvd=4024023380851&vrn=100100225883172&prver=0&pronetvd=null&region=3&sub_region=3",
  "prver" : "0",
  "isUik" : true,
  "selected" : false,
  "load_on_demand" : false
}, {
  "id" : 4024023380852,
  "text" : "УИК №1848",
  "href" : "region/izbirkom?action=show&root=22000045&tvd=4024023380852&vrn=100100225883172&prver=0&pronetvd=null&region=3&sub_region=3",
  "prver" : "0",
  "isUik" : true,
  "selected" : false,
  "load_on_demand" : false
}, {
  "id" : 4024023380853,
  "text" : "УИК №1849",
  "href" : "region/izbirkom?action=show&root=22000045&tvd=4024023380853&vrn=100100225883172&prver=0&pronetvd=null&region=3&sub_region=3",
  "prver" : "0",
  "isUik" : true,
  "selected" : false,
  "load_on_demand" : false
}, {
  "id" : 4024023380854,
  "text" : "УИК №1850",
  "href" : "region/izbirkom?action=show&root=22000045&tvd=4024023380854&vrn=100100225883172&prver=0&pronetvd=null&region=3&sub_region=3",
  "prver" : "0",
  "isUik" : true,
  "selected" : false,
  "load_on_demand" : false
}, {
  "id" : 4024023380855,
  "text" : "УИК №1851",
  "href" : "region/izbirkom?action=show&root=22000045&tvd=4024023380855&vrn=100100225883172&prver=0&pronetvd=null&region=3&sub_region=3",
  "prver" : "0",
  "isUik" : true,
  "selected" : false,
  "load_on_demand" : false
}, {
  "id" : 4024023380856,
  "text" : "УИК №1852",
  "href" : "region/izbirkom?action=show&root=22000045&tvd=4024023380856&vrn=100100225883172&prver=0&pronetvd=null&region=3&sub_region=3",
  "prver" : "0",
  "isUik" : true,
  "selected" : false,
  "load_on_demand" : false
}, {
  "id" : 4024023380857,
  "text" : "УИК №1853",
  "href" : "region/izbirkom?action=show&root=22000045&tvd=4024023380857&vrn=100100225883172&prver=0&pronetvd=null&region=3&sub_region=3",
  "prver" : "0",
  "isUik" : true,
  "selected" : false,
  "load_on_demand" : false
}, {
  "id" : 4024023380858,
  "text" : "УИК №1854",
  "href" : "region/izbirkom?action=show&root=22000045&tvd=4024023380858&vrn=100100225883172&prver=0&pronetvd=null&region=3&sub_region=3",
  "prver" : "0",
  "isUik" : true,
  "selected" : false,
  "load_on_demand" : false
}, {
  "id" : 4024023380859,
  "text" : "УИК №1855",
  "href" : "region/izbirkom?action=show&root=22000045&tvd=4024023380859&vrn=100100225883172&prver=0&pronetvd=null&region=3&sub_region=3",
  "prver" : "0",
  "isUik" : true,
  "selected" : false,
  "load_on_demand" : false
}, {
  "id" : 4024023380860,
  "text" : "УИК №1856",
  "href" : "region/izbirkom?action=show&root=22000045&tvd=4024023380860&vrn=100100225883172&prver=0&pronetvd=null&region=3&sub_region=3",
  "prver" : "0",
  "isUik" : true,
  "selected" : false,
  "load_on_demand" : false
}, {
  "id" : 4024023380861,
  "text" : "УИК №1857",
  "href" : "region/izbirkom?action=show&root=22000045&tvd=4024023380861&vrn=100100225883172&prver=0&pronetvd=null&region=3&sub_region=3",
  "prver" : "0",
  "isUik" : true,
  "selected" : false,
  "load_on_demand" : false
}, {
  "id" : 4024023380862,
  "text" : "УИК №1858",
  "href" : "region/izbirkom?action=show&root=22000045&tvd=4024023380862&vrn=100100225883172&prver=0&pronetvd=null&region=3&sub_region=3",
  "prver" : "0",
  "isUik" : true,
  "selected" : false,
  "load_on_demand" : false
}, {
  "id" : 4024023380863,
  "text" : "УИК №1859",
  "href" : "region/izbirkom?action=show&root=22000045&tvd=4024023380863&vrn=100100225883172&prver=0&pronetvd=null&region=3&sub_region=3",
  "prver" : "0",
  "isUik" : true,
  "selected" : false,
  "load_on_demand" : false
}, {
  "id" : 4024023380864,
  "text" : "УИК №1860",
  "href" : "region/izbirkom?action=show&root=22000045&tvd=4024023380864&vrn=100100225883172&prver=0&pronetvd=null&region=3&sub_region=3",
  "prver" : "0",
  "isUik" : true,
  "selected" : false,
  "load_on_demand" : false
}, {
  "id" : 4024023380865,
  "text" : "УИК №1861",
  "href" : "region/izbirkom?action=show&root=22000045&tvd=4024023380865&vrn=100100225883172&prver=0&pronetvd=null&region=3&sub_region=3",
  "prver" : "0",
  "isUik" : true,
  "selected" : false,
  "load_on_demand" : false
}, {
  "id" : 4024023380866,
  "text" : "УИК №1862",
  "href" : "region/izbirkom?action=show&root=22000045&tvd=4024023380866&vrn=100100225883172&prver=0&pronetvd=null&region=3&sub_region=3",
  "prver" : "0",
  "isUik" : true,
  "selected" : false,
  "load_on_demand" : false
}, {
  "id" : 4024023380867,
  "text" : "УИК №1863",
  "href" : "region/izbirkom?action=show&root=22000045&tvd=4024023380867&vrn=100100225883172&prver=0&pronetvd=null&region=3&sub_region=3",
  "prver" : "0",
  "isUik" : true,
  "selected" : false,
  "load_on_demand" : false
}, {
  "id" : 4024023380868,
  "text" : "УИК №1864",
  "href" : "region/izbirkom?action=show&root=22000045&tvd=4024023380868&vrn=100100225883172&prver=0&pronetvd=null&region=3&sub_region=3",
  "prver" : "0",
  "isUik" : true,
  "selected" : false,
  "load_on_demand" : false
}, {
  "id" : 4024023380869,
  "text" : "УИК №1865",
  "href" : "region/izbirkom?action=show&root=22000045&tvd=4024023380869&vrn=100100225883172&prver=0&pronetvd=null&region=3&sub_region=3",
  "prver" : "0",
  "isUik" : true,
  "selected" : false,
  "load_on_demand" : false
}, {
  "id" : 4024023380870,
  "text" : "УИК №1866",
  "href" : "region/izbirkom?action=show&root=22000045&tvd=4024023380870&vrn=100100225883172&prver=0&pronetvd=null&region=3&sub_region=3",
  "prver" : "0",
  "isUik" : true,
  "selected" : false,
  "load_on_demand" : false
}, {
  "id" : 4024023380871,
  "text" : "УИК №1867",
  "href" : "region/izbirkom?action=show&root=22000045&tvd=4024023380871&vrn=100100225883172&prver=0&pronetvd=null&region=3&sub_region=3",
  "prver" : "0",
  "isUik" : true,
  "selected" : false,
  "load_on_demand" : false
}, {
  "id" : 4024023380872,
  "text" : "УИК №1868",
  "href" : "region/izbirkom?action=show&root=22000045&tvd=4024023380872&vrn=100100225883172&prver=0&pronetvd=null&region=3&sub_region=3",
  "prver" : "0",
  "isUik" : true,
  "selected" : false,
  "load_on_demand" : false
}, {
  "id" : 4024023380873,
  "text" : "УИК №1869",
  "href" : "region/izbirkom?action=show&root=22000045&tvd=4024023380873&vrn=100100225883172&prver=0&pronetvd=null&region=3&sub_region=3",
  "prver" : "0",
  "isUik" : true,
  "selected" : false,
  "load_on_demand" : false
}, {
  "id" : 4024023381566,
  "text" : "УИК №1871",
  "href" : "region/izbirkom?action=show&root=22000045&tvd=4024023381566&vrn=100100225883172&prver=0&pronetvd=null&region=3&sub_region=3",
  "prver" : "0",
  "isUik" : true,
  "selected" : false,
  "load_on_demand" : false
} ]