[ {
  "id" : 4024034356586,
  "text" : "УИК №2348",
  "href" : "region/izbirkom?action=show&root=22000042&tvd=4024034356586&vrn=100100225883172&prver=0&pronetvd=null&region=3&sub_region=3",
  "prver" : "0",
  "isUik" : true,
  "selected" : false,
  "load_on_demand" : false
}, {
  "id" : 4024034356587,
  "text" : "УИК №2349",
  "href" : "region/izbirkom?action=show&root=22000042&tvd=4024034356587&vrn=100100225883172&prver=0&pronetvd=null&region=3&sub_region=3",
  "prver" : "0",
  "isUik" : true,
  "selected" : false,
  "load_on_demand" : false
}, {
  "id" : 4024034356588,
  "text" : "УИК №2350",
  "href" : "region/izbirkom?action=show&root=22000042&tvd=4024034356588&vrn=100100225883172&prver=0&pronetvd=null&region=3&sub_region=3",
  "prver" : "0",
  "isUik" : true,
  "selected" : false,
  "load_on_demand" : false
}, {
  "id" : 4024034356589,
  "text" : "УИК №2351",
  "href" : "region/izbirkom?action=show&root=22000042&tvd=4024034356589&vrn=100100225883172&prver=0&pronetvd=null&region=3&sub_region=3",
  "prver" : "0",
  "isUik" : true,
  "selected" : false,
  "load_on_demand" : false
}, {
  "id" : 4024034356590,
  "text" : "УИК №2352",
  "href" : "region/izbirkom?action=show&root=22000042&tvd=4024034356590&vrn=100100225883172&prver=0&pronetvd=null&region=3&sub_region=3",
  "prver" : "0",
  "isUik" : true,
  "selected" : false,
  "load_on_demand" : false
}, {
  "id" : 4024034356591,
  "text" : "УИК №2353",
  "href" : "region/izbirkom?action=show&root=22000042&tvd=4024034356591&vrn=100100225883172&prver=0&pronetvd=null&region=3&sub_region=3",
  "prver" : "0",
  "isUik" : true,
  "selected" : false,
  "load_on_demand" : false
}, {
  "id" : 4024034356592,
  "text" : "УИК №2354",
  "href" : "region/izbirkom?action=show&root=22000042&tvd=4024034356592&vrn=100100225883172&prver=0&pronetvd=null&region=3&sub_region=3",
  "prver" : "0",
  "isUik" : true,
  "selected" : false,
  "load_on_demand" : false
}, {
  "id" : 4024034356593,
  "text" : "УИК №2355",
  "href" : "region/izbirkom?action=show&root=22000042&tvd=4024034356593&vrn=100100225883172&prver=0&pronetvd=null&region=3&sub_region=3",
  "prver" : "0",
  "isUik" : true,
  "selected" : false,
  "load_on_demand" : false
}, {
  "id" : 4024034356594,
  "text" : "УИК №2356",
  "href" : "region/izbirkom?action=show&root=22000042&tvd=4024034356594&vrn=100100225883172&prver=0&pronetvd=null&region=3&sub_region=3",
  "prver" : "0",
  "isUik" : true,
  "selected" : false,
  "load_on_demand" : false
}, {
  "id" : 4024034356595,
  "text" : "УИК №2357",
  "href" : "region/izbirkom?action=show&root=22000042&tvd=4024034356595&vrn=100100225883172&prver=0&pronetvd=null&region=3&sub_region=3",
  "prver" : "0",
  "isUik" : true,
  "selected" : false,
  "load_on_demand" : false
}, {
  "id" : 4024034356596,
  "text" : "УИК №2358",
  "href" : "region/izbirkom?action=show&root=22000042&tvd=4024034356596&vrn=100100225883172&prver=0&pronetvd=null&region=3&sub_region=3",
  "prver" : "0",
  "isUik" : true,
  "selected" : false,
  "load_on_demand" : false
}, {
  "id" : 4024034356597,
  "text" : "УИК №2359",
  "href" : "region/izbirkom?action=show&root=22000042&tvd=4024034356597&vrn=100100225883172&prver=0&pronetvd=null&region=3&sub_region=3",
  "prver" : "0",
  "isUik" : true,
  "selected" : false,
  "load_on_demand" : false
}, {
  "id" : 4024034356598,
  "text" : "УИК №2360",
  "href" : "region/izbirkom?action=show&root=22000042&tvd=4024034356598&vrn=100100225883172&prver=0&pronetvd=null&region=3&sub_region=3",
  "prver" : "0",
  "isUik" : true,
  "selected" : false,
  "load_on_demand" : false
}, {
  "id" : 4024034356599,
  "text" : "УИК №2361",
  "href" : "region/izbirkom?action=show&root=22000042&tvd=4024034356599&vrn=100100225883172&prver=0&pronetvd=null&region=3&sub_region=3",
  "prver" : "0",
  "isUik" : true,
  "selected" : false,
  "load_on_demand" : false
}, {
  "id" : 4024034356600,
  "text" : "УИК №2362",
  "href" : "region/izbirkom?action=show&root=22000042&tvd=4024034356600&vrn=100100225883172&prver=0&pronetvd=null&region=3&sub_region=3",
  "prver" : "0",
  "isUik" : true,
  "selected" : false,
  "load_on_demand" : false
}, {
  "id" : 4024034356601,
  "text" : "УИК №2363",
  "href" : "region/izbirkom?action=show&root=22000042&tvd=4024034356601&vrn=100100225883172&prver=0&pronetvd=null&region=3&sub_region=3",
  "prver" : "0",
  "isUik" : true,
  "selected" : false,
  "load_on_demand" : false
}, {
  "id" : 4024034356602,
  "text" : "УИК №2364",
  "href" : "region/izbirkom?action=show&root=22000042&tvd=4024034356602&vrn=100100225883172&prver=0&pronetvd=null&region=3&sub_region=3",
  "prver" : "0",
  "isUik" : true,
  "selected" : false,
  "load_on_demand" : false
}, {
  "id" : 4024034356603,
  "text" : "УИК №2365",
  "href" : "region/izbirkom?action=show&root=22000042&tvd=4024034356603&vrn=100100225883172&prver=0&pronetvd=null&region=3&sub_region=3",
  "prver" : "0",
  "isUik" : true,
  "selected" : false,
  "load_on_demand" : false
}, {
  "id" : 4024034356604,
  "text" : "УИК №2366",
  "href" : "region/izbirkom?action=show&root=22000042&tvd=4024034356604&vrn=100100225883172&prver=0&pronetvd=null&region=3&sub_region=3",
  "prver" : "0",
  "isUik" : true,
  "selected" : false,
  "load_on_demand" : false
}, {
  "id" : 4024034356605,
  "text" : "УИК №2367",
  "href" : "region/izbirkom?action=show&root=22000042&tvd=4024034356605&vrn=100100225883172&prver=0&pronetvd=null&region=3&sub_region=3",
  "prver" : "0",
  "isUik" : true,
  "selected" : false,
  "load_on_demand" : false
}, {
  "id" : 4024034356606,
  "text" : "УИК №2368",
  "href" : "region/izbirkom?action=show&root=22000042&tvd=4024034356606&vrn=100100225883172&prver=0&pronetvd=null&region=3&sub_region=3",
  "prver" : "0",
  "isUik" : true,
  "selected" : false,
  "load_on_demand" : false
}, {
  "id" : 4024034356607,
  "text" : "УИК №2369",
  "href" : "region/izbirkom?action=show&root=22000042&tvd=4024034356607&vrn=100100225883172&prver=0&pronetvd=null&region=3&sub_region=3",
  "prver" : "0",
  "isUik" : true,
  "selected" : false,
  "load_on_demand" : false
}, {
  "id" : 4024034356608,
  "text" : "УИК №2370",
  "href" : "region/izbirkom?action=show&root=22000042&tvd=4024034356608&vrn=100100225883172&prver=0&pronetvd=null&region=3&sub_region=3",
  "prver" : "0",
  "isUik" : true,
  "selected" : false,
  "load_on_demand" : false
}, {
  "id" : 4024034356609,
  "text" : "УИК №2371",
  "href" : "region/izbirkom?action=show&root=22000042&tvd=4024034356609&vrn=100100225883172&prver=0&pronetvd=null&region=3&sub_region=3",
  "prver" : "0",
  "isUik" : true,
  "selected" : false,
  "load_on_demand" : false
}, {
  "id" : 4024034356610,
  "text" : "УИК №2372",
  "href" : "region/izbirkom?action=show&root=22000042&tvd=4024034356610&vrn=100100225883172&prver=0&pronetvd=null&region=3&sub_region=3",
  "prver" : "0",
  "isUik" : true,
  "selected" : false,
  "load_on_demand" : false
}, {
  "id" : 4024034356611,
  "text" : "УИК №2373",
  "href" : "region/izbirkom?action=show&root=22000042&tvd=4024034356611&vrn=100100225883172&prver=0&pronetvd=null&region=3&sub_region=3",
  "prver" : "0",
  "isUik" : true,
  "selected" : false,
  "load_on_demand" : false
}, {
  "id" : 4024034356612,
  "text" : "УИК №2374",
  "href" : "region/izbirkom?action=show&root=22000042&tvd=4024034356612&vrn=100100225883172&prver=0&pronetvd=null&region=3&sub_region=3",
  "prver" : "0",
  "isUik" : true,
  "selected" : false,
  "load_on_demand" : false
}, {
  "id" : 4024034356613,
  "text" : "УИК №2375",
  "href" : "region/izbirkom?action=show&root=22000042&tvd=4024034356613&vrn=100100225883172&prver=0&pronetvd=null&region=3&sub_region=3",
  "prver" : "0",
  "isUik" : true,
  "selected" : false,
  "load_on_demand" : false
}, {
  "id" : 4024034356614,
  "text" : "УИК №2376",
  "href" : "region/izbirkom?action=show&root=22000042&tvd=4024034356614&vrn=100100225883172&prver=0&pronetvd=null&region=3&sub_region=3",
  "prver" : "0",
  "isUik" : true,
  "selected" : false,
  "load_on_demand" : false
}, {
  "id" : 4024034356615,
  "text" : "УИК №2377",
  "href" : "region/izbirkom?action=show&root=22000042&tvd=4024034356615&vrn=100100225883172&prver=0&pronetvd=null&region=3&sub_region=3",
  "prver" : "0",
  "isUik" : true,
  "selected" : false,
  "load_on_demand" : false
}, {
  "id" : 4024034356616,
  "text" : "УИК №2378",
  "href" : "region/izbirkom?action=show&root=22000042&tvd=4024034356616&vrn=100100225883172&prver=0&pronetvd=null&region=3&sub_region=3",
  "prver" : "0",
  "isUik" : true,
  "selected" : false,
  "load_on_demand" : false
}, {
  "id" : 4024034356617,
  "text" : "УИК №2379",
  "href" : "region/izbirkom?action=show&root=22000042&tvd=4024034356617&vrn=100100225883172&prver=0&pronetvd=null&region=3&sub_region=3",
  "prver" : "0",
  "isUik" : true,
  "selected" : false,
  "load_on_demand" : false
}, {
  "id" : 4024034356618,
  "text" : "УИК №2380",
  "href" : "region/izbirkom?action=show&root=22000042&tvd=4024034356618&vrn=100100225883172&prver=0&pronetvd=null&region=3&sub_region=3",
  "prver" : "0",
  "isUik" : true,
  "selected" : false,
  "load_on_demand" : false
}, {
  "id" : 4024034356619,
  "text" : "УИК №2381",
  "href" : "region/izbirkom?action=show&root=22000042&tvd=4024034356619&vrn=100100225883172&prver=0&pronetvd=null&region=3&sub_region=3",
  "prver" : "0",
  "isUik" : true,
  "selected" : false,
  "load_on_demand" : false
}, {
  "id" : 4024034356620,
  "text" : "УИК №2382",
  "href" : "region/izbirkom?action=show&root=22000042&tvd=4024034356620&vrn=100100225883172&prver=0&pronetvd=null&region=3&sub_region=3",
  "prver" : "0",
  "isUik" : true,
  "selected" : false,
  "load_on_demand" : false
}, {
  "id" : 4024034356621,
  "text" : "УИК №2383",
  "href" : "region/izbirkom?action=show&root=22000042&tvd=4024034356621&vrn=100100225883172&prver=0&pronetvd=null&region=3&sub_region=3",
  "prver" : "0",
  "isUik" : true,
  "selected" : false,
  "load_on_demand" : false
}, {
  "id" : 4024034356622,
  "text" : "УИК №2384",
  "href" : "region/izbirkom?action=show&root=22000042&tvd=4024034356622&vrn=100100225883172&prver=0&pronetvd=null&region=3&sub_region=3",
  "prver" : "0",
  "isUik" : true,
  "selected" : false,
  "load_on_demand" : false
} ]