[ {
  "id" : 4024010453816,
  "text" : "УИК №1182",
  "href" : "region/izbirkom?action=show&root=22000069&tvd=4024010453816&vrn=100100225883172&prver=0&pronetvd=null&region=3&sub_region=3",
  "prver" : "0",
  "isUik" : true,
  "selected" : false,
  "load_on_demand" : false
}, {
  "id" : 4024010453817,
  "text" : "УИК №1183",
  "href" : "region/izbirkom?action=show&root=22000069&tvd=4024010453817&vrn=100100225883172&prver=0&pronetvd=null&region=3&sub_region=3",
  "prver" : "0",
  "isUik" : true,
  "selected" : false,
  "load_on_demand" : false
}, {
  "id" : 4024010453818,
  "text" : "УИК №1184",
  "href" : "region/izbirkom?action=show&root=22000069&tvd=4024010453818&vrn=100100225883172&prver=0&pronetvd=null&region=3&sub_region=3",
  "prver" : "0",
  "isUik" : true,
  "selected" : false,
  "load_on_demand" : false
}, {
  "id" : 4024010453819,
  "text" : "УИК №1185",
  "href" : "region/izbirkom?action=show&root=22000069&tvd=4024010453819&vrn=100100225883172&prver=0&pronetvd=null&region=3&sub_region=3",
  "prver" : "0",
  "isUik" : true,
  "selected" : false,
  "load_on_demand" : false
}, {
  "id" : 4024010453820,
  "text" : "УИК №1186",
  "href" : "region/izbirkom?action=show&root=22000069&tvd=4024010453820&vrn=100100225883172&prver=0&pronetvd=null&region=3&sub_region=3",
  "prver" : "0",
  "isUik" : true,
  "selected" : false,
  "load_on_demand" : false
}, {
  "id" : 4024010453821,
  "text" : "УИК №1187",
  "href" : "region/izbirkom?action=show&root=22000069&tvd=4024010453821&vrn=100100225883172&prver=0&pronetvd=null&region=3&sub_region=3",
  "prver" : "0",
  "isUik" : true,
  "selected" : false,
  "load_on_demand" : false
}, {
  "id" : 4024010453822,
  "text" : "УИК №1188",
  "href" : "region/izbirkom?action=show&root=22000069&tvd=4024010453822&vrn=100100225883172&prver=0&pronetvd=null&region=3&sub_region=3",
  "prver" : "0",
  "isUik" : true,
  "selected" : false,
  "load_on_demand" : false
}, {
  "id" : 4024010453823,
  "text" : "УИК №1189",
  "href" : "region/izbirkom?action=show&root=22000069&tvd=4024010453823&vrn=100100225883172&prver=0&pronetvd=null&region=3&sub_region=3",
  "prver" : "0",
  "isUik" : true,
  "selected" : false,
  "load_on_demand" : false
}, {
  "id" : 4024010453824,
  "text" : "УИК №1190",
  "href" : "region/izbirkom?action=show&root=22000069&tvd=4024010453824&vrn=100100225883172&prver=0&pronetvd=null&region=3&sub_region=3",
  "prver" : "0",
  "isUik" : true,
  "selected" : false,
  "load_on_demand" : false
}, {
  "id" : 4024010453825,
  "text" : "УИК №1191",
  "href" : "region/izbirkom?action=show&root=22000069&tvd=4024010453825&vrn=100100225883172&prver=0&pronetvd=null&region=3&sub_region=3",
  "prver" : "0",
  "isUik" : true,
  "selected" : false,
  "load_on_demand" : false
}, {
  "id" : 4024010453826,
  "text" : "УИК №1192",
  "href" : "region/izbirkom?action=show&root=22000069&tvd=4024010453826&vrn=100100225883172&prver=0&pronetvd=null&region=3&sub_region=3",
  "prver" : "0",
  "isUik" : true,
  "selected" : false,
  "load_on_demand" : false
}, {
  "id" : 4024010453827,
  "text" : "УИК №1194",
  "href" : "region/izbirkom?action=show&root=22000069&tvd=4024010453827&vrn=100100225883172&prver=0&pronetvd=null&region=3&sub_region=3",
  "prver" : "0",
  "isUik" : true,
  "selected" : false,
  "load_on_demand" : false
}, {
  "id" : 4024010453828,
  "text" : "УИК №1195",
  "href" : "region/izbirkom?action=show&root=22000069&tvd=4024010453828&vrn=100100225883172&prver=0&pronetvd=null&region=3&sub_region=3",
  "prver" : "0",
  "isUik" : true,
  "selected" : false,
  "load_on_demand" : false
}, {
  "id" : 4024010453829,
  "text" : "УИК №1196",
  "href" : "region/izbirkom?action=show&root=22000069&tvd=4024010453829&vrn=100100225883172&prver=0&pronetvd=null&region=3&sub_region=3",
  "prver" : "0",
  "isUik" : true,
  "selected" : false,
  "load_on_demand" : false
}, {
  "id" : 4024010453830,
  "text" : "УИК №1197",
  "href" : "region/izbirkom?action=show&root=22000069&tvd=4024010453830&vrn=100100225883172&prver=0&pronetvd=null&region=3&sub_region=3",
  "prver" : "0",
  "isUik" : true,
  "selected" : false,
  "load_on_demand" : false
}, {
  "id" : 4024010453831,
  "text" : "УИК №1198",
  "href" : "region/izbirkom?action=show&root=22000069&tvd=4024010453831&vrn=100100225883172&prver=0&pronetvd=null&region=3&sub_region=3",
  "prver" : "0",
  "isUik" : true,
  "selected" : false,
  "load_on_demand" : false
}, {
  "id" : 4024010453832,
  "text" : "УИК №1199",
  "href" : "region/izbirkom?action=show&root=22000069&tvd=4024010453832&vrn=100100225883172&prver=0&pronetvd=null&region=3&sub_region=3",
  "prver" : "0",
  "isUik" : true,
  "selected" : false,
  "load_on_demand" : false
}, {
  "id" : 4024010453833,
  "text" : "УИК №1200",
  "href" : "region/izbirkom?action=show&root=22000069&tvd=4024010453833&vrn=100100225883172&prver=0&pronetvd=null&region=3&sub_region=3",
  "prver" : "0",
  "isUik" : true,
  "selected" : false,
  "load_on_demand" : false
}, {
  "id" : 4024010453834,
  "text" : "УИК №1201",
  "href" : "region/izbirkom?action=show&root=22000069&tvd=4024010453834&vrn=100100225883172&prver=0&pronetvd=null&region=3&sub_region=3",
  "prver" : "0",
  "isUik" : true,
  "selected" : false,
  "load_on_demand" : false
}, {
  "id" : 4024010453835,
  "text" : "УИК №1202",
  "href" : "region/izbirkom?action=show&root=22000069&tvd=4024010453835&vrn=100100225883172&prver=0&pronetvd=null&region=3&sub_region=3",
  "prver" : "0",
  "isUik" : true,
  "selected" : false,
  "load_on_demand" : false
}, {
  "id" : 4024010453836,
  "text" : "УИК №1203",
  "href" : "region/izbirkom?action=show&root=22000069&tvd=4024010453836&vrn=100100225883172&prver=0&pronetvd=null&region=3&sub_region=3",
  "prver" : "0",
  "isUik" : true,
  "selected" : false,
  "load_on_demand" : false
}, {
  "id" : 4024010453837,
  "text" : "УИК №1204",
  "href" : "region/izbirkom?action=show&root=22000069&tvd=4024010453837&vrn=100100225883172&prver=0&pronetvd=null&region=3&sub_region=3",
  "prver" : "0",
  "isUik" : true,
  "selected" : false,
  "load_on_demand" : false
}, {
  "id" : 4024010453838,
  "text" : "УИК №1205",
  "href" : "region/izbirkom?action=show&root=22000069&tvd=4024010453838&vrn=100100225883172&prver=0&pronetvd=null&region=3&sub_region=3",
  "prver" : "0",
  "isUik" : true,
  "selected" : false,
  "load_on_demand" : false
}, {
  "id" : 4024010453839,
  "text" : "УИК №1206",
  "href" : "region/izbirkom?action=show&root=22000069&tvd=4024010453839&vrn=100100225883172&prver=0&pronetvd=null&region=3&sub_region=3",
  "prver" : "0",
  "isUik" : true,
  "selected" : false,
  "load_on_demand" : false
}, {
  "id" : 4024010453840,
  "text" : "УИК №1207",
  "href" : "region/izbirkom?action=show&root=22000069&tvd=4024010453840&vrn=100100225883172&prver=0&pronetvd=null&region=3&sub_region=3",
  "prver" : "0",
  "isUik" : true,
  "selected" : false,
  "load_on_demand" : false
}, {
  "id" : 4024010453841,
  "text" : "УИК №1208",
  "href" : "region/izbirkom?action=show&root=22000069&tvd=4024010453841&vrn=100100225883172&prver=0&pronetvd=null&region=3&sub_region=3",
  "prver" : "0",
  "isUik" : true,
  "selected" : false,
  "load_on_demand" : false
}, {
  "id" : 4024010453842,
  "text" : "УИК №1209",
  "href" : "region/izbirkom?action=show&root=22000069&tvd=4024010453842&vrn=100100225883172&prver=0&pronetvd=null&region=3&sub_region=3",
  "prver" : "0",
  "isUik" : true,
  "selected" : false,
  "load_on_demand" : false
}, {
  "id" : 4024010453843,
  "text" : "УИК №1210",
  "href" : "region/izbirkom?action=show&root=22000069&tvd=4024010453843&vrn=100100225883172&prver=0&pronetvd=null&region=3&sub_region=3",
  "prver" : "0",
  "isUik" : true,
  "selected" : false,
  "load_on_demand" : false
}, {
  "id" : 4024010453844,
  "text" : "УИК №1211",
  "href" : "region/izbirkom?action=show&root=22000069&tvd=4024010453844&vrn=100100225883172&prver=0&pronetvd=null&region=3&sub_region=3",
  "prver" : "0",
  "isUik" : true,
  "selected" : false,
  "load_on_demand" : false
}, {
  "id" : 4024010453845,
  "text" : "УИК №1212",
  "href" : "region/izbirkom?action=show&root=22000069&tvd=4024010453845&vrn=100100225883172&prver=0&pronetvd=null&region=3&sub_region=3",
  "prver" : "0",
  "isUik" : true,
  "selected" : false,
  "load_on_demand" : false
}, {
  "id" : 4024010453846,
  "text" : "УИК №1213",
  "href" : "region/izbirkom?action=show&root=22000069&tvd=4024010453846&vrn=100100225883172&prver=0&pronetvd=null&region=3&sub_region=3",
  "prver" : "0",
  "isUik" : true,
  "selected" : false,
  "load_on_demand" : false
}, {
  "id" : 4024010453847,
  "text" : "УИК №1214",
  "href" : "region/izbirkom?action=show&root=22000069&tvd=4024010453847&vrn=100100225883172&prver=0&pronetvd=null&region=3&sub_region=3",
  "prver" : "0",
  "isUik" : true,
  "selected" : false,
  "load_on_demand" : false
}, {
  "id" : 4024010453848,
  "text" : "УИК №1215",
  "href" : "region/izbirkom?action=show&root=22000069&tvd=4024010453848&vrn=100100225883172&prver=0&pronetvd=null&region=3&sub_region=3",
  "prver" : "0",
  "isUik" : true,
  "selected" : false,
  "load_on_demand" : false
}, {
  "id" : 4024010453849,
  "text" : "УИК №1216",
  "href" : "region/izbirkom?action=show&root=22000069&tvd=4024010453849&vrn=100100225883172&prver=0&pronetvd=null&region=3&sub_region=3",
  "prver" : "0",
  "isUik" : true,
  "selected" : false,
  "load_on_demand" : false
}, {
  "id" : 4024010453850,
  "text" : "УИК №1217",
  "href" : "region/izbirkom?action=show&root=22000069&tvd=4024010453850&vrn=100100225883172&prver=0&pronetvd=null&region=3&sub_region=3",
  "prver" : "0",
  "isUik" : true,
  "selected" : false,
  "load_on_demand" : false
}, {
  "id" : 4024010453851,
  "text" : "УИК №1218",
  "href" : "region/izbirkom?action=show&root=22000069&tvd=4024010453851&vrn=100100225883172&prver=0&pronetvd=null&region=3&sub_region=3",
  "prver" : "0",
  "isUik" : true,
  "selected" : false,
  "load_on_demand" : false
}, {
  "id" : 4024010453852,
  "text" : "УИК №1219",
  "href" : "region/izbirkom?action=show&root=22000069&tvd=4024010453852&vrn=100100225883172&prver=0&pronetvd=null&region=3&sub_region=3",
  "prver" : "0",
  "isUik" : true,
  "selected" : false,
  "load_on_demand" : false
}, {
  "id" : 4024010453853,
  "text" : "УИК №1221",
  "href" : "region/izbirkom?action=show&root=22000069&tvd=4024010453853&vrn=100100225883172&prver=0&pronetvd=null&region=3&sub_region=3",
  "prver" : "0",
  "isUik" : true,
  "selected" : false,
  "load_on_demand" : false
}, {
  "id" : 4024010453854,
  "text" : "УИК №1222",
  "href" : "region/izbirkom?action=show&root=22000069&tvd=4024010453854&vrn=100100225883172&prver=0&pronetvd=null&region=3&sub_region=3",
  "prver" : "0",
  "isUik" : true,
  "selected" : false,
  "load_on_demand" : false
}, {
  "id" : 4024010453855,
  "text" : "УИК №1224",
  "href" : "region/izbirkom?action=show&root=22000069&tvd=4024010453855&vrn=100100225883172&prver=0&pronetvd=null&region=3&sub_region=3",
  "prver" : "0",
  "isUik" : true,
  "selected" : false,
  "load_on_demand" : false
}, {
  "id" : 4024010453856,
  "text" : "УИК №1227",
  "href" : "region/izbirkom?action=show&root=22000069&tvd=4024010453856&vrn=100100225883172&prver=0&pronetvd=null&region=3&sub_region=3",
  "prver" : "0",
  "isUik" : true,
  "selected" : false,
  "load_on_demand" : false
}, {
  "id" : 4024010453857,
  "text" : "УИК №1228",
  "href" : "region/izbirkom?action=show&root=22000069&tvd=4024010453857&vrn=100100225883172&prver=0&pronetvd=null&region=3&sub_region=3",
  "prver" : "0",
  "isUik" : true,
  "selected" : false,
  "load_on_demand" : false
}, {
  "id" : 4024010453858,
  "text" : "УИК №1229",
  "href" : "region/izbirkom?action=show&root=22000069&tvd=4024010453858&vrn=100100225883172&prver=0&pronetvd=null&region=3&sub_region=3",
  "prver" : "0",
  "isUik" : true,
  "selected" : false,
  "load_on_demand" : false
}, {
  "id" : 4024010453859,
  "text" : "УИК №1230",
  "href" : "region/izbirkom?action=show&root=22000069&tvd=4024010453859&vrn=100100225883172&prver=0&pronetvd=null&region=3&sub_region=3",
  "prver" : "0",
  "isUik" : true,
  "selected" : false,
  "load_on_demand" : false
}, {
  "id" : 4024010453860,
  "text" : "УИК №1231",
  "href" : "region/izbirkom?action=show&root=22000069&tvd=4024010453860&vrn=100100225883172&prver=0&pronetvd=null&region=3&sub_region=3",
  "prver" : "0",
  "isUik" : true,
  "selected" : false,
  "load_on_demand" : false
}, {
  "id" : 4024010453861,
  "text" : "УИК №1232",
  "href" : "region/izbirkom?action=show&root=22000069&tvd=4024010453861&vrn=100100225883172&prver=0&pronetvd=null&region=3&sub_region=3",
  "prver" : "0",
  "isUik" : true,
  "selected" : false,
  "load_on_demand" : false
}, {
  "id" : 4024010453862,
  "text" : "УИК №1233",
  "href" : "region/izbirkom?action=show&root=22000069&tvd=4024010453862&vrn=100100225883172&prver=0&pronetvd=null&region=3&sub_region=3",
  "prver" : "0",
  "isUik" : true,
  "selected" : false,
  "load_on_demand" : false
}, {
  "id" : 4024010453863,
  "text" : "УИК №1234",
  "href" : "region/izbirkom?action=show&root=22000069&tvd=4024010453863&vrn=100100225883172&prver=0&pronetvd=null&region=3&sub_region=3",
  "prver" : "0",
  "isUik" : true,
  "selected" : false,
  "load_on_demand" : false
}, {
  "id" : 4024010453864,
  "text" : "УИК №1236",
  "href" : "region/izbirkom?action=show&root=22000069&tvd=4024010453864&vrn=100100225883172&prver=0&pronetvd=null&region=3&sub_region=3",
  "prver" : "0",
  "isUik" : true,
  "selected" : false,
  "load_on_demand" : false
}, {
  "id" : 4024010453865,
  "text" : "УИК №1237",
  "href" : "region/izbirkom?action=show&root=22000069&tvd=4024010453865&vrn=100100225883172&prver=0&pronetvd=null&region=3&sub_region=3",
  "prver" : "0",
  "isUik" : true,
  "selected" : false,
  "load_on_demand" : false
}, {
  "id" : 4024010453866,
  "text" : "УИК №1238",
  "href" : "region/izbirkom?action=show&root=22000069&tvd=4024010453866&vrn=100100225883172&prver=0&pronetvd=null&region=3&sub_region=3",
  "prver" : "0",
  "isUik" : true,
  "selected" : false,
  "load_on_demand" : false
}, {
  "id" : 4024010453867,
  "text" : "УИК №1239",
  "href" : "region/izbirkom?action=show&root=22000069&tvd=4024010453867&vrn=100100225883172&prver=0&pronetvd=null&region=3&sub_region=3",
  "prver" : "0",
  "isUik" : true,
  "selected" : false,
  "load_on_demand" : false
}, {
  "id" : 4024010453868,
  "text" : "УИК №1240",
  "href" : "region/izbirkom?action=show&root=22000069&tvd=4024010453868&vrn=100100225883172&prver=0&pronetvd=null&region=3&sub_region=3",
  "prver" : "0",
  "isUik" : true,
  "selected" : false,
  "load_on_demand" : false
}, {
  "id" : 4024010453869,
  "text" : "УИК №1241",
  "href" : "region/izbirkom?action=show&root=22000069&tvd=4024010453869&vrn=100100225883172&prver=0&pronetvd=null&region=3&sub_region=3",
  "prver" : "0",
  "isUik" : true,
  "selected" : false,
  "load_on_demand" : false
}, {
  "id" : 4024010453870,
  "text" : "УИК №1243",
  "href" : "region/izbirkom?action=show&root=22000069&tvd=4024010453870&vrn=100100225883172&prver=0&pronetvd=null&region=3&sub_region=3",
  "prver" : "0",
  "isUik" : true,
  "selected" : false,
  "load_on_demand" : false
}, {
  "id" : 4024010453871,
  "text" : "УИК №1244",
  "href" : "region/izbirkom?action=show&root=22000069&tvd=4024010453871&vrn=100100225883172&prver=0&pronetvd=null&region=3&sub_region=3",
  "prver" : "0",
  "isUik" : true,
  "selected" : false,
  "load_on_demand" : false
} ]