[ {
  "id" : 9019058413979,
  "text" : "УИК №292",
  "href" : "region/izbirkom?action=show&root=22000012&tvd=9019058413979&vrn=100100225883172&prver=0&pronetvd=null&region=3&sub_region=3",
  "prver" : "0",
  "isUik" : true,
  "selected" : false,
  "load_on_demand" : false
}, {
  "id" : 9019058413980,
  "text" : "УИК №293",
  "href" : "region/izbirkom?action=show&root=22000012&tvd=9019058413980&vrn=100100225883172&prver=0&pronetvd=null&region=3&sub_region=3",
  "prver" : "0",
  "isUik" : true,
  "selected" : false,
  "load_on_demand" : false
}, {
  "id" : 9019058413981,
  "text" : "УИК №294",
  "href" : "region/izbirkom?action=show&root=22000012&tvd=9019058413981&vrn=100100225883172&prver=0&pronetvd=null&region=3&sub_region=3",
  "prver" : "0",
  "isUik" : true,
  "selected" : false,
  "load_on_demand" : false
}, {
  "id" : 9019058413982,
  "text" : "УИК №295",
  "href" : "region/izbirkom?action=show&root=22000012&tvd=9019058413982&vrn=100100225883172&prver=0&pronetvd=null&region=3&sub_region=3",
  "prver" : "0",
  "isUik" : true,
  "selected" : false,
  "load_on_demand" : false
}, {
  "id" : 9019058413983,
  "text" : "УИК №296",
  "href" : "region/izbirkom?action=show&root=22000012&tvd=9019058413983&vrn=100100225883172&prver=0&pronetvd=null&region=3&sub_region=3",
  "prver" : "0",
  "isUik" : true,
  "selected" : false,
  "load_on_demand" : false
}, {
  "id" : 9019058413984,
  "text" : "УИК №297",
  "href" : "region/izbirkom?action=show&root=22000012&tvd=9019058413984&vrn=100100225883172&prver=0&pronetvd=null&region=3&sub_region=3",
  "prver" : "0",
  "isUik" : true,
  "selected" : false,
  "load_on_demand" : false
}, {
  "id" : 9019058413985,
  "text" : "УИК №298",
  "href" : "region/izbirkom?action=show&root=22000012&tvd=9019058413985&vrn=100100225883172&prver=0&pronetvd=null&region=3&sub_region=3",
  "prver" : "0",
  "isUik" : true,
  "selected" : false,
  "load_on_demand" : false
}, {
  "id" : 9019058413986,
  "text" : "УИК №299",
  "href" : "region/izbirkom?action=show&root=22000012&tvd=9019058413986&vrn=100100225883172&prver=0&pronetvd=null&region=3&sub_region=3",
  "prver" : "0",
  "isUik" : true,
  "selected" : false,
  "load_on_demand" : false
}, {
  "id" : 9019058413987,
  "text" : "УИК №300",
  "href" : "region/izbirkom?action=show&root=22000012&tvd=9019058413987&vrn=100100225883172&prver=0&pronetvd=null&region=3&sub_region=3",
  "prver" : "0",
  "isUik" : true,
  "selected" : false,
  "load_on_demand" : false
}, {
  "id" : 9019058413988,
  "text" : "УИК №301",
  "href" : "region/izbirkom?action=show&root=22000012&tvd=9019058413988&vrn=100100225883172&prver=0&pronetvd=null&region=3&sub_region=3",
  "prver" : "0",
  "isUik" : true,
  "selected" : false,
  "load_on_demand" : false
}, {
  "id" : 9019058413989,
  "text" : "УИК №302",
  "href" : "region/izbirkom?action=show&root=22000012&tvd=9019058413989&vrn=100100225883172&prver=0&pronetvd=null&region=3&sub_region=3",
  "prver" : "0",
  "isUik" : true,
  "selected" : false,
  "load_on_demand" : false
}, {
  "id" : 9019058413990,
  "text" : "УИК №303",
  "href" : "region/izbirkom?action=show&root=22000012&tvd=9019058413990&vrn=100100225883172&prver=0&pronetvd=null&region=3&sub_region=3",
  "prver" : "0",
  "isUik" : true,
  "selected" : false,
  "load_on_demand" : false
}, {
  "id" : 9019058413991,
  "text" : "УИК №304",
  "href" : "region/izbirkom?action=show&root=22000012&tvd=9019058413991&vrn=100100225883172&prver=0&pronetvd=null&region=3&sub_region=3",
  "prver" : "0",
  "isUik" : true,
  "selected" : false,
  "load_on_demand" : false
}, {
  "id" : 9019058413992,
  "text" : "УИК №305",
  "href" : "region/izbirkom?action=show&root=22000012&tvd=9019058413992&vrn=100100225883172&prver=0&pronetvd=null&region=3&sub_region=3",
  "prver" : "0",
  "isUik" : true,
  "selected" : false,
  "load_on_demand" : false
}, {
  "id" : 9019058413993,
  "text" : "УИК №306",
  "href" : "region/izbirkom?action=show&root=22000012&tvd=9019058413993&vrn=100100225883172&prver=0&pronetvd=null&region=3&sub_region=3",
  "prver" : "0",
  "isUik" : true,
  "selected" : false,
  "load_on_demand" : false
}, {
  "id" : 9019058413994,
  "text" : "УИК №307",
  "href" : "region/izbirkom?action=show&root=22000012&tvd=9019058413994&vrn=100100225883172&prver=0&pronetvd=null&region=3&sub_region=3",
  "prver" : "0",
  "isUik" : true,
  "selected" : false,
  "load_on_demand" : false
}, {
  "id" : 9019058413995,
  "text" : "УИК №308",
  "href" : "region/izbirkom?action=show&root=22000012&tvd=9019058413995&vrn=100100225883172&prver=0&pronetvd=null&region=3&sub_region=3",
  "prver" : "0",
  "isUik" : true,
  "selected" : false,
  "load_on_demand" : false
}, {
  "id" : 9019058413996,
  "text" : "УИК №309",
  "href" : "region/izbirkom?action=show&root=22000012&tvd=9019058413996&vrn=100100225883172&prver=0&pronetvd=null&region=3&sub_region=3",
  "prver" : "0",
  "isUik" : true,
  "selected" : false,
  "load_on_demand" : false
}, {
  "id" : 9019058413997,
  "text" : "УИК №310",
  "href" : "region/izbirkom?action=show&root=22000012&tvd=9019058413997&vrn=100100225883172&prver=0&pronetvd=null&region=3&sub_region=3",
  "prver" : "0",
  "isUik" : true,
  "selected" : false,
  "load_on_demand" : false
}, {
  "id" : 9019058413998,
  "text" : "УИК №311",
  "href" : "region/izbirkom?action=show&root=22000012&tvd=9019058413998&vrn=100100225883172&prver=0&pronetvd=null&region=3&sub_region=3",
  "prver" : "0",
  "isUik" : true,
  "selected" : false,
  "load_on_demand" : false
}, {
  "id" : 9019058413999,
  "text" : "УИК №312",
  "href" : "region/izbirkom?action=show&root=22000012&tvd=9019058413999&vrn=100100225883172&prver=0&pronetvd=null&region=3&sub_region=3",
  "prver" : "0",
  "isUik" : true,
  "selected" : false,
  "load_on_demand" : false
}, {
  "id" : 9019058414000,
  "text" : "УИК №313",
  "href" : "region/izbirkom?action=show&root=22000012&tvd=9019058414000&vrn=100100225883172&prver=0&pronetvd=null&region=3&sub_region=3",
  "prver" : "0",
  "isUik" : true,
  "selected" : false,
  "load_on_demand" : false
}, {
  "id" : 9019058414001,
  "text" : "УИК №314",
  "href" : "region/izbirkom?action=show&root=22000012&tvd=9019058414001&vrn=100100225883172&prver=0&pronetvd=null&region=3&sub_region=3",
  "prver" : "0",
  "isUik" : true,
  "selected" : false,
  "load_on_demand" : false
}, {
  "id" : 9019058414002,
  "text" : "УИК №315",
  "href" : "region/izbirkom?action=show&root=22000012&tvd=9019058414002&vrn=100100225883172&prver=0&pronetvd=null&region=3&sub_region=3",
  "prver" : "0",
  "isUik" : true,
  "selected" : false,
  "load_on_demand" : false
}, {
  "id" : 9019058414003,
  "text" : "УИК №316",
  "href" : "region/izbirkom?action=show&root=22000012&tvd=9019058414003&vrn=100100225883172&prver=0&pronetvd=null&region=3&sub_region=3",
  "prver" : "0",
  "isUik" : true,
  "selected" : false,
  "load_on_demand" : false
}, {
  "id" : 9019058414004,
  "text" : "УИК №317",
  "href" : "region/izbirkom?action=show&root=22000012&tvd=9019058414004&vrn=100100225883172&prver=0&pronetvd=null&region=3&sub_region=3",
  "prver" : "0",
  "isUik" : true,
  "selected" : false,
  "load_on_demand" : false
}, {
  "id" : 9019058414005,
  "text" : "УИК №318",
  "href" : "region/izbirkom?action=show&root=22000012&tvd=9019058414005&vrn=100100225883172&prver=0&pronetvd=null&region=3&sub_region=3",
  "prver" : "0",
  "isUik" : true,
  "selected" : false,
  "load_on_demand" : false
}, {
  "id" : 9019058414006,
  "text" : "УИК №319",
  "href" : "region/izbirkom?action=show&root=22000012&tvd=9019058414006&vrn=100100225883172&prver=0&pronetvd=null&region=3&sub_region=3",
  "prver" : "0",
  "isUik" : true,
  "selected" : false,
  "load_on_demand" : false
}, {
  "id" : 9019058414007,
  "text" : "УИК №320",
  "href" : "region/izbirkom?action=show&root=22000012&tvd=9019058414007&vrn=100100225883172&prver=0&pronetvd=null&region=3&sub_region=3",
  "prver" : "0",
  "isUik" : true,
  "selected" : false,
  "load_on_demand" : false
}, {
  "id" : 9019058414008,
  "text" : "УИК №321",
  "href" : "region/izbirkom?action=show&root=22000012&tvd=9019058414008&vrn=100100225883172&prver=0&pronetvd=null&region=3&sub_region=3",
  "prver" : "0",
  "isUik" : true,
  "selected" : false,
  "load_on_demand" : false
}, {
  "id" : 9019058414009,
  "text" : "УИК №322",
  "href" : "region/izbirkom?action=show&root=22000012&tvd=9019058414009&vrn=100100225883172&prver=0&pronetvd=null&region=3&sub_region=3",
  "prver" : "0",
  "isUik" : true,
  "selected" : false,
  "load_on_demand" : false
}, {
  "id" : 9019058414010,
  "text" : "УИК №323",
  "href" : "region/izbirkom?action=show&root=22000012&tvd=9019058414010&vrn=100100225883172&prver=0&pronetvd=null&region=3&sub_region=3",
  "prver" : "0",
  "isUik" : true,
  "selected" : false,
  "load_on_demand" : false
}, {
  "id" : 9019058414011,
  "text" : "УИК №324",
  "href" : "region/izbirkom?action=show&root=22000012&tvd=9019058414011&vrn=100100225883172&prver=0&pronetvd=null&region=3&sub_region=3",
  "prver" : "0",
  "isUik" : true,
  "selected" : false,
  "load_on_demand" : false
}, {
  "id" : 9019058414012,
  "text" : "УИК №325",
  "href" : "region/izbirkom?action=show&root=22000012&tvd=9019058414012&vrn=100100225883172&prver=0&pronetvd=null&region=3&sub_region=3",
  "prver" : "0",
  "isUik" : true,
  "selected" : false,
  "load_on_demand" : false
}, {
  "id" : 9019058414013,
  "text" : "УИК №326",
  "href" : "region/izbirkom?action=show&root=22000012&tvd=9019058414013&vrn=100100225883172&prver=0&pronetvd=null&region=3&sub_region=3",
  "prver" : "0",
  "isUik" : true,
  "selected" : false,
  "load_on_demand" : false
}, {
  "id" : 9019058414014,
  "text" : "УИК №327",
  "href" : "region/izbirkom?action=show&root=22000012&tvd=9019058414014&vrn=100100225883172&prver=0&pronetvd=null&region=3&sub_region=3",
  "prver" : "0",
  "isUik" : true,
  "selected" : false,
  "load_on_demand" : false
}, {
  "id" : 9019058414015,
  "text" : "УИК №328",
  "href" : "region/izbirkom?action=show&root=22000012&tvd=9019058414015&vrn=100100225883172&prver=0&pronetvd=null&region=3&sub_region=3",
  "prver" : "0",
  "isUik" : true,
  "selected" : false,
  "load_on_demand" : false
}, {
  "id" : 9019058414016,
  "text" : "УИК №329",
  "href" : "region/izbirkom?action=show&root=22000012&tvd=9019058414016&vrn=100100225883172&prver=0&pronetvd=null&region=3&sub_region=3",
  "prver" : "0",
  "isUik" : true,
  "selected" : false,
  "load_on_demand" : false
}, {
  "id" : 9019058414017,
  "text" : "УИК №330",
  "href" : "region/izbirkom?action=show&root=22000012&tvd=9019058414017&vrn=100100225883172&prver=0&pronetvd=null&region=3&sub_region=3",
  "prver" : "0",
  "isUik" : true,
  "selected" : false,
  "load_on_demand" : false
}, {
  "id" : 9019058414018,
  "text" : "УИК №331",
  "href" : "region/izbirkom?action=show&root=22000012&tvd=9019058414018&vrn=100100225883172&prver=0&pronetvd=null&region=3&sub_region=3",
  "prver" : "0",
  "isUik" : true,
  "selected" : false,
  "load_on_demand" : false
}, {
  "id" : 9019058414019,
  "text" : "УИК №332",
  "href" : "region/izbirkom?action=show&root=22000012&tvd=9019058414019&vrn=100100225883172&prver=0&pronetvd=null&region=3&sub_region=3",
  "prver" : "0",
  "isUik" : true,
  "selected" : false,
  "load_on_demand" : false
}, {
  "id" : 9019058414020,
  "text" : "УИК №333",
  "href" : "region/izbirkom?action=show&root=22000012&tvd=9019058414020&vrn=100100225883172&prver=0&pronetvd=null&region=3&sub_region=3",
  "prver" : "0",
  "isUik" : true,
  "selected" : false,
  "load_on_demand" : false
}, {
  "id" : 9019058414021,
  "text" : "УИК №334",
  "href" : "region/izbirkom?action=show&root=22000012&tvd=9019058414021&vrn=100100225883172&prver=0&pronetvd=null&region=3&sub_region=3",
  "prver" : "0",
  "isUik" : true,
  "selected" : false,
  "load_on_demand" : false
}, {
  "id" : 9019058414022,
  "text" : "УИК №335",
  "href" : "region/izbirkom?action=show&root=22000012&tvd=9019058414022&vrn=100100225883172&prver=0&pronetvd=null&region=3&sub_region=3",
  "prver" : "0",
  "isUik" : true,
  "selected" : false,
  "load_on_demand" : false
}, {
  "id" : 9019058414023,
  "text" : "УИК №336",
  "href" : "region/izbirkom?action=show&root=22000012&tvd=9019058414023&vrn=100100225883172&prver=0&pronetvd=null&region=3&sub_region=3",
  "prver" : "0",
  "isUik" : true,
  "selected" : false,
  "load_on_demand" : false
}, {
  "id" : 9019058414024,
  "text" : "УИК №337",
  "href" : "region/izbirkom?action=show&root=22000012&tvd=9019058414024&vrn=100100225883172&prver=0&pronetvd=null&region=3&sub_region=3",
  "prver" : "0",
  "isUik" : true,
  "selected" : false,
  "load_on_demand" : false
}, {
  "id" : 9019058414025,
  "text" : "УИК №338",
  "href" : "region/izbirkom?action=show&root=22000012&tvd=9019058414025&vrn=100100225883172&prver=0&pronetvd=null&region=3&sub_region=3",
  "prver" : "0",
  "isUik" : true,
  "selected" : false,
  "load_on_demand" : false
}, {
  "id" : 9019058414026,
  "text" : "УИК №339",
  "href" : "region/izbirkom?action=show&root=22000012&tvd=9019058414026&vrn=100100225883172&prver=0&pronetvd=null&region=3&sub_region=3",
  "prver" : "0",
  "isUik" : true,
  "selected" : false,
  "load_on_demand" : false
}, {
  "id" : 9019058414027,
  "text" : "УИК №340",
  "href" : "region/izbirkom?action=show&root=22000012&tvd=9019058414027&vrn=100100225883172&prver=0&pronetvd=null&region=3&sub_region=3",
  "prver" : "0",
  "isUik" : true,
  "selected" : false,
  "load_on_demand" : false
}, {
  "id" : 9019058414028,
  "text" : "УИК №341",
  "href" : "region/izbirkom?action=show&root=22000012&tvd=9019058414028&vrn=100100225883172&prver=0&pronetvd=null&region=3&sub_region=3",
  "prver" : "0",
  "isUik" : true,
  "selected" : false,
  "load_on_demand" : false
}, {
  "id" : 9019058414029,
  "text" : "УИК №342",
  "href" : "region/izbirkom?action=show&root=22000012&tvd=9019058414029&vrn=100100225883172&prver=0&pronetvd=null&region=3&sub_region=3",
  "prver" : "0",
  "isUik" : true,
  "selected" : false,
  "load_on_demand" : false
}, {
  "id" : 9019058414030,
  "text" : "УИК №343",
  "href" : "region/izbirkom?action=show&root=22000012&tvd=9019058414030&vrn=100100225883172&prver=0&pronetvd=null&region=3&sub_region=3",
  "prver" : "0",
  "isUik" : true,
  "selected" : false,
  "load_on_demand" : false
}, {
  "id" : 9019058414031,
  "text" : "УИК №344",
  "href" : "region/izbirkom?action=show&root=22000012&tvd=9019058414031&vrn=100100225883172&prver=0&pronetvd=null&region=3&sub_region=3",
  "prver" : "0",
  "isUik" : true,
  "selected" : false,
  "load_on_demand" : false
}, {
  "id" : 9019058414032,
  "text" : "УИК №345",
  "href" : "region/izbirkom?action=show&root=22000012&tvd=9019058414032&vrn=100100225883172&prver=0&pronetvd=null&region=3&sub_region=3",
  "prver" : "0",
  "isUik" : true,
  "selected" : false,
  "load_on_demand" : false
}, {
  "id" : 9019058414033,
  "text" : "УИК №346",
  "href" : "region/izbirkom?action=show&root=22000012&tvd=9019058414033&vrn=100100225883172&prver=0&pronetvd=null&region=3&sub_region=3",
  "prver" : "0",
  "isUik" : true,
  "selected" : false,
  "load_on_demand" : false
}, {
  "id" : 9019058414034,
  "text" : "УИК №347",
  "href" : "region/izbirkom?action=show&root=22000012&tvd=9019058414034&vrn=100100225883172&prver=0&pronetvd=null&region=3&sub_region=3",
  "prver" : "0",
  "isUik" : true,
  "selected" : false,
  "load_on_demand" : false
}, {
  "id" : 9019058414035,
  "text" : "УИК №348",
  "href" : "region/izbirkom?action=show&root=22000012&tvd=9019058414035&vrn=100100225883172&prver=0&pronetvd=null&region=3&sub_region=3",
  "prver" : "0",
  "isUik" : true,
  "selected" : false,
  "load_on_demand" : false
}, {
  "id" : 9019058414036,
  "text" : "УИК №349",
  "href" : "region/izbirkom?action=show&root=22000012&tvd=9019058414036&vrn=100100225883172&prver=0&pronetvd=null&region=3&sub_region=3",
  "prver" : "0",
  "isUik" : true,
  "selected" : false,
  "load_on_demand" : false
}, {
  "id" : 9019058414037,
  "text" : "УИК №350",
  "href" : "region/izbirkom?action=show&root=22000012&tvd=9019058414037&vrn=100100225883172&prver=0&pronetvd=null&region=3&sub_region=3",
  "prver" : "0",
  "isUik" : true,
  "selected" : false,
  "load_on_demand" : false
}, {
  "id" : 9019058414038,
  "text" : "УИК №351",
  "href" : "region/izbirkom?action=show&root=22000012&tvd=9019058414038&vrn=100100225883172&prver=0&pronetvd=null&region=3&sub_region=3",
  "prver" : "0",
  "isUik" : true,
  "selected" : false,
  "load_on_demand" : false
}, {
  "id" : 9019058414039,
  "text" : "УИК №352",
  "href" : "region/izbirkom?action=show&root=22000012&tvd=9019058414039&vrn=100100225883172&prver=0&pronetvd=null&region=3&sub_region=3",
  "prver" : "0",
  "isUik" : true,
  "selected" : false,
  "load_on_demand" : false
}, {
  "id" : 9019058414040,
  "text" : "УИК №353",
  "href" : "region/izbirkom?action=show&root=22000012&tvd=9019058414040&vrn=100100225883172&prver=0&pronetvd=null&region=3&sub_region=3",
  "prver" : "0",
  "isUik" : true,
  "selected" : false,
  "load_on_demand" : false
}, {
  "id" : 9019058414489,
  "text" : "УИК №354",
  "href" : "region/izbirkom?action=show&root=22000012&tvd=9019058414489&vrn=100100225883172&prver=0&pronetvd=null&region=3&sub_region=3",
  "prver" : "0",
  "isUik" : true,
  "selected" : false,
  "load_on_demand" : false
}, {
  "id" : 9019058414490,
  "text" : "УИК №355",
  "href" : "region/izbirkom?action=show&root=22000012&tvd=9019058414490&vrn=100100225883172&prver=0&pronetvd=null&region=3&sub_region=3",
  "prver" : "0",
  "isUik" : true,
  "selected" : false,
  "load_on_demand" : false
}, {
  "id" : 9019058414491,
  "text" : "УИК №356",
  "href" : "region/izbirkom?action=show&root=22000012&tvd=9019058414491&vrn=100100225883172&prver=0&pronetvd=null&region=3&sub_region=3",
  "prver" : "0",
  "isUik" : true,
  "selected" : false,
  "load_on_demand" : false
}, {
  "id" : 9019058414492,
  "text" : "УИК №357",
  "href" : "region/izbirkom?action=show&root=22000012&tvd=9019058414492&vrn=100100225883172&prver=0&pronetvd=null&region=3&sub_region=3",
  "prver" : "0",
  "isUik" : true,
  "selected" : false,
  "load_on_demand" : false
} ]