[ {
  "id" : 4024041364269,
  "text" : "УИК №2689",
  "href" : "region/izbirkom?action=show&root=22000064&tvd=4024041364269&vrn=100100225883172&prver=0&pronetvd=null&region=3&sub_region=3",
  "prver" : "0",
  "isUik" : true,
  "selected" : false,
  "load_on_demand" : false
}, {
  "id" : 4024041364270,
  "text" : "УИК №2690",
  "href" : "region/izbirkom?action=show&root=22000064&tvd=4024041364270&vrn=100100225883172&prver=0&pronetvd=null&region=3&sub_region=3",
  "prver" : "0",
  "isUik" : true,
  "selected" : false,
  "load_on_demand" : false
}, {
  "id" : 4024041364271,
  "text" : "УИК №2691",
  "href" : "region/izbirkom?action=show&root=22000064&tvd=4024041364271&vrn=100100225883172&prver=0&pronetvd=null&region=3&sub_region=3",
  "prver" : "0",
  "isUik" : true,
  "selected" : false,
  "load_on_demand" : false
}, {
  "id" : 4024041364272,
  "text" : "УИК №2692",
  "href" : "region/izbirkom?action=show&root=22000064&tvd=4024041364272&vrn=100100225883172&prver=0&pronetvd=null&region=3&sub_region=3",
  "prver" : "0",
  "isUik" : true,
  "selected" : false,
  "load_on_demand" : false
}, {
  "id" : 4024041364273,
  "text" : "УИК №2693",
  "href" : "region/izbirkom?action=show&root=22000064&tvd=4024041364273&vrn=100100225883172&prver=0&pronetvd=null&region=3&sub_region=3",
  "prver" : "0",
  "isUik" : true,
  "selected" : false,
  "load_on_demand" : false
}, {
  "id" : 4024041364274,
  "text" : "УИК №2694",
  "href" : "region/izbirkom?action=show&root=22000064&tvd=4024041364274&vrn=100100225883172&prver=0&pronetvd=null&region=3&sub_region=3",
  "prver" : "0",
  "isUik" : true,
  "selected" : false,
  "load_on_demand" : false
}, {
  "id" : 4024041364275,
  "text" : "УИК №2695",
  "href" : "region/izbirkom?action=show&root=22000064&tvd=4024041364275&vrn=100100225883172&prver=0&pronetvd=null&region=3&sub_region=3",
  "prver" : "0",
  "isUik" : true,
  "selected" : false,
  "load_on_demand" : false
}, {
  "id" : 4024041364276,
  "text" : "УИК №2696",
  "href" : "region/izbirkom?action=show&root=22000064&tvd=4024041364276&vrn=100100225883172&prver=0&pronetvd=null&region=3&sub_region=3",
  "prver" : "0",
  "isUik" : true,
  "selected" : false,
  "load_on_demand" : false
}, {
  "id" : 4024041364277,
  "text" : "УИК №2697",
  "href" : "region/izbirkom?action=show&root=22000064&tvd=4024041364277&vrn=100100225883172&prver=0&pronetvd=null&region=3&sub_region=3",
  "prver" : "0",
  "isUik" : true,
  "selected" : false,
  "load_on_demand" : false
}, {
  "id" : 4024041364278,
  "text" : "УИК №2698",
  "href" : "region/izbirkom?action=show&root=22000064&tvd=4024041364278&vrn=100100225883172&prver=0&pronetvd=null&region=3&sub_region=3",
  "prver" : "0",
  "isUik" : true,
  "selected" : false,
  "load_on_demand" : false
}, {
  "id" : 4024041364279,
  "text" : "УИК №2699",
  "href" : "region/izbirkom?action=show&root=22000064&tvd=4024041364279&vrn=100100225883172&prver=0&pronetvd=null&region=3&sub_region=3",
  "prver" : "0",
  "isUik" : true,
  "selected" : false,
  "load_on_demand" : false
}, {
  "id" : 4024041364280,
  "text" : "УИК №2700",
  "href" : "region/izbirkom?action=show&root=22000064&tvd=4024041364280&vrn=100100225883172&prver=0&pronetvd=null&region=3&sub_region=3",
  "prver" : "0",
  "isUik" : true,
  "selected" : false,
  "load_on_demand" : false
}, {
  "id" : 4024041364281,
  "text" : "УИК №2701",
  "href" : "region/izbirkom?action=show&root=22000064&tvd=4024041364281&vrn=100100225883172&prver=0&pronetvd=null&region=3&sub_region=3",
  "prver" : "0",
  "isUik" : true,
  "selected" : false,
  "load_on_demand" : false
}, {
  "id" : 4024041364282,
  "text" : "УИК №2702",
  "href" : "region/izbirkom?action=show&root=22000064&tvd=4024041364282&vrn=100100225883172&prver=0&pronetvd=null&region=3&sub_region=3",
  "prver" : "0",
  "isUik" : true,
  "selected" : false,
  "load_on_demand" : false
}, {
  "id" : 4024041364283,
  "text" : "УИК №2703",
  "href" : "region/izbirkom?action=show&root=22000064&tvd=4024041364283&vrn=100100225883172&prver=0&pronetvd=null&region=3&sub_region=3",
  "prver" : "0",
  "isUik" : true,
  "selected" : false,
  "load_on_demand" : false
}, {
  "id" : 4024041364284,
  "text" : "УИК №2704",
  "href" : "region/izbirkom?action=show&root=22000064&tvd=4024041364284&vrn=100100225883172&prver=0&pronetvd=null&region=3&sub_region=3",
  "prver" : "0",
  "isUik" : true,
  "selected" : false,
  "load_on_demand" : false
}, {
  "id" : 4024041364285,
  "text" : "УИК №2705",
  "href" : "region/izbirkom?action=show&root=22000064&tvd=4024041364285&vrn=100100225883172&prver=0&pronetvd=null&region=3&sub_region=3",
  "prver" : "0",
  "isUik" : true,
  "selected" : false,
  "load_on_demand" : false
}, {
  "id" : 4024041364286,
  "text" : "УИК №2706",
  "href" : "region/izbirkom?action=show&root=22000064&tvd=4024041364286&vrn=100100225883172&prver=0&pronetvd=null&region=3&sub_region=3",
  "prver" : "0",
  "isUik" : true,
  "selected" : false,
  "load_on_demand" : false
}, {
  "id" : 4024041364287,
  "text" : "УИК №2707",
  "href" : "region/izbirkom?action=show&root=22000064&tvd=4024041364287&vrn=100100225883172&prver=0&pronetvd=null&region=3&sub_region=3",
  "prver" : "0",
  "isUik" : true,
  "selected" : false,
  "load_on_demand" : false
}, {
  "id" : 4024041364288,
  "text" : "УИК №2708",
  "href" : "region/izbirkom?action=show&root=22000064&tvd=4024041364288&vrn=100100225883172&prver=0&pronetvd=null&region=3&sub_region=3",
  "prver" : "0",
  "isUik" : true,
  "selected" : false,
  "load_on_demand" : false
}, {
  "id" : 4024041364289,
  "text" : "УИК №2709",
  "href" : "region/izbirkom?action=show&root=22000064&tvd=4024041364289&vrn=100100225883172&prver=0&pronetvd=null&region=3&sub_region=3",
  "prver" : "0",
  "isUik" : true,
  "selected" : false,
  "load_on_demand" : false
}, {
  "id" : 4024041364290,
  "text" : "УИК №2710",
  "href" : "region/izbirkom?action=show&root=22000064&tvd=4024041364290&vrn=100100225883172&prver=0&pronetvd=null&region=3&sub_region=3",
  "prver" : "0",
  "isUik" : true,
  "selected" : false,
  "load_on_demand" : false
}, {
  "id" : 4024041364291,
  "text" : "УИК №2711",
  "href" : "region/izbirkom?action=show&root=22000064&tvd=4024041364291&vrn=100100225883172&prver=0&pronetvd=null&region=3&sub_region=3",
  "prver" : "0",
  "isUik" : true,
  "selected" : false,
  "load_on_demand" : false
}, {
  "id" : 4024041364292,
  "text" : "УИК №2712",
  "href" : "region/izbirkom?action=show&root=22000064&tvd=4024041364292&vrn=100100225883172&prver=0&pronetvd=null&region=3&sub_region=3",
  "prver" : "0",
  "isUik" : true,
  "selected" : false,
  "load_on_demand" : false
}, {
  "id" : 4024041364293,
  "text" : "УИК №2713",
  "href" : "region/izbirkom?action=show&root=22000064&tvd=4024041364293&vrn=100100225883172&prver=0&pronetvd=null&region=3&sub_region=3",
  "prver" : "0",
  "isUik" : true,
  "selected" : false,
  "load_on_demand" : false
}, {
  "id" : 4024041364294,
  "text" : "УИК №2714",
  "href" : "region/izbirkom?action=show&root=22000064&tvd=4024041364294&vrn=100100225883172&prver=0&pronetvd=null&region=3&sub_region=3",
  "prver" : "0",
  "isUik" : true,
  "selected" : false,
  "load_on_demand" : false
}, {
  "id" : 4024041364295,
  "text" : "УИК №2715",
  "href" : "region/izbirkom?action=show&root=22000064&tvd=4024041364295&vrn=100100225883172&prver=0&pronetvd=null&region=3&sub_region=3",
  "prver" : "0",
  "isUik" : true,
  "selected" : false,
  "load_on_demand" : false
}, {
  "id" : 4024041364296,
  "text" : "УИК №2716",
  "href" : "region/izbirkom?action=show&root=22000064&tvd=4024041364296&vrn=100100225883172&prver=0&pronetvd=null&region=3&sub_region=3",
  "prver" : "0",
  "isUik" : true,
  "selected" : false,
  "load_on_demand" : false
}, {
  "id" : 4024041364297,
  "text" : "УИК №2717",
  "href" : "region/izbirkom?action=show&root=22000064&tvd=4024041364297&vrn=100100225883172&prver=0&pronetvd=null&region=3&sub_region=3",
  "prver" : "0",
  "isUik" : true,
  "selected" : false,
  "load_on_demand" : false
}, {
  "id" : 4024041364298,
  "text" : "УИК №2719",
  "href" : "region/izbirkom?action=show&root=22000064&tvd=4024041364298&vrn=100100225883172&prver=0&pronetvd=null&region=3&sub_region=3",
  "prver" : "0",
  "isUik" : true,
  "selected" : false,
  "load_on_demand" : false
}, {
  "id" : 4024041364299,
  "text" : "УИК №2720",
  "href" : "region/izbirkom?action=show&root=22000064&tvd=4024041364299&vrn=100100225883172&prver=0&pronetvd=null&region=3&sub_region=3",
  "prver" : "0",
  "isUik" : true,
  "selected" : false,
  "load_on_demand" : false
}, {
  "id" : 4024041364300,
  "text" : "УИК №2721",
  "href" : "region/izbirkom?action=show&root=22000064&tvd=4024041364300&vrn=100100225883172&prver=0&pronetvd=null&region=3&sub_region=3",
  "prver" : "0",
  "isUik" : true,
  "selected" : false,
  "load_on_demand" : false
}, {
  "id" : 4024041364301,
  "text" : "УИК №2723",
  "href" : "region/izbirkom?action=show&root=22000064&tvd=4024041364301&vrn=100100225883172&prver=0&pronetvd=null&region=3&sub_region=3",
  "prver" : "0",
  "isUik" : true,
  "selected" : false,
  "load_on_demand" : false
}, {
  "id" : 4024041364302,
  "text" : "УИК №2724",
  "href" : "region/izbirkom?action=show&root=22000064&tvd=4024041364302&vrn=100100225883172&prver=0&pronetvd=null&region=3&sub_region=3",
  "prver" : "0",
  "isUik" : true,
  "selected" : false,
  "load_on_demand" : false
}, {
  "id" : 4024041364303,
  "text" : "УИК №2725",
  "href" : "region/izbirkom?action=show&root=22000064&tvd=4024041364303&vrn=100100225883172&prver=0&pronetvd=null&region=3&sub_region=3",
  "prver" : "0",
  "isUik" : true,
  "selected" : false,
  "load_on_demand" : false
}, {
  "id" : 4024041364304,
  "text" : "УИК №2726",
  "href" : "region/izbirkom?action=show&root=22000064&tvd=4024041364304&vrn=100100225883172&prver=0&pronetvd=null&region=3&sub_region=3",
  "prver" : "0",
  "isUik" : true,
  "selected" : false,
  "load_on_demand" : false
}, {
  "id" : 4024041364305,
  "text" : "УИК №2727",
  "href" : "region/izbirkom?action=show&root=22000064&tvd=4024041364305&vrn=100100225883172&prver=0&pronetvd=null&region=3&sub_region=3",
  "prver" : "0",
  "isUik" : true,
  "selected" : false,
  "load_on_demand" : false
}, {
  "id" : 4024041364306,
  "text" : "УИК №2728",
  "href" : "region/izbirkom?action=show&root=22000064&tvd=4024041364306&vrn=100100225883172&prver=0&pronetvd=null&region=3&sub_region=3",
  "prver" : "0",
  "isUik" : true,
  "selected" : false,
  "load_on_demand" : false
}, {
  "id" : 4024041364307,
  "text" : "УИК №2729",
  "href" : "region/izbirkom?action=show&root=22000064&tvd=4024041364307&vrn=100100225883172&prver=0&pronetvd=null&region=3&sub_region=3",
  "prver" : "0",
  "isUik" : true,
  "selected" : false,
  "load_on_demand" : false
}, {
  "id" : 4024041364308,
  "text" : "УИК №2730",
  "href" : "region/izbirkom?action=show&root=22000064&tvd=4024041364308&vrn=100100225883172&prver=0&pronetvd=null&region=3&sub_region=3",
  "prver" : "0",
  "isUik" : true,
  "selected" : false,
  "load_on_demand" : false
}, {
  "id" : 4024041364309,
  "text" : "УИК №2731",
  "href" : "region/izbirkom?action=show&root=22000064&tvd=4024041364309&vrn=100100225883172&prver=0&pronetvd=null&region=3&sub_region=3",
  "prver" : "0",
  "isUik" : true,
  "selected" : false,
  "load_on_demand" : false
}, {
  "id" : 4024041364310,
  "text" : "УИК №2732",
  "href" : "region/izbirkom?action=show&root=22000064&tvd=4024041364310&vrn=100100225883172&prver=0&pronetvd=null&region=3&sub_region=3",
  "prver" : "0",
  "isUik" : true,
  "selected" : false,
  "load_on_demand" : false
}, {
  "id" : 4024041364311,
  "text" : "УИК №2733",
  "href" : "region/izbirkom?action=show&root=22000064&tvd=4024041364311&vrn=100100225883172&prver=0&pronetvd=null&region=3&sub_region=3",
  "prver" : "0",
  "isUik" : true,
  "selected" : false,
  "load_on_demand" : false
}, {
  "id" : 4024041364312,
  "text" : "УИК №2734",
  "href" : "region/izbirkom?action=show&root=22000064&tvd=4024041364312&vrn=100100225883172&prver=0&pronetvd=null&region=3&sub_region=3",
  "prver" : "0",
  "isUik" : true,
  "selected" : false,
  "load_on_demand" : false
}, {
  "id" : 4024041364313,
  "text" : "УИК №2736",
  "href" : "region/izbirkom?action=show&root=22000064&tvd=4024041364313&vrn=100100225883172&prver=0&pronetvd=null&region=3&sub_region=3",
  "prver" : "0",
  "isUik" : true,
  "selected" : false,
  "load_on_demand" : false
}, {
  "id" : 4024041364314,
  "text" : "УИК №2737",
  "href" : "region/izbirkom?action=show&root=22000064&tvd=4024041364314&vrn=100100225883172&prver=0&pronetvd=null&region=3&sub_region=3",
  "prver" : "0",
  "isUik" : true,
  "selected" : false,
  "load_on_demand" : false
}, {
  "id" : 4024041364315,
  "text" : "УИК №2738",
  "href" : "region/izbirkom?action=show&root=22000064&tvd=4024041364315&vrn=100100225883172&prver=0&pronetvd=null&region=3&sub_region=3",
  "prver" : "0",
  "isUik" : true,
  "selected" : false,
  "load_on_demand" : false
} ]