[ {
  "id" : 4024060775704,
  "text" : "УИК №3064",
  "href" : "region/izbirkom?action=show&root=22000031&tvd=4024060775704&vrn=100100225883172&prver=0&pronetvd=null&region=3&sub_region=3",
  "prver" : "0",
  "isUik" : true,
  "selected" : false,
  "load_on_demand" : false
}, {
  "id" : 4024060775705,
  "text" : "УИК №3065",
  "href" : "region/izbirkom?action=show&root=22000031&tvd=4024060775705&vrn=100100225883172&prver=0&pronetvd=null&region=3&sub_region=3",
  "prver" : "0",
  "isUik" : true,
  "selected" : false,
  "load_on_demand" : false
}, {
  "id" : 4024060775706,
  "text" : "УИК №3075",
  "href" : "region/izbirkom?action=show&root=22000031&tvd=4024060775706&vrn=100100225883172&prver=0&pronetvd=null&region=3&sub_region=3",
  "prver" : "0",
  "isUik" : true,
  "selected" : false,
  "load_on_demand" : false
}, {
  "id" : 4024060775707,
  "text" : "УИК №3076",
  "href" : "region/izbirkom?action=show&root=22000031&tvd=4024060775707&vrn=100100225883172&prver=0&pronetvd=null&region=3&sub_region=3",
  "prver" : "0",
  "isUik" : true,
  "selected" : false,
  "load_on_demand" : false
}, {
  "id" : 4024060775708,
  "text" : "УИК №3077",
  "href" : "region/izbirkom?action=show&root=22000031&tvd=4024060775708&vrn=100100225883172&prver=0&pronetvd=null&region=3&sub_region=3",
  "prver" : "0",
  "isUik" : true,
  "selected" : false,
  "load_on_demand" : false
} ]