[ {
  "id" : 9029004337694,
  "text" : "УИК №869",
  "href" : "region/izbirkom?action=show&root=22000036&tvd=9029004337694&vrn=100100225883172&prver=0&pronetvd=null&region=3&sub_region=3",
  "prver" : "0",
  "isUik" : true,
  "selected" : false,
  "load_on_demand" : false
}, {
  "id" : 9029004337695,
  "text" : "УИК №870",
  "href" : "region/izbirkom?action=show&root=22000036&tvd=9029004337695&vrn=100100225883172&prver=0&pronetvd=null&region=3&sub_region=3",
  "prver" : "0",
  "isUik" : true,
  "selected" : false,
  "load_on_demand" : false
}, {
  "id" : 9029004337696,
  "text" : "УИК №871",
  "href" : "region/izbirkom?action=show&root=22000036&tvd=9029004337696&vrn=100100225883172&prver=0&pronetvd=null&region=3&sub_region=3",
  "prver" : "0",
  "isUik" : true,
  "selected" : false,
  "load_on_demand" : false
}, {
  "id" : 9029004337697,
  "text" : "УИК №872",
  "href" : "region/izbirkom?action=show&root=22000036&tvd=9029004337697&vrn=100100225883172&prver=0&pronetvd=null&region=3&sub_region=3",
  "prver" : "0",
  "isUik" : true,
  "selected" : false,
  "load_on_demand" : false
}, {
  "id" : 9029004337698,
  "text" : "УИК №873",
  "href" : "region/izbirkom?action=show&root=22000036&tvd=9029004337698&vrn=100100225883172&prver=0&pronetvd=null&region=3&sub_region=3",
  "prver" : "0",
  "isUik" : true,
  "selected" : false,
  "load_on_demand" : false
}, {
  "id" : 9029004337699,
  "text" : "УИК №874",
  "href" : "region/izbirkom?action=show&root=22000036&tvd=9029004337699&vrn=100100225883172&prver=0&pronetvd=null&region=3&sub_region=3",
  "prver" : "0",
  "isUik" : true,
  "selected" : false,
  "load_on_demand" : false
}, {
  "id" : 9029004337700,
  "text" : "УИК №875",
  "href" : "region/izbirkom?action=show&root=22000036&tvd=9029004337700&vrn=100100225883172&prver=0&pronetvd=null&region=3&sub_region=3",
  "prver" : "0",
  "isUik" : true,
  "selected" : false,
  "load_on_demand" : false
}, {
  "id" : 9029004337701,
  "text" : "УИК №876",
  "href" : "region/izbirkom?action=show&root=22000036&tvd=9029004337701&vrn=100100225883172&prver=0&pronetvd=null&region=3&sub_region=3",
  "prver" : "0",
  "isUik" : true,
  "selected" : false,
  "load_on_demand" : false
}, {
  "id" : 9029004337702,
  "text" : "УИК №877",
  "href" : "region/izbirkom?action=show&root=22000036&tvd=9029004337702&vrn=100100225883172&prver=0&pronetvd=null&region=3&sub_region=3",
  "prver" : "0",
  "isUik" : true,
  "selected" : false,
  "load_on_demand" : false
}, {
  "id" : 9029004337703,
  "text" : "УИК №878",
  "href" : "region/izbirkom?action=show&root=22000036&tvd=9029004337703&vrn=100100225883172&prver=0&pronetvd=null&region=3&sub_region=3",
  "prver" : "0",
  "isUik" : true,
  "selected" : false,
  "load_on_demand" : false
}, {
  "id" : 9029004337704,
  "text" : "УИК №879",
  "href" : "region/izbirkom?action=show&root=22000036&tvd=9029004337704&vrn=100100225883172&prver=0&pronetvd=null&region=3&sub_region=3",
  "prver" : "0",
  "isUik" : true,
  "selected" : false,
  "load_on_demand" : false
}, {
  "id" : 9029004337705,
  "text" : "УИК №880",
  "href" : "region/izbirkom?action=show&root=22000036&tvd=9029004337705&vrn=100100225883172&prver=0&pronetvd=null&region=3&sub_region=3",
  "prver" : "0",
  "isUik" : true,
  "selected" : false,
  "load_on_demand" : false
}, {
  "id" : 9029004337706,
  "text" : "УИК №881",
  "href" : "region/izbirkom?action=show&root=22000036&tvd=9029004337706&vrn=100100225883172&prver=0&pronetvd=null&region=3&sub_region=3",
  "prver" : "0",
  "isUik" : true,
  "selected" : false,
  "load_on_demand" : false
}, {
  "id" : 9029004337707,
  "text" : "УИК №882",
  "href" : "region/izbirkom?action=show&root=22000036&tvd=9029004337707&vrn=100100225883172&prver=0&pronetvd=null&region=3&sub_region=3",
  "prver" : "0",
  "isUik" : true,
  "selected" : false,
  "load_on_demand" : false
}, {
  "id" : 9029004337708,
  "text" : "УИК №883",
  "href" : "region/izbirkom?action=show&root=22000036&tvd=9029004337708&vrn=100100225883172&prver=0&pronetvd=null&region=3&sub_region=3",
  "prver" : "0",
  "isUik" : true,
  "selected" : false,
  "load_on_demand" : false
}, {
  "id" : 9029004337709,
  "text" : "УИК №884",
  "href" : "region/izbirkom?action=show&root=22000036&tvd=9029004337709&vrn=100100225883172&prver=0&pronetvd=null&region=3&sub_region=3",
  "prver" : "0",
  "isUik" : true,
  "selected" : false,
  "load_on_demand" : false
}, {
  "id" : 9029004337710,
  "text" : "УИК №885",
  "href" : "region/izbirkom?action=show&root=22000036&tvd=9029004337710&vrn=100100225883172&prver=0&pronetvd=null&region=3&sub_region=3",
  "prver" : "0",
  "isUik" : true,
  "selected" : false,
  "load_on_demand" : false
}, {
  "id" : 9029004337711,
  "text" : "УИК №886",
  "href" : "region/izbirkom?action=show&root=22000036&tvd=9029004337711&vrn=100100225883172&prver=0&pronetvd=null&region=3&sub_region=3",
  "prver" : "0",
  "isUik" : true,
  "selected" : false,
  "load_on_demand" : false
}, {
  "id" : 9029004337712,
  "text" : "УИК №887",
  "href" : "region/izbirkom?action=show&root=22000036&tvd=9029004337712&vrn=100100225883172&prver=0&pronetvd=null&region=3&sub_region=3",
  "prver" : "0",
  "isUik" : true,
  "selected" : false,
  "load_on_demand" : false
}, {
  "id" : 9029004337713,
  "text" : "УИК №888",
  "href" : "region/izbirkom?action=show&root=22000036&tvd=9029004337713&vrn=100100225883172&prver=0&pronetvd=null&region=3&sub_region=3",
  "prver" : "0",
  "isUik" : true,
  "selected" : false,
  "load_on_demand" : false
}, {
  "id" : 9029004337714,
  "text" : "УИК №889",
  "href" : "region/izbirkom?action=show&root=22000036&tvd=9029004337714&vrn=100100225883172&prver=0&pronetvd=null&region=3&sub_region=3",
  "prver" : "0",
  "isUik" : true,
  "selected" : false,
  "load_on_demand" : false
}, {
  "id" : 9029004337715,
  "text" : "УИК №890",
  "href" : "region/izbirkom?action=show&root=22000036&tvd=9029004337715&vrn=100100225883172&prver=0&pronetvd=null&region=3&sub_region=3",
  "prver" : "0",
  "isUik" : true,
  "selected" : false,
  "load_on_demand" : false
}, {
  "id" : 9029004337716,
  "text" : "УИК №891",
  "href" : "region/izbirkom?action=show&root=22000036&tvd=9029004337716&vrn=100100225883172&prver=0&pronetvd=null&region=3&sub_region=3",
  "prver" : "0",
  "isUik" : true,
  "selected" : false,
  "load_on_demand" : false
}, {
  "id" : 9029004337717,
  "text" : "УИК №892",
  "href" : "region/izbirkom?action=show&root=22000036&tvd=9029004337717&vrn=100100225883172&prver=0&pronetvd=null&region=3&sub_region=3",
  "prver" : "0",
  "isUik" : true,
  "selected" : false,
  "load_on_demand" : false
}, {
  "id" : 9029004337718,
  "text" : "УИК №893",
  "href" : "region/izbirkom?action=show&root=22000036&tvd=9029004337718&vrn=100100225883172&prver=0&pronetvd=null&region=3&sub_region=3",
  "prver" : "0",
  "isUik" : true,
  "selected" : false,
  "load_on_demand" : false
}, {
  "id" : 9029004337719,
  "text" : "УИК №894",
  "href" : "region/izbirkom?action=show&root=22000036&tvd=9029004337719&vrn=100100225883172&prver=0&pronetvd=null&region=3&sub_region=3",
  "prver" : "0",
  "isUik" : true,
  "selected" : false,
  "load_on_demand" : false
}, {
  "id" : 9029004337720,
  "text" : "УИК №895",
  "href" : "region/izbirkom?action=show&root=22000036&tvd=9029004337720&vrn=100100225883172&prver=0&pronetvd=null&region=3&sub_region=3",
  "prver" : "0",
  "isUik" : true,
  "selected" : false,
  "load_on_demand" : false
}, {
  "id" : 9029004337721,
  "text" : "УИК №896",
  "href" : "region/izbirkom?action=show&root=22000036&tvd=9029004337721&vrn=100100225883172&prver=0&pronetvd=null&region=3&sub_region=3",
  "prver" : "0",
  "isUik" : true,
  "selected" : false,
  "load_on_demand" : false
}, {
  "id" : 9029004337722,
  "text" : "УИК №897",
  "href" : "region/izbirkom?action=show&root=22000036&tvd=9029004337722&vrn=100100225883172&prver=0&pronetvd=null&region=3&sub_region=3",
  "prver" : "0",
  "isUik" : true,
  "selected" : false,
  "load_on_demand" : false
}, {
  "id" : 9029004337723,
  "text" : "УИК №898",
  "href" : "region/izbirkom?action=show&root=22000036&tvd=9029004337723&vrn=100100225883172&prver=0&pronetvd=null&region=3&sub_region=3",
  "prver" : "0",
  "isUik" : true,
  "selected" : false,
  "load_on_demand" : false
}, {
  "id" : 9029004337724,
  "text" : "УИК №3504",
  "href" : "region/izbirkom?action=show&root=22000036&tvd=9029004337724&vrn=100100225883172&prver=0&pronetvd=null&region=3&sub_region=3",
  "prver" : "0",
  "isUik" : true,
  "selected" : false,
  "load_on_demand" : false
}, {
  "id" : 9029004337725,
  "text" : "УИК №3516",
  "href" : "region/izbirkom?action=show&root=22000036&tvd=9029004337725&vrn=100100225883172&prver=0&pronetvd=null&region=3&sub_region=3",
  "prver" : "0",
  "isUik" : true,
  "selected" : false,
  "load_on_demand" : false
}, {
  "id" : 9029004337726,
  "text" : "УИК №3517",
  "href" : "region/izbirkom?action=show&root=22000036&tvd=9029004337726&vrn=100100225883172&prver=0&pronetvd=null&region=3&sub_region=3",
  "prver" : "0",
  "isUik" : true,
  "selected" : false,
  "load_on_demand" : false
}, {
  "id" : 9029004337935,
  "text" : "УИК №3532",
  "href" : "region/izbirkom?action=show&root=22000036&tvd=9029004337935&vrn=100100225883172&prver=0&pronetvd=null&region=3&sub_region=3",
  "prver" : "0",
  "isUik" : true,
  "selected" : false,
  "load_on_demand" : false
} ]