[ {
  "id" : 4034019331041,
  "text" : "УИК №587",
  "href" : "region/izbirkom?action=show&root=32000007&tvd=4034019331041&vrn=100100225883172&prver=0&pronetvd=null&region=4&sub_region=4",
  "prver" : "0",
  "isUik" : true,
  "selected" : false,
  "load_on_demand" : false
}, {
  "id" : 4034019331042,
  "text" : "УИК №588",
  "href" : "region/izbirkom?action=show&root=32000007&tvd=4034019331042&vrn=100100225883172&prver=0&pronetvd=null&region=4&sub_region=4",
  "prver" : "0",
  "isUik" : true,
  "selected" : false,
  "load_on_demand" : false
}, {
  "id" : 4034019331043,
  "text" : "УИК №589",
  "href" : "region/izbirkom?action=show&root=32000007&tvd=4034019331043&vrn=100100225883172&prver=0&pronetvd=null&region=4&sub_region=4",
  "prver" : "0",
  "isUik" : true,
  "selected" : false,
  "load_on_demand" : false
}, {
  "id" : 4034019331044,
  "text" : "УИК №590",
  "href" : "region/izbirkom?action=show&root=32000007&tvd=4034019331044&vrn=100100225883172&prver=0&pronetvd=null&region=4&sub_region=4",
  "prver" : "0",
  "isUik" : true,
  "selected" : false,
  "load_on_demand" : false
}, {
  "id" : 4034019331045,
  "text" : "УИК №591",
  "href" : "region/izbirkom?action=show&root=32000007&tvd=4034019331045&vrn=100100225883172&prver=0&pronetvd=null&region=4&sub_region=4",
  "prver" : "0",
  "isUik" : true,
  "selected" : false,
  "load_on_demand" : false
}, {
  "id" : 4034019331046,
  "text" : "УИК №592",
  "href" : "region/izbirkom?action=show&root=32000007&tvd=4034019331046&vrn=100100225883172&prver=0&pronetvd=null&region=4&sub_region=4",
  "prver" : "0",
  "isUik" : true,
  "selected" : false,
  "load_on_demand" : false
}, {
  "id" : 4034019331047,
  "text" : "УИК №593",
  "href" : "region/izbirkom?action=show&root=32000007&tvd=4034019331047&vrn=100100225883172&prver=0&pronetvd=null&region=4&sub_region=4",
  "prver" : "0",
  "isUik" : true,
  "selected" : false,
  "load_on_demand" : false
}, {
  "id" : 4034019331048,
  "text" : "УИК №594",
  "href" : "region/izbirkom?action=show&root=32000007&tvd=4034019331048&vrn=100100225883172&prver=0&pronetvd=null&region=4&sub_region=4",
  "prver" : "0",
  "isUik" : true,
  "selected" : false,
  "load_on_demand" : false
}, {
  "id" : 4034019331049,
  "text" : "УИК №595",
  "href" : "region/izbirkom?action=show&root=32000007&tvd=4034019331049&vrn=100100225883172&prver=0&pronetvd=null&region=4&sub_region=4",
  "prver" : "0",
  "isUik" : true,
  "selected" : false,
  "load_on_demand" : false
}, {
  "id" : 4034019331050,
  "text" : "УИК №596",
  "href" : "region/izbirkom?action=show&root=32000007&tvd=4034019331050&vrn=100100225883172&prver=0&pronetvd=null&region=4&sub_region=4",
  "prver" : "0",
  "isUik" : true,
  "selected" : false,
  "load_on_demand" : false
}, {
  "id" : 4034019331051,
  "text" : "УИК №597",
  "href" : "region/izbirkom?action=show&root=32000007&tvd=4034019331051&vrn=100100225883172&prver=0&pronetvd=null&region=4&sub_region=4",
  "prver" : "0",
  "isUik" : true,
  "selected" : false,
  "load_on_demand" : false
}, {
  "id" : 4034019331052,
  "text" : "УИК №598",
  "href" : "region/izbirkom?action=show&root=32000007&tvd=4034019331052&vrn=100100225883172&prver=0&pronetvd=null&region=4&sub_region=4",
  "prver" : "0",
  "isUik" : true,
  "selected" : false,
  "load_on_demand" : false
}, {
  "id" : 4034019331053,
  "text" : "УИК №599",
  "href" : "region/izbirkom?action=show&root=32000007&tvd=4034019331053&vrn=100100225883172&prver=0&pronetvd=null&region=4&sub_region=4",
  "prver" : "0",
  "isUik" : true,
  "selected" : false,
  "load_on_demand" : false
}, {
  "id" : 4034019331054,
  "text" : "УИК №600",
  "href" : "region/izbirkom?action=show&root=32000007&tvd=4034019331054&vrn=100100225883172&prver=0&pronetvd=null&region=4&sub_region=4",
  "prver" : "0",
  "isUik" : true,
  "selected" : false,
  "load_on_demand" : false
}, {
  "id" : 4034019331055,
  "text" : "УИК №601",
  "href" : "region/izbirkom?action=show&root=32000007&tvd=4034019331055&vrn=100100225883172&prver=0&pronetvd=null&region=4&sub_region=4",
  "prver" : "0",
  "isUik" : true,
  "selected" : false,
  "load_on_demand" : false
}, {
  "id" : 4034019331056,
  "text" : "УИК №602",
  "href" : "region/izbirkom?action=show&root=32000007&tvd=4034019331056&vrn=100100225883172&prver=0&pronetvd=null&region=4&sub_region=4",
  "prver" : "0",
  "isUik" : true,
  "selected" : false,
  "load_on_demand" : false
}, {
  "id" : 4034019331057,
  "text" : "УИК №603",
  "href" : "region/izbirkom?action=show&root=32000007&tvd=4034019331057&vrn=100100225883172&prver=0&pronetvd=null&region=4&sub_region=4",
  "prver" : "0",
  "isUik" : true,
  "selected" : false,
  "load_on_demand" : false
}, {
  "id" : 4034019331058,
  "text" : "УИК №604",
  "href" : "region/izbirkom?action=show&root=32000007&tvd=4034019331058&vrn=100100225883172&prver=0&pronetvd=null&region=4&sub_region=4",
  "prver" : "0",
  "isUik" : true,
  "selected" : false,
  "load_on_demand" : false
}, {
  "id" : 4034019331059,
  "text" : "УИК №605",
  "href" : "region/izbirkom?action=show&root=32000007&tvd=4034019331059&vrn=100100225883172&prver=0&pronetvd=null&region=4&sub_region=4",
  "prver" : "0",
  "isUik" : true,
  "selected" : false,
  "load_on_demand" : false
}, {
  "id" : 4034019331060,
  "text" : "УИК №606",
  "href" : "region/izbirkom?action=show&root=32000007&tvd=4034019331060&vrn=100100225883172&prver=0&pronetvd=null&region=4&sub_region=4",
  "prver" : "0",
  "isUik" : true,
  "selected" : false,
  "load_on_demand" : false
}, {
  "id" : 4034019331061,
  "text" : "УИК №607",
  "href" : "region/izbirkom?action=show&root=32000007&tvd=4034019331061&vrn=100100225883172&prver=0&pronetvd=null&region=4&sub_region=4",
  "prver" : "0",
  "isUik" : true,
  "selected" : false,
  "load_on_demand" : false
}, {
  "id" : 4034019331062,
  "text" : "УИК №608",
  "href" : "region/izbirkom?action=show&root=32000007&tvd=4034019331062&vrn=100100225883172&prver=0&pronetvd=null&region=4&sub_region=4",
  "prver" : "0",
  "isUik" : true,
  "selected" : false,
  "load_on_demand" : false
}, {
  "id" : 4034019331063,
  "text" : "УИК №609",
  "href" : "region/izbirkom?action=show&root=32000007&tvd=4034019331063&vrn=100100225883172&prver=0&pronetvd=null&region=4&sub_region=4",
  "prver" : "0",
  "isUik" : true,
  "selected" : false,
  "load_on_demand" : false
}, {
  "id" : 4034019331064,
  "text" : "УИК №610",
  "href" : "region/izbirkom?action=show&root=32000007&tvd=4034019331064&vrn=100100225883172&prver=0&pronetvd=null&region=4&sub_region=4",
  "prver" : "0",
  "isUik" : true,
  "selected" : false,
  "load_on_demand" : false
}, {
  "id" : 4034019331065,
  "text" : "УИК №611",
  "href" : "region/izbirkom?action=show&root=32000007&tvd=4034019331065&vrn=100100225883172&prver=0&pronetvd=null&region=4&sub_region=4",
  "prver" : "0",
  "isUik" : true,
  "selected" : false,
  "load_on_demand" : false
}, {
  "id" : 4034019331066,
  "text" : "УИК №612",
  "href" : "region/izbirkom?action=show&root=32000007&tvd=4034019331066&vrn=100100225883172&prver=0&pronetvd=null&region=4&sub_region=4",
  "prver" : "0",
  "isUik" : true,
  "selected" : false,
  "load_on_demand" : false
}, {
  "id" : 4034019331067,
  "text" : "УИК №613",
  "href" : "region/izbirkom?action=show&root=32000007&tvd=4034019331067&vrn=100100225883172&prver=0&pronetvd=null&region=4&sub_region=4",
  "prver" : "0",
  "isUik" : true,
  "selected" : false,
  "load_on_demand" : false
}, {
  "id" : 4034019331068,
  "text" : "УИК №614",
  "href" : "region/izbirkom?action=show&root=32000007&tvd=4034019331068&vrn=100100225883172&prver=0&pronetvd=null&region=4&sub_region=4",
  "prver" : "0",
  "isUik" : true,
  "selected" : false,
  "load_on_demand" : false
}, {
  "id" : 4034019331069,
  "text" : "УИК №615",
  "href" : "region/izbirkom?action=show&root=32000007&tvd=4034019331069&vrn=100100225883172&prver=0&pronetvd=null&region=4&sub_region=4",
  "prver" : "0",
  "isUik" : true,
  "selected" : false,
  "load_on_demand" : false
}, {
  "id" : 4034019331070,
  "text" : "УИК №616",
  "href" : "region/izbirkom?action=show&root=32000007&tvd=4034019331070&vrn=100100225883172&prver=0&pronetvd=null&region=4&sub_region=4",
  "prver" : "0",
  "isUik" : true,
  "selected" : false,
  "load_on_demand" : false
}, {
  "id" : 4034019331071,
  "text" : "УИК №617",
  "href" : "region/izbirkom?action=show&root=32000007&tvd=4034019331071&vrn=100100225883172&prver=0&pronetvd=null&region=4&sub_region=4",
  "prver" : "0",
  "isUik" : true,
  "selected" : false,
  "load_on_demand" : false
}, {
  "id" : 4034019331072,
  "text" : "УИК №618",
  "href" : "region/izbirkom?action=show&root=32000007&tvd=4034019331072&vrn=100100225883172&prver=0&pronetvd=null&region=4&sub_region=4",
  "prver" : "0",
  "isUik" : true,
  "selected" : false,
  "load_on_demand" : false
}, {
  "id" : 4034019331073,
  "text" : "УИК №619",
  "href" : "region/izbirkom?action=show&root=32000007&tvd=4034019331073&vrn=100100225883172&prver=0&pronetvd=null&region=4&sub_region=4",
  "prver" : "0",
  "isUik" : true,
  "selected" : false,
  "load_on_demand" : false
}, {
  "id" : 4034019331074,
  "text" : "УИК №620",
  "href" : "region/izbirkom?action=show&root=32000007&tvd=4034019331074&vrn=100100225883172&prver=0&pronetvd=null&region=4&sub_region=4",
  "prver" : "0",
  "isUik" : true,
  "selected" : false,
  "load_on_demand" : false
}, {
  "id" : 4034019331075,
  "text" : "УИК №621",
  "href" : "region/izbirkom?action=show&root=32000007&tvd=4034019331075&vrn=100100225883172&prver=0&pronetvd=null&region=4&sub_region=4",
  "prver" : "0",
  "isUik" : true,
  "selected" : false,
  "load_on_demand" : false
}, {
  "id" : 4034019331076,
  "text" : "УИК №622",
  "href" : "region/izbirkom?action=show&root=32000007&tvd=4034019331076&vrn=100100225883172&prver=0&pronetvd=null&region=4&sub_region=4",
  "prver" : "0",
  "isUik" : true,
  "selected" : false,
  "load_on_demand" : false
}, {
  "id" : 4034019331077,
  "text" : "УИК №623",
  "href" : "region/izbirkom?action=show&root=32000007&tvd=4034019331077&vrn=100100225883172&prver=0&pronetvd=null&region=4&sub_region=4",
  "prver" : "0",
  "isUik" : true,
  "selected" : false,
  "load_on_demand" : false
}, {
  "id" : 4034019333240,
  "text" : "УИК №624",
  "href" : "region/izbirkom?action=show&root=32000007&tvd=4034019333240&vrn=100100225883172&prver=0&pronetvd=null&region=4&sub_region=4",
  "prver" : "0",
  "isUik" : true,
  "selected" : false,
  "load_on_demand" : false
}, {
  "id" : 4034019333241,
  "text" : "УИК №625",
  "href" : "region/izbirkom?action=show&root=32000007&tvd=4034019333241&vrn=100100225883172&prver=0&pronetvd=null&region=4&sub_region=4",
  "prver" : "0",
  "isUik" : true,
  "selected" : false,
  "load_on_demand" : false
} ]