[ {
  "id" : 4034005220040,
  "text" : "УИК №131",
  "href" : "region/izbirkom?action=show&root=32000021&tvd=4034005220040&vrn=100100225883172&prver=0&pronetvd=null&region=4&sub_region=4",
  "prver" : "0",
  "isUik" : true,
  "selected" : false,
  "load_on_demand" : false
}, {
  "id" : 4034005220041,
  "text" : "УИК №132",
  "href" : "region/izbirkom?action=show&root=32000021&tvd=4034005220041&vrn=100100225883172&prver=0&pronetvd=null&region=4&sub_region=4",
  "prver" : "0",
  "isUik" : true,
  "selected" : false,
  "load_on_demand" : false
}, {
  "id" : 4034005220042,
  "text" : "УИК №133",
  "href" : "region/izbirkom?action=show&root=32000021&tvd=4034005220042&vrn=100100225883172&prver=0&pronetvd=null&region=4&sub_region=4",
  "prver" : "0",
  "isUik" : true,
  "selected" : false,
  "load_on_demand" : false
}, {
  "id" : 4034005220043,
  "text" : "УИК №134",
  "href" : "region/izbirkom?action=show&root=32000021&tvd=4034005220043&vrn=100100225883172&prver=0&pronetvd=null&region=4&sub_region=4",
  "prver" : "0",
  "isUik" : true,
  "selected" : false,
  "load_on_demand" : false
}, {
  "id" : 4034005220044,
  "text" : "УИК №135",
  "href" : "region/izbirkom?action=show&root=32000021&tvd=4034005220044&vrn=100100225883172&prver=0&pronetvd=null&region=4&sub_region=4",
  "prver" : "0",
  "isUik" : true,
  "selected" : false,
  "load_on_demand" : false
}, {
  "id" : 4034005220045,
  "text" : "УИК №136",
  "href" : "region/izbirkom?action=show&root=32000021&tvd=4034005220045&vrn=100100225883172&prver=0&pronetvd=null&region=4&sub_region=4",
  "prver" : "0",
  "isUik" : true,
  "selected" : false,
  "load_on_demand" : false
}, {
  "id" : 4034005220046,
  "text" : "УИК №137",
  "href" : "region/izbirkom?action=show&root=32000021&tvd=4034005220046&vrn=100100225883172&prver=0&pronetvd=null&region=4&sub_region=4",
  "prver" : "0",
  "isUik" : true,
  "selected" : false,
  "load_on_demand" : false
}, {
  "id" : 4034005220047,
  "text" : "УИК №138",
  "href" : "region/izbirkom?action=show&root=32000021&tvd=4034005220047&vrn=100100225883172&prver=0&pronetvd=null&region=4&sub_region=4",
  "prver" : "0",
  "isUik" : true,
  "selected" : false,
  "load_on_demand" : false
}, {
  "id" : 4034005220048,
  "text" : "УИК №140",
  "href" : "region/izbirkom?action=show&root=32000021&tvd=4034005220048&vrn=100100225883172&prver=0&pronetvd=null&region=4&sub_region=4",
  "prver" : "0",
  "isUik" : true,
  "selected" : false,
  "load_on_demand" : false
}, {
  "id" : 4034005220049,
  "text" : "УИК №141",
  "href" : "region/izbirkom?action=show&root=32000021&tvd=4034005220049&vrn=100100225883172&prver=0&pronetvd=null&region=4&sub_region=4",
  "prver" : "0",
  "isUik" : true,
  "selected" : false,
  "load_on_demand" : false
}, {
  "id" : 4034005220050,
  "text" : "УИК №143",
  "href" : "region/izbirkom?action=show&root=32000021&tvd=4034005220050&vrn=100100225883172&prver=0&pronetvd=null&region=4&sub_region=4",
  "prver" : "0",
  "isUik" : true,
  "selected" : false,
  "load_on_demand" : false
}, {
  "id" : 4034005220051,
  "text" : "УИК №144",
  "href" : "region/izbirkom?action=show&root=32000021&tvd=4034005220051&vrn=100100225883172&prver=0&pronetvd=null&region=4&sub_region=4",
  "prver" : "0",
  "isUik" : true,
  "selected" : false,
  "load_on_demand" : false
}, {
  "id" : 4034005220052,
  "text" : "УИК №145",
  "href" : "region/izbirkom?action=show&root=32000021&tvd=4034005220052&vrn=100100225883172&prver=0&pronetvd=null&region=4&sub_region=4",
  "prver" : "0",
  "isUik" : true,
  "selected" : false,
  "load_on_demand" : false
}, {
  "id" : 4034005220053,
  "text" : "УИК №146",
  "href" : "region/izbirkom?action=show&root=32000021&tvd=4034005220053&vrn=100100225883172&prver=0&pronetvd=null&region=4&sub_region=4",
  "prver" : "0",
  "isUik" : true,
  "selected" : false,
  "load_on_demand" : false
}, {
  "id" : 4034005220054,
  "text" : "УИК №147",
  "href" : "region/izbirkom?action=show&root=32000021&tvd=4034005220054&vrn=100100225883172&prver=0&pronetvd=null&region=4&sub_region=4",
  "prver" : "0",
  "isUik" : true,
  "selected" : false,
  "load_on_demand" : false
}, {
  "id" : 4034005220055,
  "text" : "УИК №148",
  "href" : "region/izbirkom?action=show&root=32000021&tvd=4034005220055&vrn=100100225883172&prver=0&pronetvd=null&region=4&sub_region=4",
  "prver" : "0",
  "isUik" : true,
  "selected" : false,
  "load_on_demand" : false
}, {
  "id" : 4034005220056,
  "text" : "УИК №149",
  "href" : "region/izbirkom?action=show&root=32000021&tvd=4034005220056&vrn=100100225883172&prver=0&pronetvd=null&region=4&sub_region=4",
  "prver" : "0",
  "isUik" : true,
  "selected" : false,
  "load_on_demand" : false
}, {
  "id" : 4034005220057,
  "text" : "УИК №150",
  "href" : "region/izbirkom?action=show&root=32000021&tvd=4034005220057&vrn=100100225883172&prver=0&pronetvd=null&region=4&sub_region=4",
  "prver" : "0",
  "isUik" : true,
  "selected" : false,
  "load_on_demand" : false
}, {
  "id" : 4034005220058,
  "text" : "УИК №151",
  "href" : "region/izbirkom?action=show&root=32000021&tvd=4034005220058&vrn=100100225883172&prver=0&pronetvd=null&region=4&sub_region=4",
  "prver" : "0",
  "isUik" : true,
  "selected" : false,
  "load_on_demand" : false
}, {
  "id" : 4034005220059,
  "text" : "УИК №152",
  "href" : "region/izbirkom?action=show&root=32000021&tvd=4034005220059&vrn=100100225883172&prver=0&pronetvd=null&region=4&sub_region=4",
  "prver" : "0",
  "isUik" : true,
  "selected" : false,
  "load_on_demand" : false
}, {
  "id" : 4034005220060,
  "text" : "УИК №153",
  "href" : "region/izbirkom?action=show&root=32000021&tvd=4034005220060&vrn=100100225883172&prver=0&pronetvd=null&region=4&sub_region=4",
  "prver" : "0",
  "isUik" : true,
  "selected" : false,
  "load_on_demand" : false
}, {
  "id" : 4034005220061,
  "text" : "УИК №154",
  "href" : "region/izbirkom?action=show&root=32000021&tvd=4034005220061&vrn=100100225883172&prver=0&pronetvd=null&region=4&sub_region=4",
  "prver" : "0",
  "isUik" : true,
  "selected" : false,
  "load_on_demand" : false
}, {
  "id" : 4034005220062,
  "text" : "УИК №155",
  "href" : "region/izbirkom?action=show&root=32000021&tvd=4034005220062&vrn=100100225883172&prver=0&pronetvd=null&region=4&sub_region=4",
  "prver" : "0",
  "isUik" : true,
  "selected" : false,
  "load_on_demand" : false
}, {
  "id" : 4034005220063,
  "text" : "УИК №156",
  "href" : "region/izbirkom?action=show&root=32000021&tvd=4034005220063&vrn=100100225883172&prver=0&pronetvd=null&region=4&sub_region=4",
  "prver" : "0",
  "isUik" : true,
  "selected" : false,
  "load_on_demand" : false
}, {
  "id" : 4034005220064,
  "text" : "УИК №157",
  "href" : "region/izbirkom?action=show&root=32000021&tvd=4034005220064&vrn=100100225883172&prver=0&pronetvd=null&region=4&sub_region=4",
  "prver" : "0",
  "isUik" : true,
  "selected" : false,
  "load_on_demand" : false
}, {
  "id" : 4034005220065,
  "text" : "УИК №158",
  "href" : "region/izbirkom?action=show&root=32000021&tvd=4034005220065&vrn=100100225883172&prver=0&pronetvd=null&region=4&sub_region=4",
  "prver" : "0",
  "isUik" : true,
  "selected" : false,
  "load_on_demand" : false
} ]