[ {
  "id" : 4034016242183,
  "text" : "УИК №511",
  "href" : "region/izbirkom?action=show&root=32000010&tvd=4034016242183&vrn=100100225883172&prver=0&pronetvd=null&region=4&sub_region=4",
  "prver" : "0",
  "isUik" : true,
  "selected" : false,
  "load_on_demand" : false
}, {
  "id" : 4034016242185,
  "text" : "УИК №512",
  "href" : "region/izbirkom?action=show&root=32000010&tvd=4034016242185&vrn=100100225883172&prver=0&pronetvd=null&region=4&sub_region=4",
  "prver" : "0",
  "isUik" : true,
  "selected" : false,
  "load_on_demand" : false
}, {
  "id" : 4034016242186,
  "text" : "УИК №513",
  "href" : "region/izbirkom?action=show&root=32000010&tvd=4034016242186&vrn=100100225883172&prver=0&pronetvd=null&region=4&sub_region=4",
  "prver" : "0",
  "isUik" : true,
  "selected" : false,
  "load_on_demand" : false
}, {
  "id" : 4034016242187,
  "text" : "УИК №514",
  "href" : "region/izbirkom?action=show&root=32000010&tvd=4034016242187&vrn=100100225883172&prver=0&pronetvd=null&region=4&sub_region=4",
  "prver" : "0",
  "isUik" : true,
  "selected" : false,
  "load_on_demand" : false
}, {
  "id" : 4034016242188,
  "text" : "УИК №515",
  "href" : "region/izbirkom?action=show&root=32000010&tvd=4034016242188&vrn=100100225883172&prver=0&pronetvd=null&region=4&sub_region=4",
  "prver" : "0",
  "isUik" : true,
  "selected" : false,
  "load_on_demand" : false
}, {
  "id" : 4034016242189,
  "text" : "УИК №516",
  "href" : "region/izbirkom?action=show&root=32000010&tvd=4034016242189&vrn=100100225883172&prver=0&pronetvd=null&region=4&sub_region=4",
  "prver" : "0",
  "isUik" : true,
  "selected" : false,
  "load_on_demand" : false
}, {
  "id" : 4034016242190,
  "text" : "УИК №517",
  "href" : "region/izbirkom?action=show&root=32000010&tvd=4034016242190&vrn=100100225883172&prver=0&pronetvd=null&region=4&sub_region=4",
  "prver" : "0",
  "isUik" : true,
  "selected" : false,
  "load_on_demand" : false
}, {
  "id" : 4034016242191,
  "text" : "УИК №518",
  "href" : "region/izbirkom?action=show&root=32000010&tvd=4034016242191&vrn=100100225883172&prver=0&pronetvd=null&region=4&sub_region=4",
  "prver" : "0",
  "isUik" : true,
  "selected" : false,
  "load_on_demand" : false
}, {
  "id" : 4034016242192,
  "text" : "УИК №519",
  "href" : "region/izbirkom?action=show&root=32000010&tvd=4034016242192&vrn=100100225883172&prver=0&pronetvd=null&region=4&sub_region=4",
  "prver" : "0",
  "isUik" : true,
  "selected" : false,
  "load_on_demand" : false
}, {
  "id" : 4034016242193,
  "text" : "УИК №520",
  "href" : "region/izbirkom?action=show&root=32000010&tvd=4034016242193&vrn=100100225883172&prver=0&pronetvd=null&region=4&sub_region=4",
  "prver" : "0",
  "isUik" : true,
  "selected" : false,
  "load_on_demand" : false
}, {
  "id" : 4034016242194,
  "text" : "УИК №521",
  "href" : "region/izbirkom?action=show&root=32000010&tvd=4034016242194&vrn=100100225883172&prver=0&pronetvd=null&region=4&sub_region=4",
  "prver" : "0",
  "isUik" : true,
  "selected" : false,
  "load_on_demand" : false
}, {
  "id" : 4034016242195,
  "text" : "УИК №522",
  "href" : "region/izbirkom?action=show&root=32000010&tvd=4034016242195&vrn=100100225883172&prver=0&pronetvd=null&region=4&sub_region=4",
  "prver" : "0",
  "isUik" : true,
  "selected" : false,
  "load_on_demand" : false
}, {
  "id" : 4034016242196,
  "text" : "УИК №523",
  "href" : "region/izbirkom?action=show&root=32000010&tvd=4034016242196&vrn=100100225883172&prver=0&pronetvd=null&region=4&sub_region=4",
  "prver" : "0",
  "isUik" : true,
  "selected" : false,
  "load_on_demand" : false
}, {
  "id" : 4034016242197,
  "text" : "УИК №524",
  "href" : "region/izbirkom?action=show&root=32000010&tvd=4034016242197&vrn=100100225883172&prver=0&pronetvd=null&region=4&sub_region=4",
  "prver" : "0",
  "isUik" : true,
  "selected" : false,
  "load_on_demand" : false
}, {
  "id" : 4034016242198,
  "text" : "УИК №525",
  "href" : "region/izbirkom?action=show&root=32000010&tvd=4034016242198&vrn=100100225883172&prver=0&pronetvd=null&region=4&sub_region=4",
  "prver" : "0",
  "isUik" : true,
  "selected" : false,
  "load_on_demand" : false
}, {
  "id" : 4034016242199,
  "text" : "УИК №526",
  "href" : "region/izbirkom?action=show&root=32000010&tvd=4034016242199&vrn=100100225883172&prver=0&pronetvd=null&region=4&sub_region=4",
  "prver" : "0",
  "isUik" : true,
  "selected" : false,
  "load_on_demand" : false
}, {
  "id" : 4034016242200,
  "text" : "УИК №527",
  "href" : "region/izbirkom?action=show&root=32000010&tvd=4034016242200&vrn=100100225883172&prver=0&pronetvd=null&region=4&sub_region=4",
  "prver" : "0",
  "isUik" : true,
  "selected" : false,
  "load_on_demand" : false
}, {
  "id" : 4034016242201,
  "text" : "УИК №528",
  "href" : "region/izbirkom?action=show&root=32000010&tvd=4034016242201&vrn=100100225883172&prver=0&pronetvd=null&region=4&sub_region=4",
  "prver" : "0",
  "isUik" : true,
  "selected" : false,
  "load_on_demand" : false
}, {
  "id" : 4034016242202,
  "text" : "УИК №529",
  "href" : "region/izbirkom?action=show&root=32000010&tvd=4034016242202&vrn=100100225883172&prver=0&pronetvd=null&region=4&sub_region=4",
  "prver" : "0",
  "isUik" : true,
  "selected" : false,
  "load_on_demand" : false
}, {
  "id" : 4034016242203,
  "text" : "УИК №530",
  "href" : "region/izbirkom?action=show&root=32000010&tvd=4034016242203&vrn=100100225883172&prver=0&pronetvd=null&region=4&sub_region=4",
  "prver" : "0",
  "isUik" : true,
  "selected" : false,
  "load_on_demand" : false
}, {
  "id" : 4034016242204,
  "text" : "УИК №531",
  "href" : "region/izbirkom?action=show&root=32000010&tvd=4034016242204&vrn=100100225883172&prver=0&pronetvd=null&region=4&sub_region=4",
  "prver" : "0",
  "isUik" : true,
  "selected" : false,
  "load_on_demand" : false
}, {
  "id" : 4034016242205,
  "text" : "УИК №532",
  "href" : "region/izbirkom?action=show&root=32000010&tvd=4034016242205&vrn=100100225883172&prver=0&pronetvd=null&region=4&sub_region=4",
  "prver" : "0",
  "isUik" : true,
  "selected" : false,
  "load_on_demand" : false
}, {
  "id" : 4034016242206,
  "text" : "УИК №533",
  "href" : "region/izbirkom?action=show&root=32000010&tvd=4034016242206&vrn=100100225883172&prver=0&pronetvd=null&region=4&sub_region=4",
  "prver" : "0",
  "isUik" : true,
  "selected" : false,
  "load_on_demand" : false
}, {
  "id" : 4034016242207,
  "text" : "УИК №534",
  "href" : "region/izbirkom?action=show&root=32000010&tvd=4034016242207&vrn=100100225883172&prver=0&pronetvd=null&region=4&sub_region=4",
  "prver" : "0",
  "isUik" : true,
  "selected" : false,
  "load_on_demand" : false
}, {
  "id" : 4034016242208,
  "text" : "УИК №535",
  "href" : "region/izbirkom?action=show&root=32000010&tvd=4034016242208&vrn=100100225883172&prver=0&pronetvd=null&region=4&sub_region=4",
  "prver" : "0",
  "isUik" : true,
  "selected" : false,
  "load_on_demand" : false
}, {
  "id" : 4034016242209,
  "text" : "УИК №536",
  "href" : "region/izbirkom?action=show&root=32000010&tvd=4034016242209&vrn=100100225883172&prver=0&pronetvd=null&region=4&sub_region=4",
  "prver" : "0",
  "isUik" : true,
  "selected" : false,
  "load_on_demand" : false
}, {
  "id" : 4034016242210,
  "text" : "УИК №537",
  "href" : "region/izbirkom?action=show&root=32000010&tvd=4034016242210&vrn=100100225883172&prver=0&pronetvd=null&region=4&sub_region=4",
  "prver" : "0",
  "isUik" : true,
  "selected" : false,
  "load_on_demand" : false
}, {
  "id" : 4034016242211,
  "text" : "УИК №538",
  "href" : "region/izbirkom?action=show&root=32000010&tvd=4034016242211&vrn=100100225883172&prver=0&pronetvd=null&region=4&sub_region=4",
  "prver" : "0",
  "isUik" : true,
  "selected" : false,
  "load_on_demand" : false
}, {
  "id" : 4034016242212,
  "text" : "УИК №539",
  "href" : "region/izbirkom?action=show&root=32000010&tvd=4034016242212&vrn=100100225883172&prver=0&pronetvd=null&region=4&sub_region=4",
  "prver" : "0",
  "isUik" : true,
  "selected" : false,
  "load_on_demand" : false
}, {
  "id" : 4034016242213,
  "text" : "УИК №540",
  "href" : "region/izbirkom?action=show&root=32000010&tvd=4034016242213&vrn=100100225883172&prver=0&pronetvd=null&region=4&sub_region=4",
  "prver" : "0",
  "isUik" : true,
  "selected" : false,
  "load_on_demand" : false
}, {
  "id" : 4034016242214,
  "text" : "УИК №541",
  "href" : "region/izbirkom?action=show&root=32000010&tvd=4034016242214&vrn=100100225883172&prver=0&pronetvd=null&region=4&sub_region=4",
  "prver" : "0",
  "isUik" : true,
  "selected" : false,
  "load_on_demand" : false
}, {
  "id" : 4034016242215,
  "text" : "УИК №542",
  "href" : "region/izbirkom?action=show&root=32000010&tvd=4034016242215&vrn=100100225883172&prver=0&pronetvd=null&region=4&sub_region=4",
  "prver" : "0",
  "isUik" : true,
  "selected" : false,
  "load_on_demand" : false
}, {
  "id" : 4034016242216,
  "text" : "УИК №543",
  "href" : "region/izbirkom?action=show&root=32000010&tvd=4034016242216&vrn=100100225883172&prver=0&pronetvd=null&region=4&sub_region=4",
  "prver" : "0",
  "isUik" : true,
  "selected" : false,
  "load_on_demand" : false
}, {
  "id" : 4034016242217,
  "text" : "УИК №544",
  "href" : "region/izbirkom?action=show&root=32000010&tvd=4034016242217&vrn=100100225883172&prver=0&pronetvd=null&region=4&sub_region=4",
  "prver" : "0",
  "isUik" : true,
  "selected" : false,
  "load_on_demand" : false
}, {
  "id" : 4034016242218,
  "text" : "УИК №545",
  "href" : "region/izbirkom?action=show&root=32000010&tvd=4034016242218&vrn=100100225883172&prver=0&pronetvd=null&region=4&sub_region=4",
  "prver" : "0",
  "isUik" : true,
  "selected" : false,
  "load_on_demand" : false
}, {
  "id" : 4034016242219,
  "text" : "УИК №546",
  "href" : "region/izbirkom?action=show&root=32000010&tvd=4034016242219&vrn=100100225883172&prver=0&pronetvd=null&region=4&sub_region=4",
  "prver" : "0",
  "isUik" : true,
  "selected" : false,
  "load_on_demand" : false
} ]