[ {
  "id" : 4034013159241,
  "text" : "УИК №451",
  "href" : "region/izbirkom?action=show&root=32000013&tvd=4034013159241&vrn=100100225883172&prver=0&pronetvd=null&region=4&sub_region=4",
  "prver" : "0",
  "isUik" : true,
  "selected" : false,
  "load_on_demand" : false
}, {
  "id" : 4034013159242,
  "text" : "УИК №452",
  "href" : "region/izbirkom?action=show&root=32000013&tvd=4034013159242&vrn=100100225883172&prver=0&pronetvd=null&region=4&sub_region=4",
  "prver" : "0",
  "isUik" : true,
  "selected" : false,
  "load_on_demand" : false
}, {
  "id" : 4034013159243,
  "text" : "УИК №453",
  "href" : "region/izbirkom?action=show&root=32000013&tvd=4034013159243&vrn=100100225883172&prver=0&pronetvd=null&region=4&sub_region=4",
  "prver" : "0",
  "isUik" : true,
  "selected" : false,
  "load_on_demand" : false
}, {
  "id" : 4034013159244,
  "text" : "УИК №454",
  "href" : "region/izbirkom?action=show&root=32000013&tvd=4034013159244&vrn=100100225883172&prver=0&pronetvd=null&region=4&sub_region=4",
  "prver" : "0",
  "isUik" : true,
  "selected" : false,
  "load_on_demand" : false
}, {
  "id" : 4034013159245,
  "text" : "УИК №455",
  "href" : "region/izbirkom?action=show&root=32000013&tvd=4034013159245&vrn=100100225883172&prver=0&pronetvd=null&region=4&sub_region=4",
  "prver" : "0",
  "isUik" : true,
  "selected" : false,
  "load_on_demand" : false
}, {
  "id" : 4034013159246,
  "text" : "УИК №456",
  "href" : "region/izbirkom?action=show&root=32000013&tvd=4034013159246&vrn=100100225883172&prver=0&pronetvd=null&region=4&sub_region=4",
  "prver" : "0",
  "isUik" : true,
  "selected" : false,
  "load_on_demand" : false
}, {
  "id" : 4034013159247,
  "text" : "УИК №457",
  "href" : "region/izbirkom?action=show&root=32000013&tvd=4034013159247&vrn=100100225883172&prver=0&pronetvd=null&region=4&sub_region=4",
  "prver" : "0",
  "isUik" : true,
  "selected" : false,
  "load_on_demand" : false
}, {
  "id" : 4034013159248,
  "text" : "УИК №458",
  "href" : "region/izbirkom?action=show&root=32000013&tvd=4034013159248&vrn=100100225883172&prver=0&pronetvd=null&region=4&sub_region=4",
  "prver" : "0",
  "isUik" : true,
  "selected" : false,
  "load_on_demand" : false
}, {
  "id" : 4034013159249,
  "text" : "УИК №459",
  "href" : "region/izbirkom?action=show&root=32000013&tvd=4034013159249&vrn=100100225883172&prver=0&pronetvd=null&region=4&sub_region=4",
  "prver" : "0",
  "isUik" : true,
  "selected" : false,
  "load_on_demand" : false
}, {
  "id" : 4034013159250,
  "text" : "УИК №460",
  "href" : "region/izbirkom?action=show&root=32000013&tvd=4034013159250&vrn=100100225883172&prver=0&pronetvd=null&region=4&sub_region=4",
  "prver" : "0",
  "isUik" : true,
  "selected" : false,
  "load_on_demand" : false
}, {
  "id" : 4034013159251,
  "text" : "УИК №461",
  "href" : "region/izbirkom?action=show&root=32000013&tvd=4034013159251&vrn=100100225883172&prver=0&pronetvd=null&region=4&sub_region=4",
  "prver" : "0",
  "isUik" : true,
  "selected" : false,
  "load_on_demand" : false
} ]