[ {
  "id" : 4034011200331,
  "text" : "УИК №376",
  "href" : "region/izbirkom?action=show&root=32000015&tvd=4034011200331&vrn=100100225883172&prver=0&pronetvd=null&region=4&sub_region=4",
  "prver" : "0",
  "isUik" : true,
  "selected" : false,
  "load_on_demand" : false
}, {
  "id" : 4034011200332,
  "text" : "УИК №377",
  "href" : "region/izbirkom?action=show&root=32000015&tvd=4034011200332&vrn=100100225883172&prver=0&pronetvd=null&region=4&sub_region=4",
  "prver" : "0",
  "isUik" : true,
  "selected" : false,
  "load_on_demand" : false
}, {
  "id" : 4034011200333,
  "text" : "УИК №378",
  "href" : "region/izbirkom?action=show&root=32000015&tvd=4034011200333&vrn=100100225883172&prver=0&pronetvd=null&region=4&sub_region=4",
  "prver" : "0",
  "isUik" : true,
  "selected" : false,
  "load_on_demand" : false
}, {
  "id" : 4034011200334,
  "text" : "УИК №379",
  "href" : "region/izbirkom?action=show&root=32000015&tvd=4034011200334&vrn=100100225883172&prver=0&pronetvd=null&region=4&sub_region=4",
  "prver" : "0",
  "isUik" : true,
  "selected" : false,
  "load_on_demand" : false
}, {
  "id" : 4034011200335,
  "text" : "УИК №380",
  "href" : "region/izbirkom?action=show&root=32000015&tvd=4034011200335&vrn=100100225883172&prver=0&pronetvd=null&region=4&sub_region=4",
  "prver" : "0",
  "isUik" : true,
  "selected" : false,
  "load_on_demand" : false
}, {
  "id" : 4034011200336,
  "text" : "УИК №381",
  "href" : "region/izbirkom?action=show&root=32000015&tvd=4034011200336&vrn=100100225883172&prver=0&pronetvd=null&region=4&sub_region=4",
  "prver" : "0",
  "isUik" : true,
  "selected" : false,
  "load_on_demand" : false
}, {
  "id" : 4034011200337,
  "text" : "УИК №382",
  "href" : "region/izbirkom?action=show&root=32000015&tvd=4034011200337&vrn=100100225883172&prver=0&pronetvd=null&region=4&sub_region=4",
  "prver" : "0",
  "isUik" : true,
  "selected" : false,
  "load_on_demand" : false
}, {
  "id" : 4034011200338,
  "text" : "УИК №383",
  "href" : "region/izbirkom?action=show&root=32000015&tvd=4034011200338&vrn=100100225883172&prver=0&pronetvd=null&region=4&sub_region=4",
  "prver" : "0",
  "isUik" : true,
  "selected" : false,
  "load_on_demand" : false
}, {
  "id" : 4034011200339,
  "text" : "УИК №384",
  "href" : "region/izbirkom?action=show&root=32000015&tvd=4034011200339&vrn=100100225883172&prver=0&pronetvd=null&region=4&sub_region=4",
  "prver" : "0",
  "isUik" : true,
  "selected" : false,
  "load_on_demand" : false
}, {
  "id" : 4034011200340,
  "text" : "УИК №385",
  "href" : "region/izbirkom?action=show&root=32000015&tvd=4034011200340&vrn=100100225883172&prver=0&pronetvd=null&region=4&sub_region=4",
  "prver" : "0",
  "isUik" : true,
  "selected" : false,
  "load_on_demand" : false
}, {
  "id" : 4034011200341,
  "text" : "УИК №386",
  "href" : "region/izbirkom?action=show&root=32000015&tvd=4034011200341&vrn=100100225883172&prver=0&pronetvd=null&region=4&sub_region=4",
  "prver" : "0",
  "isUik" : true,
  "selected" : false,
  "load_on_demand" : false
}, {
  "id" : 4034011200342,
  "text" : "УИК №387",
  "href" : "region/izbirkom?action=show&root=32000015&tvd=4034011200342&vrn=100100225883172&prver=0&pronetvd=null&region=4&sub_region=4",
  "prver" : "0",
  "isUik" : true,
  "selected" : false,
  "load_on_demand" : false
}, {
  "id" : 4034011200343,
  "text" : "УИК №388",
  "href" : "region/izbirkom?action=show&root=32000015&tvd=4034011200343&vrn=100100225883172&prver=0&pronetvd=null&region=4&sub_region=4",
  "prver" : "0",
  "isUik" : true,
  "selected" : false,
  "load_on_demand" : false
}, {
  "id" : 4034011200344,
  "text" : "УИК №389",
  "href" : "region/izbirkom?action=show&root=32000015&tvd=4034011200344&vrn=100100225883172&prver=0&pronetvd=null&region=4&sub_region=4",
  "prver" : "0",
  "isUik" : true,
  "selected" : false,
  "load_on_demand" : false
}, {
  "id" : 4034011200345,
  "text" : "УИК №390",
  "href" : "region/izbirkom?action=show&root=32000015&tvd=4034011200345&vrn=100100225883172&prver=0&pronetvd=null&region=4&sub_region=4",
  "prver" : "0",
  "isUik" : true,
  "selected" : false,
  "load_on_demand" : false
}, {
  "id" : 4034011200346,
  "text" : "УИК №391",
  "href" : "region/izbirkom?action=show&root=32000015&tvd=4034011200346&vrn=100100225883172&prver=0&pronetvd=null&region=4&sub_region=4",
  "prver" : "0",
  "isUik" : true,
  "selected" : false,
  "load_on_demand" : false
} ]