[ {
  "id" : 4034002172735,
  "text" : "УИК №39",
  "href" : "region/izbirkom?action=show&root=32000024&tvd=4034002172735&vrn=100100225883172&prver=0&pronetvd=null&region=4&sub_region=4",
  "prver" : "0",
  "isUik" : true,
  "selected" : false,
  "load_on_demand" : false
}, {
  "id" : 4034002172736,
  "text" : "УИК №40",
  "href" : "region/izbirkom?action=show&root=32000024&tvd=4034002172736&vrn=100100225883172&prver=0&pronetvd=null&region=4&sub_region=4",
  "prver" : "0",
  "isUik" : true,
  "selected" : false,
  "load_on_demand" : false
}, {
  "id" : 4034002172737,
  "text" : "УИК №41",
  "href" : "region/izbirkom?action=show&root=32000024&tvd=4034002172737&vrn=100100225883172&prver=0&pronetvd=null&region=4&sub_region=4",
  "prver" : "0",
  "isUik" : true,
  "selected" : false,
  "load_on_demand" : false
}, {
  "id" : 4034002172738,
  "text" : "УИК №42",
  "href" : "region/izbirkom?action=show&root=32000024&tvd=4034002172738&vrn=100100225883172&prver=0&pronetvd=null&region=4&sub_region=4",
  "prver" : "0",
  "isUik" : true,
  "selected" : false,
  "load_on_demand" : false
}, {
  "id" : 4034002172739,
  "text" : "УИК №43",
  "href" : "region/izbirkom?action=show&root=32000024&tvd=4034002172739&vrn=100100225883172&prver=0&pronetvd=null&region=4&sub_region=4",
  "prver" : "0",
  "isUik" : true,
  "selected" : false,
  "load_on_demand" : false
}, {
  "id" : 4034002172740,
  "text" : "УИК №44",
  "href" : "region/izbirkom?action=show&root=32000024&tvd=4034002172740&vrn=100100225883172&prver=0&pronetvd=null&region=4&sub_region=4",
  "prver" : "0",
  "isUik" : true,
  "selected" : false,
  "load_on_demand" : false
}, {
  "id" : 4034002172741,
  "text" : "УИК №45",
  "href" : "region/izbirkom?action=show&root=32000024&tvd=4034002172741&vrn=100100225883172&prver=0&pronetvd=null&region=4&sub_region=4",
  "prver" : "0",
  "isUik" : true,
  "selected" : false,
  "load_on_demand" : false
}, {
  "id" : 4034002172742,
  "text" : "УИК №46",
  "href" : "region/izbirkom?action=show&root=32000024&tvd=4034002172742&vrn=100100225883172&prver=0&pronetvd=null&region=4&sub_region=4",
  "prver" : "0",
  "isUik" : true,
  "selected" : false,
  "load_on_demand" : false
}, {
  "id" : 4034002172743,
  "text" : "УИК №47",
  "href" : "region/izbirkom?action=show&root=32000024&tvd=4034002172743&vrn=100100225883172&prver=0&pronetvd=null&region=4&sub_region=4",
  "prver" : "0",
  "isUik" : true,
  "selected" : false,
  "load_on_demand" : false
}, {
  "id" : 4034002172744,
  "text" : "УИК №48",
  "href" : "region/izbirkom?action=show&root=32000024&tvd=4034002172744&vrn=100100225883172&prver=0&pronetvd=null&region=4&sub_region=4",
  "prver" : "0",
  "isUik" : true,
  "selected" : false,
  "load_on_demand" : false
}, {
  "id" : 4034002172745,
  "text" : "УИК №49",
  "href" : "region/izbirkom?action=show&root=32000024&tvd=4034002172745&vrn=100100225883172&prver=0&pronetvd=null&region=4&sub_region=4",
  "prver" : "0",
  "isUik" : true,
  "selected" : false,
  "load_on_demand" : false
}, {
  "id" : 4034002172746,
  "text" : "УИК №50",
  "href" : "region/izbirkom?action=show&root=32000024&tvd=4034002172746&vrn=100100225883172&prver=0&pronetvd=null&region=4&sub_region=4",
  "prver" : "0",
  "isUik" : true,
  "selected" : false,
  "load_on_demand" : false
} ]