[ {
  "id" : 4034004271337,
  "text" : "УИК №94",
  "href" : "region/izbirkom?action=show&root=32000022&tvd=4034004271337&vrn=100100225883172&prver=0&pronetvd=null&region=4&sub_region=4",
  "prver" : "0",
  "isUik" : true,
  "selected" : false,
  "load_on_demand" : false
}, {
  "id" : 4034004271338,
  "text" : "УИК №95",
  "href" : "region/izbirkom?action=show&root=32000022&tvd=4034004271338&vrn=100100225883172&prver=0&pronetvd=null&region=4&sub_region=4",
  "prver" : "0",
  "isUik" : true,
  "selected" : false,
  "load_on_demand" : false
}, {
  "id" : 4034004271339,
  "text" : "УИК №96",
  "href" : "region/izbirkom?action=show&root=32000022&tvd=4034004271339&vrn=100100225883172&prver=0&pronetvd=null&region=4&sub_region=4",
  "prver" : "0",
  "isUik" : true,
  "selected" : false,
  "load_on_demand" : false
}, {
  "id" : 4034004271340,
  "text" : "УИК №97",
  "href" : "region/izbirkom?action=show&root=32000022&tvd=4034004271340&vrn=100100225883172&prver=0&pronetvd=null&region=4&sub_region=4",
  "prver" : "0",
  "isUik" : true,
  "selected" : false,
  "load_on_demand" : false
}, {
  "id" : 4034004271341,
  "text" : "УИК №98",
  "href" : "region/izbirkom?action=show&root=32000022&tvd=4034004271341&vrn=100100225883172&prver=0&pronetvd=null&region=4&sub_region=4",
  "prver" : "0",
  "isUik" : true,
  "selected" : false,
  "load_on_demand" : false
}, {
  "id" : 4034004271342,
  "text" : "УИК №99",
  "href" : "region/izbirkom?action=show&root=32000022&tvd=4034004271342&vrn=100100225883172&prver=0&pronetvd=null&region=4&sub_region=4",
  "prver" : "0",
  "isUik" : true,
  "selected" : false,
  "load_on_demand" : false
}, {
  "id" : 4034004271343,
  "text" : "УИК №100",
  "href" : "region/izbirkom?action=show&root=32000022&tvd=4034004271343&vrn=100100225883172&prver=0&pronetvd=null&region=4&sub_region=4",
  "prver" : "0",
  "isUik" : true,
  "selected" : false,
  "load_on_demand" : false
}, {
  "id" : 4034004271344,
  "text" : "УИК №101",
  "href" : "region/izbirkom?action=show&root=32000022&tvd=4034004271344&vrn=100100225883172&prver=0&pronetvd=null&region=4&sub_region=4",
  "prver" : "0",
  "isUik" : true,
  "selected" : false,
  "load_on_demand" : false
}, {
  "id" : 4034004271345,
  "text" : "УИК №102",
  "href" : "region/izbirkom?action=show&root=32000022&tvd=4034004271345&vrn=100100225883172&prver=0&pronetvd=null&region=4&sub_region=4",
  "prver" : "0",
  "isUik" : true,
  "selected" : false,
  "load_on_demand" : false
}, {
  "id" : 4034004271346,
  "text" : "УИК №103",
  "href" : "region/izbirkom?action=show&root=32000022&tvd=4034004271346&vrn=100100225883172&prver=0&pronetvd=null&region=4&sub_region=4",
  "prver" : "0",
  "isUik" : true,
  "selected" : false,
  "load_on_demand" : false
}, {
  "id" : 4034004271347,
  "text" : "УИК №104",
  "href" : "region/izbirkom?action=show&root=32000022&tvd=4034004271347&vrn=100100225883172&prver=0&pronetvd=null&region=4&sub_region=4",
  "prver" : "0",
  "isUik" : true,
  "selected" : false,
  "load_on_demand" : false
}, {
  "id" : 4034004271348,
  "text" : "УИК №105",
  "href" : "region/izbirkom?action=show&root=32000022&tvd=4034004271348&vrn=100100225883172&prver=0&pronetvd=null&region=4&sub_region=4",
  "prver" : "0",
  "isUik" : true,
  "selected" : false,
  "load_on_demand" : false
}, {
  "id" : 4034004271349,
  "text" : "УИК №106",
  "href" : "region/izbirkom?action=show&root=32000022&tvd=4034004271349&vrn=100100225883172&prver=0&pronetvd=null&region=4&sub_region=4",
  "prver" : "0",
  "isUik" : true,
  "selected" : false,
  "load_on_demand" : false
}, {
  "id" : 4034004271350,
  "text" : "УИК №107",
  "href" : "region/izbirkom?action=show&root=32000022&tvd=4034004271350&vrn=100100225883172&prver=0&pronetvd=null&region=4&sub_region=4",
  "prver" : "0",
  "isUik" : true,
  "selected" : false,
  "load_on_demand" : false
}, {
  "id" : 4034004271351,
  "text" : "УИК №108",
  "href" : "region/izbirkom?action=show&root=32000022&tvd=4034004271351&vrn=100100225883172&prver=0&pronetvd=null&region=4&sub_region=4",
  "prver" : "0",
  "isUik" : true,
  "selected" : false,
  "load_on_demand" : false
}, {
  "id" : 4034004271352,
  "text" : "УИК №109",
  "href" : "region/izbirkom?action=show&root=32000022&tvd=4034004271352&vrn=100100225883172&prver=0&pronetvd=null&region=4&sub_region=4",
  "prver" : "0",
  "isUik" : true,
  "selected" : false,
  "load_on_demand" : false
}, {
  "id" : 4034004271353,
  "text" : "УИК №110",
  "href" : "region/izbirkom?action=show&root=32000022&tvd=4034004271353&vrn=100100225883172&prver=0&pronetvd=null&region=4&sub_region=4",
  "prver" : "0",
  "isUik" : true,
  "selected" : false,
  "load_on_demand" : false
}, {
  "id" : 4034004271354,
  "text" : "УИК №111",
  "href" : "region/izbirkom?action=show&root=32000022&tvd=4034004271354&vrn=100100225883172&prver=0&pronetvd=null&region=4&sub_region=4",
  "prver" : "0",
  "isUik" : true,
  "selected" : false,
  "load_on_demand" : false
}, {
  "id" : 4034004271355,
  "text" : "УИК №112",
  "href" : "region/izbirkom?action=show&root=32000022&tvd=4034004271355&vrn=100100225883172&prver=0&pronetvd=null&region=4&sub_region=4",
  "prver" : "0",
  "isUik" : true,
  "selected" : false,
  "load_on_demand" : false
}, {
  "id" : 4034004271356,
  "text" : "УИК №113",
  "href" : "region/izbirkom?action=show&root=32000022&tvd=4034004271356&vrn=100100225883172&prver=0&pronetvd=null&region=4&sub_region=4",
  "prver" : "0",
  "isUik" : true,
  "selected" : false,
  "load_on_demand" : false
}, {
  "id" : 4034004271357,
  "text" : "УИК №114",
  "href" : "region/izbirkom?action=show&root=32000022&tvd=4034004271357&vrn=100100225883172&prver=0&pronetvd=null&region=4&sub_region=4",
  "prver" : "0",
  "isUik" : true,
  "selected" : false,
  "load_on_demand" : false
}, {
  "id" : 4034004271358,
  "text" : "УИК №115",
  "href" : "region/izbirkom?action=show&root=32000022&tvd=4034004271358&vrn=100100225883172&prver=0&pronetvd=null&region=4&sub_region=4",
  "prver" : "0",
  "isUik" : true,
  "selected" : false,
  "load_on_demand" : false
}, {
  "id" : 4034004271359,
  "text" : "УИК №116",
  "href" : "region/izbirkom?action=show&root=32000022&tvd=4034004271359&vrn=100100225883172&prver=0&pronetvd=null&region=4&sub_region=4",
  "prver" : "0",
  "isUik" : true,
  "selected" : false,
  "load_on_demand" : false
}, {
  "id" : 4034004271360,
  "text" : "УИК №117",
  "href" : "region/izbirkom?action=show&root=32000022&tvd=4034004271360&vrn=100100225883172&prver=0&pronetvd=null&region=4&sub_region=4",
  "prver" : "0",
  "isUik" : true,
  "selected" : false,
  "load_on_demand" : false
}, {
  "id" : 4034004271361,
  "text" : "УИК №118",
  "href" : "region/izbirkom?action=show&root=32000022&tvd=4034004271361&vrn=100100225883172&prver=0&pronetvd=null&region=4&sub_region=4",
  "prver" : "0",
  "isUik" : true,
  "selected" : false,
  "load_on_demand" : false
}, {
  "id" : 4034004271362,
  "text" : "УИК №119",
  "href" : "region/izbirkom?action=show&root=32000022&tvd=4034004271362&vrn=100100225883172&prver=0&pronetvd=null&region=4&sub_region=4",
  "prver" : "0",
  "isUik" : true,
  "selected" : false,
  "load_on_demand" : false
}, {
  "id" : 4034004271363,
  "text" : "УИК №120",
  "href" : "region/izbirkom?action=show&root=32000022&tvd=4034004271363&vrn=100100225883172&prver=0&pronetvd=null&region=4&sub_region=4",
  "prver" : "0",
  "isUik" : true,
  "selected" : false,
  "load_on_demand" : false
}, {
  "id" : 4034004271364,
  "text" : "УИК №121",
  "href" : "region/izbirkom?action=show&root=32000022&tvd=4034004271364&vrn=100100225883172&prver=0&pronetvd=null&region=4&sub_region=4",
  "prver" : "0",
  "isUik" : true,
  "selected" : false,
  "load_on_demand" : false
}, {
  "id" : 4034004271365,
  "text" : "УИК №122",
  "href" : "region/izbirkom?action=show&root=32000022&tvd=4034004271365&vrn=100100225883172&prver=0&pronetvd=null&region=4&sub_region=4",
  "prver" : "0",
  "isUik" : true,
  "selected" : false,
  "load_on_demand" : false
}, {
  "id" : 4034004271366,
  "text" : "УИК №123",
  "href" : "region/izbirkom?action=show&root=32000022&tvd=4034004271366&vrn=100100225883172&prver=0&pronetvd=null&region=4&sub_region=4",
  "prver" : "0",
  "isUik" : true,
  "selected" : false,
  "load_on_demand" : false
}, {
  "id" : 4034004271367,
  "text" : "УИК №124",
  "href" : "region/izbirkom?action=show&root=32000022&tvd=4034004271367&vrn=100100225883172&prver=0&pronetvd=null&region=4&sub_region=4",
  "prver" : "0",
  "isUik" : true,
  "selected" : false,
  "load_on_demand" : false
}, {
  "id" : 4034004271368,
  "text" : "УИК №125",
  "href" : "region/izbirkom?action=show&root=32000022&tvd=4034004271368&vrn=100100225883172&prver=0&pronetvd=null&region=4&sub_region=4",
  "prver" : "0",
  "isUik" : true,
  "selected" : false,
  "load_on_demand" : false
}, {
  "id" : 4034004271369,
  "text" : "УИК №126",
  "href" : "region/izbirkom?action=show&root=32000022&tvd=4034004271369&vrn=100100225883172&prver=0&pronetvd=null&region=4&sub_region=4",
  "prver" : "0",
  "isUik" : true,
  "selected" : false,
  "load_on_demand" : false
}, {
  "id" : 4034004271370,
  "text" : "УИК №127",
  "href" : "region/izbirkom?action=show&root=32000022&tvd=4034004271370&vrn=100100225883172&prver=0&pronetvd=null&region=4&sub_region=4",
  "prver" : "0",
  "isUik" : true,
  "selected" : false,
  "load_on_demand" : false
}, {
  "id" : 4034004271371,
  "text" : "УИК №128",
  "href" : "region/izbirkom?action=show&root=32000022&tvd=4034004271371&vrn=100100225883172&prver=0&pronetvd=null&region=4&sub_region=4",
  "prver" : "0",
  "isUik" : true,
  "selected" : false,
  "load_on_demand" : false
} ]