[ {
  "id" : 4034001285366,
  "text" : "УИК №1",
  "href" : "region/izbirkom?action=show&root=32000025&tvd=4034001285366&vrn=100100225883172&prver=0&pronetvd=null&region=4&sub_region=4",
  "prver" : "0",
  "isUik" : true,
  "selected" : false,
  "load_on_demand" : false
}, {
  "id" : 4034001285368,
  "text" : "УИК №2",
  "href" : "region/izbirkom?action=show&root=32000025&tvd=4034001285368&vrn=100100225883172&prver=0&pronetvd=null&region=4&sub_region=4",
  "prver" : "0",
  "isUik" : true,
  "selected" : false,
  "load_on_demand" : false
}, {
  "id" : 4034001285370,
  "text" : "УИК №3",
  "href" : "region/izbirkom?action=show&root=32000025&tvd=4034001285370&vrn=100100225883172&prver=0&pronetvd=null&region=4&sub_region=4",
  "prver" : "0",
  "isUik" : true,
  "selected" : false,
  "load_on_demand" : false
}, {
  "id" : 4034001285371,
  "text" : "УИК №4",
  "href" : "region/izbirkom?action=show&root=32000025&tvd=4034001285371&vrn=100100225883172&prver=0&pronetvd=null&region=4&sub_region=4",
  "prver" : "0",
  "isUik" : true,
  "selected" : false,
  "load_on_demand" : false
}, {
  "id" : 4034001285372,
  "text" : "УИК №5",
  "href" : "region/izbirkom?action=show&root=32000025&tvd=4034001285372&vrn=100100225883172&prver=0&pronetvd=null&region=4&sub_region=4",
  "prver" : "0",
  "isUik" : true,
  "selected" : false,
  "load_on_demand" : false
}, {
  "id" : 4034001285373,
  "text" : "УИК №6",
  "href" : "region/izbirkom?action=show&root=32000025&tvd=4034001285373&vrn=100100225883172&prver=0&pronetvd=null&region=4&sub_region=4",
  "prver" : "0",
  "isUik" : true,
  "selected" : false,
  "load_on_demand" : false
}, {
  "id" : 4034001285374,
  "text" : "УИК №7",
  "href" : "region/izbirkom?action=show&root=32000025&tvd=4034001285374&vrn=100100225883172&prver=0&pronetvd=null&region=4&sub_region=4",
  "prver" : "0",
  "isUik" : true,
  "selected" : false,
  "load_on_demand" : false
}, {
  "id" : 4034001285375,
  "text" : "УИК №8",
  "href" : "region/izbirkom?action=show&root=32000025&tvd=4034001285375&vrn=100100225883172&prver=0&pronetvd=null&region=4&sub_region=4",
  "prver" : "0",
  "isUik" : true,
  "selected" : false,
  "load_on_demand" : false
}, {
  "id" : 4034001285376,
  "text" : "УИК №9",
  "href" : "region/izbirkom?action=show&root=32000025&tvd=4034001285376&vrn=100100225883172&prver=0&pronetvd=null&region=4&sub_region=4",
  "prver" : "0",
  "isUik" : true,
  "selected" : false,
  "load_on_demand" : false
}, {
  "id" : 4034001285377,
  "text" : "УИК №10",
  "href" : "region/izbirkom?action=show&root=32000025&tvd=4034001285377&vrn=100100225883172&prver=0&pronetvd=null&region=4&sub_region=4",
  "prver" : "0",
  "isUik" : true,
  "selected" : false,
  "load_on_demand" : false
}, {
  "id" : 4034001285378,
  "text" : "УИК №11",
  "href" : "region/izbirkom?action=show&root=32000025&tvd=4034001285378&vrn=100100225883172&prver=0&pronetvd=null&region=4&sub_region=4",
  "prver" : "0",
  "isUik" : true,
  "selected" : false,
  "load_on_demand" : false
}, {
  "id" : 4034001285379,
  "text" : "УИК №12",
  "href" : "region/izbirkom?action=show&root=32000025&tvd=4034001285379&vrn=100100225883172&prver=0&pronetvd=null&region=4&sub_region=4",
  "prver" : "0",
  "isUik" : true,
  "selected" : false,
  "load_on_demand" : false
}, {
  "id" : 4034001285380,
  "text" : "УИК №13",
  "href" : "region/izbirkom?action=show&root=32000025&tvd=4034001285380&vrn=100100225883172&prver=0&pronetvd=null&region=4&sub_region=4",
  "prver" : "0",
  "isUik" : true,
  "selected" : false,
  "load_on_demand" : false
}, {
  "id" : 4034001285381,
  "text" : "УИК №14",
  "href" : "region/izbirkom?action=show&root=32000025&tvd=4034001285381&vrn=100100225883172&prver=0&pronetvd=null&region=4&sub_region=4",
  "prver" : "0",
  "isUik" : true,
  "selected" : false,
  "load_on_demand" : false
}, {
  "id" : 4034001285382,
  "text" : "УИК №15",
  "href" : "region/izbirkom?action=show&root=32000025&tvd=4034001285382&vrn=100100225883172&prver=0&pronetvd=null&region=4&sub_region=4",
  "prver" : "0",
  "isUik" : true,
  "selected" : false,
  "load_on_demand" : false
}, {
  "id" : 4034001285383,
  "text" : "УИК №16",
  "href" : "region/izbirkom?action=show&root=32000025&tvd=4034001285383&vrn=100100225883172&prver=0&pronetvd=null&region=4&sub_region=4",
  "prver" : "0",
  "isUik" : true,
  "selected" : false,
  "load_on_demand" : false
}, {
  "id" : 4034001285384,
  "text" : "УИК №17",
  "href" : "region/izbirkom?action=show&root=32000025&tvd=4034001285384&vrn=100100225883172&prver=0&pronetvd=null&region=4&sub_region=4",
  "prver" : "0",
  "isUik" : true,
  "selected" : false,
  "load_on_demand" : false
}, {
  "id" : 4034001285385,
  "text" : "УИК №18",
  "href" : "region/izbirkom?action=show&root=32000025&tvd=4034001285385&vrn=100100225883172&prver=0&pronetvd=null&region=4&sub_region=4",
  "prver" : "0",
  "isUik" : true,
  "selected" : false,
  "load_on_demand" : false
}, {
  "id" : 4034001285386,
  "text" : "УИК №19",
  "href" : "region/izbirkom?action=show&root=32000025&tvd=4034001285386&vrn=100100225883172&prver=0&pronetvd=null&region=4&sub_region=4",
  "prver" : "0",
  "isUik" : true,
  "selected" : false,
  "load_on_demand" : false
}, {
  "id" : 4034001285387,
  "text" : "УИК №20",
  "href" : "region/izbirkom?action=show&root=32000025&tvd=4034001285387&vrn=100100225883172&prver=0&pronetvd=null&region=4&sub_region=4",
  "prver" : "0",
  "isUik" : true,
  "selected" : false,
  "load_on_demand" : false
}, {
  "id" : 4034001285388,
  "text" : "УИК №21",
  "href" : "region/izbirkom?action=show&root=32000025&tvd=4034001285388&vrn=100100225883172&prver=0&pronetvd=null&region=4&sub_region=4",
  "prver" : "0",
  "isUik" : true,
  "selected" : false,
  "load_on_demand" : false
}, {
  "id" : 4034001285389,
  "text" : "УИК №22",
  "href" : "region/izbirkom?action=show&root=32000025&tvd=4034001285389&vrn=100100225883172&prver=0&pronetvd=null&region=4&sub_region=4",
  "prver" : "0",
  "isUik" : true,
  "selected" : false,
  "load_on_demand" : false
}, {
  "id" : 4034001285390,
  "text" : "УИК №23",
  "href" : "region/izbirkom?action=show&root=32000025&tvd=4034001285390&vrn=100100225883172&prver=0&pronetvd=null&region=4&sub_region=4",
  "prver" : "0",
  "isUik" : true,
  "selected" : false,
  "load_on_demand" : false
}, {
  "id" : 4034001285391,
  "text" : "УИК №24",
  "href" : "region/izbirkom?action=show&root=32000025&tvd=4034001285391&vrn=100100225883172&prver=0&pronetvd=null&region=4&sub_region=4",
  "prver" : "0",
  "isUik" : true,
  "selected" : false,
  "load_on_demand" : false
}, {
  "id" : 4034001285392,
  "text" : "УИК №25",
  "href" : "region/izbirkom?action=show&root=32000025&tvd=4034001285392&vrn=100100225883172&prver=0&pronetvd=null&region=4&sub_region=4",
  "prver" : "0",
  "isUik" : true,
  "selected" : false,
  "load_on_demand" : false
}, {
  "id" : 4034001285393,
  "text" : "УИК №26",
  "href" : "region/izbirkom?action=show&root=32000025&tvd=4034001285393&vrn=100100225883172&prver=0&pronetvd=null&region=4&sub_region=4",
  "prver" : "0",
  "isUik" : true,
  "selected" : false,
  "load_on_demand" : false
}, {
  "id" : 4034001285394,
  "text" : "УИК №27",
  "href" : "region/izbirkom?action=show&root=32000025&tvd=4034001285394&vrn=100100225883172&prver=0&pronetvd=null&region=4&sub_region=4",
  "prver" : "0",
  "isUik" : true,
  "selected" : false,
  "load_on_demand" : false
}, {
  "id" : 4034001285395,
  "text" : "УИК №28",
  "href" : "region/izbirkom?action=show&root=32000025&tvd=4034001285395&vrn=100100225883172&prver=0&pronetvd=null&region=4&sub_region=4",
  "prver" : "0",
  "isUik" : true,
  "selected" : false,
  "load_on_demand" : false
}, {
  "id" : 4034001285396,
  "text" : "УИК №29",
  "href" : "region/izbirkom?action=show&root=32000025&tvd=4034001285396&vrn=100100225883172&prver=0&pronetvd=null&region=4&sub_region=4",
  "prver" : "0",
  "isUik" : true,
  "selected" : false,
  "load_on_demand" : false
}, {
  "id" : 4034001285397,
  "text" : "УИК №30",
  "href" : "region/izbirkom?action=show&root=32000025&tvd=4034001285397&vrn=100100225883172&prver=0&pronetvd=null&region=4&sub_region=4",
  "prver" : "0",
  "isUik" : true,
  "selected" : false,
  "load_on_demand" : false
}, {
  "id" : 4034001285398,
  "text" : "УИК №31",
  "href" : "region/izbirkom?action=show&root=32000025&tvd=4034001285398&vrn=100100225883172&prver=0&pronetvd=null&region=4&sub_region=4",
  "prver" : "0",
  "isUik" : true,
  "selected" : false,
  "load_on_demand" : false
}, {
  "id" : 4034001285399,
  "text" : "УИК №32",
  "href" : "region/izbirkom?action=show&root=32000025&tvd=4034001285399&vrn=100100225883172&prver=0&pronetvd=null&region=4&sub_region=4",
  "prver" : "0",
  "isUik" : true,
  "selected" : false,
  "load_on_demand" : false
}, {
  "id" : 4034001285400,
  "text" : "УИК №33",
  "href" : "region/izbirkom?action=show&root=32000025&tvd=4034001285400&vrn=100100225883172&prver=0&pronetvd=null&region=4&sub_region=4",
  "prver" : "0",
  "isUik" : true,
  "selected" : false,
  "load_on_demand" : false
}, {
  "id" : 4034001285401,
  "text" : "УИК №34",
  "href" : "region/izbirkom?action=show&root=32000025&tvd=4034001285401&vrn=100100225883172&prver=0&pronetvd=null&region=4&sub_region=4",
  "prver" : "0",
  "isUik" : true,
  "selected" : false,
  "load_on_demand" : false
}, {
  "id" : 4034001285402,
  "text" : "УИК №35",
  "href" : "region/izbirkom?action=show&root=32000025&tvd=4034001285402&vrn=100100225883172&prver=0&pronetvd=null&region=4&sub_region=4",
  "prver" : "0",
  "isUik" : true,
  "selected" : false,
  "load_on_demand" : false
}, {
  "id" : 4034001285403,
  "text" : "УИК №36",
  "href" : "region/izbirkom?action=show&root=32000025&tvd=4034001285403&vrn=100100225883172&prver=0&pronetvd=null&region=4&sub_region=4",
  "prver" : "0",
  "isUik" : true,
  "selected" : false,
  "load_on_demand" : false
} ]