[ {
  "id" : 4034024247650,
  "text" : "УИК №827",
  "href" : "region/izbirkom?action=show&root=32000002&tvd=4034024247650&vrn=100100225883172&prver=0&pronetvd=null&region=4&sub_region=4",
  "prver" : "0",
  "isUik" : true,
  "selected" : false,
  "load_on_demand" : false
}, {
  "id" : 4034024247652,
  "text" : "УИК №828",
  "href" : "region/izbirkom?action=show&root=32000002&tvd=4034024247652&vrn=100100225883172&prver=0&pronetvd=null&region=4&sub_region=4",
  "prver" : "0",
  "isUik" : true,
  "selected" : false,
  "load_on_demand" : false
}, {
  "id" : 4034024247653,
  "text" : "УИК №829",
  "href" : "region/izbirkom?action=show&root=32000002&tvd=4034024247653&vrn=100100225883172&prver=0&pronetvd=null&region=4&sub_region=4",
  "prver" : "0",
  "isUik" : true,
  "selected" : false,
  "load_on_demand" : false
}, {
  "id" : 4034024247654,
  "text" : "УИК №830",
  "href" : "region/izbirkom?action=show&root=32000002&tvd=4034024247654&vrn=100100225883172&prver=0&pronetvd=null&region=4&sub_region=4",
  "prver" : "0",
  "isUik" : true,
  "selected" : false,
  "load_on_demand" : false
}, {
  "id" : 4034024247655,
  "text" : "УИК №831",
  "href" : "region/izbirkom?action=show&root=32000002&tvd=4034024247655&vrn=100100225883172&prver=0&pronetvd=null&region=4&sub_region=4",
  "prver" : "0",
  "isUik" : true,
  "selected" : false,
  "load_on_demand" : false
}, {
  "id" : 4034024247656,
  "text" : "УИК №832",
  "href" : "region/izbirkom?action=show&root=32000002&tvd=4034024247656&vrn=100100225883172&prver=0&pronetvd=null&region=4&sub_region=4",
  "prver" : "0",
  "isUik" : true,
  "selected" : false,
  "load_on_demand" : false
}, {
  "id" : 4034024247657,
  "text" : "УИК №833",
  "href" : "region/izbirkom?action=show&root=32000002&tvd=4034024247657&vrn=100100225883172&prver=0&pronetvd=null&region=4&sub_region=4",
  "prver" : "0",
  "isUik" : true,
  "selected" : false,
  "load_on_demand" : false
}, {
  "id" : 4034024247658,
  "text" : "УИК №834",
  "href" : "region/izbirkom?action=show&root=32000002&tvd=4034024247658&vrn=100100225883172&prver=0&pronetvd=null&region=4&sub_region=4",
  "prver" : "0",
  "isUik" : true,
  "selected" : false,
  "load_on_demand" : false
}, {
  "id" : 4034024247659,
  "text" : "УИК №835",
  "href" : "region/izbirkom?action=show&root=32000002&tvd=4034024247659&vrn=100100225883172&prver=0&pronetvd=null&region=4&sub_region=4",
  "prver" : "0",
  "isUik" : true,
  "selected" : false,
  "load_on_demand" : false
}, {
  "id" : 4034024247660,
  "text" : "УИК №836",
  "href" : "region/izbirkom?action=show&root=32000002&tvd=4034024247660&vrn=100100225883172&prver=0&pronetvd=null&region=4&sub_region=4",
  "prver" : "0",
  "isUik" : true,
  "selected" : false,
  "load_on_demand" : false
}, {
  "id" : 4034024247661,
  "text" : "УИК №837",
  "href" : "region/izbirkom?action=show&root=32000002&tvd=4034024247661&vrn=100100225883172&prver=0&pronetvd=null&region=4&sub_region=4",
  "prver" : "0",
  "isUik" : true,
  "selected" : false,
  "load_on_demand" : false
}, {
  "id" : 4034024247662,
  "text" : "УИК №838",
  "href" : "region/izbirkom?action=show&root=32000002&tvd=4034024247662&vrn=100100225883172&prver=0&pronetvd=null&region=4&sub_region=4",
  "prver" : "0",
  "isUik" : true,
  "selected" : false,
  "load_on_demand" : false
}, {
  "id" : 4034024247663,
  "text" : "УИК №839",
  "href" : "region/izbirkom?action=show&root=32000002&tvd=4034024247663&vrn=100100225883172&prver=0&pronetvd=null&region=4&sub_region=4",
  "prver" : "0",
  "isUik" : true,
  "selected" : false,
  "load_on_demand" : false
}, {
  "id" : 4034024247664,
  "text" : "УИК №840",
  "href" : "region/izbirkom?action=show&root=32000002&tvd=4034024247664&vrn=100100225883172&prver=0&pronetvd=null&region=4&sub_region=4",
  "prver" : "0",
  "isUik" : true,
  "selected" : false,
  "load_on_demand" : false
}, {
  "id" : 4034024247665,
  "text" : "УИК №841",
  "href" : "region/izbirkom?action=show&root=32000002&tvd=4034024247665&vrn=100100225883172&prver=0&pronetvd=null&region=4&sub_region=4",
  "prver" : "0",
  "isUik" : true,
  "selected" : false,
  "load_on_demand" : false
}, {
  "id" : 4034024247666,
  "text" : "УИК №842",
  "href" : "region/izbirkom?action=show&root=32000002&tvd=4034024247666&vrn=100100225883172&prver=0&pronetvd=null&region=4&sub_region=4",
  "prver" : "0",
  "isUik" : true,
  "selected" : false,
  "load_on_demand" : false
}, {
  "id" : 4034024247667,
  "text" : "УИК №843",
  "href" : "region/izbirkom?action=show&root=32000002&tvd=4034024247667&vrn=100100225883172&prver=0&pronetvd=null&region=4&sub_region=4",
  "prver" : "0",
  "isUik" : true,
  "selected" : false,
  "load_on_demand" : false
}, {
  "id" : 4034024247668,
  "text" : "УИК №844",
  "href" : "region/izbirkom?action=show&root=32000002&tvd=4034024247668&vrn=100100225883172&prver=0&pronetvd=null&region=4&sub_region=4",
  "prver" : "0",
  "isUik" : true,
  "selected" : false,
  "load_on_demand" : false
}, {
  "id" : 4034024247669,
  "text" : "УИК №845",
  "href" : "region/izbirkom?action=show&root=32000002&tvd=4034024247669&vrn=100100225883172&prver=0&pronetvd=null&region=4&sub_region=4",
  "prver" : "0",
  "isUik" : true,
  "selected" : false,
  "load_on_demand" : false
}, {
  "id" : 4034024247670,
  "text" : "УИК №846",
  "href" : "region/izbirkom?action=show&root=32000002&tvd=4034024247670&vrn=100100225883172&prver=0&pronetvd=null&region=4&sub_region=4",
  "prver" : "0",
  "isUik" : true,
  "selected" : false,
  "load_on_demand" : false
}, {
  "id" : 4034024247671,
  "text" : "УИК №847",
  "href" : "region/izbirkom?action=show&root=32000002&tvd=4034024247671&vrn=100100225883172&prver=0&pronetvd=null&region=4&sub_region=4",
  "prver" : "0",
  "isUik" : true,
  "selected" : false,
  "load_on_demand" : false
}, {
  "id" : 4034024247672,
  "text" : "УИК №848",
  "href" : "region/izbirkom?action=show&root=32000002&tvd=4034024247672&vrn=100100225883172&prver=0&pronetvd=null&region=4&sub_region=4",
  "prver" : "0",
  "isUik" : true,
  "selected" : false,
  "load_on_demand" : false
}, {
  "id" : 4034024247673,
  "text" : "УИК №849",
  "href" : "region/izbirkom?action=show&root=32000002&tvd=4034024247673&vrn=100100225883172&prver=0&pronetvd=null&region=4&sub_region=4",
  "prver" : "0",
  "isUik" : true,
  "selected" : false,
  "load_on_demand" : false
}, {
  "id" : 4034024247674,
  "text" : "УИК №850",
  "href" : "region/izbirkom?action=show&root=32000002&tvd=4034024247674&vrn=100100225883172&prver=0&pronetvd=null&region=4&sub_region=4",
  "prver" : "0",
  "isUik" : true,
  "selected" : false,
  "load_on_demand" : false
}, {
  "id" : 4034024247675,
  "text" : "УИК №851",
  "href" : "region/izbirkom?action=show&root=32000002&tvd=4034024247675&vrn=100100225883172&prver=0&pronetvd=null&region=4&sub_region=4",
  "prver" : "0",
  "isUik" : true,
  "selected" : false,
  "load_on_demand" : false
}, {
  "id" : 4034024252642,
  "text" : "УИК №852",
  "href" : "region/izbirkom?action=show&root=32000002&tvd=4034024252642&vrn=100100225883172&prver=0&pronetvd=null&region=4&sub_region=4",
  "prver" : "0",
  "isUik" : true,
  "selected" : false,
  "load_on_demand" : false
}, {
  "id" : 4034024247677,
  "text" : "УИК №853",
  "href" : "region/izbirkom?action=show&root=32000002&tvd=4034024247677&vrn=100100225883172&prver=0&pronetvd=null&region=4&sub_region=4",
  "prver" : "0",
  "isUik" : true,
  "selected" : false,
  "load_on_demand" : false
}, {
  "id" : 4034024247678,
  "text" : "УИК №854",
  "href" : "region/izbirkom?action=show&root=32000002&tvd=4034024247678&vrn=100100225883172&prver=0&pronetvd=null&region=4&sub_region=4",
  "prver" : "0",
  "isUik" : true,
  "selected" : false,
  "load_on_demand" : false
}, {
  "id" : 4034024247679,
  "text" : "УИК №855",
  "href" : "region/izbirkom?action=show&root=32000002&tvd=4034024247679&vrn=100100225883172&prver=0&pronetvd=null&region=4&sub_region=4",
  "prver" : "0",
  "isUik" : true,
  "selected" : false,
  "load_on_demand" : false
}, {
  "id" : 4034024247680,
  "text" : "УИК №856",
  "href" : "region/izbirkom?action=show&root=32000002&tvd=4034024247680&vrn=100100225883172&prver=0&pronetvd=null&region=4&sub_region=4",
  "prver" : "0",
  "isUik" : true,
  "selected" : false,
  "load_on_demand" : false
}, {
  "id" : 4034024247681,
  "text" : "УИК №857",
  "href" : "region/izbirkom?action=show&root=32000002&tvd=4034024247681&vrn=100100225883172&prver=0&pronetvd=null&region=4&sub_region=4",
  "prver" : "0",
  "isUik" : true,
  "selected" : false,
  "load_on_demand" : false
}, {
  "id" : 4034024247682,
  "text" : "УИК №858",
  "href" : "region/izbirkom?action=show&root=32000002&tvd=4034024247682&vrn=100100225883172&prver=0&pronetvd=null&region=4&sub_region=4",
  "prver" : "0",
  "isUik" : true,
  "selected" : false,
  "load_on_demand" : false
}, {
  "id" : 4034024247683,
  "text" : "УИК №859",
  "href" : "region/izbirkom?action=show&root=32000002&tvd=4034024247683&vrn=100100225883172&prver=0&pronetvd=null&region=4&sub_region=4",
  "prver" : "0",
  "isUik" : true,
  "selected" : false,
  "load_on_demand" : false
}, {
  "id" : 4034024247684,
  "text" : "УИК №860",
  "href" : "region/izbirkom?action=show&root=32000002&tvd=4034024247684&vrn=100100225883172&prver=0&pronetvd=null&region=4&sub_region=4",
  "prver" : "0",
  "isUik" : true,
  "selected" : false,
  "load_on_demand" : false
}, {
  "id" : 4034024247685,
  "text" : "УИК №861",
  "href" : "region/izbirkom?action=show&root=32000002&tvd=4034024247685&vrn=100100225883172&prver=0&pronetvd=null&region=4&sub_region=4",
  "prver" : "0",
  "isUik" : true,
  "selected" : false,
  "load_on_demand" : false
}, {
  "id" : 4034024252644,
  "text" : "УИК №862",
  "href" : "region/izbirkom?action=show&root=32000002&tvd=4034024252644&vrn=100100225883172&prver=0&pronetvd=null&region=4&sub_region=4",
  "prver" : "0",
  "isUik" : true,
  "selected" : false,
  "load_on_demand" : false
}, {
  "id" : 4034024252646,
  "text" : "УИК №863",
  "href" : "region/izbirkom?action=show&root=32000002&tvd=4034024252646&vrn=100100225883172&prver=0&pronetvd=null&region=4&sub_region=4",
  "prver" : "0",
  "isUik" : true,
  "selected" : false,
  "load_on_demand" : false
} ]