[ {
  "id" : 4034010243353,
  "text" : "УИК №348",
  "href" : "region/izbirkom?action=show&root=32000016&tvd=4034010243353&vrn=100100225883172&prver=0&pronetvd=null&region=4&sub_region=4",
  "prver" : "0",
  "isUik" : true,
  "selected" : false,
  "load_on_demand" : false
}, {
  "id" : 4034010243354,
  "text" : "УИК №349",
  "href" : "region/izbirkom?action=show&root=32000016&tvd=4034010243354&vrn=100100225883172&prver=0&pronetvd=null&region=4&sub_region=4",
  "prver" : "0",
  "isUik" : true,
  "selected" : false,
  "load_on_demand" : false
}, {
  "id" : 4034010243355,
  "text" : "УИК №350",
  "href" : "region/izbirkom?action=show&root=32000016&tvd=4034010243355&vrn=100100225883172&prver=0&pronetvd=null&region=4&sub_region=4",
  "prver" : "0",
  "isUik" : true,
  "selected" : false,
  "load_on_demand" : false
}, {
  "id" : 4034010243356,
  "text" : "УИК №351",
  "href" : "region/izbirkom?action=show&root=32000016&tvd=4034010243356&vrn=100100225883172&prver=0&pronetvd=null&region=4&sub_region=4",
  "prver" : "0",
  "isUik" : true,
  "selected" : false,
  "load_on_demand" : false
}, {
  "id" : 4034010243357,
  "text" : "УИК №352",
  "href" : "region/izbirkom?action=show&root=32000016&tvd=4034010243357&vrn=100100225883172&prver=0&pronetvd=null&region=4&sub_region=4",
  "prver" : "0",
  "isUik" : true,
  "selected" : false,
  "load_on_demand" : false
}, {
  "id" : 4034010243358,
  "text" : "УИК №353",
  "href" : "region/izbirkom?action=show&root=32000016&tvd=4034010243358&vrn=100100225883172&prver=0&pronetvd=null&region=4&sub_region=4",
  "prver" : "0",
  "isUik" : true,
  "selected" : false,
  "load_on_demand" : false
}, {
  "id" : 4034010243359,
  "text" : "УИК №354",
  "href" : "region/izbirkom?action=show&root=32000016&tvd=4034010243359&vrn=100100225883172&prver=0&pronetvd=null&region=4&sub_region=4",
  "prver" : "0",
  "isUik" : true,
  "selected" : false,
  "load_on_demand" : false
}, {
  "id" : 4034010243360,
  "text" : "УИК №355",
  "href" : "region/izbirkom?action=show&root=32000016&tvd=4034010243360&vrn=100100225883172&prver=0&pronetvd=null&region=4&sub_region=4",
  "prver" : "0",
  "isUik" : true,
  "selected" : false,
  "load_on_demand" : false
}, {
  "id" : 4034010243361,
  "text" : "УИК №356",
  "href" : "region/izbirkom?action=show&root=32000016&tvd=4034010243361&vrn=100100225883172&prver=0&pronetvd=null&region=4&sub_region=4",
  "prver" : "0",
  "isUik" : true,
  "selected" : false,
  "load_on_demand" : false
}, {
  "id" : 4034010243362,
  "text" : "УИК №357",
  "href" : "region/izbirkom?action=show&root=32000016&tvd=4034010243362&vrn=100100225883172&prver=0&pronetvd=null&region=4&sub_region=4",
  "prver" : "0",
  "isUik" : true,
  "selected" : false,
  "load_on_demand" : false
}, {
  "id" : 4034010243363,
  "text" : "УИК №358",
  "href" : "region/izbirkom?action=show&root=32000016&tvd=4034010243363&vrn=100100225883172&prver=0&pronetvd=null&region=4&sub_region=4",
  "prver" : "0",
  "isUik" : true,
  "selected" : false,
  "load_on_demand" : false
}, {
  "id" : 4034010243364,
  "text" : "УИК №359",
  "href" : "region/izbirkom?action=show&root=32000016&tvd=4034010243364&vrn=100100225883172&prver=0&pronetvd=null&region=4&sub_region=4",
  "prver" : "0",
  "isUik" : true,
  "selected" : false,
  "load_on_demand" : false
}, {
  "id" : 4034010243365,
  "text" : "УИК №360",
  "href" : "region/izbirkom?action=show&root=32000016&tvd=4034010243365&vrn=100100225883172&prver=0&pronetvd=null&region=4&sub_region=4",
  "prver" : "0",
  "isUik" : true,
  "selected" : false,
  "load_on_demand" : false
}, {
  "id" : 4034010243366,
  "text" : "УИК №361",
  "href" : "region/izbirkom?action=show&root=32000016&tvd=4034010243366&vrn=100100225883172&prver=0&pronetvd=null&region=4&sub_region=4",
  "prver" : "0",
  "isUik" : true,
  "selected" : false,
  "load_on_demand" : false
}, {
  "id" : 4034010243367,
  "text" : "УИК №362",
  "href" : "region/izbirkom?action=show&root=32000016&tvd=4034010243367&vrn=100100225883172&prver=0&pronetvd=null&region=4&sub_region=4",
  "prver" : "0",
  "isUik" : true,
  "selected" : false,
  "load_on_demand" : false
}, {
  "id" : 4034010243368,
  "text" : "УИК №363",
  "href" : "region/izbirkom?action=show&root=32000016&tvd=4034010243368&vrn=100100225883172&prver=0&pronetvd=null&region=4&sub_region=4",
  "prver" : "0",
  "isUik" : true,
  "selected" : false,
  "load_on_demand" : false
}, {
  "id" : 4034010243369,
  "text" : "УИК №364",
  "href" : "region/izbirkom?action=show&root=32000016&tvd=4034010243369&vrn=100100225883172&prver=0&pronetvd=null&region=4&sub_region=4",
  "prver" : "0",
  "isUik" : true,
  "selected" : false,
  "load_on_demand" : false
}, {
  "id" : 4034010243370,
  "text" : "УИК №365",
  "href" : "region/izbirkom?action=show&root=32000016&tvd=4034010243370&vrn=100100225883172&prver=0&pronetvd=null&region=4&sub_region=4",
  "prver" : "0",
  "isUik" : true,
  "selected" : false,
  "load_on_demand" : false
}, {
  "id" : 4034010243371,
  "text" : "УИК №366",
  "href" : "region/izbirkom?action=show&root=32000016&tvd=4034010243371&vrn=100100225883172&prver=0&pronetvd=null&region=4&sub_region=4",
  "prver" : "0",
  "isUik" : true,
  "selected" : false,
  "load_on_demand" : false
}, {
  "id" : 4034010243372,
  "text" : "УИК №367",
  "href" : "region/izbirkom?action=show&root=32000016&tvd=4034010243372&vrn=100100225883172&prver=0&pronetvd=null&region=4&sub_region=4",
  "prver" : "0",
  "isUik" : true,
  "selected" : false,
  "load_on_demand" : false
}, {
  "id" : 4034010243373,
  "text" : "УИК №368",
  "href" : "region/izbirkom?action=show&root=32000016&tvd=4034010243373&vrn=100100225883172&prver=0&pronetvd=null&region=4&sub_region=4",
  "prver" : "0",
  "isUik" : true,
  "selected" : false,
  "load_on_demand" : false
}, {
  "id" : 4034010243374,
  "text" : "УИК №369",
  "href" : "region/izbirkom?action=show&root=32000016&tvd=4034010243374&vrn=100100225883172&prver=0&pronetvd=null&region=4&sub_region=4",
  "prver" : "0",
  "isUik" : true,
  "selected" : false,
  "load_on_demand" : false
}, {
  "id" : 4034010243375,
  "text" : "УИК №370",
  "href" : "region/izbirkom?action=show&root=32000016&tvd=4034010243375&vrn=100100225883172&prver=0&pronetvd=null&region=4&sub_region=4",
  "prver" : "0",
  "isUik" : true,
  "selected" : false,
  "load_on_demand" : false
}, {
  "id" : 4034010243376,
  "text" : "УИК №371",
  "href" : "region/izbirkom?action=show&root=32000016&tvd=4034010243376&vrn=100100225883172&prver=0&pronetvd=null&region=4&sub_region=4",
  "prver" : "0",
  "isUik" : true,
  "selected" : false,
  "load_on_demand" : false
}, {
  "id" : 4034010246246,
  "text" : "УИК №372",
  "href" : "region/izbirkom?action=show&root=32000016&tvd=4034010246246&vrn=100100225883172&prver=0&pronetvd=null&region=4&sub_region=4",
  "prver" : "0",
  "isUik" : true,
  "selected" : false,
  "load_on_demand" : false
} ]