[ {
  "id" : 4034008254265,
  "text" : "УИК №241",
  "href" : "region/izbirkom?action=show&root=32000018&tvd=4034008254265&vrn=100100225883172&prver=0&pronetvd=null&region=4&sub_region=4",
  "prver" : "0",
  "isUik" : true,
  "selected" : false,
  "load_on_demand" : false
}, {
  "id" : 4034008254266,
  "text" : "УИК №242",
  "href" : "region/izbirkom?action=show&root=32000018&tvd=4034008254266&vrn=100100225883172&prver=0&pronetvd=null&region=4&sub_region=4",
  "prver" : "0",
  "isUik" : true,
  "selected" : false,
  "load_on_demand" : false
}, {
  "id" : 4034008254267,
  "text" : "УИК №243",
  "href" : "region/izbirkom?action=show&root=32000018&tvd=4034008254267&vrn=100100225883172&prver=0&pronetvd=null&region=4&sub_region=4",
  "prver" : "0",
  "isUik" : true,
  "selected" : false,
  "load_on_demand" : false
}, {
  "id" : 4034008254268,
  "text" : "УИК №244",
  "href" : "region/izbirkom?action=show&root=32000018&tvd=4034008254268&vrn=100100225883172&prver=0&pronetvd=null&region=4&sub_region=4",
  "prver" : "0",
  "isUik" : true,
  "selected" : false,
  "load_on_demand" : false
}, {
  "id" : 4034008254269,
  "text" : "УИК №245",
  "href" : "region/izbirkom?action=show&root=32000018&tvd=4034008254269&vrn=100100225883172&prver=0&pronetvd=null&region=4&sub_region=4",
  "prver" : "0",
  "isUik" : true,
  "selected" : false,
  "load_on_demand" : false
}, {
  "id" : 4034008254270,
  "text" : "УИК №246",
  "href" : "region/izbirkom?action=show&root=32000018&tvd=4034008254270&vrn=100100225883172&prver=0&pronetvd=null&region=4&sub_region=4",
  "prver" : "0",
  "isUik" : true,
  "selected" : false,
  "load_on_demand" : false
}, {
  "id" : 4034008254271,
  "text" : "УИК №247",
  "href" : "region/izbirkom?action=show&root=32000018&tvd=4034008254271&vrn=100100225883172&prver=0&pronetvd=null&region=4&sub_region=4",
  "prver" : "0",
  "isUik" : true,
  "selected" : false,
  "load_on_demand" : false
}, {
  "id" : 4034008254272,
  "text" : "УИК №248",
  "href" : "region/izbirkom?action=show&root=32000018&tvd=4034008254272&vrn=100100225883172&prver=0&pronetvd=null&region=4&sub_region=4",
  "prver" : "0",
  "isUik" : true,
  "selected" : false,
  "load_on_demand" : false
}, {
  "id" : 4034008254273,
  "text" : "УИК №249",
  "href" : "region/izbirkom?action=show&root=32000018&tvd=4034008254273&vrn=100100225883172&prver=0&pronetvd=null&region=4&sub_region=4",
  "prver" : "0",
  "isUik" : true,
  "selected" : false,
  "load_on_demand" : false
}, {
  "id" : 4034008254274,
  "text" : "УИК №250",
  "href" : "region/izbirkom?action=show&root=32000018&tvd=4034008254274&vrn=100100225883172&prver=0&pronetvd=null&region=4&sub_region=4",
  "prver" : "0",
  "isUik" : true,
  "selected" : false,
  "load_on_demand" : false
}, {
  "id" : 4034008254275,
  "text" : "УИК №251",
  "href" : "region/izbirkom?action=show&root=32000018&tvd=4034008254275&vrn=100100225883172&prver=0&pronetvd=null&region=4&sub_region=4",
  "prver" : "0",
  "isUik" : true,
  "selected" : false,
  "load_on_demand" : false
}, {
  "id" : 4034008254276,
  "text" : "УИК №252",
  "href" : "region/izbirkom?action=show&root=32000018&tvd=4034008254276&vrn=100100225883172&prver=0&pronetvd=null&region=4&sub_region=4",
  "prver" : "0",
  "isUik" : true,
  "selected" : false,
  "load_on_demand" : false
}, {
  "id" : 4034008254277,
  "text" : "УИК №253",
  "href" : "region/izbirkom?action=show&root=32000018&tvd=4034008254277&vrn=100100225883172&prver=0&pronetvd=null&region=4&sub_region=4",
  "prver" : "0",
  "isUik" : true,
  "selected" : false,
  "load_on_demand" : false
}, {
  "id" : 4034008254278,
  "text" : "УИК №254",
  "href" : "region/izbirkom?action=show&root=32000018&tvd=4034008254278&vrn=100100225883172&prver=0&pronetvd=null&region=4&sub_region=4",
  "prver" : "0",
  "isUik" : true,
  "selected" : false,
  "load_on_demand" : false
}, {
  "id" : 4034008254279,
  "text" : "УИК №255",
  "href" : "region/izbirkom?action=show&root=32000018&tvd=4034008254279&vrn=100100225883172&prver=0&pronetvd=null&region=4&sub_region=4",
  "prver" : "0",
  "isUik" : true,
  "selected" : false,
  "load_on_demand" : false
}, {
  "id" : 4034008254280,
  "text" : "УИК №256",
  "href" : "region/izbirkom?action=show&root=32000018&tvd=4034008254280&vrn=100100225883172&prver=0&pronetvd=null&region=4&sub_region=4",
  "prver" : "0",
  "isUik" : true,
  "selected" : false,
  "load_on_demand" : false
}, {
  "id" : 4034008254281,
  "text" : "УИК №257",
  "href" : "region/izbirkom?action=show&root=32000018&tvd=4034008254281&vrn=100100225883172&prver=0&pronetvd=null&region=4&sub_region=4",
  "prver" : "0",
  "isUik" : true,
  "selected" : false,
  "load_on_demand" : false
}, {
  "id" : 4034008254282,
  "text" : "УИК №258",
  "href" : "region/izbirkom?action=show&root=32000018&tvd=4034008254282&vrn=100100225883172&prver=0&pronetvd=null&region=4&sub_region=4",
  "prver" : "0",
  "isUik" : true,
  "selected" : false,
  "load_on_demand" : false
}, {
  "id" : 4034008254283,
  "text" : "УИК №259",
  "href" : "region/izbirkom?action=show&root=32000018&tvd=4034008254283&vrn=100100225883172&prver=0&pronetvd=null&region=4&sub_region=4",
  "prver" : "0",
  "isUik" : true,
  "selected" : false,
  "load_on_demand" : false
}, {
  "id" : 4034008254284,
  "text" : "УИК №260",
  "href" : "region/izbirkom?action=show&root=32000018&tvd=4034008254284&vrn=100100225883172&prver=0&pronetvd=null&region=4&sub_region=4",
  "prver" : "0",
  "isUik" : true,
  "selected" : false,
  "load_on_demand" : false
}, {
  "id" : 4034008254285,
  "text" : "УИК №261",
  "href" : "region/izbirkom?action=show&root=32000018&tvd=4034008254285&vrn=100100225883172&prver=0&pronetvd=null&region=4&sub_region=4",
  "prver" : "0",
  "isUik" : true,
  "selected" : false,
  "load_on_demand" : false
}, {
  "id" : 4034008254286,
  "text" : "УИК №262",
  "href" : "region/izbirkom?action=show&root=32000018&tvd=4034008254286&vrn=100100225883172&prver=0&pronetvd=null&region=4&sub_region=4",
  "prver" : "0",
  "isUik" : true,
  "selected" : false,
  "load_on_demand" : false
}, {
  "id" : 4034008254287,
  "text" : "УИК №263",
  "href" : "region/izbirkom?action=show&root=32000018&tvd=4034008254287&vrn=100100225883172&prver=0&pronetvd=null&region=4&sub_region=4",
  "prver" : "0",
  "isUik" : true,
  "selected" : false,
  "load_on_demand" : false
}, {
  "id" : 4034008254288,
  "text" : "УИК №264",
  "href" : "region/izbirkom?action=show&root=32000018&tvd=4034008254288&vrn=100100225883172&prver=0&pronetvd=null&region=4&sub_region=4",
  "prver" : "0",
  "isUik" : true,
  "selected" : false,
  "load_on_demand" : false
}, {
  "id" : 4034008254289,
  "text" : "УИК №265",
  "href" : "region/izbirkom?action=show&root=32000018&tvd=4034008254289&vrn=100100225883172&prver=0&pronetvd=null&region=4&sub_region=4",
  "prver" : "0",
  "isUik" : true,
  "selected" : false,
  "load_on_demand" : false
}, {
  "id" : 4034008254290,
  "text" : "УИК №266",
  "href" : "region/izbirkom?action=show&root=32000018&tvd=4034008254290&vrn=100100225883172&prver=0&pronetvd=null&region=4&sub_region=4",
  "prver" : "0",
  "isUik" : true,
  "selected" : false,
  "load_on_demand" : false
}, {
  "id" : 4034008254291,
  "text" : "УИК №267",
  "href" : "region/izbirkom?action=show&root=32000018&tvd=4034008254291&vrn=100100225883172&prver=0&pronetvd=null&region=4&sub_region=4",
  "prver" : "0",
  "isUik" : true,
  "selected" : false,
  "load_on_demand" : false
}, {
  "id" : 4034008254292,
  "text" : "УИК №268",
  "href" : "region/izbirkom?action=show&root=32000018&tvd=4034008254292&vrn=100100225883172&prver=0&pronetvd=null&region=4&sub_region=4",
  "prver" : "0",
  "isUik" : true,
  "selected" : false,
  "load_on_demand" : false
}, {
  "id" : 4034008254293,
  "text" : "УИК №269",
  "href" : "region/izbirkom?action=show&root=32000018&tvd=4034008254293&vrn=100100225883172&prver=0&pronetvd=null&region=4&sub_region=4",
  "prver" : "0",
  "isUik" : true,
  "selected" : false,
  "load_on_demand" : false
} ]