[ {
  "id" : 4034018165238,
  "text" : "УИК №574",
  "href" : "region/izbirkom?action=show&root=32000008&tvd=4034018165238&vrn=100100225883172&prver=0&pronetvd=null&region=4&sub_region=4",
  "prver" : "0",
  "isUik" : true,
  "selected" : false,
  "load_on_demand" : false
}, {
  "id" : 4034018165239,
  "text" : "УИК №575",
  "href" : "region/izbirkom?action=show&root=32000008&tvd=4034018165239&vrn=100100225883172&prver=0&pronetvd=null&region=4&sub_region=4",
  "prver" : "0",
  "isUik" : true,
  "selected" : false,
  "load_on_demand" : false
}, {
  "id" : 4034018165240,
  "text" : "УИК №576",
  "href" : "region/izbirkom?action=show&root=32000008&tvd=4034018165240&vrn=100100225883172&prver=0&pronetvd=null&region=4&sub_region=4",
  "prver" : "0",
  "isUik" : true,
  "selected" : false,
  "load_on_demand" : false
}, {
  "id" : 4034018165241,
  "text" : "УИК №577",
  "href" : "region/izbirkom?action=show&root=32000008&tvd=4034018165241&vrn=100100225883172&prver=0&pronetvd=null&region=4&sub_region=4",
  "prver" : "0",
  "isUik" : true,
  "selected" : false,
  "load_on_demand" : false
}, {
  "id" : 4034018165242,
  "text" : "УИК №578",
  "href" : "region/izbirkom?action=show&root=32000008&tvd=4034018165242&vrn=100100225883172&prver=0&pronetvd=null&region=4&sub_region=4",
  "prver" : "0",
  "isUik" : true,
  "selected" : false,
  "load_on_demand" : false
}, {
  "id" : 4034018165243,
  "text" : "УИК №579",
  "href" : "region/izbirkom?action=show&root=32000008&tvd=4034018165243&vrn=100100225883172&prver=0&pronetvd=null&region=4&sub_region=4",
  "prver" : "0",
  "isUik" : true,
  "selected" : false,
  "load_on_demand" : false
}, {
  "id" : 4034018165244,
  "text" : "УИК №580",
  "href" : "region/izbirkom?action=show&root=32000008&tvd=4034018165244&vrn=100100225883172&prver=0&pronetvd=null&region=4&sub_region=4",
  "prver" : "0",
  "isUik" : true,
  "selected" : false,
  "load_on_demand" : false
}, {
  "id" : 4034018165245,
  "text" : "УИК №581",
  "href" : "region/izbirkom?action=show&root=32000008&tvd=4034018165245&vrn=100100225883172&prver=0&pronetvd=null&region=4&sub_region=4",
  "prver" : "0",
  "isUik" : true,
  "selected" : false,
  "load_on_demand" : false
}, {
  "id" : 4034018165246,
  "text" : "УИК №582",
  "href" : "region/izbirkom?action=show&root=32000008&tvd=4034018165246&vrn=100100225883172&prver=0&pronetvd=null&region=4&sub_region=4",
  "prver" : "0",
  "isUik" : true,
  "selected" : false,
  "load_on_demand" : false
}, {
  "id" : 4034018165247,
  "text" : "УИК №583",
  "href" : "region/izbirkom?action=show&root=32000008&tvd=4034018165247&vrn=100100225883172&prver=0&pronetvd=null&region=4&sub_region=4",
  "prver" : "0",
  "isUik" : true,
  "selected" : false,
  "load_on_demand" : false
}, {
  "id" : 4034018165248,
  "text" : "УИК №584",
  "href" : "region/izbirkom?action=show&root=32000008&tvd=4034018165248&vrn=100100225883172&prver=0&pronetvd=null&region=4&sub_region=4",
  "prver" : "0",
  "isUik" : true,
  "selected" : false,
  "load_on_demand" : false
} ]