[ {
  "id" : 4034025205098,
  "text" : "УИК №871",
  "href" : "region/izbirkom?action=show&root=32000001&tvd=4034025205098&vrn=100100225883172&prver=0&pronetvd=null&region=4&sub_region=4",
  "prver" : "0",
  "isUik" : true,
  "selected" : false,
  "load_on_demand" : false
}, {
  "id" : 4034025205099,
  "text" : "УИК №872",
  "href" : "region/izbirkom?action=show&root=32000001&tvd=4034025205099&vrn=100100225883172&prver=0&pronetvd=null&region=4&sub_region=4",
  "prver" : "0",
  "isUik" : true,
  "selected" : false,
  "load_on_demand" : false
}, {
  "id" : 4034025205100,
  "text" : "УИК №873",
  "href" : "region/izbirkom?action=show&root=32000001&tvd=4034025205100&vrn=100100225883172&prver=0&pronetvd=null&region=4&sub_region=4",
  "prver" : "0",
  "isUik" : true,
  "selected" : false,
  "load_on_demand" : false
}, {
  "id" : 4034025205101,
  "text" : "УИК №874",
  "href" : "region/izbirkom?action=show&root=32000001&tvd=4034025205101&vrn=100100225883172&prver=0&pronetvd=null&region=4&sub_region=4",
  "prver" : "0",
  "isUik" : true,
  "selected" : false,
  "load_on_demand" : false
}, {
  "id" : 4034025205102,
  "text" : "УИК №875",
  "href" : "region/izbirkom?action=show&root=32000001&tvd=4034025205102&vrn=100100225883172&prver=0&pronetvd=null&region=4&sub_region=4",
  "prver" : "0",
  "isUik" : true,
  "selected" : false,
  "load_on_demand" : false
}, {
  "id" : 4034025205103,
  "text" : "УИК №876",
  "href" : "region/izbirkom?action=show&root=32000001&tvd=4034025205103&vrn=100100225883172&prver=0&pronetvd=null&region=4&sub_region=4",
  "prver" : "0",
  "isUik" : true,
  "selected" : false,
  "load_on_demand" : false
}, {
  "id" : 4034025205104,
  "text" : "УИК №877",
  "href" : "region/izbirkom?action=show&root=32000001&tvd=4034025205104&vrn=100100225883172&prver=0&pronetvd=null&region=4&sub_region=4",
  "prver" : "0",
  "isUik" : true,
  "selected" : false,
  "load_on_demand" : false
}, {
  "id" : 4034025205105,
  "text" : "УИК №878",
  "href" : "region/izbirkom?action=show&root=32000001&tvd=4034025205105&vrn=100100225883172&prver=0&pronetvd=null&region=4&sub_region=4",
  "prver" : "0",
  "isUik" : true,
  "selected" : false,
  "load_on_demand" : false
}, {
  "id" : 4034025205106,
  "text" : "УИК №879",
  "href" : "region/izbirkom?action=show&root=32000001&tvd=4034025205106&vrn=100100225883172&prver=0&pronetvd=null&region=4&sub_region=4",
  "prver" : "0",
  "isUik" : true,
  "selected" : false,
  "load_on_demand" : false
}, {
  "id" : 4034025205107,
  "text" : "УИК №880",
  "href" : "region/izbirkom?action=show&root=32000001&tvd=4034025205107&vrn=100100225883172&prver=0&pronetvd=null&region=4&sub_region=4",
  "prver" : "0",
  "isUik" : true,
  "selected" : false,
  "load_on_demand" : false
}, {
  "id" : 4034025205108,
  "text" : "УИК №881",
  "href" : "region/izbirkom?action=show&root=32000001&tvd=4034025205108&vrn=100100225883172&prver=0&pronetvd=null&region=4&sub_region=4",
  "prver" : "0",
  "isUik" : true,
  "selected" : false,
  "load_on_demand" : false
}, {
  "id" : 4034025205109,
  "text" : "УИК №882",
  "href" : "region/izbirkom?action=show&root=32000001&tvd=4034025205109&vrn=100100225883172&prver=0&pronetvd=null&region=4&sub_region=4",
  "prver" : "0",
  "isUik" : true,
  "selected" : false,
  "load_on_demand" : false
}, {
  "id" : 4034025205110,
  "text" : "УИК №883",
  "href" : "region/izbirkom?action=show&root=32000001&tvd=4034025205110&vrn=100100225883172&prver=0&pronetvd=null&region=4&sub_region=4",
  "prver" : "0",
  "isUik" : true,
  "selected" : false,
  "load_on_demand" : false
}, {
  "id" : 4034025205111,
  "text" : "УИК №884",
  "href" : "region/izbirkom?action=show&root=32000001&tvd=4034025205111&vrn=100100225883172&prver=0&pronetvd=null&region=4&sub_region=4",
  "prver" : "0",
  "isUik" : true,
  "selected" : false,
  "load_on_demand" : false
}, {
  "id" : 4034025205112,
  "text" : "УИК №885",
  "href" : "region/izbirkom?action=show&root=32000001&tvd=4034025205112&vrn=100100225883172&prver=0&pronetvd=null&region=4&sub_region=4",
  "prver" : "0",
  "isUik" : true,
  "selected" : false,
  "load_on_demand" : false
}, {
  "id" : 4034025205113,
  "text" : "УИК №886",
  "href" : "region/izbirkom?action=show&root=32000001&tvd=4034025205113&vrn=100100225883172&prver=0&pronetvd=null&region=4&sub_region=4",
  "prver" : "0",
  "isUik" : true,
  "selected" : false,
  "load_on_demand" : false
}, {
  "id" : 4034025205114,
  "text" : "УИК №887",
  "href" : "region/izbirkom?action=show&root=32000001&tvd=4034025205114&vrn=100100225883172&prver=0&pronetvd=null&region=4&sub_region=4",
  "prver" : "0",
  "isUik" : true,
  "selected" : false,
  "load_on_demand" : false
}, {
  "id" : 4034025205115,
  "text" : "УИК №888",
  "href" : "region/izbirkom?action=show&root=32000001&tvd=4034025205115&vrn=100100225883172&prver=0&pronetvd=null&region=4&sub_region=4",
  "prver" : "0",
  "isUik" : true,
  "selected" : false,
  "load_on_demand" : false
}, {
  "id" : 4034025205116,
  "text" : "УИК №889",
  "href" : "region/izbirkom?action=show&root=32000001&tvd=4034025205116&vrn=100100225883172&prver=0&pronetvd=null&region=4&sub_region=4",
  "prver" : "0",
  "isUik" : true,
  "selected" : false,
  "load_on_demand" : false
}, {
  "id" : 4034025205117,
  "text" : "УИК №890",
  "href" : "region/izbirkom?action=show&root=32000001&tvd=4034025205117&vrn=100100225883172&prver=0&pronetvd=null&region=4&sub_region=4",
  "prver" : "0",
  "isUik" : true,
  "selected" : false,
  "load_on_demand" : false
}, {
  "id" : 4034025205118,
  "text" : "УИК №891",
  "href" : "region/izbirkom?action=show&root=32000001&tvd=4034025205118&vrn=100100225883172&prver=0&pronetvd=null&region=4&sub_region=4",
  "prver" : "0",
  "isUik" : true,
  "selected" : false,
  "load_on_demand" : false
}, {
  "id" : 4034025205119,
  "text" : "УИК №892",
  "href" : "region/izbirkom?action=show&root=32000001&tvd=4034025205119&vrn=100100225883172&prver=0&pronetvd=null&region=4&sub_region=4",
  "prver" : "0",
  "isUik" : true,
  "selected" : false,
  "load_on_demand" : false
}, {
  "id" : 4034025205120,
  "text" : "УИК №893",
  "href" : "region/izbirkom?action=show&root=32000001&tvd=4034025205120&vrn=100100225883172&prver=0&pronetvd=null&region=4&sub_region=4",
  "prver" : "0",
  "isUik" : true,
  "selected" : false,
  "load_on_demand" : false
}, {
  "id" : 4034025205121,
  "text" : "УИК №894",
  "href" : "region/izbirkom?action=show&root=32000001&tvd=4034025205121&vrn=100100225883172&prver=0&pronetvd=null&region=4&sub_region=4",
  "prver" : "0",
  "isUik" : true,
  "selected" : false,
  "load_on_demand" : false
}, {
  "id" : 4034025205122,
  "text" : "УИК №895",
  "href" : "region/izbirkom?action=show&root=32000001&tvd=4034025205122&vrn=100100225883172&prver=0&pronetvd=null&region=4&sub_region=4",
  "prver" : "0",
  "isUik" : true,
  "selected" : false,
  "load_on_demand" : false
}, {
  "id" : 4034025205123,
  "text" : "УИК №896",
  "href" : "region/izbirkom?action=show&root=32000001&tvd=4034025205123&vrn=100100225883172&prver=0&pronetvd=null&region=4&sub_region=4",
  "prver" : "0",
  "isUik" : true,
  "selected" : false,
  "load_on_demand" : false
}, {
  "id" : 4034025205124,
  "text" : "УИК №897",
  "href" : "region/izbirkom?action=show&root=32000001&tvd=4034025205124&vrn=100100225883172&prver=0&pronetvd=null&region=4&sub_region=4",
  "prver" : "0",
  "isUik" : true,
  "selected" : false,
  "load_on_demand" : false
}, {
  "id" : 4034025205125,
  "text" : "УИК №898",
  "href" : "region/izbirkom?action=show&root=32000001&tvd=4034025205125&vrn=100100225883172&prver=0&pronetvd=null&region=4&sub_region=4",
  "prver" : "0",
  "isUik" : true,
  "selected" : false,
  "load_on_demand" : false
}, {
  "id" : 4034025205126,
  "text" : "УИК №899",
  "href" : "region/izbirkom?action=show&root=32000001&tvd=4034025205126&vrn=100100225883172&prver=0&pronetvd=null&region=4&sub_region=4",
  "prver" : "0",
  "isUik" : true,
  "selected" : false,
  "load_on_demand" : false
}, {
  "id" : 4034025211220,
  "text" : "УИК №900",
  "href" : "region/izbirkom?action=show&root=32000001&tvd=4034025211220&vrn=100100225883172&prver=0&pronetvd=null&region=4&sub_region=4",
  "prver" : "0",
  "isUik" : true,
  "selected" : false,
  "load_on_demand" : false
} ]