[ {
  "id" : 4044006209111,
  "text" : "УИК №114",
  "href" : "region/izbirkom?action=show&root=42000008&tvd=4044006209111&vrn=100100225883172&prver=0&pronetvd=null&region=2&sub_region=2",
  "prver" : "0",
  "isUik" : true,
  "selected" : false,
  "load_on_demand" : false
}, {
  "id" : 4044006209112,
  "text" : "УИК №115",
  "href" : "region/izbirkom?action=show&root=42000008&tvd=4044006209112&vrn=100100225883172&prver=0&pronetvd=null&region=2&sub_region=2",
  "prver" : "0",
  "isUik" : true,
  "selected" : false,
  "load_on_demand" : false
}, {
  "id" : 4044006209113,
  "text" : "УИК №116",
  "href" : "region/izbirkom?action=show&root=42000008&tvd=4044006209113&vrn=100100225883172&prver=0&pronetvd=null&region=2&sub_region=2",
  "prver" : "0",
  "isUik" : true,
  "selected" : false,
  "load_on_demand" : false
}, {
  "id" : 4044006209114,
  "text" : "УИК №117",
  "href" : "region/izbirkom?action=show&root=42000008&tvd=4044006209114&vrn=100100225883172&prver=0&pronetvd=null&region=2&sub_region=2",
  "prver" : "0",
  "isUik" : true,
  "selected" : false,
  "load_on_demand" : false
}, {
  "id" : 4044006209115,
  "text" : "УИК №118",
  "href" : "region/izbirkom?action=show&root=42000008&tvd=4044006209115&vrn=100100225883172&prver=0&pronetvd=null&region=2&sub_region=2",
  "prver" : "0",
  "isUik" : true,
  "selected" : false,
  "load_on_demand" : false
}, {
  "id" : 4044006209116,
  "text" : "УИК №119",
  "href" : "region/izbirkom?action=show&root=42000008&tvd=4044006209116&vrn=100100225883172&prver=0&pronetvd=null&region=2&sub_region=2",
  "prver" : "0",
  "isUik" : true,
  "selected" : false,
  "load_on_demand" : false
}, {
  "id" : 4044006209117,
  "text" : "УИК №120",
  "href" : "region/izbirkom?action=show&root=42000008&tvd=4044006209117&vrn=100100225883172&prver=0&pronetvd=null&region=2&sub_region=2",
  "prver" : "0",
  "isUik" : true,
  "selected" : false,
  "load_on_demand" : false
}, {
  "id" : 4044006209118,
  "text" : "УИК №121",
  "href" : "region/izbirkom?action=show&root=42000008&tvd=4044006209118&vrn=100100225883172&prver=0&pronetvd=null&region=2&sub_region=2",
  "prver" : "0",
  "isUik" : true,
  "selected" : false,
  "load_on_demand" : false
}, {
  "id" : 4044006209119,
  "text" : "УИК №122",
  "href" : "region/izbirkom?action=show&root=42000008&tvd=4044006209119&vrn=100100225883172&prver=0&pronetvd=null&region=2&sub_region=2",
  "prver" : "0",
  "isUik" : true,
  "selected" : false,
  "load_on_demand" : false
}, {
  "id" : 4044006209120,
  "text" : "УИК №123",
  "href" : "region/izbirkom?action=show&root=42000008&tvd=4044006209120&vrn=100100225883172&prver=0&pronetvd=null&region=2&sub_region=2",
  "prver" : "0",
  "isUik" : true,
  "selected" : false,
  "load_on_demand" : false
}, {
  "id" : 4044006209121,
  "text" : "УИК №124",
  "href" : "region/izbirkom?action=show&root=42000008&tvd=4044006209121&vrn=100100225883172&prver=0&pronetvd=null&region=2&sub_region=2",
  "prver" : "0",
  "isUik" : true,
  "selected" : false,
  "load_on_demand" : false
}, {
  "id" : 4044006209122,
  "text" : "УИК №125",
  "href" : "region/izbirkom?action=show&root=42000008&tvd=4044006209122&vrn=100100225883172&prver=0&pronetvd=null&region=2&sub_region=2",
  "prver" : "0",
  "isUik" : true,
  "selected" : false,
  "load_on_demand" : false
} ]