[ {
  "id" : 4044004223424,
  "text" : "УИК №70",
  "href" : "region/izbirkom?action=show&root=42000010&tvd=4044004223424&vrn=100100225883172&prver=0&pronetvd=null&region=2&sub_region=2",
  "prver" : "0",
  "isUik" : true,
  "selected" : false,
  "load_on_demand" : false
}, {
  "id" : 4044004223425,
  "text" : "УИК №71",
  "href" : "region/izbirkom?action=show&root=42000010&tvd=4044004223425&vrn=100100225883172&prver=0&pronetvd=null&region=2&sub_region=2",
  "prver" : "0",
  "isUik" : true,
  "selected" : false,
  "load_on_demand" : false
}, {
  "id" : 4044004223426,
  "text" : "УИК №72",
  "href" : "region/izbirkom?action=show&root=42000010&tvd=4044004223426&vrn=100100225883172&prver=0&pronetvd=null&region=2&sub_region=2",
  "prver" : "0",
  "isUik" : true,
  "selected" : false,
  "load_on_demand" : false
}, {
  "id" : 4044004223427,
  "text" : "УИК №73",
  "href" : "region/izbirkom?action=show&root=42000010&tvd=4044004223427&vrn=100100225883172&prver=0&pronetvd=null&region=2&sub_region=2",
  "prver" : "0",
  "isUik" : true,
  "selected" : false,
  "load_on_demand" : false
}, {
  "id" : 4044004223428,
  "text" : "УИК №74",
  "href" : "region/izbirkom?action=show&root=42000010&tvd=4044004223428&vrn=100100225883172&prver=0&pronetvd=null&region=2&sub_region=2",
  "prver" : "0",
  "isUik" : true,
  "selected" : false,
  "load_on_demand" : false
}, {
  "id" : 4044004223429,
  "text" : "УИК №75",
  "href" : "region/izbirkom?action=show&root=42000010&tvd=4044004223429&vrn=100100225883172&prver=0&pronetvd=null&region=2&sub_region=2",
  "prver" : "0",
  "isUik" : true,
  "selected" : false,
  "load_on_demand" : false
}, {
  "id" : 4044004223430,
  "text" : "УИК №76",
  "href" : "region/izbirkom?action=show&root=42000010&tvd=4044004223430&vrn=100100225883172&prver=0&pronetvd=null&region=2&sub_region=2",
  "prver" : "0",
  "isUik" : true,
  "selected" : false,
  "load_on_demand" : false
}, {
  "id" : 4044004223431,
  "text" : "УИК №77",
  "href" : "region/izbirkom?action=show&root=42000010&tvd=4044004223431&vrn=100100225883172&prver=0&pronetvd=null&region=2&sub_region=2",
  "prver" : "0",
  "isUik" : true,
  "selected" : false,
  "load_on_demand" : false
}, {
  "id" : 4044004223432,
  "text" : "УИК №78",
  "href" : "region/izbirkom?action=show&root=42000010&tvd=4044004223432&vrn=100100225883172&prver=0&pronetvd=null&region=2&sub_region=2",
  "prver" : "0",
  "isUik" : true,
  "selected" : false,
  "load_on_demand" : false
}, {
  "id" : 4044004223433,
  "text" : "УИК №79",
  "href" : "region/izbirkom?action=show&root=42000010&tvd=4044004223433&vrn=100100225883172&prver=0&pronetvd=null&region=2&sub_region=2",
  "prver" : "0",
  "isUik" : true,
  "selected" : false,
  "load_on_demand" : false
}, {
  "id" : 4044004223434,
  "text" : "УИК №80",
  "href" : "region/izbirkom?action=show&root=42000010&tvd=4044004223434&vrn=100100225883172&prver=0&pronetvd=null&region=2&sub_region=2",
  "prver" : "0",
  "isUik" : true,
  "selected" : false,
  "load_on_demand" : false
}, {
  "id" : 4044004223435,
  "text" : "УИК №81",
  "href" : "region/izbirkom?action=show&root=42000010&tvd=4044004223435&vrn=100100225883172&prver=0&pronetvd=null&region=2&sub_region=2",
  "prver" : "0",
  "isUik" : true,
  "selected" : false,
  "load_on_demand" : false
}, {
  "id" : 4044004223436,
  "text" : "УИК №82",
  "href" : "region/izbirkom?action=show&root=42000010&tvd=4044004223436&vrn=100100225883172&prver=0&pronetvd=null&region=2&sub_region=2",
  "prver" : "0",
  "isUik" : true,
  "selected" : false,
  "load_on_demand" : false
}, {
  "id" : 4044004223437,
  "text" : "УИК №83",
  "href" : "region/izbirkom?action=show&root=42000010&tvd=4044004223437&vrn=100100225883172&prver=0&pronetvd=null&region=2&sub_region=2",
  "prver" : "0",
  "isUik" : true,
  "selected" : false,
  "load_on_demand" : false
}, {
  "id" : 4044004223438,
  "text" : "УИК №84",
  "href" : "region/izbirkom?action=show&root=42000010&tvd=4044004223438&vrn=100100225883172&prver=0&pronetvd=null&region=2&sub_region=2",
  "prver" : "0",
  "isUik" : true,
  "selected" : false,
  "load_on_demand" : false
}, {
  "id" : 4044004223439,
  "text" : "УИК №85",
  "href" : "region/izbirkom?action=show&root=42000010&tvd=4044004223439&vrn=100100225883172&prver=0&pronetvd=null&region=2&sub_region=2",
  "prver" : "0",
  "isUik" : true,
  "selected" : false,
  "load_on_demand" : false
}, {
  "id" : 4044004223440,
  "text" : "УИК №86",
  "href" : "region/izbirkom?action=show&root=42000010&tvd=4044004223440&vrn=100100225883172&prver=0&pronetvd=null&region=2&sub_region=2",
  "prver" : "0",
  "isUik" : true,
  "selected" : false,
  "load_on_demand" : false
}, {
  "id" : 4044004223441,
  "text" : "УИК №87",
  "href" : "region/izbirkom?action=show&root=42000010&tvd=4044004223441&vrn=100100225883172&prver=0&pronetvd=null&region=2&sub_region=2",
  "prver" : "0",
  "isUik" : true,
  "selected" : false,
  "load_on_demand" : false
}, {
  "id" : 4044004223442,
  "text" : "УИК №88",
  "href" : "region/izbirkom?action=show&root=42000010&tvd=4044004223442&vrn=100100225883172&prver=0&pronetvd=null&region=2&sub_region=2",
  "prver" : "0",
  "isUik" : true,
  "selected" : false,
  "load_on_demand" : false
}, {
  "id" : 4044004223443,
  "text" : "УИК №89",
  "href" : "region/izbirkom?action=show&root=42000010&tvd=4044004223443&vrn=100100225883172&prver=0&pronetvd=null&region=2&sub_region=2",
  "prver" : "0",
  "isUik" : true,
  "selected" : false,
  "load_on_demand" : false
}, {
  "id" : 4044004223444,
  "text" : "УИК №90",
  "href" : "region/izbirkom?action=show&root=42000010&tvd=4044004223444&vrn=100100225883172&prver=0&pronetvd=null&region=2&sub_region=2",
  "prver" : "0",
  "isUik" : true,
  "selected" : false,
  "load_on_demand" : false
}, {
  "id" : 4044004223445,
  "text" : "УИК №91",
  "href" : "region/izbirkom?action=show&root=42000010&tvd=4044004223445&vrn=100100225883172&prver=0&pronetvd=null&region=2&sub_region=2",
  "prver" : "0",
  "isUik" : true,
  "selected" : false,
  "load_on_demand" : false
}, {
  "id" : 4044004223446,
  "text" : "УИК №92",
  "href" : "region/izbirkom?action=show&root=42000010&tvd=4044004223446&vrn=100100225883172&prver=0&pronetvd=null&region=2&sub_region=2",
  "prver" : "0",
  "isUik" : true,
  "selected" : false,
  "load_on_demand" : false
}, {
  "id" : 4044004223447,
  "text" : "УИК №93",
  "href" : "region/izbirkom?action=show&root=42000010&tvd=4044004223447&vrn=100100225883172&prver=0&pronetvd=null&region=2&sub_region=2",
  "prver" : "0",
  "isUik" : true,
  "selected" : false,
  "load_on_demand" : false
}, {
  "id" : 4044004223448,
  "text" : "УИК №94",
  "href" : "region/izbirkom?action=show&root=42000010&tvd=4044004223448&vrn=100100225883172&prver=0&pronetvd=null&region=2&sub_region=2",
  "prver" : "0",
  "isUik" : true,
  "selected" : false,
  "load_on_demand" : false
}, {
  "id" : 4044004223449,
  "text" : "УИК №95",
  "href" : "region/izbirkom?action=show&root=42000010&tvd=4044004223449&vrn=100100225883172&prver=0&pronetvd=null&region=2&sub_region=2",
  "prver" : "0",
  "isUik" : true,
  "selected" : false,
  "load_on_demand" : false
} ]