[ {
  "id" : 4044011221731,
  "text" : "УИК №215",
  "href" : "region/izbirkom?action=show&root=42000007&tvd=4044011221731&vrn=100100225883172&prver=0&pronetvd=null&region=2&sub_region=2",
  "prver" : "0",
  "isUik" : true,
  "selected" : false,
  "load_on_demand" : false
}, {
  "id" : 4044011221732,
  "text" : "УИК №216",
  "href" : "region/izbirkom?action=show&root=42000007&tvd=4044011221732&vrn=100100225883172&prver=0&pronetvd=null&region=2&sub_region=2",
  "prver" : "0",
  "isUik" : true,
  "selected" : false,
  "load_on_demand" : false
}, {
  "id" : 4044011221733,
  "text" : "УИК №217",
  "href" : "region/izbirkom?action=show&root=42000007&tvd=4044011221733&vrn=100100225883172&prver=0&pronetvd=null&region=2&sub_region=2",
  "prver" : "0",
  "isUik" : true,
  "selected" : false,
  "load_on_demand" : false
}, {
  "id" : 4044011221734,
  "text" : "УИК №218",
  "href" : "region/izbirkom?action=show&root=42000007&tvd=4044011221734&vrn=100100225883172&prver=0&pronetvd=null&region=2&sub_region=2",
  "prver" : "0",
  "isUik" : true,
  "selected" : false,
  "load_on_demand" : false
}, {
  "id" : 4044011221735,
  "text" : "УИК №219",
  "href" : "region/izbirkom?action=show&root=42000007&tvd=4044011221735&vrn=100100225883172&prver=0&pronetvd=null&region=2&sub_region=2",
  "prver" : "0",
  "isUik" : true,
  "selected" : false,
  "load_on_demand" : false
}, {
  "id" : 4044011221736,
  "text" : "УИК №220",
  "href" : "region/izbirkom?action=show&root=42000007&tvd=4044011221736&vrn=100100225883172&prver=0&pronetvd=null&region=2&sub_region=2",
  "prver" : "0",
  "isUik" : true,
  "selected" : false,
  "load_on_demand" : false
}, {
  "id" : 4044011221737,
  "text" : "УИК №221",
  "href" : "region/izbirkom?action=show&root=42000007&tvd=4044011221737&vrn=100100225883172&prver=0&pronetvd=null&region=2&sub_region=2",
  "prver" : "0",
  "isUik" : true,
  "selected" : false,
  "load_on_demand" : false
}, {
  "id" : 4044011221738,
  "text" : "УИК №222",
  "href" : "region/izbirkom?action=show&root=42000007&tvd=4044011221738&vrn=100100225883172&prver=0&pronetvd=null&region=2&sub_region=2",
  "prver" : "0",
  "isUik" : true,
  "selected" : false,
  "load_on_demand" : false
}, {
  "id" : 4044011221739,
  "text" : "УИК №223",
  "href" : "region/izbirkom?action=show&root=42000007&tvd=4044011221739&vrn=100100225883172&prver=0&pronetvd=null&region=2&sub_region=2",
  "prver" : "0",
  "isUik" : true,
  "selected" : false,
  "load_on_demand" : false
}, {
  "id" : 4044011221740,
  "text" : "УИК №224",
  "href" : "region/izbirkom?action=show&root=42000007&tvd=4044011221740&vrn=100100225883172&prver=0&pronetvd=null&region=2&sub_region=2",
  "prver" : "0",
  "isUik" : true,
  "selected" : false,
  "load_on_demand" : false
}, {
  "id" : 4044011221741,
  "text" : "УИК №225",
  "href" : "region/izbirkom?action=show&root=42000007&tvd=4044011221741&vrn=100100225883172&prver=0&pronetvd=null&region=2&sub_region=2",
  "prver" : "0",
  "isUik" : true,
  "selected" : false,
  "load_on_demand" : false
}, {
  "id" : 4044011221742,
  "text" : "УИК №226",
  "href" : "region/izbirkom?action=show&root=42000007&tvd=4044011221742&vrn=100100225883172&prver=0&pronetvd=null&region=2&sub_region=2",
  "prver" : "0",
  "isUik" : true,
  "selected" : false,
  "load_on_demand" : false
}, {
  "id" : 4044011221743,
  "text" : "УИК №227",
  "href" : "region/izbirkom?action=show&root=42000007&tvd=4044011221743&vrn=100100225883172&prver=0&pronetvd=null&region=2&sub_region=2",
  "prver" : "0",
  "isUik" : true,
  "selected" : false,
  "load_on_demand" : false
}, {
  "id" : 4044011221744,
  "text" : "УИК №228",
  "href" : "region/izbirkom?action=show&root=42000007&tvd=4044011221744&vrn=100100225883172&prver=0&pronetvd=null&region=2&sub_region=2",
  "prver" : "0",
  "isUik" : true,
  "selected" : false,
  "load_on_demand" : false
}, {
  "id" : 4044011221745,
  "text" : "УИК №229",
  "href" : "region/izbirkom?action=show&root=42000007&tvd=4044011221745&vrn=100100225883172&prver=0&pronetvd=null&region=2&sub_region=2",
  "prver" : "0",
  "isUik" : true,
  "selected" : false,
  "load_on_demand" : false
}, {
  "id" : 4044011221746,
  "text" : "УИК №230",
  "href" : "region/izbirkom?action=show&root=42000007&tvd=4044011221746&vrn=100100225883172&prver=0&pronetvd=null&region=2&sub_region=2",
  "prver" : "0",
  "isUik" : true,
  "selected" : false,
  "load_on_demand" : false
}, {
  "id" : 4044011221747,
  "text" : "УИК №231",
  "href" : "region/izbirkom?action=show&root=42000007&tvd=4044011221747&vrn=100100225883172&prver=0&pronetvd=null&region=2&sub_region=2",
  "prver" : "0",
  "isUik" : true,
  "selected" : false,
  "load_on_demand" : false
}, {
  "id" : 4044011221748,
  "text" : "УИК №232",
  "href" : "region/izbirkom?action=show&root=42000007&tvd=4044011221748&vrn=100100225883172&prver=0&pronetvd=null&region=2&sub_region=2",
  "prver" : "0",
  "isUik" : true,
  "selected" : false,
  "load_on_demand" : false
}, {
  "id" : 4044011221749,
  "text" : "УИК №233",
  "href" : "region/izbirkom?action=show&root=42000007&tvd=4044011221749&vrn=100100225883172&prver=0&pronetvd=null&region=2&sub_region=2",
  "prver" : "0",
  "isUik" : true,
  "selected" : false,
  "load_on_demand" : false
}, {
  "id" : 4044011221750,
  "text" : "УИК №234",
  "href" : "region/izbirkom?action=show&root=42000007&tvd=4044011221750&vrn=100100225883172&prver=0&pronetvd=null&region=2&sub_region=2",
  "prver" : "0",
  "isUik" : true,
  "selected" : false,
  "load_on_demand" : false
}, {
  "id" : 4044011221751,
  "text" : "УИК №235",
  "href" : "region/izbirkom?action=show&root=42000007&tvd=4044011221751&vrn=100100225883172&prver=0&pronetvd=null&region=2&sub_region=2",
  "prver" : "0",
  "isUik" : true,
  "selected" : false,
  "load_on_demand" : false
} ]