[ {
  "id" : 4054022142997,
  "text" : "УИК №799",
  "href" : "region/izbirkom?action=show&root=52000002&tvd=4054022142997&vrn=100100225883172&prver=0&pronetvd=null&region=5&sub_region=5",
  "prver" : "0",
  "isUik" : true,
  "selected" : false,
  "load_on_demand" : false
}, {
  "id" : 4054022142998,
  "text" : "УИК №800",
  "href" : "region/izbirkom?action=show&root=52000002&tvd=4054022142998&vrn=100100225883172&prver=0&pronetvd=null&region=5&sub_region=5",
  "prver" : "0",
  "isUik" : true,
  "selected" : false,
  "load_on_demand" : false
}, {
  "id" : 4054022142999,
  "text" : "УИК №801",
  "href" : "region/izbirkom?action=show&root=52000002&tvd=4054022142999&vrn=100100225883172&prver=0&pronetvd=null&region=5&sub_region=5",
  "prver" : "0",
  "isUik" : true,
  "selected" : false,
  "load_on_demand" : false
}, {
  "id" : 4054022143000,
  "text" : "УИК №802",
  "href" : "region/izbirkom?action=show&root=52000002&tvd=4054022143000&vrn=100100225883172&prver=0&pronetvd=null&region=5&sub_region=5",
  "prver" : "0",
  "isUik" : true,
  "selected" : false,
  "load_on_demand" : false
}, {
  "id" : 4054022143001,
  "text" : "УИК №803",
  "href" : "region/izbirkom?action=show&root=52000002&tvd=4054022143001&vrn=100100225883172&prver=0&pronetvd=null&region=5&sub_region=5",
  "prver" : "0",
  "isUik" : true,
  "selected" : false,
  "load_on_demand" : false
}, {
  "id" : 4054022143002,
  "text" : "УИК №804",
  "href" : "region/izbirkom?action=show&root=52000002&tvd=4054022143002&vrn=100100225883172&prver=0&pronetvd=null&region=5&sub_region=5",
  "prver" : "0",
  "isUik" : true,
  "selected" : false,
  "load_on_demand" : false
}, {
  "id" : 4054022143003,
  "text" : "УИК №805",
  "href" : "region/izbirkom?action=show&root=52000002&tvd=4054022143003&vrn=100100225883172&prver=0&pronetvd=null&region=5&sub_region=5",
  "prver" : "0",
  "isUik" : true,
  "selected" : false,
  "load_on_demand" : false
}, {
  "id" : 4054022143004,
  "text" : "УИК №806",
  "href" : "region/izbirkom?action=show&root=52000002&tvd=4054022143004&vrn=100100225883172&prver=0&pronetvd=null&region=5&sub_region=5",
  "prver" : "0",
  "isUik" : true,
  "selected" : false,
  "load_on_demand" : false
}, {
  "id" : 4054022143005,
  "text" : "УИК №807",
  "href" : "region/izbirkom?action=show&root=52000002&tvd=4054022143005&vrn=100100225883172&prver=0&pronetvd=null&region=5&sub_region=5",
  "prver" : "0",
  "isUik" : true,
  "selected" : false,
  "load_on_demand" : false
}, {
  "id" : 4054022143006,
  "text" : "УИК №808",
  "href" : "region/izbirkom?action=show&root=52000002&tvd=4054022143006&vrn=100100225883172&prver=0&pronetvd=null&region=5&sub_region=5",
  "prver" : "0",
  "isUik" : true,
  "selected" : false,
  "load_on_demand" : false
}, {
  "id" : 4054022143007,
  "text" : "УИК №809",
  "href" : "region/izbirkom?action=show&root=52000002&tvd=4054022143007&vrn=100100225883172&prver=0&pronetvd=null&region=5&sub_region=5",
  "prver" : "0",
  "isUik" : true,
  "selected" : false,
  "load_on_demand" : false
}, {
  "id" : 4054022143008,
  "text" : "УИК №810",
  "href" : "region/izbirkom?action=show&root=52000002&tvd=4054022143008&vrn=100100225883172&prver=0&pronetvd=null&region=5&sub_region=5",
  "prver" : "0",
  "isUik" : true,
  "selected" : false,
  "load_on_demand" : false
}, {
  "id" : 4054022143009,
  "text" : "УИК №811",
  "href" : "region/izbirkom?action=show&root=52000002&tvd=4054022143009&vrn=100100225883172&prver=0&pronetvd=null&region=5&sub_region=5",
  "prver" : "0",
  "isUik" : true,
  "selected" : false,
  "load_on_demand" : false
}, {
  "id" : 4054022143010,
  "text" : "УИК №812",
  "href" : "region/izbirkom?action=show&root=52000002&tvd=4054022143010&vrn=100100225883172&prver=0&pronetvd=null&region=5&sub_region=5",
  "prver" : "0",
  "isUik" : true,
  "selected" : false,
  "load_on_demand" : false
}, {
  "id" : 4054022143011,
  "text" : "УИК №813",
  "href" : "region/izbirkom?action=show&root=52000002&tvd=4054022143011&vrn=100100225883172&prver=0&pronetvd=null&region=5&sub_region=5",
  "prver" : "0",
  "isUik" : true,
  "selected" : false,
  "load_on_demand" : false
}, {
  "id" : 4054022143012,
  "text" : "УИК №814",
  "href" : "region/izbirkom?action=show&root=52000002&tvd=4054022143012&vrn=100100225883172&prver=0&pronetvd=null&region=5&sub_region=5",
  "prver" : "0",
  "isUik" : true,
  "selected" : false,
  "load_on_demand" : false
}, {
  "id" : 4054022143013,
  "text" : "УИК №815",
  "href" : "region/izbirkom?action=show&root=52000002&tvd=4054022143013&vrn=100100225883172&prver=0&pronetvd=null&region=5&sub_region=5",
  "prver" : "0",
  "isUik" : true,
  "selected" : false,
  "load_on_demand" : false
} ]