[ {
  "id" : 4054005197274,
  "text" : "УИК №137",
  "href" : "region/izbirkom?action=show&root=52000001&tvd=4054005197274&vrn=100100225883172&prver=0&pronetvd=null&region=5&sub_region=5",
  "prver" : "0",
  "isUik" : true,
  "selected" : false,
  "load_on_demand" : false
}, {
  "id" : 4054005197275,
  "text" : "УИК №138",
  "href" : "region/izbirkom?action=show&root=52000001&tvd=4054005197275&vrn=100100225883172&prver=0&pronetvd=null&region=5&sub_region=5",
  "prver" : "0",
  "isUik" : true,
  "selected" : false,
  "load_on_demand" : false
}, {
  "id" : 4054005197276,
  "text" : "УИК №139",
  "href" : "region/izbirkom?action=show&root=52000001&tvd=4054005197276&vrn=100100225883172&prver=0&pronetvd=null&region=5&sub_region=5",
  "prver" : "0",
  "isUik" : true,
  "selected" : false,
  "load_on_demand" : false
}, {
  "id" : 4054005197277,
  "text" : "УИК №140",
  "href" : "region/izbirkom?action=show&root=52000001&tvd=4054005197277&vrn=100100225883172&prver=0&pronetvd=null&region=5&sub_region=5",
  "prver" : "0",
  "isUik" : true,
  "selected" : false,
  "load_on_demand" : false
}, {
  "id" : 4054005197278,
  "text" : "УИК №141",
  "href" : "region/izbirkom?action=show&root=52000001&tvd=4054005197278&vrn=100100225883172&prver=0&pronetvd=null&region=5&sub_region=5",
  "prver" : "0",
  "isUik" : true,
  "selected" : false,
  "load_on_demand" : false
}, {
  "id" : 4054005197279,
  "text" : "УИК №142",
  "href" : "region/izbirkom?action=show&root=52000001&tvd=4054005197279&vrn=100100225883172&prver=0&pronetvd=null&region=5&sub_region=5",
  "prver" : "0",
  "isUik" : true,
  "selected" : false,
  "load_on_demand" : false
}, {
  "id" : 4054005197280,
  "text" : "УИК №143",
  "href" : "region/izbirkom?action=show&root=52000001&tvd=4054005197280&vrn=100100225883172&prver=0&pronetvd=null&region=5&sub_region=5",
  "prver" : "0",
  "isUik" : true,
  "selected" : false,
  "load_on_demand" : false
}, {
  "id" : 4054005197281,
  "text" : "УИК №144",
  "href" : "region/izbirkom?action=show&root=52000001&tvd=4054005197281&vrn=100100225883172&prver=0&pronetvd=null&region=5&sub_region=5",
  "prver" : "0",
  "isUik" : true,
  "selected" : false,
  "load_on_demand" : false
}, {
  "id" : 4054005197282,
  "text" : "УИК №145",
  "href" : "region/izbirkom?action=show&root=52000001&tvd=4054005197282&vrn=100100225883172&prver=0&pronetvd=null&region=5&sub_region=5",
  "prver" : "0",
  "isUik" : true,
  "selected" : false,
  "load_on_demand" : false
}, {
  "id" : 4054005197283,
  "text" : "УИК №146",
  "href" : "region/izbirkom?action=show&root=52000001&tvd=4054005197283&vrn=100100225883172&prver=0&pronetvd=null&region=5&sub_region=5",
  "prver" : "0",
  "isUik" : true,
  "selected" : false,
  "load_on_demand" : false
}, {
  "id" : 4054005197284,
  "text" : "УИК №147",
  "href" : "region/izbirkom?action=show&root=52000001&tvd=4054005197284&vrn=100100225883172&prver=0&pronetvd=null&region=5&sub_region=5",
  "prver" : "0",
  "isUik" : true,
  "selected" : false,
  "load_on_demand" : false
}, {
  "id" : 4054005197285,
  "text" : "УИК №148",
  "href" : "region/izbirkom?action=show&root=52000001&tvd=4054005197285&vrn=100100225883172&prver=0&pronetvd=null&region=5&sub_region=5",
  "prver" : "0",
  "isUik" : true,
  "selected" : false,
  "load_on_demand" : false
}, {
  "id" : 4054005197286,
  "text" : "УИК №149",
  "href" : "region/izbirkom?action=show&root=52000001&tvd=4054005197286&vrn=100100225883172&prver=0&pronetvd=null&region=5&sub_region=5",
  "prver" : "0",
  "isUik" : true,
  "selected" : false,
  "load_on_demand" : false
}, {
  "id" : 4054005197287,
  "text" : "УИК №150",
  "href" : "region/izbirkom?action=show&root=52000001&tvd=4054005197287&vrn=100100225883172&prver=0&pronetvd=null&region=5&sub_region=5",
  "prver" : "0",
  "isUik" : true,
  "selected" : false,
  "load_on_demand" : false
}, {
  "id" : 4054005197288,
  "text" : "УИК №151",
  "href" : "region/izbirkom?action=show&root=52000001&tvd=4054005197288&vrn=100100225883172&prver=0&pronetvd=null&region=5&sub_region=5",
  "prver" : "0",
  "isUik" : true,
  "selected" : false,
  "load_on_demand" : false
}, {
  "id" : 4054005197289,
  "text" : "УИК №152",
  "href" : "region/izbirkom?action=show&root=52000001&tvd=4054005197289&vrn=100100225883172&prver=0&pronetvd=null&region=5&sub_region=5",
  "prver" : "0",
  "isUik" : true,
  "selected" : false,
  "load_on_demand" : false
}, {
  "id" : 4054005197290,
  "text" : "УИК №153",
  "href" : "region/izbirkom?action=show&root=52000001&tvd=4054005197290&vrn=100100225883172&prver=0&pronetvd=null&region=5&sub_region=5",
  "prver" : "0",
  "isUik" : true,
  "selected" : false,
  "load_on_demand" : false
}, {
  "id" : 4054005197291,
  "text" : "УИК №154",
  "href" : "region/izbirkom?action=show&root=52000001&tvd=4054005197291&vrn=100100225883172&prver=0&pronetvd=null&region=5&sub_region=5",
  "prver" : "0",
  "isUik" : true,
  "selected" : false,
  "load_on_demand" : false
}, {
  "id" : 4054005197292,
  "text" : "УИК №155",
  "href" : "region/izbirkom?action=show&root=52000001&tvd=4054005197292&vrn=100100225883172&prver=0&pronetvd=null&region=5&sub_region=5",
  "prver" : "0",
  "isUik" : true,
  "selected" : false,
  "load_on_demand" : false
}, {
  "id" : 4054005197293,
  "text" : "УИК №156",
  "href" : "region/izbirkom?action=show&root=52000001&tvd=4054005197293&vrn=100100225883172&prver=0&pronetvd=null&region=5&sub_region=5",
  "prver" : "0",
  "isUik" : true,
  "selected" : false,
  "load_on_demand" : false
}, {
  "id" : 4054005197294,
  "text" : "УИК №157",
  "href" : "region/izbirkom?action=show&root=52000001&tvd=4054005197294&vrn=100100225883172&prver=0&pronetvd=null&region=5&sub_region=5",
  "prver" : "0",
  "isUik" : true,
  "selected" : false,
  "load_on_demand" : false
}, {
  "id" : 4054005197295,
  "text" : "УИК №158",
  "href" : "region/izbirkom?action=show&root=52000001&tvd=4054005197295&vrn=100100225883172&prver=0&pronetvd=null&region=5&sub_region=5",
  "prver" : "0",
  "isUik" : true,
  "selected" : false,
  "load_on_demand" : false
}, {
  "id" : 4054005197296,
  "text" : "УИК №159",
  "href" : "region/izbirkom?action=show&root=52000001&tvd=4054005197296&vrn=100100225883172&prver=0&pronetvd=null&region=5&sub_region=5",
  "prver" : "0",
  "isUik" : true,
  "selected" : false,
  "load_on_demand" : false
}, {
  "id" : 4054005197297,
  "text" : "УИК №160",
  "href" : "region/izbirkom?action=show&root=52000001&tvd=4054005197297&vrn=100100225883172&prver=0&pronetvd=null&region=5&sub_region=5",
  "prver" : "0",
  "isUik" : true,
  "selected" : false,
  "load_on_demand" : false
}, {
  "id" : 4054005197298,
  "text" : "УИК №161",
  "href" : "region/izbirkom?action=show&root=52000001&tvd=4054005197298&vrn=100100225883172&prver=0&pronetvd=null&region=5&sub_region=5",
  "prver" : "0",
  "isUik" : true,
  "selected" : false,
  "load_on_demand" : false
} ]