[ {
  "id" : 4054008187984,
  "text" : "УИК №273",
  "href" : "region/izbirkom?action=show&root=52000046&tvd=4054008187984&vrn=100100225883172&prver=0&pronetvd=null&region=5&sub_region=5",
  "prver" : "0",
  "isUik" : true,
  "selected" : false,
  "load_on_demand" : false
}, {
  "id" : 4054008187985,
  "text" : "УИК №274",
  "href" : "region/izbirkom?action=show&root=52000046&tvd=4054008187985&vrn=100100225883172&prver=0&pronetvd=null&region=5&sub_region=5",
  "prver" : "0",
  "isUik" : true,
  "selected" : false,
  "load_on_demand" : false
}, {
  "id" : 4054008187986,
  "text" : "УИК №275",
  "href" : "region/izbirkom?action=show&root=52000046&tvd=4054008187986&vrn=100100225883172&prver=0&pronetvd=null&region=5&sub_region=5",
  "prver" : "0",
  "isUik" : true,
  "selected" : false,
  "load_on_demand" : false
}, {
  "id" : 4054008187987,
  "text" : "УИК №276",
  "href" : "region/izbirkom?action=show&root=52000046&tvd=4054008187987&vrn=100100225883172&prver=0&pronetvd=null&region=5&sub_region=5",
  "prver" : "0",
  "isUik" : true,
  "selected" : false,
  "load_on_demand" : false
}, {
  "id" : 4054008187988,
  "text" : "УИК №277",
  "href" : "region/izbirkom?action=show&root=52000046&tvd=4054008187988&vrn=100100225883172&prver=0&pronetvd=null&region=5&sub_region=5",
  "prver" : "0",
  "isUik" : true,
  "selected" : false,
  "load_on_demand" : false
}, {
  "id" : 4054008187989,
  "text" : "УИК №278",
  "href" : "region/izbirkom?action=show&root=52000046&tvd=4054008187989&vrn=100100225883172&prver=0&pronetvd=null&region=5&sub_region=5",
  "prver" : "0",
  "isUik" : true,
  "selected" : false,
  "load_on_demand" : false
}, {
  "id" : 4054008187990,
  "text" : "УИК №279",
  "href" : "region/izbirkom?action=show&root=52000046&tvd=4054008187990&vrn=100100225883172&prver=0&pronetvd=null&region=5&sub_region=5",
  "prver" : "0",
  "isUik" : true,
  "selected" : false,
  "load_on_demand" : false
}, {
  "id" : 4054008187991,
  "text" : "УИК №280",
  "href" : "region/izbirkom?action=show&root=52000046&tvd=4054008187991&vrn=100100225883172&prver=0&pronetvd=null&region=5&sub_region=5",
  "prver" : "0",
  "isUik" : true,
  "selected" : false,
  "load_on_demand" : false
}, {
  "id" : 4054008187992,
  "text" : "УИК №281",
  "href" : "region/izbirkom?action=show&root=52000046&tvd=4054008187992&vrn=100100225883172&prver=0&pronetvd=null&region=5&sub_region=5",
  "prver" : "0",
  "isUik" : true,
  "selected" : false,
  "load_on_demand" : false
}, {
  "id" : 4054008187993,
  "text" : "УИК №282",
  "href" : "region/izbirkom?action=show&root=52000046&tvd=4054008187993&vrn=100100225883172&prver=0&pronetvd=null&region=5&sub_region=5",
  "prver" : "0",
  "isUik" : true,
  "selected" : false,
  "load_on_demand" : false
}, {
  "id" : 4054008187994,
  "text" : "УИК №283",
  "href" : "region/izbirkom?action=show&root=52000046&tvd=4054008187994&vrn=100100225883172&prver=0&pronetvd=null&region=5&sub_region=5",
  "prver" : "0",
  "isUik" : true,
  "selected" : false,
  "load_on_demand" : false
}, {
  "id" : 4054008187995,
  "text" : "УИК №284",
  "href" : "region/izbirkom?action=show&root=52000046&tvd=4054008187995&vrn=100100225883172&prver=0&pronetvd=null&region=5&sub_region=5",
  "prver" : "0",
  "isUik" : true,
  "selected" : false,
  "load_on_demand" : false
}, {
  "id" : 4054008187996,
  "text" : "УИК №285",
  "href" : "region/izbirkom?action=show&root=52000046&tvd=4054008187996&vrn=100100225883172&prver=0&pronetvd=null&region=5&sub_region=5",
  "prver" : "0",
  "isUik" : true,
  "selected" : false,
  "load_on_demand" : false
}, {
  "id" : 4054008187997,
  "text" : "УИК №286",
  "href" : "region/izbirkom?action=show&root=52000046&tvd=4054008187997&vrn=100100225883172&prver=0&pronetvd=null&region=5&sub_region=5",
  "prver" : "0",
  "isUik" : true,
  "selected" : false,
  "load_on_demand" : false
}, {
  "id" : 4054008187998,
  "text" : "УИК №287",
  "href" : "region/izbirkom?action=show&root=52000046&tvd=4054008187998&vrn=100100225883172&prver=0&pronetvd=null&region=5&sub_region=5",
  "prver" : "0",
  "isUik" : true,
  "selected" : false,
  "load_on_demand" : false
}, {
  "id" : 4054008187999,
  "text" : "УИК №288",
  "href" : "region/izbirkom?action=show&root=52000046&tvd=4054008187999&vrn=100100225883172&prver=0&pronetvd=null&region=5&sub_region=5",
  "prver" : "0",
  "isUik" : true,
  "selected" : false,
  "load_on_demand" : false
}, {
  "id" : 4054008188000,
  "text" : "УИК №289",
  "href" : "region/izbirkom?action=show&root=52000046&tvd=4054008188000&vrn=100100225883172&prver=0&pronetvd=null&region=5&sub_region=5",
  "prver" : "0",
  "isUik" : true,
  "selected" : false,
  "load_on_demand" : false
}, {
  "id" : 4054008188001,
  "text" : "УИК №290",
  "href" : "region/izbirkom?action=show&root=52000046&tvd=4054008188001&vrn=100100225883172&prver=0&pronetvd=null&region=5&sub_region=5",
  "prver" : "0",
  "isUik" : true,
  "selected" : false,
  "load_on_demand" : false
}, {
  "id" : 4054008188002,
  "text" : "УИК №291",
  "href" : "region/izbirkom?action=show&root=52000046&tvd=4054008188002&vrn=100100225883172&prver=0&pronetvd=null&region=5&sub_region=5",
  "prver" : "0",
  "isUik" : true,
  "selected" : false,
  "load_on_demand" : false
}, {
  "id" : 4054008188003,
  "text" : "УИК №292",
  "href" : "region/izbirkom?action=show&root=52000046&tvd=4054008188003&vrn=100100225883172&prver=0&pronetvd=null&region=5&sub_region=5",
  "prver" : "0",
  "isUik" : true,
  "selected" : false,
  "load_on_demand" : false
}, {
  "id" : 4054008188004,
  "text" : "УИК №293",
  "href" : "region/izbirkom?action=show&root=52000046&tvd=4054008188004&vrn=100100225883172&prver=0&pronetvd=null&region=5&sub_region=5",
  "prver" : "0",
  "isUik" : true,
  "selected" : false,
  "load_on_demand" : false
} ]