[ {
  "id" : 4054011145490,
  "text" : "УИК №370",
  "href" : "region/izbirkom?action=show&root=52000026&tvd=4054011145490&vrn=100100225883172&prver=0&pronetvd=null&region=5&sub_region=5",
  "prver" : "0",
  "isUik" : true,
  "selected" : false,
  "load_on_demand" : false
}, {
  "id" : 4054011145491,
  "text" : "УИК №371",
  "href" : "region/izbirkom?action=show&root=52000026&tvd=4054011145491&vrn=100100225883172&prver=0&pronetvd=null&region=5&sub_region=5",
  "prver" : "0",
  "isUik" : true,
  "selected" : false,
  "load_on_demand" : false
}, {
  "id" : 4054011145492,
  "text" : "УИК №372",
  "href" : "region/izbirkom?action=show&root=52000026&tvd=4054011145492&vrn=100100225883172&prver=0&pronetvd=null&region=5&sub_region=5",
  "prver" : "0",
  "isUik" : true,
  "selected" : false,
  "load_on_demand" : false
}, {
  "id" : 4054011145493,
  "text" : "УИК №373",
  "href" : "region/izbirkom?action=show&root=52000026&tvd=4054011145493&vrn=100100225883172&prver=0&pronetvd=null&region=5&sub_region=5",
  "prver" : "0",
  "isUik" : true,
  "selected" : false,
  "load_on_demand" : false
}, {
  "id" : 4054011145494,
  "text" : "УИК №374",
  "href" : "region/izbirkom?action=show&root=52000026&tvd=4054011145494&vrn=100100225883172&prver=0&pronetvd=null&region=5&sub_region=5",
  "prver" : "0",
  "isUik" : true,
  "selected" : false,
  "load_on_demand" : false
}, {
  "id" : 4054011145495,
  "text" : "УИК №375",
  "href" : "region/izbirkom?action=show&root=52000026&tvd=4054011145495&vrn=100100225883172&prver=0&pronetvd=null&region=5&sub_region=5",
  "prver" : "0",
  "isUik" : true,
  "selected" : false,
  "load_on_demand" : false
}, {
  "id" : 4054011145496,
  "text" : "УИК №376",
  "href" : "region/izbirkom?action=show&root=52000026&tvd=4054011145496&vrn=100100225883172&prver=0&pronetvd=null&region=5&sub_region=5",
  "prver" : "0",
  "isUik" : true,
  "selected" : false,
  "load_on_demand" : false
}, {
  "id" : 4054011145497,
  "text" : "УИК №377",
  "href" : "region/izbirkom?action=show&root=52000026&tvd=4054011145497&vrn=100100225883172&prver=0&pronetvd=null&region=5&sub_region=5",
  "prver" : "0",
  "isUik" : true,
  "selected" : false,
  "load_on_demand" : false
}, {
  "id" : 4054011145498,
  "text" : "УИК №378",
  "href" : "region/izbirkom?action=show&root=52000026&tvd=4054011145498&vrn=100100225883172&prver=0&pronetvd=null&region=5&sub_region=5",
  "prver" : "0",
  "isUik" : true,
  "selected" : false,
  "load_on_demand" : false
}, {
  "id" : 4054011145499,
  "text" : "УИК №379",
  "href" : "region/izbirkom?action=show&root=52000026&tvd=4054011145499&vrn=100100225883172&prver=0&pronetvd=null&region=5&sub_region=5",
  "prver" : "0",
  "isUik" : true,
  "selected" : false,
  "load_on_demand" : false
}, {
  "id" : 4054011145500,
  "text" : "УИК №380",
  "href" : "region/izbirkom?action=show&root=52000026&tvd=4054011145500&vrn=100100225883172&prver=0&pronetvd=null&region=5&sub_region=5",
  "prver" : "0",
  "isUik" : true,
  "selected" : false,
  "load_on_demand" : false
} ]