[ {
  "id" : 4054015137349,
  "text" : "УИК №525",
  "href" : "region/izbirkom?action=show&root=52000023&tvd=4054015137349&vrn=100100225883172&prver=0&pronetvd=null&region=5&sub_region=5",
  "prver" : "0",
  "isUik" : true,
  "selected" : false,
  "load_on_demand" : false
}, {
  "id" : 4054015137350,
  "text" : "УИК №526",
  "href" : "region/izbirkom?action=show&root=52000023&tvd=4054015137350&vrn=100100225883172&prver=0&pronetvd=null&region=5&sub_region=5",
  "prver" : "0",
  "isUik" : true,
  "selected" : false,
  "load_on_demand" : false
}, {
  "id" : 4054015137351,
  "text" : "УИК №527",
  "href" : "region/izbirkom?action=show&root=52000023&tvd=4054015137351&vrn=100100225883172&prver=0&pronetvd=null&region=5&sub_region=5",
  "prver" : "0",
  "isUik" : true,
  "selected" : false,
  "load_on_demand" : false
}, {
  "id" : 4054015137352,
  "text" : "УИК №528",
  "href" : "region/izbirkom?action=show&root=52000023&tvd=4054015137352&vrn=100100225883172&prver=0&pronetvd=null&region=5&sub_region=5",
  "prver" : "0",
  "isUik" : true,
  "selected" : false,
  "load_on_demand" : false
}, {
  "id" : 4054015137353,
  "text" : "УИК №529",
  "href" : "region/izbirkom?action=show&root=52000023&tvd=4054015137353&vrn=100100225883172&prver=0&pronetvd=null&region=5&sub_region=5",
  "prver" : "0",
  "isUik" : true,
  "selected" : false,
  "load_on_demand" : false
}, {
  "id" : 4054015137354,
  "text" : "УИК №530",
  "href" : "region/izbirkom?action=show&root=52000023&tvd=4054015137354&vrn=100100225883172&prver=0&pronetvd=null&region=5&sub_region=5",
  "prver" : "0",
  "isUik" : true,
  "selected" : false,
  "load_on_demand" : false
}, {
  "id" : 4054015137355,
  "text" : "УИК №531",
  "href" : "region/izbirkom?action=show&root=52000023&tvd=4054015137355&vrn=100100225883172&prver=0&pronetvd=null&region=5&sub_region=5",
  "prver" : "0",
  "isUik" : true,
  "selected" : false,
  "load_on_demand" : false
}, {
  "id" : 4054015137356,
  "text" : "УИК №532",
  "href" : "region/izbirkom?action=show&root=52000023&tvd=4054015137356&vrn=100100225883172&prver=0&pronetvd=null&region=5&sub_region=5",
  "prver" : "0",
  "isUik" : true,
  "selected" : false,
  "load_on_demand" : false
}, {
  "id" : 4054015137357,
  "text" : "УИК №533",
  "href" : "region/izbirkom?action=show&root=52000023&tvd=4054015137357&vrn=100100225883172&prver=0&pronetvd=null&region=5&sub_region=5",
  "prver" : "0",
  "isUik" : true,
  "selected" : false,
  "load_on_demand" : false
}, {
  "id" : 4054015137358,
  "text" : "УИК №534",
  "href" : "region/izbirkom?action=show&root=52000023&tvd=4054015137358&vrn=100100225883172&prver=0&pronetvd=null&region=5&sub_region=5",
  "prver" : "0",
  "isUik" : true,
  "selected" : false,
  "load_on_demand" : false
}, {
  "id" : 4054015137359,
  "text" : "УИК №535",
  "href" : "region/izbirkom?action=show&root=52000023&tvd=4054015137359&vrn=100100225883172&prver=0&pronetvd=null&region=5&sub_region=5",
  "prver" : "0",
  "isUik" : true,
  "selected" : false,
  "load_on_demand" : false
}, {
  "id" : 4054015137360,
  "text" : "УИК №536",
  "href" : "region/izbirkom?action=show&root=52000023&tvd=4054015137360&vrn=100100225883172&prver=0&pronetvd=null&region=5&sub_region=5",
  "prver" : "0",
  "isUik" : true,
  "selected" : false,
  "load_on_demand" : false
}, {
  "id" : 4054015137361,
  "text" : "УИК №537",
  "href" : "region/izbirkom?action=show&root=52000023&tvd=4054015137361&vrn=100100225883172&prver=0&pronetvd=null&region=5&sub_region=5",
  "prver" : "0",
  "isUik" : true,
  "selected" : false,
  "load_on_demand" : false
}, {
  "id" : 4054015137362,
  "text" : "УИК №538",
  "href" : "region/izbirkom?action=show&root=52000023&tvd=4054015137362&vrn=100100225883172&prver=0&pronetvd=null&region=5&sub_region=5",
  "prver" : "0",
  "isUik" : true,
  "selected" : false,
  "load_on_demand" : false
}, {
  "id" : 4054015137363,
  "text" : "УИК №539",
  "href" : "region/izbirkom?action=show&root=52000023&tvd=4054015137363&vrn=100100225883172&prver=0&pronetvd=null&region=5&sub_region=5",
  "prver" : "0",
  "isUik" : true,
  "selected" : false,
  "load_on_demand" : false
}, {
  "id" : 4054015137364,
  "text" : "УИК №540",
  "href" : "region/izbirkom?action=show&root=52000023&tvd=4054015137364&vrn=100100225883172&prver=0&pronetvd=null&region=5&sub_region=5",
  "prver" : "0",
  "isUik" : true,
  "selected" : false,
  "load_on_demand" : false
} ]