[ {
  "id" : 4054001173479,
  "text" : "УИК №1",
  "href" : "region/izbirkom?action=show&root=52000054&tvd=4054001173479&vrn=100100225883172&prver=0&pronetvd=null&region=5&sub_region=5",
  "prver" : "0",
  "isUik" : true,
  "selected" : false,
  "load_on_demand" : false
}, {
  "id" : 4054001173480,
  "text" : "УИК №2",
  "href" : "region/izbirkom?action=show&root=52000054&tvd=4054001173480&vrn=100100225883172&prver=0&pronetvd=null&region=5&sub_region=5",
  "prver" : "0",
  "isUik" : true,
  "selected" : false,
  "load_on_demand" : false
}, {
  "id" : 4054001173481,
  "text" : "УИК №3",
  "href" : "region/izbirkom?action=show&root=52000054&tvd=4054001173481&vrn=100100225883172&prver=0&pronetvd=null&region=5&sub_region=5",
  "prver" : "0",
  "isUik" : true,
  "selected" : false,
  "load_on_demand" : false
}, {
  "id" : 4054001173482,
  "text" : "УИК №4",
  "href" : "region/izbirkom?action=show&root=52000054&tvd=4054001173482&vrn=100100225883172&prver=0&pronetvd=null&region=5&sub_region=5",
  "prver" : "0",
  "isUik" : true,
  "selected" : false,
  "load_on_demand" : false
}, {
  "id" : 4054001173483,
  "text" : "УИК №5",
  "href" : "region/izbirkom?action=show&root=52000054&tvd=4054001173483&vrn=100100225883172&prver=0&pronetvd=null&region=5&sub_region=5",
  "prver" : "0",
  "isUik" : true,
  "selected" : false,
  "load_on_demand" : false
}, {
  "id" : 4054001173484,
  "text" : "УИК №6",
  "href" : "region/izbirkom?action=show&root=52000054&tvd=4054001173484&vrn=100100225883172&prver=0&pronetvd=null&region=5&sub_region=5",
  "prver" : "0",
  "isUik" : true,
  "selected" : false,
  "load_on_demand" : false
}, {
  "id" : 4054001173485,
  "text" : "УИК №7",
  "href" : "region/izbirkom?action=show&root=52000054&tvd=4054001173485&vrn=100100225883172&prver=0&pronetvd=null&region=5&sub_region=5",
  "prver" : "0",
  "isUik" : true,
  "selected" : false,
  "load_on_demand" : false
}, {
  "id" : 4054001173486,
  "text" : "УИК №8",
  "href" : "region/izbirkom?action=show&root=52000054&tvd=4054001173486&vrn=100100225883172&prver=0&pronetvd=null&region=5&sub_region=5",
  "prver" : "0",
  "isUik" : true,
  "selected" : false,
  "load_on_demand" : false
}, {
  "id" : 4054001173487,
  "text" : "УИК №9",
  "href" : "region/izbirkom?action=show&root=52000054&tvd=4054001173487&vrn=100100225883172&prver=0&pronetvd=null&region=5&sub_region=5",
  "prver" : "0",
  "isUik" : true,
  "selected" : false,
  "load_on_demand" : false
}, {
  "id" : 4054001173488,
  "text" : "УИК №10",
  "href" : "region/izbirkom?action=show&root=52000054&tvd=4054001173488&vrn=100100225883172&prver=0&pronetvd=null&region=5&sub_region=5",
  "prver" : "0",
  "isUik" : true,
  "selected" : false,
  "load_on_demand" : false
}, {
  "id" : 4054001173489,
  "text" : "УИК №11",
  "href" : "region/izbirkom?action=show&root=52000054&tvd=4054001173489&vrn=100100225883172&prver=0&pronetvd=null&region=5&sub_region=5",
  "prver" : "0",
  "isUik" : true,
  "selected" : false,
  "load_on_demand" : false
}, {
  "id" : 4054001173490,
  "text" : "УИК №12",
  "href" : "region/izbirkom?action=show&root=52000054&tvd=4054001173490&vrn=100100225883172&prver=0&pronetvd=null&region=5&sub_region=5",
  "prver" : "0",
  "isUik" : true,
  "selected" : false,
  "load_on_demand" : false
}, {
  "id" : 4054001173491,
  "text" : "УИК №13",
  "href" : "region/izbirkom?action=show&root=52000054&tvd=4054001173491&vrn=100100225883172&prver=0&pronetvd=null&region=5&sub_region=5",
  "prver" : "0",
  "isUik" : true,
  "selected" : false,
  "load_on_demand" : false
}, {
  "id" : 4054001173492,
  "text" : "УИК №14",
  "href" : "region/izbirkom?action=show&root=52000054&tvd=4054001173492&vrn=100100225883172&prver=0&pronetvd=null&region=5&sub_region=5",
  "prver" : "0",
  "isUik" : true,
  "selected" : false,
  "load_on_demand" : false
}, {
  "id" : 4054001173493,
  "text" : "УИК №15",
  "href" : "region/izbirkom?action=show&root=52000054&tvd=4054001173493&vrn=100100225883172&prver=0&pronetvd=null&region=5&sub_region=5",
  "prver" : "0",
  "isUik" : true,
  "selected" : false,
  "load_on_demand" : false
}, {
  "id" : 4054001173494,
  "text" : "УИК №16",
  "href" : "region/izbirkom?action=show&root=52000054&tvd=4054001173494&vrn=100100225883172&prver=0&pronetvd=null&region=5&sub_region=5",
  "prver" : "0",
  "isUik" : true,
  "selected" : false,
  "load_on_demand" : false
}, {
  "id" : 4054001173495,
  "text" : "УИК №17",
  "href" : "region/izbirkom?action=show&root=52000054&tvd=4054001173495&vrn=100100225883172&prver=0&pronetvd=null&region=5&sub_region=5",
  "prver" : "0",
  "isUik" : true,
  "selected" : false,
  "load_on_demand" : false
}, {
  "id" : 4054001173496,
  "text" : "УИК №18",
  "href" : "region/izbirkom?action=show&root=52000054&tvd=4054001173496&vrn=100100225883172&prver=0&pronetvd=null&region=5&sub_region=5",
  "prver" : "0",
  "isUik" : true,
  "selected" : false,
  "load_on_demand" : false
}, {
  "id" : 4054001173497,
  "text" : "УИК №19",
  "href" : "region/izbirkom?action=show&root=52000054&tvd=4054001173497&vrn=100100225883172&prver=0&pronetvd=null&region=5&sub_region=5",
  "prver" : "0",
  "isUik" : true,
  "selected" : false,
  "load_on_demand" : false
} ]