[ {
  "id" : 4054035261613,
  "text" : "УИК №1326",
  "href" : "region/izbirkom?action=show&root=52000014&tvd=4054035261613&vrn=100100225883172&prver=0&pronetvd=null&region=5&sub_region=5",
  "prver" : "0",
  "isUik" : true,
  "selected" : false,
  "load_on_demand" : false
}, {
  "id" : 4054035261614,
  "text" : "УИК №1327",
  "href" : "region/izbirkom?action=show&root=52000014&tvd=4054035261614&vrn=100100225883172&prver=0&pronetvd=null&region=5&sub_region=5",
  "prver" : "0",
  "isUik" : true,
  "selected" : false,
  "load_on_demand" : false
}, {
  "id" : 4054035261615,
  "text" : "УИК №1328",
  "href" : "region/izbirkom?action=show&root=52000014&tvd=4054035261615&vrn=100100225883172&prver=0&pronetvd=null&region=5&sub_region=5",
  "prver" : "0",
  "isUik" : true,
  "selected" : false,
  "load_on_demand" : false
}, {
  "id" : 4054035261616,
  "text" : "УИК №1329",
  "href" : "region/izbirkom?action=show&root=52000014&tvd=4054035261616&vrn=100100225883172&prver=0&pronetvd=null&region=5&sub_region=5",
  "prver" : "0",
  "isUik" : true,
  "selected" : false,
  "load_on_demand" : false
}, {
  "id" : 4054035261617,
  "text" : "УИК №1330",
  "href" : "region/izbirkom?action=show&root=52000014&tvd=4054035261617&vrn=100100225883172&prver=0&pronetvd=null&region=5&sub_region=5",
  "prver" : "0",
  "isUik" : true,
  "selected" : false,
  "load_on_demand" : false
}, {
  "id" : 4054035261618,
  "text" : "УИК №1331",
  "href" : "region/izbirkom?action=show&root=52000014&tvd=4054035261618&vrn=100100225883172&prver=0&pronetvd=null&region=5&sub_region=5",
  "prver" : "0",
  "isUik" : true,
  "selected" : false,
  "load_on_demand" : false
}, {
  "id" : 4054035261619,
  "text" : "УИК №1332",
  "href" : "region/izbirkom?action=show&root=52000014&tvd=4054035261619&vrn=100100225883172&prver=0&pronetvd=null&region=5&sub_region=5",
  "prver" : "0",
  "isUik" : true,
  "selected" : false,
  "load_on_demand" : false
}, {
  "id" : 4054035261620,
  "text" : "УИК №1333",
  "href" : "region/izbirkom?action=show&root=52000014&tvd=4054035261620&vrn=100100225883172&prver=0&pronetvd=null&region=5&sub_region=5",
  "prver" : "0",
  "isUik" : true,
  "selected" : false,
  "load_on_demand" : false
}, {
  "id" : 4054035261621,
  "text" : "УИК №1334",
  "href" : "region/izbirkom?action=show&root=52000014&tvd=4054035261621&vrn=100100225883172&prver=0&pronetvd=null&region=5&sub_region=5",
  "prver" : "0",
  "isUik" : true,
  "selected" : false,
  "load_on_demand" : false
}, {
  "id" : 4054035261622,
  "text" : "УИК №1335",
  "href" : "region/izbirkom?action=show&root=52000014&tvd=4054035261622&vrn=100100225883172&prver=0&pronetvd=null&region=5&sub_region=5",
  "prver" : "0",
  "isUik" : true,
  "selected" : false,
  "load_on_demand" : false
}, {
  "id" : 4054035261623,
  "text" : "УИК №1336",
  "href" : "region/izbirkom?action=show&root=52000014&tvd=4054035261623&vrn=100100225883172&prver=0&pronetvd=null&region=5&sub_region=5",
  "prver" : "0",
  "isUik" : true,
  "selected" : false,
  "load_on_demand" : false
}, {
  "id" : 4054035261624,
  "text" : "УИК №1337",
  "href" : "region/izbirkom?action=show&root=52000014&tvd=4054035261624&vrn=100100225883172&prver=0&pronetvd=null&region=5&sub_region=5",
  "prver" : "0",
  "isUik" : true,
  "selected" : false,
  "load_on_demand" : false
}, {
  "id" : 4054035261625,
  "text" : "УИК №1338",
  "href" : "region/izbirkom?action=show&root=52000014&tvd=4054035261625&vrn=100100225883172&prver=0&pronetvd=null&region=5&sub_region=5",
  "prver" : "0",
  "isUik" : true,
  "selected" : false,
  "load_on_demand" : false
}, {
  "id" : 4054035261626,
  "text" : "УИК №1339",
  "href" : "region/izbirkom?action=show&root=52000014&tvd=4054035261626&vrn=100100225883172&prver=0&pronetvd=null&region=5&sub_region=5",
  "prver" : "0",
  "isUik" : true,
  "selected" : false,
  "load_on_demand" : false
}, {
  "id" : 4054035261627,
  "text" : "УИК №1340",
  "href" : "region/izbirkom?action=show&root=52000014&tvd=4054035261627&vrn=100100225883172&prver=0&pronetvd=null&region=5&sub_region=5",
  "prver" : "0",
  "isUik" : true,
  "selected" : false,
  "load_on_demand" : false
}, {
  "id" : 4054035261628,
  "text" : "УИК №1341",
  "href" : "region/izbirkom?action=show&root=52000014&tvd=4054035261628&vrn=100100225883172&prver=0&pronetvd=null&region=5&sub_region=5",
  "prver" : "0",
  "isUik" : true,
  "selected" : false,
  "load_on_demand" : false
}, {
  "id" : 4054035261629,
  "text" : "УИК №1342",
  "href" : "region/izbirkom?action=show&root=52000014&tvd=4054035261629&vrn=100100225883172&prver=0&pronetvd=null&region=5&sub_region=5",
  "prver" : "0",
  "isUik" : true,
  "selected" : false,
  "load_on_demand" : false
}, {
  "id" : 4054035261630,
  "text" : "УИК №1343",
  "href" : "region/izbirkom?action=show&root=52000014&tvd=4054035261630&vrn=100100225883172&prver=0&pronetvd=null&region=5&sub_region=5",
  "prver" : "0",
  "isUik" : true,
  "selected" : false,
  "load_on_demand" : false
}, {
  "id" : 4054035261631,
  "text" : "УИК №1344",
  "href" : "region/izbirkom?action=show&root=52000014&tvd=4054035261631&vrn=100100225883172&prver=0&pronetvd=null&region=5&sub_region=5",
  "prver" : "0",
  "isUik" : true,
  "selected" : false,
  "load_on_demand" : false
}, {
  "id" : 4054035261632,
  "text" : "УИК №1345",
  "href" : "region/izbirkom?action=show&root=52000014&tvd=4054035261632&vrn=100100225883172&prver=0&pronetvd=null&region=5&sub_region=5",
  "prver" : "0",
  "isUik" : true,
  "selected" : false,
  "load_on_demand" : false
}, {
  "id" : 4054035261633,
  "text" : "УИК №1346",
  "href" : "region/izbirkom?action=show&root=52000014&tvd=4054035261633&vrn=100100225883172&prver=0&pronetvd=null&region=5&sub_region=5",
  "prver" : "0",
  "isUik" : true,
  "selected" : false,
  "load_on_demand" : false
}, {
  "id" : 4054035261634,
  "text" : "УИК №1347",
  "href" : "region/izbirkom?action=show&root=52000014&tvd=4054035261634&vrn=100100225883172&prver=0&pronetvd=null&region=5&sub_region=5",
  "prver" : "0",
  "isUik" : true,
  "selected" : false,
  "load_on_demand" : false
}, {
  "id" : 4054035261635,
  "text" : "УИК №1348",
  "href" : "region/izbirkom?action=show&root=52000014&tvd=4054035261635&vrn=100100225883172&prver=0&pronetvd=null&region=5&sub_region=5",
  "prver" : "0",
  "isUik" : true,
  "selected" : false,
  "load_on_demand" : false
}, {
  "id" : 4054035261636,
  "text" : "УИК №1349",
  "href" : "region/izbirkom?action=show&root=52000014&tvd=4054035261636&vrn=100100225883172&prver=0&pronetvd=null&region=5&sub_region=5",
  "prver" : "0",
  "isUik" : true,
  "selected" : false,
  "load_on_demand" : false
}, {
  "id" : 4054035261637,
  "text" : "УИК №1350",
  "href" : "region/izbirkom?action=show&root=52000014&tvd=4054035261637&vrn=100100225883172&prver=0&pronetvd=null&region=5&sub_region=5",
  "prver" : "0",
  "isUik" : true,
  "selected" : false,
  "load_on_demand" : false
}, {
  "id" : 4054035261638,
  "text" : "УИК №1351",
  "href" : "region/izbirkom?action=show&root=52000014&tvd=4054035261638&vrn=100100225883172&prver=0&pronetvd=null&region=5&sub_region=5",
  "prver" : "0",
  "isUik" : true,
  "selected" : false,
  "load_on_demand" : false
}, {
  "id" : 4054035261639,
  "text" : "УИК №1352",
  "href" : "region/izbirkom?action=show&root=52000014&tvd=4054035261639&vrn=100100225883172&prver=0&pronetvd=null&region=5&sub_region=5",
  "prver" : "0",
  "isUik" : true,
  "selected" : false,
  "load_on_demand" : false
}, {
  "id" : 4054035261640,
  "text" : "УИК №1353",
  "href" : "region/izbirkom?action=show&root=52000014&tvd=4054035261640&vrn=100100225883172&prver=0&pronetvd=null&region=5&sub_region=5",
  "prver" : "0",
  "isUik" : true,
  "selected" : false,
  "load_on_demand" : false
}, {
  "id" : 4054035261641,
  "text" : "УИК №1354",
  "href" : "region/izbirkom?action=show&root=52000014&tvd=4054035261641&vrn=100100225883172&prver=0&pronetvd=null&region=5&sub_region=5",
  "prver" : "0",
  "isUik" : true,
  "selected" : false,
  "load_on_demand" : false
}, {
  "id" : 4054035261642,
  "text" : "УИК №1355",
  "href" : "region/izbirkom?action=show&root=52000014&tvd=4054035261642&vrn=100100225883172&prver=0&pronetvd=null&region=5&sub_region=5",
  "prver" : "0",
  "isUik" : true,
  "selected" : false,
  "load_on_demand" : false
}, {
  "id" : 4054035261643,
  "text" : "УИК №1356",
  "href" : "region/izbirkom?action=show&root=52000014&tvd=4054035261643&vrn=100100225883172&prver=0&pronetvd=null&region=5&sub_region=5",
  "prver" : "0",
  "isUik" : true,
  "selected" : false,
  "load_on_demand" : false
}, {
  "id" : 4054035261644,
  "text" : "УИК №1357",
  "href" : "region/izbirkom?action=show&root=52000014&tvd=4054035261644&vrn=100100225883172&prver=0&pronetvd=null&region=5&sub_region=5",
  "prver" : "0",
  "isUik" : true,
  "selected" : false,
  "load_on_demand" : false
}, {
  "id" : 4054035261645,
  "text" : "УИК №1358",
  "href" : "region/izbirkom?action=show&root=52000014&tvd=4054035261645&vrn=100100225883172&prver=0&pronetvd=null&region=5&sub_region=5",
  "prver" : "0",
  "isUik" : true,
  "selected" : false,
  "load_on_demand" : false
}, {
  "id" : 4054035261646,
  "text" : "УИК №1359",
  "href" : "region/izbirkom?action=show&root=52000014&tvd=4054035261646&vrn=100100225883172&prver=0&pronetvd=null&region=5&sub_region=5",
  "prver" : "0",
  "isUik" : true,
  "selected" : false,
  "load_on_demand" : false
}, {
  "id" : 4054035261647,
  "text" : "УИК №1360",
  "href" : "region/izbirkom?action=show&root=52000014&tvd=4054035261647&vrn=100100225883172&prver=0&pronetvd=null&region=5&sub_region=5",
  "prver" : "0",
  "isUik" : true,
  "selected" : false,
  "load_on_demand" : false
}, {
  "id" : 4054035261648,
  "text" : "УИК №1361",
  "href" : "region/izbirkom?action=show&root=52000014&tvd=4054035261648&vrn=100100225883172&prver=0&pronetvd=null&region=5&sub_region=5",
  "prver" : "0",
  "isUik" : true,
  "selected" : false,
  "load_on_demand" : false
}, {
  "id" : 4054035261649,
  "text" : "УИК №1362",
  "href" : "region/izbirkom?action=show&root=52000014&tvd=4054035261649&vrn=100100225883172&prver=0&pronetvd=null&region=5&sub_region=5",
  "prver" : "0",
  "isUik" : true,
  "selected" : false,
  "load_on_demand" : false
}, {
  "id" : 4054035261650,
  "text" : "УИК №1363",
  "href" : "region/izbirkom?action=show&root=52000014&tvd=4054035261650&vrn=100100225883172&prver=0&pronetvd=null&region=5&sub_region=5",
  "prver" : "0",
  "isUik" : true,
  "selected" : false,
  "load_on_demand" : false
}, {
  "id" : 4054035261651,
  "text" : "УИК №1364",
  "href" : "region/izbirkom?action=show&root=52000014&tvd=4054035261651&vrn=100100225883172&prver=0&pronetvd=null&region=5&sub_region=5",
  "prver" : "0",
  "isUik" : true,
  "selected" : false,
  "load_on_demand" : false
}, {
  "id" : 4054035261652,
  "text" : "УИК №1365",
  "href" : "region/izbirkom?action=show&root=52000014&tvd=4054035261652&vrn=100100225883172&prver=0&pronetvd=null&region=5&sub_region=5",
  "prver" : "0",
  "isUik" : true,
  "selected" : false,
  "load_on_demand" : false
}, {
  "id" : 4054035261653,
  "text" : "УИК №1366",
  "href" : "region/izbirkom?action=show&root=52000014&tvd=4054035261653&vrn=100100225883172&prver=0&pronetvd=null&region=5&sub_region=5",
  "prver" : "0",
  "isUik" : true,
  "selected" : false,
  "load_on_demand" : false
}, {
  "id" : 4054035261654,
  "text" : "УИК №1367",
  "href" : "region/izbirkom?action=show&root=52000014&tvd=4054035261654&vrn=100100225883172&prver=0&pronetvd=null&region=5&sub_region=5",
  "prver" : "0",
  "isUik" : true,
  "selected" : false,
  "load_on_demand" : false
}, {
  "id" : 4054035261655,
  "text" : "УИК №1368",
  "href" : "region/izbirkom?action=show&root=52000014&tvd=4054035261655&vrn=100100225883172&prver=0&pronetvd=null&region=5&sub_region=5",
  "prver" : "0",
  "isUik" : true,
  "selected" : false,
  "load_on_demand" : false
}, {
  "id" : 4054035261656,
  "text" : "УИК №1369",
  "href" : "region/izbirkom?action=show&root=52000014&tvd=4054035261656&vrn=100100225883172&prver=0&pronetvd=null&region=5&sub_region=5",
  "prver" : "0",
  "isUik" : true,
  "selected" : false,
  "load_on_demand" : false
}, {
  "id" : 4054035261657,
  "text" : "УИК №1370",
  "href" : "region/izbirkom?action=show&root=52000014&tvd=4054035261657&vrn=100100225883172&prver=0&pronetvd=null&region=5&sub_region=5",
  "prver" : "0",
  "isUik" : true,
  "selected" : false,
  "load_on_demand" : false
}, {
  "id" : 4054035261658,
  "text" : "УИК №1371",
  "href" : "region/izbirkom?action=show&root=52000014&tvd=4054035261658&vrn=100100225883172&prver=0&pronetvd=null&region=5&sub_region=5",
  "prver" : "0",
  "isUik" : true,
  "selected" : false,
  "load_on_demand" : false
}, {
  "id" : 4054035261659,
  "text" : "УИК №1372",
  "href" : "region/izbirkom?action=show&root=52000014&tvd=4054035261659&vrn=100100225883172&prver=0&pronetvd=null&region=5&sub_region=5",
  "prver" : "0",
  "isUik" : true,
  "selected" : false,
  "load_on_demand" : false
}, {
  "id" : 4054035261660,
  "text" : "УИК №1373",
  "href" : "region/izbirkom?action=show&root=52000014&tvd=4054035261660&vrn=100100225883172&prver=0&pronetvd=null&region=5&sub_region=5",
  "prver" : "0",
  "isUik" : true,
  "selected" : false,
  "load_on_demand" : false
}, {
  "id" : 4054035261661,
  "text" : "УИК №1374",
  "href" : "region/izbirkom?action=show&root=52000014&tvd=4054035261661&vrn=100100225883172&prver=0&pronetvd=null&region=5&sub_region=5",
  "prver" : "0",
  "isUik" : true,
  "selected" : false,
  "load_on_demand" : false
}, {
  "id" : 4054035261662,
  "text" : "УИК №1375",
  "href" : "region/izbirkom?action=show&root=52000014&tvd=4054035261662&vrn=100100225883172&prver=0&pronetvd=null&region=5&sub_region=5",
  "prver" : "0",
  "isUik" : true,
  "selected" : false,
  "load_on_demand" : false
}, {
  "id" : 4054035261663,
  "text" : "УИК №1376",
  "href" : "region/izbirkom?action=show&root=52000014&tvd=4054035261663&vrn=100100225883172&prver=0&pronetvd=null&region=5&sub_region=5",
  "prver" : "0",
  "isUik" : true,
  "selected" : false,
  "load_on_demand" : false
}, {
  "id" : 4054035261664,
  "text" : "УИК №1377",
  "href" : "region/izbirkom?action=show&root=52000014&tvd=4054035261664&vrn=100100225883172&prver=0&pronetvd=null&region=5&sub_region=5",
  "prver" : "0",
  "isUik" : true,
  "selected" : false,
  "load_on_demand" : false
}, {
  "id" : 4054035261665,
  "text" : "УИК №1378",
  "href" : "region/izbirkom?action=show&root=52000014&tvd=4054035261665&vrn=100100225883172&prver=0&pronetvd=null&region=5&sub_region=5",
  "prver" : "0",
  "isUik" : true,
  "selected" : false,
  "load_on_demand" : false
}, {
  "id" : 4054035261666,
  "text" : "УИК №1379",
  "href" : "region/izbirkom?action=show&root=52000014&tvd=4054035261666&vrn=100100225883172&prver=0&pronetvd=null&region=5&sub_region=5",
  "prver" : "0",
  "isUik" : true,
  "selected" : false,
  "load_on_demand" : false
}, {
  "id" : 4054035261667,
  "text" : "УИК №1380",
  "href" : "region/izbirkom?action=show&root=52000014&tvd=4054035261667&vrn=100100225883172&prver=0&pronetvd=null&region=5&sub_region=5",
  "prver" : "0",
  "isUik" : true,
  "selected" : false,
  "load_on_demand" : false
}, {
  "id" : 4054035261668,
  "text" : "УИК №1381",
  "href" : "region/izbirkom?action=show&root=52000014&tvd=4054035261668&vrn=100100225883172&prver=0&pronetvd=null&region=5&sub_region=5",
  "prver" : "0",
  "isUik" : true,
  "selected" : false,
  "load_on_demand" : false
}, {
  "id" : 4054035261669,
  "text" : "УИК №1382",
  "href" : "region/izbirkom?action=show&root=52000014&tvd=4054035261669&vrn=100100225883172&prver=0&pronetvd=null&region=5&sub_region=5",
  "prver" : "0",
  "isUik" : true,
  "selected" : false,
  "load_on_demand" : false
}, {
  "id" : 4054035261670,
  "text" : "УИК №1383",
  "href" : "region/izbirkom?action=show&root=52000014&tvd=4054035261670&vrn=100100225883172&prver=0&pronetvd=null&region=5&sub_region=5",
  "prver" : "0",
  "isUik" : true,
  "selected" : false,
  "load_on_demand" : false
}, {
  "id" : 4054035261671,
  "text" : "УИК №1384",
  "href" : "region/izbirkom?action=show&root=52000014&tvd=4054035261671&vrn=100100225883172&prver=0&pronetvd=null&region=5&sub_region=5",
  "prver" : "0",
  "isUik" : true,
  "selected" : false,
  "load_on_demand" : false
}, {
  "id" : 4054035261672,
  "text" : "УИК №1385",
  "href" : "region/izbirkom?action=show&root=52000014&tvd=4054035261672&vrn=100100225883172&prver=0&pronetvd=null&region=5&sub_region=5",
  "prver" : "0",
  "isUik" : true,
  "selected" : false,
  "load_on_demand" : false
}, {
  "id" : 4054035261673,
  "text" : "УИК №1386",
  "href" : "region/izbirkom?action=show&root=52000014&tvd=4054035261673&vrn=100100225883172&prver=0&pronetvd=null&region=5&sub_region=5",
  "prver" : "0",
  "isUik" : true,
  "selected" : false,
  "load_on_demand" : false
}, {
  "id" : 4054035261674,
  "text" : "УИК №1387",
  "href" : "region/izbirkom?action=show&root=52000014&tvd=4054035261674&vrn=100100225883172&prver=0&pronetvd=null&region=5&sub_region=5",
  "prver" : "0",
  "isUik" : true,
  "selected" : false,
  "load_on_demand" : false
}, {
  "id" : 4054035261675,
  "text" : "УИК №1388",
  "href" : "region/izbirkom?action=show&root=52000014&tvd=4054035261675&vrn=100100225883172&prver=0&pronetvd=null&region=5&sub_region=5",
  "prver" : "0",
  "isUik" : true,
  "selected" : false,
  "load_on_demand" : false
}, {
  "id" : 4054035261676,
  "text" : "УИК №1389",
  "href" : "region/izbirkom?action=show&root=52000014&tvd=4054035261676&vrn=100100225883172&prver=0&pronetvd=null&region=5&sub_region=5",
  "prver" : "0",
  "isUik" : true,
  "selected" : false,
  "load_on_demand" : false
}, {
  "id" : 4054035261677,
  "text" : "УИК №1390",
  "href" : "region/izbirkom?action=show&root=52000014&tvd=4054035261677&vrn=100100225883172&prver=0&pronetvd=null&region=5&sub_region=5",
  "prver" : "0",
  "isUik" : true,
  "selected" : false,
  "load_on_demand" : false
}, {
  "id" : 4054035261678,
  "text" : "УИК №1391",
  "href" : "region/izbirkom?action=show&root=52000014&tvd=4054035261678&vrn=100100225883172&prver=0&pronetvd=null&region=5&sub_region=5",
  "prver" : "0",
  "isUik" : true,
  "selected" : false,
  "load_on_demand" : false
} ]