[ {
  "id" : 4054047220734,
  "text" : "УИК №215",
  "href" : "region/izbirkom?action=show&root=52000048&tvd=4054047220734&vrn=100100225883172&prver=0&pronetvd=null&region=5&sub_region=5",
  "prver" : "0",
  "isUik" : true,
  "selected" : false,
  "load_on_demand" : false
}, {
  "id" : 4054047220735,
  "text" : "УИК №216",
  "href" : "region/izbirkom?action=show&root=52000048&tvd=4054047220735&vrn=100100225883172&prver=0&pronetvd=null&region=5&sub_region=5",
  "prver" : "0",
  "isUik" : true,
  "selected" : false,
  "load_on_demand" : false
}, {
  "id" : 4054047220736,
  "text" : "УИК №217",
  "href" : "region/izbirkom?action=show&root=52000048&tvd=4054047220736&vrn=100100225883172&prver=0&pronetvd=null&region=5&sub_region=5",
  "prver" : "0",
  "isUik" : true,
  "selected" : false,
  "load_on_demand" : false
}, {
  "id" : 4054047220737,
  "text" : "УИК №218",
  "href" : "region/izbirkom?action=show&root=52000048&tvd=4054047220737&vrn=100100225883172&prver=0&pronetvd=null&region=5&sub_region=5",
  "prver" : "0",
  "isUik" : true,
  "selected" : false,
  "load_on_demand" : false
}, {
  "id" : 4054047220738,
  "text" : "УИК №219",
  "href" : "region/izbirkom?action=show&root=52000048&tvd=4054047220738&vrn=100100225883172&prver=0&pronetvd=null&region=5&sub_region=5",
  "prver" : "0",
  "isUik" : true,
  "selected" : false,
  "load_on_demand" : false
}, {
  "id" : 4054047220739,
  "text" : "УИК №220",
  "href" : "region/izbirkom?action=show&root=52000048&tvd=4054047220739&vrn=100100225883172&prver=0&pronetvd=null&region=5&sub_region=5",
  "prver" : "0",
  "isUik" : true,
  "selected" : false,
  "load_on_demand" : false
}, {
  "id" : 4054047220740,
  "text" : "УИК №221",
  "href" : "region/izbirkom?action=show&root=52000048&tvd=4054047220740&vrn=100100225883172&prver=0&pronetvd=null&region=5&sub_region=5",
  "prver" : "0",
  "isUik" : true,
  "selected" : false,
  "load_on_demand" : false
}, {
  "id" : 4054047220741,
  "text" : "УИК №222",
  "href" : "region/izbirkom?action=show&root=52000048&tvd=4054047220741&vrn=100100225883172&prver=0&pronetvd=null&region=5&sub_region=5",
  "prver" : "0",
  "isUik" : true,
  "selected" : false,
  "load_on_demand" : false
}, {
  "id" : 4054047220742,
  "text" : "УИК №223",
  "href" : "region/izbirkom?action=show&root=52000048&tvd=4054047220742&vrn=100100225883172&prver=0&pronetvd=null&region=5&sub_region=5",
  "prver" : "0",
  "isUik" : true,
  "selected" : false,
  "load_on_demand" : false
}, {
  "id" : 4054047220743,
  "text" : "УИК №224",
  "href" : "region/izbirkom?action=show&root=52000048&tvd=4054047220743&vrn=100100225883172&prver=0&pronetvd=null&region=5&sub_region=5",
  "prver" : "0",
  "isUik" : true,
  "selected" : false,
  "load_on_demand" : false
}, {
  "id" : 4054047220744,
  "text" : "УИК №225",
  "href" : "region/izbirkom?action=show&root=52000048&tvd=4054047220744&vrn=100100225883172&prver=0&pronetvd=null&region=5&sub_region=5",
  "prver" : "0",
  "isUik" : true,
  "selected" : false,
  "load_on_demand" : false
}, {
  "id" : 4054047220745,
  "text" : "УИК №226",
  "href" : "region/izbirkom?action=show&root=52000048&tvd=4054047220745&vrn=100100225883172&prver=0&pronetvd=null&region=5&sub_region=5",
  "prver" : "0",
  "isUik" : true,
  "selected" : false,
  "load_on_demand" : false
}, {
  "id" : 4054047220746,
  "text" : "УИК №227",
  "href" : "region/izbirkom?action=show&root=52000048&tvd=4054047220746&vrn=100100225883172&prver=0&pronetvd=null&region=5&sub_region=5",
  "prver" : "0",
  "isUik" : true,
  "selected" : false,
  "load_on_demand" : false
}, {
  "id" : 4054047220747,
  "text" : "УИК №228",
  "href" : "region/izbirkom?action=show&root=52000048&tvd=4054047220747&vrn=100100225883172&prver=0&pronetvd=null&region=5&sub_region=5",
  "prver" : "0",
  "isUik" : true,
  "selected" : false,
  "load_on_demand" : false
}, {
  "id" : 4054047220748,
  "text" : "УИК №229",
  "href" : "region/izbirkom?action=show&root=52000048&tvd=4054047220748&vrn=100100225883172&prver=0&pronetvd=null&region=5&sub_region=5",
  "prver" : "0",
  "isUik" : true,
  "selected" : false,
  "load_on_demand" : false
}, {
  "id" : 4054047220749,
  "text" : "УИК №230",
  "href" : "region/izbirkom?action=show&root=52000048&tvd=4054047220749&vrn=100100225883172&prver=0&pronetvd=null&region=5&sub_region=5",
  "prver" : "0",
  "isUik" : true,
  "selected" : false,
  "load_on_demand" : false
}, {
  "id" : 4054047220750,
  "text" : "УИК №231",
  "href" : "region/izbirkom?action=show&root=52000048&tvd=4054047220750&vrn=100100225883172&prver=0&pronetvd=null&region=5&sub_region=5",
  "prver" : "0",
  "isUik" : true,
  "selected" : false,
  "load_on_demand" : false
}, {
  "id" : 4054047220751,
  "text" : "УИК №232",
  "href" : "region/izbirkom?action=show&root=52000048&tvd=4054047220751&vrn=100100225883172&prver=0&pronetvd=null&region=5&sub_region=5",
  "prver" : "0",
  "isUik" : true,
  "selected" : false,
  "load_on_demand" : false
}, {
  "id" : 4054047220752,
  "text" : "УИК №233",
  "href" : "region/izbirkom?action=show&root=52000048&tvd=4054047220752&vrn=100100225883172&prver=0&pronetvd=null&region=5&sub_region=5",
  "prver" : "0",
  "isUik" : true,
  "selected" : false,
  "load_on_demand" : false
}, {
  "id" : 4054047220753,
  "text" : "УИК №234",
  "href" : "region/izbirkom?action=show&root=52000048&tvd=4054047220753&vrn=100100225883172&prver=0&pronetvd=null&region=5&sub_region=5",
  "prver" : "0",
  "isUik" : true,
  "selected" : false,
  "load_on_demand" : false
}, {
  "id" : 4054047220754,
  "text" : "УИК №235",
  "href" : "region/izbirkom?action=show&root=52000048&tvd=4054047220754&vrn=100100225883172&prver=0&pronetvd=null&region=5&sub_region=5",
  "prver" : "0",
  "isUik" : true,
  "selected" : false,
  "load_on_demand" : false
}, {
  "id" : 4054047220755,
  "text" : "УИК №236",
  "href" : "region/izbirkom?action=show&root=52000048&tvd=4054047220755&vrn=100100225883172&prver=0&pronetvd=null&region=5&sub_region=5",
  "prver" : "0",
  "isUik" : true,
  "selected" : false,
  "load_on_demand" : false
}, {
  "id" : 4054047220756,
  "text" : "УИК №237",
  "href" : "region/izbirkom?action=show&root=52000048&tvd=4054047220756&vrn=100100225883172&prver=0&pronetvd=null&region=5&sub_region=5",
  "prver" : "0",
  "isUik" : true,
  "selected" : false,
  "load_on_demand" : false
}, {
  "id" : 4054047220757,
  "text" : "УИК №238",
  "href" : "region/izbirkom?action=show&root=52000048&tvd=4054047220757&vrn=100100225883172&prver=0&pronetvd=null&region=5&sub_region=5",
  "prver" : "0",
  "isUik" : true,
  "selected" : false,
  "load_on_demand" : false
}, {
  "id" : 4054047220758,
  "text" : "УИК №239",
  "href" : "region/izbirkom?action=show&root=52000048&tvd=4054047220758&vrn=100100225883172&prver=0&pronetvd=null&region=5&sub_region=5",
  "prver" : "0",
  "isUik" : true,
  "selected" : false,
  "load_on_demand" : false
}, {
  "id" : 4054047220759,
  "text" : "УИК №240",
  "href" : "region/izbirkom?action=show&root=52000048&tvd=4054047220759&vrn=100100225883172&prver=0&pronetvd=null&region=5&sub_region=5",
  "prver" : "0",
  "isUik" : true,
  "selected" : false,
  "load_on_demand" : false
}, {
  "id" : 4054047220760,
  "text" : "УИК №241",
  "href" : "region/izbirkom?action=show&root=52000048&tvd=4054047220760&vrn=100100225883172&prver=0&pronetvd=null&region=5&sub_region=5",
  "prver" : "0",
  "isUik" : true,
  "selected" : false,
  "load_on_demand" : false
}, {
  "id" : 4054047220761,
  "text" : "УИК №242",
  "href" : "region/izbirkom?action=show&root=52000048&tvd=4054047220761&vrn=100100225883172&prver=0&pronetvd=null&region=5&sub_region=5",
  "prver" : "0",
  "isUik" : true,
  "selected" : false,
  "load_on_demand" : false
}, {
  "id" : 4054047220762,
  "text" : "УИК №243",
  "href" : "region/izbirkom?action=show&root=52000048&tvd=4054047220762&vrn=100100225883172&prver=0&pronetvd=null&region=5&sub_region=5",
  "prver" : "0",
  "isUik" : true,
  "selected" : false,
  "load_on_demand" : false
}, {
  "id" : 4054047220763,
  "text" : "УИК №244",
  "href" : "region/izbirkom?action=show&root=52000048&tvd=4054047220763&vrn=100100225883172&prver=0&pronetvd=null&region=5&sub_region=5",
  "prver" : "0",
  "isUik" : true,
  "selected" : false,
  "load_on_demand" : false
}, {
  "id" : 4054047220764,
  "text" : "УИК №245",
  "href" : "region/izbirkom?action=show&root=52000048&tvd=4054047220764&vrn=100100225883172&prver=0&pronetvd=null&region=5&sub_region=5",
  "prver" : "0",
  "isUik" : true,
  "selected" : false,
  "load_on_demand" : false
}, {
  "id" : 4054047220765,
  "text" : "УИК №246",
  "href" : "region/izbirkom?action=show&root=52000048&tvd=4054047220765&vrn=100100225883172&prver=0&pronetvd=null&region=5&sub_region=5",
  "prver" : "0",
  "isUik" : true,
  "selected" : false,
  "load_on_demand" : false
}, {
  "id" : 4054047220766,
  "text" : "УИК №247",
  "href" : "region/izbirkom?action=show&root=52000048&tvd=4054047220766&vrn=100100225883172&prver=0&pronetvd=null&region=5&sub_region=5",
  "prver" : "0",
  "isUik" : true,
  "selected" : false,
  "load_on_demand" : false
}, {
  "id" : 4054047220767,
  "text" : "УИК №248",
  "href" : "region/izbirkom?action=show&root=52000048&tvd=4054047220767&vrn=100100225883172&prver=0&pronetvd=null&region=5&sub_region=5",
  "prver" : "0",
  "isUik" : true,
  "selected" : false,
  "load_on_demand" : false
} ]