[ {
  "id" : 4054014165352,
  "text" : "УИК №515",
  "href" : "region/izbirkom?action=show&root=52000042&tvd=4054014165352&vrn=100100225883172&prver=0&pronetvd=null&region=5&sub_region=5",
  "prver" : "0",
  "isUik" : true,
  "selected" : false,
  "load_on_demand" : false
}, {
  "id" : 4054014165353,
  "text" : "УИК №516",
  "href" : "region/izbirkom?action=show&root=52000042&tvd=4054014165353&vrn=100100225883172&prver=0&pronetvd=null&region=5&sub_region=5",
  "prver" : "0",
  "isUik" : true,
  "selected" : false,
  "load_on_demand" : false
}, {
  "id" : 4054014165354,
  "text" : "УИК №517",
  "href" : "region/izbirkom?action=show&root=52000042&tvd=4054014165354&vrn=100100225883172&prver=0&pronetvd=null&region=5&sub_region=5",
  "prver" : "0",
  "isUik" : true,
  "selected" : false,
  "load_on_demand" : false
}, {
  "id" : 4054014165355,
  "text" : "УИК №518",
  "href" : "region/izbirkom?action=show&root=52000042&tvd=4054014165355&vrn=100100225883172&prver=0&pronetvd=null&region=5&sub_region=5",
  "prver" : "0",
  "isUik" : true,
  "selected" : false,
  "load_on_demand" : false
}, {
  "id" : 4054014165356,
  "text" : "УИК №519",
  "href" : "region/izbirkom?action=show&root=52000042&tvd=4054014165356&vrn=100100225883172&prver=0&pronetvd=null&region=5&sub_region=5",
  "prver" : "0",
  "isUik" : true,
  "selected" : false,
  "load_on_demand" : false
}, {
  "id" : 4054014165357,
  "text" : "УИК №520",
  "href" : "region/izbirkom?action=show&root=52000042&tvd=4054014165357&vrn=100100225883172&prver=0&pronetvd=null&region=5&sub_region=5",
  "prver" : "0",
  "isUik" : true,
  "selected" : false,
  "load_on_demand" : false
}, {
  "id" : 4054014165358,
  "text" : "УИК №521",
  "href" : "region/izbirkom?action=show&root=52000042&tvd=4054014165358&vrn=100100225883172&prver=0&pronetvd=null&region=5&sub_region=5",
  "prver" : "0",
  "isUik" : true,
  "selected" : false,
  "load_on_demand" : false
}, {
  "id" : 4054014165359,
  "text" : "УИК №522",
  "href" : "region/izbirkom?action=show&root=52000042&tvd=4054014165359&vrn=100100225883172&prver=0&pronetvd=null&region=5&sub_region=5",
  "prver" : "0",
  "isUik" : true,
  "selected" : false,
  "load_on_demand" : false
}, {
  "id" : 4054014165360,
  "text" : "УИК №523",
  "href" : "region/izbirkom?action=show&root=52000042&tvd=4054014165360&vrn=100100225883172&prver=0&pronetvd=null&region=5&sub_region=5",
  "prver" : "0",
  "isUik" : true,
  "selected" : false,
  "load_on_demand" : false
}, {
  "id" : 4054014165361,
  "text" : "УИК №524",
  "href" : "region/izbirkom?action=show&root=52000042&tvd=4054014165361&vrn=100100225883172&prver=0&pronetvd=null&region=5&sub_region=5",
  "prver" : "0",
  "isUik" : true,
  "selected" : false,
  "load_on_demand" : false
} ]