[ {
  "id" : 4054016231108,
  "text" : "УИК №541",
  "href" : "region/izbirkom?action=show&root=52000041&tvd=4054016231108&vrn=100100225883172&prver=0&pronetvd=null&region=5&sub_region=5",
  "prver" : "0",
  "isUik" : true,
  "selected" : false,
  "load_on_demand" : false
}, {
  "id" : 4054016231109,
  "text" : "УИК №542",
  "href" : "region/izbirkom?action=show&root=52000041&tvd=4054016231109&vrn=100100225883172&prver=0&pronetvd=null&region=5&sub_region=5",
  "prver" : "0",
  "isUik" : true,
  "selected" : false,
  "load_on_demand" : false
}, {
  "id" : 4054016231110,
  "text" : "УИК №543",
  "href" : "region/izbirkom?action=show&root=52000041&tvd=4054016231110&vrn=100100225883172&prver=0&pronetvd=null&region=5&sub_region=5",
  "prver" : "0",
  "isUik" : true,
  "selected" : false,
  "load_on_demand" : false
}, {
  "id" : 4054016231111,
  "text" : "УИК №544",
  "href" : "region/izbirkom?action=show&root=52000041&tvd=4054016231111&vrn=100100225883172&prver=0&pronetvd=null&region=5&sub_region=5",
  "prver" : "0",
  "isUik" : true,
  "selected" : false,
  "load_on_demand" : false
}, {
  "id" : 4054016231112,
  "text" : "УИК №545",
  "href" : "region/izbirkom?action=show&root=52000041&tvd=4054016231112&vrn=100100225883172&prver=0&pronetvd=null&region=5&sub_region=5",
  "prver" : "0",
  "isUik" : true,
  "selected" : false,
  "load_on_demand" : false
}, {
  "id" : 4054016231113,
  "text" : "УИК №546",
  "href" : "region/izbirkom?action=show&root=52000041&tvd=4054016231113&vrn=100100225883172&prver=0&pronetvd=null&region=5&sub_region=5",
  "prver" : "0",
  "isUik" : true,
  "selected" : false,
  "load_on_demand" : false
}, {
  "id" : 4054016231114,
  "text" : "УИК №547",
  "href" : "region/izbirkom?action=show&root=52000041&tvd=4054016231114&vrn=100100225883172&prver=0&pronetvd=null&region=5&sub_region=5",
  "prver" : "0",
  "isUik" : true,
  "selected" : false,
  "load_on_demand" : false
}, {
  "id" : 4054016231115,
  "text" : "УИК №548",
  "href" : "region/izbirkom?action=show&root=52000041&tvd=4054016231115&vrn=100100225883172&prver=0&pronetvd=null&region=5&sub_region=5",
  "prver" : "0",
  "isUik" : true,
  "selected" : false,
  "load_on_demand" : false
}, {
  "id" : 4054016231116,
  "text" : "УИК №549",
  "href" : "region/izbirkom?action=show&root=52000041&tvd=4054016231116&vrn=100100225883172&prver=0&pronetvd=null&region=5&sub_region=5",
  "prver" : "0",
  "isUik" : true,
  "selected" : false,
  "load_on_demand" : false
}, {
  "id" : 4054016231117,
  "text" : "УИК №550",
  "href" : "region/izbirkom?action=show&root=52000041&tvd=4054016231117&vrn=100100225883172&prver=0&pronetvd=null&region=5&sub_region=5",
  "prver" : "0",
  "isUik" : true,
  "selected" : false,
  "load_on_demand" : false
}, {
  "id" : 4054016231118,
  "text" : "УИК №551",
  "href" : "region/izbirkom?action=show&root=52000041&tvd=4054016231118&vrn=100100225883172&prver=0&pronetvd=null&region=5&sub_region=5",
  "prver" : "0",
  "isUik" : true,
  "selected" : false,
  "load_on_demand" : false
}, {
  "id" : 4054016231119,
  "text" : "УИК №552",
  "href" : "region/izbirkom?action=show&root=52000041&tvd=4054016231119&vrn=100100225883172&prver=0&pronetvd=null&region=5&sub_region=5",
  "prver" : "0",
  "isUik" : true,
  "selected" : false,
  "load_on_demand" : false
}, {
  "id" : 4054016231120,
  "text" : "УИК №553",
  "href" : "region/izbirkom?action=show&root=52000041&tvd=4054016231120&vrn=100100225883172&prver=0&pronetvd=null&region=5&sub_region=5",
  "prver" : "0",
  "isUik" : true,
  "selected" : false,
  "load_on_demand" : false
}, {
  "id" : 4054016231121,
  "text" : "УИК №554",
  "href" : "region/izbirkom?action=show&root=52000041&tvd=4054016231121&vrn=100100225883172&prver=0&pronetvd=null&region=5&sub_region=5",
  "prver" : "0",
  "isUik" : true,
  "selected" : false,
  "load_on_demand" : false
}, {
  "id" : 4054016231122,
  "text" : "УИК №555",
  "href" : "region/izbirkom?action=show&root=52000041&tvd=4054016231122&vrn=100100225883172&prver=0&pronetvd=null&region=5&sub_region=5",
  "prver" : "0",
  "isUik" : true,
  "selected" : false,
  "load_on_demand" : false
}, {
  "id" : 4054016231123,
  "text" : "УИК №556",
  "href" : "region/izbirkom?action=show&root=52000041&tvd=4054016231123&vrn=100100225883172&prver=0&pronetvd=null&region=5&sub_region=5",
  "prver" : "0",
  "isUik" : true,
  "selected" : false,
  "load_on_demand" : false
}, {
  "id" : 4054016231124,
  "text" : "УИК №557",
  "href" : "region/izbirkom?action=show&root=52000041&tvd=4054016231124&vrn=100100225883172&prver=0&pronetvd=null&region=5&sub_region=5",
  "prver" : "0",
  "isUik" : true,
  "selected" : false,
  "load_on_demand" : false
}, {
  "id" : 4054016231125,
  "text" : "УИК №558",
  "href" : "region/izbirkom?action=show&root=52000041&tvd=4054016231125&vrn=100100225883172&prver=0&pronetvd=null&region=5&sub_region=5",
  "prver" : "0",
  "isUik" : true,
  "selected" : false,
  "load_on_demand" : false
}, {
  "id" : 4054016231126,
  "text" : "УИК №559",
  "href" : "region/izbirkom?action=show&root=52000041&tvd=4054016231126&vrn=100100225883172&prver=0&pronetvd=null&region=5&sub_region=5",
  "prver" : "0",
  "isUik" : true,
  "selected" : false,
  "load_on_demand" : false
}, {
  "id" : 4054016231127,
  "text" : "УИК №560",
  "href" : "region/izbirkom?action=show&root=52000041&tvd=4054016231127&vrn=100100225883172&prver=0&pronetvd=null&region=5&sub_region=5",
  "prver" : "0",
  "isUik" : true,
  "selected" : false,
  "load_on_demand" : false
}, {
  "id" : 4054016231128,
  "text" : "УИК №561",
  "href" : "region/izbirkom?action=show&root=52000041&tvd=4054016231128&vrn=100100225883172&prver=0&pronetvd=null&region=5&sub_region=5",
  "prver" : "0",
  "isUik" : true,
  "selected" : false,
  "load_on_demand" : false
}, {
  "id" : 4054016231129,
  "text" : "УИК №562",
  "href" : "region/izbirkom?action=show&root=52000041&tvd=4054016231129&vrn=100100225883172&prver=0&pronetvd=null&region=5&sub_region=5",
  "prver" : "0",
  "isUik" : true,
  "selected" : false,
  "load_on_demand" : false
}, {
  "id" : 4054016231130,
  "text" : "УИК №563",
  "href" : "region/izbirkom?action=show&root=52000041&tvd=4054016231130&vrn=100100225883172&prver=0&pronetvd=null&region=5&sub_region=5",
  "prver" : "0",
  "isUik" : true,
  "selected" : false,
  "load_on_demand" : false
}, {
  "id" : 4054016231131,
  "text" : "УИК №564",
  "href" : "region/izbirkom?action=show&root=52000041&tvd=4054016231131&vrn=100100225883172&prver=0&pronetvd=null&region=5&sub_region=5",
  "prver" : "0",
  "isUik" : true,
  "selected" : false,
  "load_on_demand" : false
}, {
  "id" : 4054016231132,
  "text" : "УИК №565",
  "href" : "region/izbirkom?action=show&root=52000041&tvd=4054016231132&vrn=100100225883172&prver=0&pronetvd=null&region=5&sub_region=5",
  "prver" : "0",
  "isUik" : true,
  "selected" : false,
  "load_on_demand" : false
}, {
  "id" : 4054016231133,
  "text" : "УИК №566",
  "href" : "region/izbirkom?action=show&root=52000041&tvd=4054016231133&vrn=100100225883172&prver=0&pronetvd=null&region=5&sub_region=5",
  "prver" : "0",
  "isUik" : true,
  "selected" : false,
  "load_on_demand" : false
}, {
  "id" : 4054016231134,
  "text" : "УИК №1918",
  "href" : "region/izbirkom?action=show&root=52000041&tvd=4054016231134&vrn=100100225883172&prver=0&pronetvd=null&region=5&sub_region=5",
  "prver" : "0",
  "isUik" : true,
  "selected" : false,
  "load_on_demand" : false
} ]