[ {
  "id" : 4054018255139,
  "text" : "УИК №607",
  "href" : "region/izbirkom?action=show&root=52000021&tvd=4054018255139&vrn=100100225883172&prver=0&pronetvd=null&region=5&sub_region=5",
  "prver" : "0",
  "isUik" : true,
  "selected" : false,
  "load_on_demand" : false
}, {
  "id" : 4054018255140,
  "text" : "УИК №608",
  "href" : "region/izbirkom?action=show&root=52000021&tvd=4054018255140&vrn=100100225883172&prver=0&pronetvd=null&region=5&sub_region=5",
  "prver" : "0",
  "isUik" : true,
  "selected" : false,
  "load_on_demand" : false
}, {
  "id" : 4054018255141,
  "text" : "УИК №609",
  "href" : "region/izbirkom?action=show&root=52000021&tvd=4054018255141&vrn=100100225883172&prver=0&pronetvd=null&region=5&sub_region=5",
  "prver" : "0",
  "isUik" : true,
  "selected" : false,
  "load_on_demand" : false
}, {
  "id" : 4054018255142,
  "text" : "УИК №610",
  "href" : "region/izbirkom?action=show&root=52000021&tvd=4054018255142&vrn=100100225883172&prver=0&pronetvd=null&region=5&sub_region=5",
  "prver" : "0",
  "isUik" : true,
  "selected" : false,
  "load_on_demand" : false
}, {
  "id" : 4054018255143,
  "text" : "УИК №611",
  "href" : "region/izbirkom?action=show&root=52000021&tvd=4054018255143&vrn=100100225883172&prver=0&pronetvd=null&region=5&sub_region=5",
  "prver" : "0",
  "isUik" : true,
  "selected" : false,
  "load_on_demand" : false
}, {
  "id" : 4054018255144,
  "text" : "УИК №612",
  "href" : "region/izbirkom?action=show&root=52000021&tvd=4054018255144&vrn=100100225883172&prver=0&pronetvd=null&region=5&sub_region=5",
  "prver" : "0",
  "isUik" : true,
  "selected" : false,
  "load_on_demand" : false
}, {
  "id" : 4054018255145,
  "text" : "УИК №613",
  "href" : "region/izbirkom?action=show&root=52000021&tvd=4054018255145&vrn=100100225883172&prver=0&pronetvd=null&region=5&sub_region=5",
  "prver" : "0",
  "isUik" : true,
  "selected" : false,
  "load_on_demand" : false
}, {
  "id" : 4054018255146,
  "text" : "УИК №614",
  "href" : "region/izbirkom?action=show&root=52000021&tvd=4054018255146&vrn=100100225883172&prver=0&pronetvd=null&region=5&sub_region=5",
  "prver" : "0",
  "isUik" : true,
  "selected" : false,
  "load_on_demand" : false
}, {
  "id" : 4054018255147,
  "text" : "УИК №615",
  "href" : "region/izbirkom?action=show&root=52000021&tvd=4054018255147&vrn=100100225883172&prver=0&pronetvd=null&region=5&sub_region=5",
  "prver" : "0",
  "isUik" : true,
  "selected" : false,
  "load_on_demand" : false
}, {
  "id" : 4054018255148,
  "text" : "УИК №616",
  "href" : "region/izbirkom?action=show&root=52000021&tvd=4054018255148&vrn=100100225883172&prver=0&pronetvd=null&region=5&sub_region=5",
  "prver" : "0",
  "isUik" : true,
  "selected" : false,
  "load_on_demand" : false
}, {
  "id" : 4054018255149,
  "text" : "УИК №617",
  "href" : "region/izbirkom?action=show&root=52000021&tvd=4054018255149&vrn=100100225883172&prver=0&pronetvd=null&region=5&sub_region=5",
  "prver" : "0",
  "isUik" : true,
  "selected" : false,
  "load_on_demand" : false
}, {
  "id" : 4054018255150,
  "text" : "УИК №618",
  "href" : "region/izbirkom?action=show&root=52000021&tvd=4054018255150&vrn=100100225883172&prver=0&pronetvd=null&region=5&sub_region=5",
  "prver" : "0",
  "isUik" : true,
  "selected" : false,
  "load_on_demand" : false
}, {
  "id" : 4054018255151,
  "text" : "УИК №619",
  "href" : "region/izbirkom?action=show&root=52000021&tvd=4054018255151&vrn=100100225883172&prver=0&pronetvd=null&region=5&sub_region=5",
  "prver" : "0",
  "isUik" : true,
  "selected" : false,
  "load_on_demand" : false
}, {
  "id" : 4054018255152,
  "text" : "УИК №620",
  "href" : "region/izbirkom?action=show&root=52000021&tvd=4054018255152&vrn=100100225883172&prver=0&pronetvd=null&region=5&sub_region=5",
  "prver" : "0",
  "isUik" : true,
  "selected" : false,
  "load_on_demand" : false
}, {
  "id" : 4054018255153,
  "text" : "УИК №621",
  "href" : "region/izbirkom?action=show&root=52000021&tvd=4054018255153&vrn=100100225883172&prver=0&pronetvd=null&region=5&sub_region=5",
  "prver" : "0",
  "isUik" : true,
  "selected" : false,
  "load_on_demand" : false
}, {
  "id" : 4054018255154,
  "text" : "УИК №622",
  "href" : "region/izbirkom?action=show&root=52000021&tvd=4054018255154&vrn=100100225883172&prver=0&pronetvd=null&region=5&sub_region=5",
  "prver" : "0",
  "isUik" : true,
  "selected" : false,
  "load_on_demand" : false
}, {
  "id" : 4054018255155,
  "text" : "УИК №623",
  "href" : "region/izbirkom?action=show&root=52000021&tvd=4054018255155&vrn=100100225883172&prver=0&pronetvd=null&region=5&sub_region=5",
  "prver" : "0",
  "isUik" : true,
  "selected" : false,
  "load_on_demand" : false
}, {
  "id" : 4054018255156,
  "text" : "УИК №624",
  "href" : "region/izbirkom?action=show&root=52000021&tvd=4054018255156&vrn=100100225883172&prver=0&pronetvd=null&region=5&sub_region=5",
  "prver" : "0",
  "isUik" : true,
  "selected" : false,
  "load_on_demand" : false
}, {
  "id" : 4054018255157,
  "text" : "УИК №625",
  "href" : "region/izbirkom?action=show&root=52000021&tvd=4054018255157&vrn=100100225883172&prver=0&pronetvd=null&region=5&sub_region=5",
  "prver" : "0",
  "isUik" : true,
  "selected" : false,
  "load_on_demand" : false
}, {
  "id" : 4054018255158,
  "text" : "УИК №626",
  "href" : "region/izbirkom?action=show&root=52000021&tvd=4054018255158&vrn=100100225883172&prver=0&pronetvd=null&region=5&sub_region=5",
  "prver" : "0",
  "isUik" : true,
  "selected" : false,
  "load_on_demand" : false
}, {
  "id" : 4054018255159,
  "text" : "УИК №627",
  "href" : "region/izbirkom?action=show&root=52000021&tvd=4054018255159&vrn=100100225883172&prver=0&pronetvd=null&region=5&sub_region=5",
  "prver" : "0",
  "isUik" : true,
  "selected" : false,
  "load_on_demand" : false
}, {
  "id" : 4054018255160,
  "text" : "УИК №628",
  "href" : "region/izbirkom?action=show&root=52000021&tvd=4054018255160&vrn=100100225883172&prver=0&pronetvd=null&region=5&sub_region=5",
  "prver" : "0",
  "isUik" : true,
  "selected" : false,
  "load_on_demand" : false
}, {
  "id" : 4054018255161,
  "text" : "УИК №629",
  "href" : "region/izbirkom?action=show&root=52000021&tvd=4054018255161&vrn=100100225883172&prver=0&pronetvd=null&region=5&sub_region=5",
  "prver" : "0",
  "isUik" : true,
  "selected" : false,
  "load_on_demand" : false
}, {
  "id" : 4054018255162,
  "text" : "УИК №630",
  "href" : "region/izbirkom?action=show&root=52000021&tvd=4054018255162&vrn=100100225883172&prver=0&pronetvd=null&region=5&sub_region=5",
  "prver" : "0",
  "isUik" : true,
  "selected" : false,
  "load_on_demand" : false
}, {
  "id" : 4054018255163,
  "text" : "УИК №631",
  "href" : "region/izbirkom?action=show&root=52000021&tvd=4054018255163&vrn=100100225883172&prver=0&pronetvd=null&region=5&sub_region=5",
  "prver" : "0",
  "isUik" : true,
  "selected" : false,
  "load_on_demand" : false
}, {
  "id" : 4054018255164,
  "text" : "УИК №632",
  "href" : "region/izbirkom?action=show&root=52000021&tvd=4054018255164&vrn=100100225883172&prver=0&pronetvd=null&region=5&sub_region=5",
  "prver" : "0",
  "isUik" : true,
  "selected" : false,
  "load_on_demand" : false
}, {
  "id" : 4054018255165,
  "text" : "УИК №633",
  "href" : "region/izbirkom?action=show&root=52000021&tvd=4054018255165&vrn=100100225883172&prver=0&pronetvd=null&region=5&sub_region=5",
  "prver" : "0",
  "isUik" : true,
  "selected" : false,
  "load_on_demand" : false
}, {
  "id" : 4054018255166,
  "text" : "УИК №634",
  "href" : "region/izbirkom?action=show&root=52000021&tvd=4054018255166&vrn=100100225883172&prver=0&pronetvd=null&region=5&sub_region=5",
  "prver" : "0",
  "isUik" : true,
  "selected" : false,
  "load_on_demand" : false
}, {
  "id" : 4054018255167,
  "text" : "УИК №635",
  "href" : "region/izbirkom?action=show&root=52000021&tvd=4054018255167&vrn=100100225883172&prver=0&pronetvd=null&region=5&sub_region=5",
  "prver" : "0",
  "isUik" : true,
  "selected" : false,
  "load_on_demand" : false
}, {
  "id" : 4054018255168,
  "text" : "УИК №636",
  "href" : "region/izbirkom?action=show&root=52000021&tvd=4054018255168&vrn=100100225883172&prver=0&pronetvd=null&region=5&sub_region=5",
  "prver" : "0",
  "isUik" : true,
  "selected" : false,
  "load_on_demand" : false
}, {
  "id" : 4054018255169,
  "text" : "УИК №637",
  "href" : "region/izbirkom?action=show&root=52000021&tvd=4054018255169&vrn=100100225883172&prver=0&pronetvd=null&region=5&sub_region=5",
  "prver" : "0",
  "isUik" : true,
  "selected" : false,
  "load_on_demand" : false
}, {
  "id" : 4054018255170,
  "text" : "УИК №638",
  "href" : "region/izbirkom?action=show&root=52000021&tvd=4054018255170&vrn=100100225883172&prver=0&pronetvd=null&region=5&sub_region=5",
  "prver" : "0",
  "isUik" : true,
  "selected" : false,
  "load_on_demand" : false
} ]