[ {
  "id" : 4054010198598,
  "text" : "УИК №326",
  "href" : "region/izbirkom?action=show&root=52000044&tvd=4054010198598&vrn=100100225883172&prver=0&pronetvd=null&region=5&sub_region=5",
  "prver" : "0",
  "isUik" : true,
  "selected" : false,
  "load_on_demand" : false
}, {
  "id" : 4054010198599,
  "text" : "УИК №327",
  "href" : "region/izbirkom?action=show&root=52000044&tvd=4054010198599&vrn=100100225883172&prver=0&pronetvd=null&region=5&sub_region=5",
  "prver" : "0",
  "isUik" : true,
  "selected" : false,
  "load_on_demand" : false
}, {
  "id" : 4054010198600,
  "text" : "УИК №328",
  "href" : "region/izbirkom?action=show&root=52000044&tvd=4054010198600&vrn=100100225883172&prver=0&pronetvd=null&region=5&sub_region=5",
  "prver" : "0",
  "isUik" : true,
  "selected" : false,
  "load_on_demand" : false
}, {
  "id" : 4054010198601,
  "text" : "УИК №329",
  "href" : "region/izbirkom?action=show&root=52000044&tvd=4054010198601&vrn=100100225883172&prver=0&pronetvd=null&region=5&sub_region=5",
  "prver" : "0",
  "isUik" : true,
  "selected" : false,
  "load_on_demand" : false
}, {
  "id" : 4054010198602,
  "text" : "УИК №330",
  "href" : "region/izbirkom?action=show&root=52000044&tvd=4054010198602&vrn=100100225883172&prver=0&pronetvd=null&region=5&sub_region=5",
  "prver" : "0",
  "isUik" : true,
  "selected" : false,
  "load_on_demand" : false
}, {
  "id" : 4054010198603,
  "text" : "УИК №331",
  "href" : "region/izbirkom?action=show&root=52000044&tvd=4054010198603&vrn=100100225883172&prver=0&pronetvd=null&region=5&sub_region=5",
  "prver" : "0",
  "isUik" : true,
  "selected" : false,
  "load_on_demand" : false
}, {
  "id" : 4054010198604,
  "text" : "УИК №332",
  "href" : "region/izbirkom?action=show&root=52000044&tvd=4054010198604&vrn=100100225883172&prver=0&pronetvd=null&region=5&sub_region=5",
  "prver" : "0",
  "isUik" : true,
  "selected" : false,
  "load_on_demand" : false
}, {
  "id" : 4054010198605,
  "text" : "УИК №333",
  "href" : "region/izbirkom?action=show&root=52000044&tvd=4054010198605&vrn=100100225883172&prver=0&pronetvd=null&region=5&sub_region=5",
  "prver" : "0",
  "isUik" : true,
  "selected" : false,
  "load_on_demand" : false
}, {
  "id" : 4054010198606,
  "text" : "УИК №334",
  "href" : "region/izbirkom?action=show&root=52000044&tvd=4054010198606&vrn=100100225883172&prver=0&pronetvd=null&region=5&sub_region=5",
  "prver" : "0",
  "isUik" : true,
  "selected" : false,
  "load_on_demand" : false
}, {
  "id" : 4054010198607,
  "text" : "УИК №335",
  "href" : "region/izbirkom?action=show&root=52000044&tvd=4054010198607&vrn=100100225883172&prver=0&pronetvd=null&region=5&sub_region=5",
  "prver" : "0",
  "isUik" : true,
  "selected" : false,
  "load_on_demand" : false
}, {
  "id" : 4054010198608,
  "text" : "УИК №336",
  "href" : "region/izbirkom?action=show&root=52000044&tvd=4054010198608&vrn=100100225883172&prver=0&pronetvd=null&region=5&sub_region=5",
  "prver" : "0",
  "isUik" : true,
  "selected" : false,
  "load_on_demand" : false
}, {
  "id" : 4054010198609,
  "text" : "УИК №337",
  "href" : "region/izbirkom?action=show&root=52000044&tvd=4054010198609&vrn=100100225883172&prver=0&pronetvd=null&region=5&sub_region=5",
  "prver" : "0",
  "isUik" : true,
  "selected" : false,
  "load_on_demand" : false
}, {
  "id" : 4054010198610,
  "text" : "УИК №338",
  "href" : "region/izbirkom?action=show&root=52000044&tvd=4054010198610&vrn=100100225883172&prver=0&pronetvd=null&region=5&sub_region=5",
  "prver" : "0",
  "isUik" : true,
  "selected" : false,
  "load_on_demand" : false
}, {
  "id" : 4054010198611,
  "text" : "УИК №339",
  "href" : "region/izbirkom?action=show&root=52000044&tvd=4054010198611&vrn=100100225883172&prver=0&pronetvd=null&region=5&sub_region=5",
  "prver" : "0",
  "isUik" : true,
  "selected" : false,
  "load_on_demand" : false
}, {
  "id" : 4054010198612,
  "text" : "УИК №340",
  "href" : "region/izbirkom?action=show&root=52000044&tvd=4054010198612&vrn=100100225883172&prver=0&pronetvd=null&region=5&sub_region=5",
  "prver" : "0",
  "isUik" : true,
  "selected" : false,
  "load_on_demand" : false
}, {
  "id" : 4054010198613,
  "text" : "УИК №341",
  "href" : "region/izbirkom?action=show&root=52000044&tvd=4054010198613&vrn=100100225883172&prver=0&pronetvd=null&region=5&sub_region=5",
  "prver" : "0",
  "isUik" : true,
  "selected" : false,
  "load_on_demand" : false
}, {
  "id" : 4054010198614,
  "text" : "УИК №342",
  "href" : "region/izbirkom?action=show&root=52000044&tvd=4054010198614&vrn=100100225883172&prver=0&pronetvd=null&region=5&sub_region=5",
  "prver" : "0",
  "isUik" : true,
  "selected" : false,
  "load_on_demand" : false
}, {
  "id" : 4054010198615,
  "text" : "УИК №343",
  "href" : "region/izbirkom?action=show&root=52000044&tvd=4054010198615&vrn=100100225883172&prver=0&pronetvd=null&region=5&sub_region=5",
  "prver" : "0",
  "isUik" : true,
  "selected" : false,
  "load_on_demand" : false
}, {
  "id" : 4054010198616,
  "text" : "УИК №344",
  "href" : "region/izbirkom?action=show&root=52000044&tvd=4054010198616&vrn=100100225883172&prver=0&pronetvd=null&region=5&sub_region=5",
  "prver" : "0",
  "isUik" : true,
  "selected" : false,
  "load_on_demand" : false
}, {
  "id" : 4054010198617,
  "text" : "УИК №345",
  "href" : "region/izbirkom?action=show&root=52000044&tvd=4054010198617&vrn=100100225883172&prver=0&pronetvd=null&region=5&sub_region=5",
  "prver" : "0",
  "isUik" : true,
  "selected" : false,
  "load_on_demand" : false
}, {
  "id" : 4054010198618,
  "text" : "УИК №346",
  "href" : "region/izbirkom?action=show&root=52000044&tvd=4054010198618&vrn=100100225883172&prver=0&pronetvd=null&region=5&sub_region=5",
  "prver" : "0",
  "isUik" : true,
  "selected" : false,
  "load_on_demand" : false
}, {
  "id" : 4054010198619,
  "text" : "УИК №347",
  "href" : "region/izbirkom?action=show&root=52000044&tvd=4054010198619&vrn=100100225883172&prver=0&pronetvd=null&region=5&sub_region=5",
  "prver" : "0",
  "isUik" : true,
  "selected" : false,
  "load_on_demand" : false
}, {
  "id" : 4054010198620,
  "text" : "УИК №348",
  "href" : "region/izbirkom?action=show&root=52000044&tvd=4054010198620&vrn=100100225883172&prver=0&pronetvd=null&region=5&sub_region=5",
  "prver" : "0",
  "isUik" : true,
  "selected" : false,
  "load_on_demand" : false
}, {
  "id" : 4054010198621,
  "text" : "УИК №349",
  "href" : "region/izbirkom?action=show&root=52000044&tvd=4054010198621&vrn=100100225883172&prver=0&pronetvd=null&region=5&sub_region=5",
  "prver" : "0",
  "isUik" : true,
  "selected" : false,
  "load_on_demand" : false
}, {
  "id" : 4054010198622,
  "text" : "УИК №350",
  "href" : "region/izbirkom?action=show&root=52000044&tvd=4054010198622&vrn=100100225883172&prver=0&pronetvd=null&region=5&sub_region=5",
  "prver" : "0",
  "isUik" : true,
  "selected" : false,
  "load_on_demand" : false
}, {
  "id" : 4054010198623,
  "text" : "УИК №351",
  "href" : "region/izbirkom?action=show&root=52000044&tvd=4054010198623&vrn=100100225883172&prver=0&pronetvd=null&region=5&sub_region=5",
  "prver" : "0",
  "isUik" : true,
  "selected" : false,
  "load_on_demand" : false
}, {
  "id" : 4054010198624,
  "text" : "УИК №352",
  "href" : "region/izbirkom?action=show&root=52000044&tvd=4054010198624&vrn=100100225883172&prver=0&pronetvd=null&region=5&sub_region=5",
  "prver" : "0",
  "isUik" : true,
  "selected" : false,
  "load_on_demand" : false
}, {
  "id" : 4054010198625,
  "text" : "УИК №353",
  "href" : "region/izbirkom?action=show&root=52000044&tvd=4054010198625&vrn=100100225883172&prver=0&pronetvd=null&region=5&sub_region=5",
  "prver" : "0",
  "isUik" : true,
  "selected" : false,
  "load_on_demand" : false
}, {
  "id" : 4054010198626,
  "text" : "УИК №354",
  "href" : "region/izbirkom?action=show&root=52000044&tvd=4054010198626&vrn=100100225883172&prver=0&pronetvd=null&region=5&sub_region=5",
  "prver" : "0",
  "isUik" : true,
  "selected" : false,
  "load_on_demand" : false
}, {
  "id" : 4054010198627,
  "text" : "УИК №355",
  "href" : "region/izbirkom?action=show&root=52000044&tvd=4054010198627&vrn=100100225883172&prver=0&pronetvd=null&region=5&sub_region=5",
  "prver" : "0",
  "isUik" : true,
  "selected" : false,
  "load_on_demand" : false
}, {
  "id" : 4054010198628,
  "text" : "УИК №356",
  "href" : "region/izbirkom?action=show&root=52000044&tvd=4054010198628&vrn=100100225883172&prver=0&pronetvd=null&region=5&sub_region=5",
  "prver" : "0",
  "isUik" : true,
  "selected" : false,
  "load_on_demand" : false
}, {
  "id" : 4054010198629,
  "text" : "УИК №357",
  "href" : "region/izbirkom?action=show&root=52000044&tvd=4054010198629&vrn=100100225883172&prver=0&pronetvd=null&region=5&sub_region=5",
  "prver" : "0",
  "isUik" : true,
  "selected" : false,
  "load_on_demand" : false
}, {
  "id" : 4054010198630,
  "text" : "УИК №358",
  "href" : "region/izbirkom?action=show&root=52000044&tvd=4054010198630&vrn=100100225883172&prver=0&pronetvd=null&region=5&sub_region=5",
  "prver" : "0",
  "isUik" : true,
  "selected" : false,
  "load_on_demand" : false
}, {
  "id" : 4054010198631,
  "text" : "УИК №359",
  "href" : "region/izbirkom?action=show&root=52000044&tvd=4054010198631&vrn=100100225883172&prver=0&pronetvd=null&region=5&sub_region=5",
  "prver" : "0",
  "isUik" : true,
  "selected" : false,
  "load_on_demand" : false
}, {
  "id" : 4054010198632,
  "text" : "УИК №360",
  "href" : "region/izbirkom?action=show&root=52000044&tvd=4054010198632&vrn=100100225883172&prver=0&pronetvd=null&region=5&sub_region=5",
  "prver" : "0",
  "isUik" : true,
  "selected" : false,
  "load_on_demand" : false
}, {
  "id" : 4054010198633,
  "text" : "УИК №361",
  "href" : "region/izbirkom?action=show&root=52000044&tvd=4054010198633&vrn=100100225883172&prver=0&pronetvd=null&region=5&sub_region=5",
  "prver" : "0",
  "isUik" : true,
  "selected" : false,
  "load_on_demand" : false
}, {
  "id" : 4054010198634,
  "text" : "УИК №362",
  "href" : "region/izbirkom?action=show&root=52000044&tvd=4054010198634&vrn=100100225883172&prver=0&pronetvd=null&region=5&sub_region=5",
  "prver" : "0",
  "isUik" : true,
  "selected" : false,
  "load_on_demand" : false
}, {
  "id" : 4054010198635,
  "text" : "УИК №363",
  "href" : "region/izbirkom?action=show&root=52000044&tvd=4054010198635&vrn=100100225883172&prver=0&pronetvd=null&region=5&sub_region=5",
  "prver" : "0",
  "isUik" : true,
  "selected" : false,
  "load_on_demand" : false
}, {
  "id" : 4054010198636,
  "text" : "УИК №364",
  "href" : "region/izbirkom?action=show&root=52000044&tvd=4054010198636&vrn=100100225883172&prver=0&pronetvd=null&region=5&sub_region=5",
  "prver" : "0",
  "isUik" : true,
  "selected" : false,
  "load_on_demand" : false
}, {
  "id" : 4054010198637,
  "text" : "УИК №365",
  "href" : "region/izbirkom?action=show&root=52000044&tvd=4054010198637&vrn=100100225883172&prver=0&pronetvd=null&region=5&sub_region=5",
  "prver" : "0",
  "isUik" : true,
  "selected" : false,
  "load_on_demand" : false
}, {
  "id" : 4054010198638,
  "text" : "УИК №366",
  "href" : "region/izbirkom?action=show&root=52000044&tvd=4054010198638&vrn=100100225883172&prver=0&pronetvd=null&region=5&sub_region=5",
  "prver" : "0",
  "isUik" : true,
  "selected" : false,
  "load_on_demand" : false
}, {
  "id" : 4054010198639,
  "text" : "УИК №367",
  "href" : "region/izbirkom?action=show&root=52000044&tvd=4054010198639&vrn=100100225883172&prver=0&pronetvd=null&region=5&sub_region=5",
  "prver" : "0",
  "isUik" : true,
  "selected" : false,
  "load_on_demand" : false
}, {
  "id" : 4054010198640,
  "text" : "УИК №368",
  "href" : "region/izbirkom?action=show&root=52000044&tvd=4054010198640&vrn=100100225883172&prver=0&pronetvd=null&region=5&sub_region=5",
  "prver" : "0",
  "isUik" : true,
  "selected" : false,
  "load_on_demand" : false
}, {
  "id" : 4054010198641,
  "text" : "УИК №369",
  "href" : "region/izbirkom?action=show&root=52000044&tvd=4054010198641&vrn=100100225883172&prver=0&pronetvd=null&region=5&sub_region=5",
  "prver" : "0",
  "isUik" : true,
  "selected" : false,
  "load_on_demand" : false
} ]