[ {
  "id" : 4054050238354,
  "text" : "УИК №745",
  "href" : "region/izbirkom?action=show&root=52000003&tvd=4054050238354&vrn=100100225883172&prver=0&pronetvd=null&region=5&sub_region=5",
  "prver" : "0",
  "isUik" : true,
  "selected" : false,
  "load_on_demand" : false
}, {
  "id" : 4054050238355,
  "text" : "УИК №746",
  "href" : "region/izbirkom?action=show&root=52000003&tvd=4054050238355&vrn=100100225883172&prver=0&pronetvd=null&region=5&sub_region=5",
  "prver" : "0",
  "isUik" : true,
  "selected" : false,
  "load_on_demand" : false
}, {
  "id" : 4054050238356,
  "text" : "УИК №747",
  "href" : "region/izbirkom?action=show&root=52000003&tvd=4054050238356&vrn=100100225883172&prver=0&pronetvd=null&region=5&sub_region=5",
  "prver" : "0",
  "isUik" : true,
  "selected" : false,
  "load_on_demand" : false
}, {
  "id" : 4054050238357,
  "text" : "УИК №748",
  "href" : "region/izbirkom?action=show&root=52000003&tvd=4054050238357&vrn=100100225883172&prver=0&pronetvd=null&region=5&sub_region=5",
  "prver" : "0",
  "isUik" : true,
  "selected" : false,
  "load_on_demand" : false
}, {
  "id" : 4054050238358,
  "text" : "УИК №749",
  "href" : "region/izbirkom?action=show&root=52000003&tvd=4054050238358&vrn=100100225883172&prver=0&pronetvd=null&region=5&sub_region=5",
  "prver" : "0",
  "isUik" : true,
  "selected" : false,
  "load_on_demand" : false
}, {
  "id" : 4054050238359,
  "text" : "УИК №750",
  "href" : "region/izbirkom?action=show&root=52000003&tvd=4054050238359&vrn=100100225883172&prver=0&pronetvd=null&region=5&sub_region=5",
  "prver" : "0",
  "isUik" : true,
  "selected" : false,
  "load_on_demand" : false
}, {
  "id" : 4054050238360,
  "text" : "УИК №751",
  "href" : "region/izbirkom?action=show&root=52000003&tvd=4054050238360&vrn=100100225883172&prver=0&pronetvd=null&region=5&sub_region=5",
  "prver" : "0",
  "isUik" : true,
  "selected" : false,
  "load_on_demand" : false
}, {
  "id" : 4054050238361,
  "text" : "УИК №752",
  "href" : "region/izbirkom?action=show&root=52000003&tvd=4054050238361&vrn=100100225883172&prver=0&pronetvd=null&region=5&sub_region=5",
  "prver" : "0",
  "isUik" : true,
  "selected" : false,
  "load_on_demand" : false
}, {
  "id" : 4054050238362,
  "text" : "УИК №753",
  "href" : "region/izbirkom?action=show&root=52000003&tvd=4054050238362&vrn=100100225883172&prver=0&pronetvd=null&region=5&sub_region=5",
  "prver" : "0",
  "isUik" : true,
  "selected" : false,
  "load_on_demand" : false
}, {
  "id" : 4054050238363,
  "text" : "УИК №754",
  "href" : "region/izbirkom?action=show&root=52000003&tvd=4054050238363&vrn=100100225883172&prver=0&pronetvd=null&region=5&sub_region=5",
  "prver" : "0",
  "isUik" : true,
  "selected" : false,
  "load_on_demand" : false
}, {
  "id" : 4054050238364,
  "text" : "УИК №755",
  "href" : "region/izbirkom?action=show&root=52000003&tvd=4054050238364&vrn=100100225883172&prver=0&pronetvd=null&region=5&sub_region=5",
  "prver" : "0",
  "isUik" : true,
  "selected" : false,
  "load_on_demand" : false
}, {
  "id" : 4054050238365,
  "text" : "УИК №756",
  "href" : "region/izbirkom?action=show&root=52000003&tvd=4054050238365&vrn=100100225883172&prver=0&pronetvd=null&region=5&sub_region=5",
  "prver" : "0",
  "isUik" : true,
  "selected" : false,
  "load_on_demand" : false
}, {
  "id" : 4054050238366,
  "text" : "УИК №757",
  "href" : "region/izbirkom?action=show&root=52000003&tvd=4054050238366&vrn=100100225883172&prver=0&pronetvd=null&region=5&sub_region=5",
  "prver" : "0",
  "isUik" : true,
  "selected" : false,
  "load_on_demand" : false
}, {
  "id" : 4054050238367,
  "text" : "УИК №758",
  "href" : "region/izbirkom?action=show&root=52000003&tvd=4054050238367&vrn=100100225883172&prver=0&pronetvd=null&region=5&sub_region=5",
  "prver" : "0",
  "isUik" : true,
  "selected" : false,
  "load_on_demand" : false
}, {
  "id" : 4054050238368,
  "text" : "УИК №759",
  "href" : "region/izbirkom?action=show&root=52000003&tvd=4054050238368&vrn=100100225883172&prver=0&pronetvd=null&region=5&sub_region=5",
  "prver" : "0",
  "isUik" : true,
  "selected" : false,
  "load_on_demand" : false
}, {
  "id" : 4054050238369,
  "text" : "УИК №760",
  "href" : "region/izbirkom?action=show&root=52000003&tvd=4054050238369&vrn=100100225883172&prver=0&pronetvd=null&region=5&sub_region=5",
  "prver" : "0",
  "isUik" : true,
  "selected" : false,
  "load_on_demand" : false
}, {
  "id" : 4054050238370,
  "text" : "УИК №761",
  "href" : "region/izbirkom?action=show&root=52000003&tvd=4054050238370&vrn=100100225883172&prver=0&pronetvd=null&region=5&sub_region=5",
  "prver" : "0",
  "isUik" : true,
  "selected" : false,
  "load_on_demand" : false
}, {
  "id" : 4054050238371,
  "text" : "УИК №762",
  "href" : "region/izbirkom?action=show&root=52000003&tvd=4054050238371&vrn=100100225883172&prver=0&pronetvd=null&region=5&sub_region=5",
  "prver" : "0",
  "isUik" : true,
  "selected" : false,
  "load_on_demand" : false
}, {
  "id" : 4054050238372,
  "text" : "УИК №763",
  "href" : "region/izbirkom?action=show&root=52000003&tvd=4054050238372&vrn=100100225883172&prver=0&pronetvd=null&region=5&sub_region=5",
  "prver" : "0",
  "isUik" : true,
  "selected" : false,
  "load_on_demand" : false
}, {
  "id" : 4054050238373,
  "text" : "УИК №764",
  "href" : "region/izbirkom?action=show&root=52000003&tvd=4054050238373&vrn=100100225883172&prver=0&pronetvd=null&region=5&sub_region=5",
  "prver" : "0",
  "isUik" : true,
  "selected" : false,
  "load_on_demand" : false
}, {
  "id" : 4054050238374,
  "text" : "УИК №765",
  "href" : "region/izbirkom?action=show&root=52000003&tvd=4054050238374&vrn=100100225883172&prver=0&pronetvd=null&region=5&sub_region=5",
  "prver" : "0",
  "isUik" : true,
  "selected" : false,
  "load_on_demand" : false
}, {
  "id" : 4054050238375,
  "text" : "УИК №766",
  "href" : "region/izbirkom?action=show&root=52000003&tvd=4054050238375&vrn=100100225883172&prver=0&pronetvd=null&region=5&sub_region=5",
  "prver" : "0",
  "isUik" : true,
  "selected" : false,
  "load_on_demand" : false
}, {
  "id" : 4054050238376,
  "text" : "УИК №767",
  "href" : "region/izbirkom?action=show&root=52000003&tvd=4054050238376&vrn=100100225883172&prver=0&pronetvd=null&region=5&sub_region=5",
  "prver" : "0",
  "isUik" : true,
  "selected" : false,
  "load_on_demand" : false
}, {
  "id" : 4054050238377,
  "text" : "УИК №768",
  "href" : "region/izbirkom?action=show&root=52000003&tvd=4054050238377&vrn=100100225883172&prver=0&pronetvd=null&region=5&sub_region=5",
  "prver" : "0",
  "isUik" : true,
  "selected" : false,
  "load_on_demand" : false
}, {
  "id" : 4054050238378,
  "text" : "УИК №769",
  "href" : "region/izbirkom?action=show&root=52000003&tvd=4054050238378&vrn=100100225883172&prver=0&pronetvd=null&region=5&sub_region=5",
  "prver" : "0",
  "isUik" : true,
  "selected" : false,
  "load_on_demand" : false
}, {
  "id" : 4054050238379,
  "text" : "УИК №770",
  "href" : "region/izbirkom?action=show&root=52000003&tvd=4054050238379&vrn=100100225883172&prver=0&pronetvd=null&region=5&sub_region=5",
  "prver" : "0",
  "isUik" : true,
  "selected" : false,
  "load_on_demand" : false
}, {
  "id" : 4054050238380,
  "text" : "УИК №771",
  "href" : "region/izbirkom?action=show&root=52000003&tvd=4054050238380&vrn=100100225883172&prver=0&pronetvd=null&region=5&sub_region=5",
  "prver" : "0",
  "isUik" : true,
  "selected" : false,
  "load_on_demand" : false
}, {
  "id" : 4054050238381,
  "text" : "УИК №772",
  "href" : "region/izbirkom?action=show&root=52000003&tvd=4054050238381&vrn=100100225883172&prver=0&pronetvd=null&region=5&sub_region=5",
  "prver" : "0",
  "isUik" : true,
  "selected" : false,
  "load_on_demand" : false
}, {
  "id" : 4054050238382,
  "text" : "УИК №773",
  "href" : "region/izbirkom?action=show&root=52000003&tvd=4054050238382&vrn=100100225883172&prver=0&pronetvd=null&region=5&sub_region=5",
  "prver" : "0",
  "isUik" : true,
  "selected" : false,
  "load_on_demand" : false
}, {
  "id" : 4054050238383,
  "text" : "УИК №774",
  "href" : "region/izbirkom?action=show&root=52000003&tvd=4054050238383&vrn=100100225883172&prver=0&pronetvd=null&region=5&sub_region=5",
  "prver" : "0",
  "isUik" : true,
  "selected" : false,
  "load_on_demand" : false
}, {
  "id" : 4054050238384,
  "text" : "УИК №775",
  "href" : "region/izbirkom?action=show&root=52000003&tvd=4054050238384&vrn=100100225883172&prver=0&pronetvd=null&region=5&sub_region=5",
  "prver" : "0",
  "isUik" : true,
  "selected" : false,
  "load_on_demand" : false
}, {
  "id" : 4054050238385,
  "text" : "УИК №776",
  "href" : "region/izbirkom?action=show&root=52000003&tvd=4054050238385&vrn=100100225883172&prver=0&pronetvd=null&region=5&sub_region=5",
  "prver" : "0",
  "isUik" : true,
  "selected" : false,
  "load_on_demand" : false
}, {
  "id" : 4054050238386,
  "text" : "УИК №777",
  "href" : "region/izbirkom?action=show&root=52000003&tvd=4054050238386&vrn=100100225883172&prver=0&pronetvd=null&region=5&sub_region=5",
  "prver" : "0",
  "isUik" : true,
  "selected" : false,
  "load_on_demand" : false
}, {
  "id" : 4054050238387,
  "text" : "УИК №778",
  "href" : "region/izbirkom?action=show&root=52000003&tvd=4054050238387&vrn=100100225883172&prver=0&pronetvd=null&region=5&sub_region=5",
  "prver" : "0",
  "isUik" : true,
  "selected" : false,
  "load_on_demand" : false
}, {
  "id" : 4054050238388,
  "text" : "УИК №779",
  "href" : "region/izbirkom?action=show&root=52000003&tvd=4054050238388&vrn=100100225883172&prver=0&pronetvd=null&region=5&sub_region=5",
  "prver" : "0",
  "isUik" : true,
  "selected" : false,
  "load_on_demand" : false
}, {
  "id" : 4054050238389,
  "text" : "УИК №780",
  "href" : "region/izbirkom?action=show&root=52000003&tvd=4054050238389&vrn=100100225883172&prver=0&pronetvd=null&region=5&sub_region=5",
  "prver" : "0",
  "isUik" : true,
  "selected" : false,
  "load_on_demand" : false
}, {
  "id" : 4054050238390,
  "text" : "УИК №781",
  "href" : "region/izbirkom?action=show&root=52000003&tvd=4054050238390&vrn=100100225883172&prver=0&pronetvd=null&region=5&sub_region=5",
  "prver" : "0",
  "isUik" : true,
  "selected" : false,
  "load_on_demand" : false
}, {
  "id" : 4054050238391,
  "text" : "УИК №782",
  "href" : "region/izbirkom?action=show&root=52000003&tvd=4054050238391&vrn=100100225883172&prver=0&pronetvd=null&region=5&sub_region=5",
  "prver" : "0",
  "isUik" : true,
  "selected" : false,
  "load_on_demand" : false
}, {
  "id" : 4054050238392,
  "text" : "УИК №783",
  "href" : "region/izbirkom?action=show&root=52000003&tvd=4054050238392&vrn=100100225883172&prver=0&pronetvd=null&region=5&sub_region=5",
  "prver" : "0",
  "isUik" : true,
  "selected" : false,
  "load_on_demand" : false
}, {
  "id" : 4054050238393,
  "text" : "УИК №784",
  "href" : "region/izbirkom?action=show&root=52000003&tvd=4054050238393&vrn=100100225883172&prver=0&pronetvd=null&region=5&sub_region=5",
  "prver" : "0",
  "isUik" : true,
  "selected" : false,
  "load_on_demand" : false
}, {
  "id" : 4054050238394,
  "text" : "УИК №785",
  "href" : "region/izbirkom?action=show&root=52000003&tvd=4054050238394&vrn=100100225883172&prver=0&pronetvd=null&region=5&sub_region=5",
  "prver" : "0",
  "isUik" : true,
  "selected" : false,
  "load_on_demand" : false
}, {
  "id" : 4054050238395,
  "text" : "УИК №786",
  "href" : "region/izbirkom?action=show&root=52000003&tvd=4054050238395&vrn=100100225883172&prver=0&pronetvd=null&region=5&sub_region=5",
  "prver" : "0",
  "isUik" : true,
  "selected" : false,
  "load_on_demand" : false
}, {
  "id" : 4054050238396,
  "text" : "УИК №787",
  "href" : "region/izbirkom?action=show&root=52000003&tvd=4054050238396&vrn=100100225883172&prver=0&pronetvd=null&region=5&sub_region=5",
  "prver" : "0",
  "isUik" : true,
  "selected" : false,
  "load_on_demand" : false
}, {
  "id" : 4054050238397,
  "text" : "УИК №788",
  "href" : "region/izbirkom?action=show&root=52000003&tvd=4054050238397&vrn=100100225883172&prver=0&pronetvd=null&region=5&sub_region=5",
  "prver" : "0",
  "isUik" : true,
  "selected" : false,
  "load_on_demand" : false
}, {
  "id" : 4054050238398,
  "text" : "УИК №789",
  "href" : "region/izbirkom?action=show&root=52000003&tvd=4054050238398&vrn=100100225883172&prver=0&pronetvd=null&region=5&sub_region=5",
  "prver" : "0",
  "isUik" : true,
  "selected" : false,
  "load_on_demand" : false
}, {
  "id" : 4054050238399,
  "text" : "УИК №790",
  "href" : "region/izbirkom?action=show&root=52000003&tvd=4054050238399&vrn=100100225883172&prver=0&pronetvd=null&region=5&sub_region=5",
  "prver" : "0",
  "isUik" : true,
  "selected" : false,
  "load_on_demand" : false
}, {
  "id" : 4054050238400,
  "text" : "УИК №791",
  "href" : "region/izbirkom?action=show&root=52000003&tvd=4054050238400&vrn=100100225883172&prver=0&pronetvd=null&region=5&sub_region=5",
  "prver" : "0",
  "isUik" : true,
  "selected" : false,
  "load_on_demand" : false
}, {
  "id" : 4054050238401,
  "text" : "УИК №792",
  "href" : "region/izbirkom?action=show&root=52000003&tvd=4054050238401&vrn=100100225883172&prver=0&pronetvd=null&region=5&sub_region=5",
  "prver" : "0",
  "isUik" : true,
  "selected" : false,
  "load_on_demand" : false
}, {
  "id" : 4054050238402,
  "text" : "УИК №793",
  "href" : "region/izbirkom?action=show&root=52000003&tvd=4054050238402&vrn=100100225883172&prver=0&pronetvd=null&region=5&sub_region=5",
  "prver" : "0",
  "isUik" : true,
  "selected" : false,
  "load_on_demand" : false
}, {
  "id" : 4054050238403,
  "text" : "УИК №794",
  "href" : "region/izbirkom?action=show&root=52000003&tvd=4054050238403&vrn=100100225883172&prver=0&pronetvd=null&region=5&sub_region=5",
  "prver" : "0",
  "isUik" : true,
  "selected" : false,
  "load_on_demand" : false
}, {
  "id" : 4054050238404,
  "text" : "УИК №795",
  "href" : "region/izbirkom?action=show&root=52000003&tvd=4054050238404&vrn=100100225883172&prver=0&pronetvd=null&region=5&sub_region=5",
  "prver" : "0",
  "isUik" : true,
  "selected" : false,
  "load_on_demand" : false
}, {
  "id" : 4054050238405,
  "text" : "УИК №796",
  "href" : "region/izbirkom?action=show&root=52000003&tvd=4054050238405&vrn=100100225883172&prver=0&pronetvd=null&region=5&sub_region=5",
  "prver" : "0",
  "isUik" : true,
  "selected" : false,
  "load_on_demand" : false
}, {
  "id" : 4054050238406,
  "text" : "УИК №797",
  "href" : "region/izbirkom?action=show&root=52000003&tvd=4054050238406&vrn=100100225883172&prver=0&pronetvd=null&region=5&sub_region=5",
  "prver" : "0",
  "isUik" : true,
  "selected" : false,
  "load_on_demand" : false
}, {
  "id" : 4054050238407,
  "text" : "УИК №798",
  "href" : "region/izbirkom?action=show&root=52000003&tvd=4054050238407&vrn=100100225883172&prver=0&pronetvd=null&region=5&sub_region=5",
  "prver" : "0",
  "isUik" : true,
  "selected" : false,
  "load_on_demand" : false
} ]