[ {
  "id" : 4054034243982,
  "text" : "УИК №1284",
  "href" : "region/izbirkom?action=show&root=52000015&tvd=4054034243982&vrn=100100225883172&prver=0&pronetvd=null&region=5&sub_region=5",
  "prver" : "0",
  "isUik" : true,
  "selected" : false,
  "load_on_demand" : false
}, {
  "id" : 4054034243983,
  "text" : "УИК №1285",
  "href" : "region/izbirkom?action=show&root=52000015&tvd=4054034243983&vrn=100100225883172&prver=0&pronetvd=null&region=5&sub_region=5",
  "prver" : "0",
  "isUik" : true,
  "selected" : false,
  "load_on_demand" : false
}, {
  "id" : 4054034243984,
  "text" : "УИК №1286",
  "href" : "region/izbirkom?action=show&root=52000015&tvd=4054034243984&vrn=100100225883172&prver=0&pronetvd=null&region=5&sub_region=5",
  "prver" : "0",
  "isUik" : true,
  "selected" : false,
  "load_on_demand" : false
}, {
  "id" : 4054034243985,
  "text" : "УИК №1287",
  "href" : "region/izbirkom?action=show&root=52000015&tvd=4054034243985&vrn=100100225883172&prver=0&pronetvd=null&region=5&sub_region=5",
  "prver" : "0",
  "isUik" : true,
  "selected" : false,
  "load_on_demand" : false
}, {
  "id" : 4054034243986,
  "text" : "УИК №1288",
  "href" : "region/izbirkom?action=show&root=52000015&tvd=4054034243986&vrn=100100225883172&prver=0&pronetvd=null&region=5&sub_region=5",
  "prver" : "0",
  "isUik" : true,
  "selected" : false,
  "load_on_demand" : false
}, {
  "id" : 4054034243987,
  "text" : "УИК №1289",
  "href" : "region/izbirkom?action=show&root=52000015&tvd=4054034243987&vrn=100100225883172&prver=0&pronetvd=null&region=5&sub_region=5",
  "prver" : "0",
  "isUik" : true,
  "selected" : false,
  "load_on_demand" : false
}, {
  "id" : 4054034243988,
  "text" : "УИК №1290",
  "href" : "region/izbirkom?action=show&root=52000015&tvd=4054034243988&vrn=100100225883172&prver=0&pronetvd=null&region=5&sub_region=5",
  "prver" : "0",
  "isUik" : true,
  "selected" : false,
  "load_on_demand" : false
}, {
  "id" : 4054034243989,
  "text" : "УИК №1291",
  "href" : "region/izbirkom?action=show&root=52000015&tvd=4054034243989&vrn=100100225883172&prver=0&pronetvd=null&region=5&sub_region=5",
  "prver" : "0",
  "isUik" : true,
  "selected" : false,
  "load_on_demand" : false
}, {
  "id" : 4054034243990,
  "text" : "УИК №1292",
  "href" : "region/izbirkom?action=show&root=52000015&tvd=4054034243990&vrn=100100225883172&prver=0&pronetvd=null&region=5&sub_region=5",
  "prver" : "0",
  "isUik" : true,
  "selected" : false,
  "load_on_demand" : false
}, {
  "id" : 4054034243991,
  "text" : "УИК №1293",
  "href" : "region/izbirkom?action=show&root=52000015&tvd=4054034243991&vrn=100100225883172&prver=0&pronetvd=null&region=5&sub_region=5",
  "prver" : "0",
  "isUik" : true,
  "selected" : false,
  "load_on_demand" : false
}, {
  "id" : 4054034243992,
  "text" : "УИК №1294",
  "href" : "region/izbirkom?action=show&root=52000015&tvd=4054034243992&vrn=100100225883172&prver=0&pronetvd=null&region=5&sub_region=5",
  "prver" : "0",
  "isUik" : true,
  "selected" : false,
  "load_on_demand" : false
}, {
  "id" : 4054034243993,
  "text" : "УИК №1295",
  "href" : "region/izbirkom?action=show&root=52000015&tvd=4054034243993&vrn=100100225883172&prver=0&pronetvd=null&region=5&sub_region=5",
  "prver" : "0",
  "isUik" : true,
  "selected" : false,
  "load_on_demand" : false
}, {
  "id" : 4054034243994,
  "text" : "УИК №1296",
  "href" : "region/izbirkom?action=show&root=52000015&tvd=4054034243994&vrn=100100225883172&prver=0&pronetvd=null&region=5&sub_region=5",
  "prver" : "0",
  "isUik" : true,
  "selected" : false,
  "load_on_demand" : false
}, {
  "id" : 4054034243995,
  "text" : "УИК №1297",
  "href" : "region/izbirkom?action=show&root=52000015&tvd=4054034243995&vrn=100100225883172&prver=0&pronetvd=null&region=5&sub_region=5",
  "prver" : "0",
  "isUik" : true,
  "selected" : false,
  "load_on_demand" : false
}, {
  "id" : 4054034243996,
  "text" : "УИК №1298",
  "href" : "region/izbirkom?action=show&root=52000015&tvd=4054034243996&vrn=100100225883172&prver=0&pronetvd=null&region=5&sub_region=5",
  "prver" : "0",
  "isUik" : true,
  "selected" : false,
  "load_on_demand" : false
}, {
  "id" : 4054034243997,
  "text" : "УИК №1299",
  "href" : "region/izbirkom?action=show&root=52000015&tvd=4054034243997&vrn=100100225883172&prver=0&pronetvd=null&region=5&sub_region=5",
  "prver" : "0",
  "isUik" : true,
  "selected" : false,
  "load_on_demand" : false
}, {
  "id" : 4054034243998,
  "text" : "УИК №1300",
  "href" : "region/izbirkom?action=show&root=52000015&tvd=4054034243998&vrn=100100225883172&prver=0&pronetvd=null&region=5&sub_region=5",
  "prver" : "0",
  "isUik" : true,
  "selected" : false,
  "load_on_demand" : false
}, {
  "id" : 4054034243999,
  "text" : "УИК №1301",
  "href" : "region/izbirkom?action=show&root=52000015&tvd=4054034243999&vrn=100100225883172&prver=0&pronetvd=null&region=5&sub_region=5",
  "prver" : "0",
  "isUik" : true,
  "selected" : false,
  "load_on_demand" : false
}, {
  "id" : 4054034244000,
  "text" : "УИК №1302",
  "href" : "region/izbirkom?action=show&root=52000015&tvd=4054034244000&vrn=100100225883172&prver=0&pronetvd=null&region=5&sub_region=5",
  "prver" : "0",
  "isUik" : true,
  "selected" : false,
  "load_on_demand" : false
}, {
  "id" : 4054034244001,
  "text" : "УИК №1303",
  "href" : "region/izbirkom?action=show&root=52000015&tvd=4054034244001&vrn=100100225883172&prver=0&pronetvd=null&region=5&sub_region=5",
  "prver" : "0",
  "isUik" : true,
  "selected" : false,
  "load_on_demand" : false
}, {
  "id" : 4054034244002,
  "text" : "УИК №1304",
  "href" : "region/izbirkom?action=show&root=52000015&tvd=4054034244002&vrn=100100225883172&prver=0&pronetvd=null&region=5&sub_region=5",
  "prver" : "0",
  "isUik" : true,
  "selected" : false,
  "load_on_demand" : false
}, {
  "id" : 4054034244003,
  "text" : "УИК №1305",
  "href" : "region/izbirkom?action=show&root=52000015&tvd=4054034244003&vrn=100100225883172&prver=0&pronetvd=null&region=5&sub_region=5",
  "prver" : "0",
  "isUik" : true,
  "selected" : false,
  "load_on_demand" : false
}, {
  "id" : 4054034244004,
  "text" : "УИК №1306",
  "href" : "region/izbirkom?action=show&root=52000015&tvd=4054034244004&vrn=100100225883172&prver=0&pronetvd=null&region=5&sub_region=5",
  "prver" : "0",
  "isUik" : true,
  "selected" : false,
  "load_on_demand" : false
}, {
  "id" : 4054034244005,
  "text" : "УИК №1307",
  "href" : "region/izbirkom?action=show&root=52000015&tvd=4054034244005&vrn=100100225883172&prver=0&pronetvd=null&region=5&sub_region=5",
  "prver" : "0",
  "isUik" : true,
  "selected" : false,
  "load_on_demand" : false
}, {
  "id" : 4054034244006,
  "text" : "УИК №1308",
  "href" : "region/izbirkom?action=show&root=52000015&tvd=4054034244006&vrn=100100225883172&prver=0&pronetvd=null&region=5&sub_region=5",
  "prver" : "0",
  "isUik" : true,
  "selected" : false,
  "load_on_demand" : false
}, {
  "id" : 4054034244007,
  "text" : "УИК №1309",
  "href" : "region/izbirkom?action=show&root=52000015&tvd=4054034244007&vrn=100100225883172&prver=0&pronetvd=null&region=5&sub_region=5",
  "prver" : "0",
  "isUik" : true,
  "selected" : false,
  "load_on_demand" : false
}, {
  "id" : 4054034244008,
  "text" : "УИК №1310",
  "href" : "region/izbirkom?action=show&root=52000015&tvd=4054034244008&vrn=100100225883172&prver=0&pronetvd=null&region=5&sub_region=5",
  "prver" : "0",
  "isUik" : true,
  "selected" : false,
  "load_on_demand" : false
}, {
  "id" : 4054034244009,
  "text" : "УИК №1311",
  "href" : "region/izbirkom?action=show&root=52000015&tvd=4054034244009&vrn=100100225883172&prver=0&pronetvd=null&region=5&sub_region=5",
  "prver" : "0",
  "isUik" : true,
  "selected" : false,
  "load_on_demand" : false
}, {
  "id" : 4054034244010,
  "text" : "УИК №1312",
  "href" : "region/izbirkom?action=show&root=52000015&tvd=4054034244010&vrn=100100225883172&prver=0&pronetvd=null&region=5&sub_region=5",
  "prver" : "0",
  "isUik" : true,
  "selected" : false,
  "load_on_demand" : false
}, {
  "id" : 4054034244011,
  "text" : "УИК №1313",
  "href" : "region/izbirkom?action=show&root=52000015&tvd=4054034244011&vrn=100100225883172&prver=0&pronetvd=null&region=5&sub_region=5",
  "prver" : "0",
  "isUik" : true,
  "selected" : false,
  "load_on_demand" : false
}, {
  "id" : 4054034244012,
  "text" : "УИК №1314",
  "href" : "region/izbirkom?action=show&root=52000015&tvd=4054034244012&vrn=100100225883172&prver=0&pronetvd=null&region=5&sub_region=5",
  "prver" : "0",
  "isUik" : true,
  "selected" : false,
  "load_on_demand" : false
}, {
  "id" : 4054034244013,
  "text" : "УИК №1315",
  "href" : "region/izbirkom?action=show&root=52000015&tvd=4054034244013&vrn=100100225883172&prver=0&pronetvd=null&region=5&sub_region=5",
  "prver" : "0",
  "isUik" : true,
  "selected" : false,
  "load_on_demand" : false
}, {
  "id" : 4054034244014,
  "text" : "УИК №1316",
  "href" : "region/izbirkom?action=show&root=52000015&tvd=4054034244014&vrn=100100225883172&prver=0&pronetvd=null&region=5&sub_region=5",
  "prver" : "0",
  "isUik" : true,
  "selected" : false,
  "load_on_demand" : false
}, {
  "id" : 4054034244015,
  "text" : "УИК №1317",
  "href" : "region/izbirkom?action=show&root=52000015&tvd=4054034244015&vrn=100100225883172&prver=0&pronetvd=null&region=5&sub_region=5",
  "prver" : "0",
  "isUik" : true,
  "selected" : false,
  "load_on_demand" : false
}, {
  "id" : 4054034244016,
  "text" : "УИК №1318",
  "href" : "region/izbirkom?action=show&root=52000015&tvd=4054034244016&vrn=100100225883172&prver=0&pronetvd=null&region=5&sub_region=5",
  "prver" : "0",
  "isUik" : true,
  "selected" : false,
  "load_on_demand" : false
}, {
  "id" : 4054034244017,
  "text" : "УИК №1319",
  "href" : "region/izbirkom?action=show&root=52000015&tvd=4054034244017&vrn=100100225883172&prver=0&pronetvd=null&region=5&sub_region=5",
  "prver" : "0",
  "isUik" : true,
  "selected" : false,
  "load_on_demand" : false
}, {
  "id" : 4054034244018,
  "text" : "УИК №1320",
  "href" : "region/izbirkom?action=show&root=52000015&tvd=4054034244018&vrn=100100225883172&prver=0&pronetvd=null&region=5&sub_region=5",
  "prver" : "0",
  "isUik" : true,
  "selected" : false,
  "load_on_demand" : false
}, {
  "id" : 4054034244019,
  "text" : "УИК №1321",
  "href" : "region/izbirkom?action=show&root=52000015&tvd=4054034244019&vrn=100100225883172&prver=0&pronetvd=null&region=5&sub_region=5",
  "prver" : "0",
  "isUik" : true,
  "selected" : false,
  "load_on_demand" : false
}, {
  "id" : 4054034244020,
  "text" : "УИК №1322",
  "href" : "region/izbirkom?action=show&root=52000015&tvd=4054034244020&vrn=100100225883172&prver=0&pronetvd=null&region=5&sub_region=5",
  "prver" : "0",
  "isUik" : true,
  "selected" : false,
  "load_on_demand" : false
}, {
  "id" : 4054034244021,
  "text" : "УИК №1323",
  "href" : "region/izbirkom?action=show&root=52000015&tvd=4054034244021&vrn=100100225883172&prver=0&pronetvd=null&region=5&sub_region=5",
  "prver" : "0",
  "isUik" : true,
  "selected" : false,
  "load_on_demand" : false
}, {
  "id" : 4054034244022,
  "text" : "УИК №1324",
  "href" : "region/izbirkom?action=show&root=52000015&tvd=4054034244022&vrn=100100225883172&prver=0&pronetvd=null&region=5&sub_region=5",
  "prver" : "0",
  "isUik" : true,
  "selected" : false,
  "load_on_demand" : false
}, {
  "id" : 4054034244023,
  "text" : "УИК №1325",
  "href" : "region/izbirkom?action=show&root=52000015&tvd=4054034244023&vrn=100100225883172&prver=0&pronetvd=null&region=5&sub_region=5",
  "prver" : "0",
  "isUik" : true,
  "selected" : false,
  "load_on_demand" : false
} ]