[ {
  "id" : 4054033190047,
  "text" : "УИК №1255",
  "href" : "region/izbirkom?action=show&root=52000016&tvd=4054033190047&vrn=100100225883172&prver=0&pronetvd=null&region=5&sub_region=5",
  "prver" : "0",
  "isUik" : true,
  "selected" : false,
  "load_on_demand" : false
}, {
  "id" : 4054033190048,
  "text" : "УИК №1256",
  "href" : "region/izbirkom?action=show&root=52000016&tvd=4054033190048&vrn=100100225883172&prver=0&pronetvd=null&region=5&sub_region=5",
  "prver" : "0",
  "isUik" : true,
  "selected" : false,
  "load_on_demand" : false
}, {
  "id" : 4054033190049,
  "text" : "УИК №1257",
  "href" : "region/izbirkom?action=show&root=52000016&tvd=4054033190049&vrn=100100225883172&prver=0&pronetvd=null&region=5&sub_region=5",
  "prver" : "0",
  "isUik" : true,
  "selected" : false,
  "load_on_demand" : false
}, {
  "id" : 4054033190050,
  "text" : "УИК №1258",
  "href" : "region/izbirkom?action=show&root=52000016&tvd=4054033190050&vrn=100100225883172&prver=0&pronetvd=null&region=5&sub_region=5",
  "prver" : "0",
  "isUik" : true,
  "selected" : false,
  "load_on_demand" : false
}, {
  "id" : 4054033190051,
  "text" : "УИК №1259",
  "href" : "region/izbirkom?action=show&root=52000016&tvd=4054033190051&vrn=100100225883172&prver=0&pronetvd=null&region=5&sub_region=5",
  "prver" : "0",
  "isUik" : true,
  "selected" : false,
  "load_on_demand" : false
}, {
  "id" : 4054033190052,
  "text" : "УИК №1260",
  "href" : "region/izbirkom?action=show&root=52000016&tvd=4054033190052&vrn=100100225883172&prver=0&pronetvd=null&region=5&sub_region=5",
  "prver" : "0",
  "isUik" : true,
  "selected" : false,
  "load_on_demand" : false
}, {
  "id" : 4054033190053,
  "text" : "УИК №1261",
  "href" : "region/izbirkom?action=show&root=52000016&tvd=4054033190053&vrn=100100225883172&prver=0&pronetvd=null&region=5&sub_region=5",
  "prver" : "0",
  "isUik" : true,
  "selected" : false,
  "load_on_demand" : false
}, {
  "id" : 4054033190054,
  "text" : "УИК №1262",
  "href" : "region/izbirkom?action=show&root=52000016&tvd=4054033190054&vrn=100100225883172&prver=0&pronetvd=null&region=5&sub_region=5",
  "prver" : "0",
  "isUik" : true,
  "selected" : false,
  "load_on_demand" : false
}, {
  "id" : 4054033190055,
  "text" : "УИК №1263",
  "href" : "region/izbirkom?action=show&root=52000016&tvd=4054033190055&vrn=100100225883172&prver=0&pronetvd=null&region=5&sub_region=5",
  "prver" : "0",
  "isUik" : true,
  "selected" : false,
  "load_on_demand" : false
}, {
  "id" : 4054033190056,
  "text" : "УИК №1264",
  "href" : "region/izbirkom?action=show&root=52000016&tvd=4054033190056&vrn=100100225883172&prver=0&pronetvd=null&region=5&sub_region=5",
  "prver" : "0",
  "isUik" : true,
  "selected" : false,
  "load_on_demand" : false
}, {
  "id" : 4054033190057,
  "text" : "УИК №1265",
  "href" : "region/izbirkom?action=show&root=52000016&tvd=4054033190057&vrn=100100225883172&prver=0&pronetvd=null&region=5&sub_region=5",
  "prver" : "0",
  "isUik" : true,
  "selected" : false,
  "load_on_demand" : false
}, {
  "id" : 4054033190058,
  "text" : "УИК №1266",
  "href" : "region/izbirkom?action=show&root=52000016&tvd=4054033190058&vrn=100100225883172&prver=0&pronetvd=null&region=5&sub_region=5",
  "prver" : "0",
  "isUik" : true,
  "selected" : false,
  "load_on_demand" : false
}, {
  "id" : 4054033190059,
  "text" : "УИК №1267",
  "href" : "region/izbirkom?action=show&root=52000016&tvd=4054033190059&vrn=100100225883172&prver=0&pronetvd=null&region=5&sub_region=5",
  "prver" : "0",
  "isUik" : true,
  "selected" : false,
  "load_on_demand" : false
}, {
  "id" : 4054033190060,
  "text" : "УИК №1268",
  "href" : "region/izbirkom?action=show&root=52000016&tvd=4054033190060&vrn=100100225883172&prver=0&pronetvd=null&region=5&sub_region=5",
  "prver" : "0",
  "isUik" : true,
  "selected" : false,
  "load_on_demand" : false
}, {
  "id" : 4054033190061,
  "text" : "УИК №1269",
  "href" : "region/izbirkom?action=show&root=52000016&tvd=4054033190061&vrn=100100225883172&prver=0&pronetvd=null&region=5&sub_region=5",
  "prver" : "0",
  "isUik" : true,
  "selected" : false,
  "load_on_demand" : false
}, {
  "id" : 4054033190062,
  "text" : "УИК №1270",
  "href" : "region/izbirkom?action=show&root=52000016&tvd=4054033190062&vrn=100100225883172&prver=0&pronetvd=null&region=5&sub_region=5",
  "prver" : "0",
  "isUik" : true,
  "selected" : false,
  "load_on_demand" : false
}, {
  "id" : 4054033190063,
  "text" : "УИК №1271",
  "href" : "region/izbirkom?action=show&root=52000016&tvd=4054033190063&vrn=100100225883172&prver=0&pronetvd=null&region=5&sub_region=5",
  "prver" : "0",
  "isUik" : true,
  "selected" : false,
  "load_on_demand" : false
}, {
  "id" : 4054033190064,
  "text" : "УИК №1272",
  "href" : "region/izbirkom?action=show&root=52000016&tvd=4054033190064&vrn=100100225883172&prver=0&pronetvd=null&region=5&sub_region=5",
  "prver" : "0",
  "isUik" : true,
  "selected" : false,
  "load_on_demand" : false
}, {
  "id" : 4054033190065,
  "text" : "УИК №1273",
  "href" : "region/izbirkom?action=show&root=52000016&tvd=4054033190065&vrn=100100225883172&prver=0&pronetvd=null&region=5&sub_region=5",
  "prver" : "0",
  "isUik" : true,
  "selected" : false,
  "load_on_demand" : false
}, {
  "id" : 4054033190066,
  "text" : "УИК №1274",
  "href" : "region/izbirkom?action=show&root=52000016&tvd=4054033190066&vrn=100100225883172&prver=0&pronetvd=null&region=5&sub_region=5",
  "prver" : "0",
  "isUik" : true,
  "selected" : false,
  "load_on_demand" : false
}, {
  "id" : 4054033190067,
  "text" : "УИК №1275",
  "href" : "region/izbirkom?action=show&root=52000016&tvd=4054033190067&vrn=100100225883172&prver=0&pronetvd=null&region=5&sub_region=5",
  "prver" : "0",
  "isUik" : true,
  "selected" : false,
  "load_on_demand" : false
}, {
  "id" : 4054033190068,
  "text" : "УИК №1276",
  "href" : "region/izbirkom?action=show&root=52000016&tvd=4054033190068&vrn=100100225883172&prver=0&pronetvd=null&region=5&sub_region=5",
  "prver" : "0",
  "isUik" : true,
  "selected" : false,
  "load_on_demand" : false
}, {
  "id" : 4054033190069,
  "text" : "УИК №1277",
  "href" : "region/izbirkom?action=show&root=52000016&tvd=4054033190069&vrn=100100225883172&prver=0&pronetvd=null&region=5&sub_region=5",
  "prver" : "0",
  "isUik" : true,
  "selected" : false,
  "load_on_demand" : false
}, {
  "id" : 4054033190070,
  "text" : "УИК №1278",
  "href" : "region/izbirkom?action=show&root=52000016&tvd=4054033190070&vrn=100100225883172&prver=0&pronetvd=null&region=5&sub_region=5",
  "prver" : "0",
  "isUik" : true,
  "selected" : false,
  "load_on_demand" : false
}, {
  "id" : 4054033190071,
  "text" : "УИК №1279",
  "href" : "region/izbirkom?action=show&root=52000016&tvd=4054033190071&vrn=100100225883172&prver=0&pronetvd=null&region=5&sub_region=5",
  "prver" : "0",
  "isUik" : true,
  "selected" : false,
  "load_on_demand" : false
}, {
  "id" : 4054033190072,
  "text" : "УИК №1280",
  "href" : "region/izbirkom?action=show&root=52000016&tvd=4054033190072&vrn=100100225883172&prver=0&pronetvd=null&region=5&sub_region=5",
  "prver" : "0",
  "isUik" : true,
  "selected" : false,
  "load_on_demand" : false
}, {
  "id" : 4054033190073,
  "text" : "УИК №1281",
  "href" : "region/izbirkom?action=show&root=52000016&tvd=4054033190073&vrn=100100225883172&prver=0&pronetvd=null&region=5&sub_region=5",
  "prver" : "0",
  "isUik" : true,
  "selected" : false,
  "load_on_demand" : false
}, {
  "id" : 4054033190074,
  "text" : "УИК №1282",
  "href" : "region/izbirkom?action=show&root=52000016&tvd=4054033190074&vrn=100100225883172&prver=0&pronetvd=null&region=5&sub_region=5",
  "prver" : "0",
  "isUik" : true,
  "selected" : false,
  "load_on_demand" : false
}, {
  "id" : 4054033190075,
  "text" : "УИК №1283",
  "href" : "region/izbirkom?action=show&root=52000016&tvd=4054033190075&vrn=100100225883172&prver=0&pronetvd=null&region=5&sub_region=5",
  "prver" : "0",
  "isUik" : true,
  "selected" : false,
  "load_on_demand" : false
} ]