[ {
  "id" : 4054048285047,
  "text" : "УИК №437",
  "href" : "region/izbirkom?action=show&root=52000025&tvd=4054048285047&vrn=100100225883172&prver=0&pronetvd=null&region=5&sub_region=5",
  "prver" : "0",
  "isUik" : true,
  "selected" : false,
  "load_on_demand" : false
}, {
  "id" : 4054048285048,
  "text" : "УИК №438",
  "href" : "region/izbirkom?action=show&root=52000025&tvd=4054048285048&vrn=100100225883172&prver=0&pronetvd=null&region=5&sub_region=5",
  "prver" : "0",
  "isUik" : true,
  "selected" : false,
  "load_on_demand" : false
}, {
  "id" : 4054048285049,
  "text" : "УИК №439",
  "href" : "region/izbirkom?action=show&root=52000025&tvd=4054048285049&vrn=100100225883172&prver=0&pronetvd=null&region=5&sub_region=5",
  "prver" : "0",
  "isUik" : true,
  "selected" : false,
  "load_on_demand" : false
}, {
  "id" : 4054048285050,
  "text" : "УИК №440",
  "href" : "region/izbirkom?action=show&root=52000025&tvd=4054048285050&vrn=100100225883172&prver=0&pronetvd=null&region=5&sub_region=5",
  "prver" : "0",
  "isUik" : true,
  "selected" : false,
  "load_on_demand" : false
}, {
  "id" : 4054048285051,
  "text" : "УИК №441",
  "href" : "region/izbirkom?action=show&root=52000025&tvd=4054048285051&vrn=100100225883172&prver=0&pronetvd=null&region=5&sub_region=5",
  "prver" : "0",
  "isUik" : true,
  "selected" : false,
  "load_on_demand" : false
}, {
  "id" : 4054048285052,
  "text" : "УИК №442",
  "href" : "region/izbirkom?action=show&root=52000025&tvd=4054048285052&vrn=100100225883172&prver=0&pronetvd=null&region=5&sub_region=5",
  "prver" : "0",
  "isUik" : true,
  "selected" : false,
  "load_on_demand" : false
}, {
  "id" : 4054048285053,
  "text" : "УИК №443",
  "href" : "region/izbirkom?action=show&root=52000025&tvd=4054048285053&vrn=100100225883172&prver=0&pronetvd=null&region=5&sub_region=5",
  "prver" : "0",
  "isUik" : true,
  "selected" : false,
  "load_on_demand" : false
}, {
  "id" : 4054048285054,
  "text" : "УИК №444",
  "href" : "region/izbirkom?action=show&root=52000025&tvd=4054048285054&vrn=100100225883172&prver=0&pronetvd=null&region=5&sub_region=5",
  "prver" : "0",
  "isUik" : true,
  "selected" : false,
  "load_on_demand" : false
}, {
  "id" : 4054048285055,
  "text" : "УИК №445",
  "href" : "region/izbirkom?action=show&root=52000025&tvd=4054048285055&vrn=100100225883172&prver=0&pronetvd=null&region=5&sub_region=5",
  "prver" : "0",
  "isUik" : true,
  "selected" : false,
  "load_on_demand" : false
}, {
  "id" : 4054048285056,
  "text" : "УИК №446",
  "href" : "region/izbirkom?action=show&root=52000025&tvd=4054048285056&vrn=100100225883172&prver=0&pronetvd=null&region=5&sub_region=5",
  "prver" : "0",
  "isUik" : true,
  "selected" : false,
  "load_on_demand" : false
}, {
  "id" : 4054048285057,
  "text" : "УИК №447",
  "href" : "region/izbirkom?action=show&root=52000025&tvd=4054048285057&vrn=100100225883172&prver=0&pronetvd=null&region=5&sub_region=5",
  "prver" : "0",
  "isUik" : true,
  "selected" : false,
  "load_on_demand" : false
}, {
  "id" : 4054048285058,
  "text" : "УИК №448",
  "href" : "region/izbirkom?action=show&root=52000025&tvd=4054048285058&vrn=100100225883172&prver=0&pronetvd=null&region=5&sub_region=5",
  "prver" : "0",
  "isUik" : true,
  "selected" : false,
  "load_on_demand" : false
}, {
  "id" : 4054048285059,
  "text" : "УИК №449",
  "href" : "region/izbirkom?action=show&root=52000025&tvd=4054048285059&vrn=100100225883172&prver=0&pronetvd=null&region=5&sub_region=5",
  "prver" : "0",
  "isUik" : true,
  "selected" : false,
  "load_on_demand" : false
}, {
  "id" : 4054048285060,
  "text" : "УИК №450",
  "href" : "region/izbirkom?action=show&root=52000025&tvd=4054048285060&vrn=100100225883172&prver=0&pronetvd=null&region=5&sub_region=5",
  "prver" : "0",
  "isUik" : true,
  "selected" : false,
  "load_on_demand" : false
}, {
  "id" : 4054048285061,
  "text" : "УИК №451",
  "href" : "region/izbirkom?action=show&root=52000025&tvd=4054048285061&vrn=100100225883172&prver=0&pronetvd=null&region=5&sub_region=5",
  "prver" : "0",
  "isUik" : true,
  "selected" : false,
  "load_on_demand" : false
}, {
  "id" : 4054048285062,
  "text" : "УИК №452",
  "href" : "region/izbirkom?action=show&root=52000025&tvd=4054048285062&vrn=100100225883172&prver=0&pronetvd=null&region=5&sub_region=5",
  "prver" : "0",
  "isUik" : true,
  "selected" : false,
  "load_on_demand" : false
}, {
  "id" : 4054048285063,
  "text" : "УИК №453",
  "href" : "region/izbirkom?action=show&root=52000025&tvd=4054048285063&vrn=100100225883172&prver=0&pronetvd=null&region=5&sub_region=5",
  "prver" : "0",
  "isUik" : true,
  "selected" : false,
  "load_on_demand" : false
}, {
  "id" : 4054048285064,
  "text" : "УИК №454",
  "href" : "region/izbirkom?action=show&root=52000025&tvd=4054048285064&vrn=100100225883172&prver=0&pronetvd=null&region=5&sub_region=5",
  "prver" : "0",
  "isUik" : true,
  "selected" : false,
  "load_on_demand" : false
}, {
  "id" : 4054048285065,
  "text" : "УИК №455",
  "href" : "region/izbirkom?action=show&root=52000025&tvd=4054048285065&vrn=100100225883172&prver=0&pronetvd=null&region=5&sub_region=5",
  "prver" : "0",
  "isUik" : true,
  "selected" : false,
  "load_on_demand" : false
}, {
  "id" : 4054048285066,
  "text" : "УИК №456",
  "href" : "region/izbirkom?action=show&root=52000025&tvd=4054048285066&vrn=100100225883172&prver=0&pronetvd=null&region=5&sub_region=5",
  "prver" : "0",
  "isUik" : true,
  "selected" : false,
  "load_on_demand" : false
}, {
  "id" : 4054048285067,
  "text" : "УИК №457",
  "href" : "region/izbirkom?action=show&root=52000025&tvd=4054048285067&vrn=100100225883172&prver=0&pronetvd=null&region=5&sub_region=5",
  "prver" : "0",
  "isUik" : true,
  "selected" : false,
  "load_on_demand" : false
}, {
  "id" : 4054048285068,
  "text" : "УИК №458",
  "href" : "region/izbirkom?action=show&root=52000025&tvd=4054048285068&vrn=100100225883172&prver=0&pronetvd=null&region=5&sub_region=5",
  "prver" : "0",
  "isUik" : true,
  "selected" : false,
  "load_on_demand" : false
}, {
  "id" : 4054048285069,
  "text" : "УИК №459",
  "href" : "region/izbirkom?action=show&root=52000025&tvd=4054048285069&vrn=100100225883172&prver=0&pronetvd=null&region=5&sub_region=5",
  "prver" : "0",
  "isUik" : true,
  "selected" : false,
  "load_on_demand" : false
}, {
  "id" : 4054048285070,
  "text" : "УИК №460",
  "href" : "region/izbirkom?action=show&root=52000025&tvd=4054048285070&vrn=100100225883172&prver=0&pronetvd=null&region=5&sub_region=5",
  "prver" : "0",
  "isUik" : true,
  "selected" : false,
  "load_on_demand" : false
}, {
  "id" : 4054048285071,
  "text" : "УИК №461",
  "href" : "region/izbirkom?action=show&root=52000025&tvd=4054048285071&vrn=100100225883172&prver=0&pronetvd=null&region=5&sub_region=5",
  "prver" : "0",
  "isUik" : true,
  "selected" : false,
  "load_on_demand" : false
}, {
  "id" : 4054048285072,
  "text" : "УИК №462",
  "href" : "region/izbirkom?action=show&root=52000025&tvd=4054048285072&vrn=100100225883172&prver=0&pronetvd=null&region=5&sub_region=5",
  "prver" : "0",
  "isUik" : true,
  "selected" : false,
  "load_on_demand" : false
}, {
  "id" : 4054048285073,
  "text" : "УИК №463",
  "href" : "region/izbirkom?action=show&root=52000025&tvd=4054048285073&vrn=100100225883172&prver=0&pronetvd=null&region=5&sub_region=5",
  "prver" : "0",
  "isUik" : true,
  "selected" : false,
  "load_on_demand" : false
}, {
  "id" : 4054048285074,
  "text" : "УИК №464",
  "href" : "region/izbirkom?action=show&root=52000025&tvd=4054048285074&vrn=100100225883172&prver=0&pronetvd=null&region=5&sub_region=5",
  "prver" : "0",
  "isUik" : true,
  "selected" : false,
  "load_on_demand" : false
}, {
  "id" : 4054048285075,
  "text" : "УИК №465",
  "href" : "region/izbirkom?action=show&root=52000025&tvd=4054048285075&vrn=100100225883172&prver=0&pronetvd=null&region=5&sub_region=5",
  "prver" : "0",
  "isUik" : true,
  "selected" : false,
  "load_on_demand" : false
}, {
  "id" : 4054048285076,
  "text" : "УИК №466",
  "href" : "region/izbirkom?action=show&root=52000025&tvd=4054048285076&vrn=100100225883172&prver=0&pronetvd=null&region=5&sub_region=5",
  "prver" : "0",
  "isUik" : true,
  "selected" : false,
  "load_on_demand" : false
}, {
  "id" : 4054048285077,
  "text" : "УИК №467",
  "href" : "region/izbirkom?action=show&root=52000025&tvd=4054048285077&vrn=100100225883172&prver=0&pronetvd=null&region=5&sub_region=5",
  "prver" : "0",
  "isUik" : true,
  "selected" : false,
  "load_on_demand" : false
}, {
  "id" : 4054048285078,
  "text" : "УИК №468",
  "href" : "region/izbirkom?action=show&root=52000025&tvd=4054048285078&vrn=100100225883172&prver=0&pronetvd=null&region=5&sub_region=5",
  "prver" : "0",
  "isUik" : true,
  "selected" : false,
  "load_on_demand" : false
}, {
  "id" : 4054048285079,
  "text" : "УИК №469",
  "href" : "region/izbirkom?action=show&root=52000025&tvd=4054048285079&vrn=100100225883172&prver=0&pronetvd=null&region=5&sub_region=5",
  "prver" : "0",
  "isUik" : true,
  "selected" : false,
  "load_on_demand" : false
}, {
  "id" : 4054048285080,
  "text" : "УИК №470",
  "href" : "region/izbirkom?action=show&root=52000025&tvd=4054048285080&vrn=100100225883172&prver=0&pronetvd=null&region=5&sub_region=5",
  "prver" : "0",
  "isUik" : true,
  "selected" : false,
  "load_on_demand" : false
}, {
  "id" : 4054048285081,
  "text" : "УИК №471",
  "href" : "region/izbirkom?action=show&root=52000025&tvd=4054048285081&vrn=100100225883172&prver=0&pronetvd=null&region=5&sub_region=5",
  "prver" : "0",
  "isUik" : true,
  "selected" : false,
  "load_on_demand" : false
}, {
  "id" : 4054048285082,
  "text" : "УИК №472",
  "href" : "region/izbirkom?action=show&root=52000025&tvd=4054048285082&vrn=100100225883172&prver=0&pronetvd=null&region=5&sub_region=5",
  "prver" : "0",
  "isUik" : true,
  "selected" : false,
  "load_on_demand" : false
}, {
  "id" : 4054048285083,
  "text" : "УИК №473",
  "href" : "region/izbirkom?action=show&root=52000025&tvd=4054048285083&vrn=100100225883172&prver=0&pronetvd=null&region=5&sub_region=5",
  "prver" : "0",
  "isUik" : true,
  "selected" : false,
  "load_on_demand" : false
}, {
  "id" : 4054048285084,
  "text" : "УИК №474",
  "href" : "region/izbirkom?action=show&root=52000025&tvd=4054048285084&vrn=100100225883172&prver=0&pronetvd=null&region=5&sub_region=5",
  "prver" : "0",
  "isUik" : true,
  "selected" : false,
  "load_on_demand" : false
}, {
  "id" : 4054048285085,
  "text" : "УИК №475",
  "href" : "region/izbirkom?action=show&root=52000025&tvd=4054048285085&vrn=100100225883172&prver=0&pronetvd=null&region=5&sub_region=5",
  "prver" : "0",
  "isUik" : true,
  "selected" : false,
  "load_on_demand" : false
}, {
  "id" : 4054048285086,
  "text" : "УИК №476",
  "href" : "region/izbirkom?action=show&root=52000025&tvd=4054048285086&vrn=100100225883172&prver=0&pronetvd=null&region=5&sub_region=5",
  "prver" : "0",
  "isUik" : true,
  "selected" : false,
  "load_on_demand" : false
}, {
  "id" : 4054048285087,
  "text" : "УИК №477",
  "href" : "region/izbirkom?action=show&root=52000025&tvd=4054048285087&vrn=100100225883172&prver=0&pronetvd=null&region=5&sub_region=5",
  "prver" : "0",
  "isUik" : true,
  "selected" : false,
  "load_on_demand" : false
}, {
  "id" : 4054048285088,
  "text" : "УИК №478",
  "href" : "region/izbirkom?action=show&root=52000025&tvd=4054048285088&vrn=100100225883172&prver=0&pronetvd=null&region=5&sub_region=5",
  "prver" : "0",
  "isUik" : true,
  "selected" : false,
  "load_on_demand" : false
}, {
  "id" : 4054048285089,
  "text" : "УИК №1915",
  "href" : "region/izbirkom?action=show&root=52000025&tvd=4054048285089&vrn=100100225883172&prver=0&pronetvd=null&region=5&sub_region=5",
  "prver" : "0",
  "isUik" : true,
  "selected" : false,
  "load_on_demand" : false
}, {
  "id" : 4054048285090,
  "text" : "УИК №1916",
  "href" : "region/izbirkom?action=show&root=52000025&tvd=4054048285090&vrn=100100225883172&prver=0&pronetvd=null&region=5&sub_region=5",
  "prver" : "0",
  "isUik" : true,
  "selected" : false,
  "load_on_demand" : false
} ]