[ {
  "id" : 4054042247562,
  "text" : "УИК №1708",
  "href" : "region/izbirkom?action=show&root=52000030&tvd=4054042247562&vrn=100100225883172&prver=0&pronetvd=null&region=5&sub_region=5",
  "prver" : "0",
  "isUik" : true,
  "selected" : false,
  "load_on_demand" : false
}, {
  "id" : 4054042247818,
  "text" : "УИК №1709",
  "href" : "region/izbirkom?action=show&root=52000030&tvd=4054042247818&vrn=100100225883172&prver=0&pronetvd=null&region=5&sub_region=5",
  "prver" : "0",
  "isUik" : true,
  "selected" : false,
  "load_on_demand" : false
}, {
  "id" : 4054042247564,
  "text" : "УИК №1710",
  "href" : "region/izbirkom?action=show&root=52000030&tvd=4054042247564&vrn=100100225883172&prver=0&pronetvd=null&region=5&sub_region=5",
  "prver" : "0",
  "isUik" : true,
  "selected" : false,
  "load_on_demand" : false
}, {
  "id" : 4054042247820,
  "text" : "УИК №1711",
  "href" : "region/izbirkom?action=show&root=52000030&tvd=4054042247820&vrn=100100225883172&prver=0&pronetvd=null&region=5&sub_region=5",
  "prver" : "0",
  "isUik" : true,
  "selected" : false,
  "load_on_demand" : false
}, {
  "id" : 4054042247822,
  "text" : "УИК №1712",
  "href" : "region/izbirkom?action=show&root=52000030&tvd=4054042247822&vrn=100100225883172&prver=0&pronetvd=null&region=5&sub_region=5",
  "prver" : "0",
  "isUik" : true,
  "selected" : false,
  "load_on_demand" : false
}, {
  "id" : 4054042247824,
  "text" : "УИК №1713",
  "href" : "region/izbirkom?action=show&root=52000030&tvd=4054042247824&vrn=100100225883172&prver=0&pronetvd=null&region=5&sub_region=5",
  "prver" : "0",
  "isUik" : true,
  "selected" : false,
  "load_on_demand" : false
}, {
  "id" : 4054042247826,
  "text" : "УИК №1714",
  "href" : "region/izbirkom?action=show&root=52000030&tvd=4054042247826&vrn=100100225883172&prver=0&pronetvd=null&region=5&sub_region=5",
  "prver" : "0",
  "isUik" : true,
  "selected" : false,
  "load_on_demand" : false
}, {
  "id" : 4054042247828,
  "text" : "УИК №1715",
  "href" : "region/izbirkom?action=show&root=52000030&tvd=4054042247828&vrn=100100225883172&prver=0&pronetvd=null&region=5&sub_region=5",
  "prver" : "0",
  "isUik" : true,
  "selected" : false,
  "load_on_demand" : false
}, {
  "id" : 4054042247830,
  "text" : "УИК №1716",
  "href" : "region/izbirkom?action=show&root=52000030&tvd=4054042247830&vrn=100100225883172&prver=0&pronetvd=null&region=5&sub_region=5",
  "prver" : "0",
  "isUik" : true,
  "selected" : false,
  "load_on_demand" : false
}, {
  "id" : 4054042247832,
  "text" : "УИК №1717",
  "href" : "region/izbirkom?action=show&root=52000030&tvd=4054042247832&vrn=100100225883172&prver=0&pronetvd=null&region=5&sub_region=5",
  "prver" : "0",
  "isUik" : true,
  "selected" : false,
  "load_on_demand" : false
}, {
  "id" : 4054042247834,
  "text" : "УИК №1718",
  "href" : "region/izbirkom?action=show&root=52000030&tvd=4054042247834&vrn=100100225883172&prver=0&pronetvd=null&region=5&sub_region=5",
  "prver" : "0",
  "isUik" : true,
  "selected" : false,
  "load_on_demand" : false
}, {
  "id" : 4054042247836,
  "text" : "УИК №1719",
  "href" : "region/izbirkom?action=show&root=52000030&tvd=4054042247836&vrn=100100225883172&prver=0&pronetvd=null&region=5&sub_region=5",
  "prver" : "0",
  "isUik" : true,
  "selected" : false,
  "load_on_demand" : false
}, {
  "id" : 4054042247838,
  "text" : "УИК №1720",
  "href" : "region/izbirkom?action=show&root=52000030&tvd=4054042247838&vrn=100100225883172&prver=0&pronetvd=null&region=5&sub_region=5",
  "prver" : "0",
  "isUik" : true,
  "selected" : false,
  "load_on_demand" : false
}, {
  "id" : 4054042247840,
  "text" : "УИК №1721",
  "href" : "region/izbirkom?action=show&root=52000030&tvd=4054042247840&vrn=100100225883172&prver=0&pronetvd=null&region=5&sub_region=5",
  "prver" : "0",
  "isUik" : true,
  "selected" : false,
  "load_on_demand" : false
}, {
  "id" : 4054042247842,
  "text" : "УИК №1722",
  "href" : "region/izbirkom?action=show&root=52000030&tvd=4054042247842&vrn=100100225883172&prver=0&pronetvd=null&region=5&sub_region=5",
  "prver" : "0",
  "isUik" : true,
  "selected" : false,
  "load_on_demand" : false
}, {
  "id" : 4054042247844,
  "text" : "УИК №1723",
  "href" : "region/izbirkom?action=show&root=52000030&tvd=4054042247844&vrn=100100225883172&prver=0&pronetvd=null&region=5&sub_region=5",
  "prver" : "0",
  "isUik" : true,
  "selected" : false,
  "load_on_demand" : false
}, {
  "id" : 4054042247846,
  "text" : "УИК №1724",
  "href" : "region/izbirkom?action=show&root=52000030&tvd=4054042247846&vrn=100100225883172&prver=0&pronetvd=null&region=5&sub_region=5",
  "prver" : "0",
  "isUik" : true,
  "selected" : false,
  "load_on_demand" : false
}, {
  "id" : 4054042247848,
  "text" : "УИК №1725",
  "href" : "region/izbirkom?action=show&root=52000030&tvd=4054042247848&vrn=100100225883172&prver=0&pronetvd=null&region=5&sub_region=5",
  "prver" : "0",
  "isUik" : true,
  "selected" : false,
  "load_on_demand" : false
}, {
  "id" : 4054042247850,
  "text" : "УИК №1726",
  "href" : "region/izbirkom?action=show&root=52000030&tvd=4054042247850&vrn=100100225883172&prver=0&pronetvd=null&region=5&sub_region=5",
  "prver" : "0",
  "isUik" : true,
  "selected" : false,
  "load_on_demand" : false
}, {
  "id" : 4054042247852,
  "text" : "УИК №1727",
  "href" : "region/izbirkom?action=show&root=52000030&tvd=4054042247852&vrn=100100225883172&prver=0&pronetvd=null&region=5&sub_region=5",
  "prver" : "0",
  "isUik" : true,
  "selected" : false,
  "load_on_demand" : false
}, {
  "id" : 4054042247854,
  "text" : "УИК №1728",
  "href" : "region/izbirkom?action=show&root=52000030&tvd=4054042247854&vrn=100100225883172&prver=0&pronetvd=null&region=5&sub_region=5",
  "prver" : "0",
  "isUik" : true,
  "selected" : false,
  "load_on_demand" : false
}, {
  "id" : 4054042247856,
  "text" : "УИК №1729",
  "href" : "region/izbirkom?action=show&root=52000030&tvd=4054042247856&vrn=100100225883172&prver=0&pronetvd=null&region=5&sub_region=5",
  "prver" : "0",
  "isUik" : true,
  "selected" : false,
  "load_on_demand" : false
}, {
  "id" : 4054042247858,
  "text" : "УИК №1730",
  "href" : "region/izbirkom?action=show&root=52000030&tvd=4054042247858&vrn=100100225883172&prver=0&pronetvd=null&region=5&sub_region=5",
  "prver" : "0",
  "isUik" : true,
  "selected" : false,
  "load_on_demand" : false
}, {
  "id" : 4054042247860,
  "text" : "УИК №1731",
  "href" : "region/izbirkom?action=show&root=52000030&tvd=4054042247860&vrn=100100225883172&prver=0&pronetvd=null&region=5&sub_region=5",
  "prver" : "0",
  "isUik" : true,
  "selected" : false,
  "load_on_demand" : false
}, {
  "id" : 4054042247862,
  "text" : "УИК №1732",
  "href" : "region/izbirkom?action=show&root=52000030&tvd=4054042247862&vrn=100100225883172&prver=0&pronetvd=null&region=5&sub_region=5",
  "prver" : "0",
  "isUik" : true,
  "selected" : false,
  "load_on_demand" : false
}, {
  "id" : 4054042247864,
  "text" : "УИК №1733",
  "href" : "region/izbirkom?action=show&root=52000030&tvd=4054042247864&vrn=100100225883172&prver=0&pronetvd=null&region=5&sub_region=5",
  "prver" : "0",
  "isUik" : true,
  "selected" : false,
  "load_on_demand" : false
}, {
  "id" : 4054042247866,
  "text" : "УИК №1734",
  "href" : "region/izbirkom?action=show&root=52000030&tvd=4054042247866&vrn=100100225883172&prver=0&pronetvd=null&region=5&sub_region=5",
  "prver" : "0",
  "isUik" : true,
  "selected" : false,
  "load_on_demand" : false
}, {
  "id" : 4054042247868,
  "text" : "УИК №1735",
  "href" : "region/izbirkom?action=show&root=52000030&tvd=4054042247868&vrn=100100225883172&prver=0&pronetvd=null&region=5&sub_region=5",
  "prver" : "0",
  "isUik" : true,
  "selected" : false,
  "load_on_demand" : false
}, {
  "id" : 4054042247870,
  "text" : "УИК №1736",
  "href" : "region/izbirkom?action=show&root=52000030&tvd=4054042247870&vrn=100100225883172&prver=0&pronetvd=null&region=5&sub_region=5",
  "prver" : "0",
  "isUik" : true,
  "selected" : false,
  "load_on_demand" : false
}, {
  "id" : 4054042247872,
  "text" : "УИК №1737",
  "href" : "region/izbirkom?action=show&root=52000030&tvd=4054042247872&vrn=100100225883172&prver=0&pronetvd=null&region=5&sub_region=5",
  "prver" : "0",
  "isUik" : true,
  "selected" : false,
  "load_on_demand" : false
}, {
  "id" : 4054042247874,
  "text" : "УИК №1738",
  "href" : "region/izbirkom?action=show&root=52000030&tvd=4054042247874&vrn=100100225883172&prver=0&pronetvd=null&region=5&sub_region=5",
  "prver" : "0",
  "isUik" : true,
  "selected" : false,
  "load_on_demand" : false
}, {
  "id" : 4054042247876,
  "text" : "УИК №1739",
  "href" : "region/izbirkom?action=show&root=52000030&tvd=4054042247876&vrn=100100225883172&prver=0&pronetvd=null&region=5&sub_region=5",
  "prver" : "0",
  "isUik" : true,
  "selected" : false,
  "load_on_demand" : false
}, {
  "id" : 4054042247878,
  "text" : "УИК №1740",
  "href" : "region/izbirkom?action=show&root=52000030&tvd=4054042247878&vrn=100100225883172&prver=0&pronetvd=null&region=5&sub_region=5",
  "prver" : "0",
  "isUik" : true,
  "selected" : false,
  "load_on_demand" : false
}, {
  "id" : 4054042247880,
  "text" : "УИК №1741",
  "href" : "region/izbirkom?action=show&root=52000030&tvd=4054042247880&vrn=100100225883172&prver=0&pronetvd=null&region=5&sub_region=5",
  "prver" : "0",
  "isUik" : true,
  "selected" : false,
  "load_on_demand" : false
}, {
  "id" : 4054042247882,
  "text" : "УИК №1742",
  "href" : "region/izbirkom?action=show&root=52000030&tvd=4054042247882&vrn=100100225883172&prver=0&pronetvd=null&region=5&sub_region=5",
  "prver" : "0",
  "isUik" : true,
  "selected" : false,
  "load_on_demand" : false
}, {
  "id" : 4054042247884,
  "text" : "УИК №1743",
  "href" : "region/izbirkom?action=show&root=52000030&tvd=4054042247884&vrn=100100225883172&prver=0&pronetvd=null&region=5&sub_region=5",
  "prver" : "0",
  "isUik" : true,
  "selected" : false,
  "load_on_demand" : false
}, {
  "id" : 4054042247886,
  "text" : "УИК №1744",
  "href" : "region/izbirkom?action=show&root=52000030&tvd=4054042247886&vrn=100100225883172&prver=0&pronetvd=null&region=5&sub_region=5",
  "prver" : "0",
  "isUik" : true,
  "selected" : false,
  "load_on_demand" : false
}, {
  "id" : 4054042247888,
  "text" : "УИК №1745",
  "href" : "region/izbirkom?action=show&root=52000030&tvd=4054042247888&vrn=100100225883172&prver=0&pronetvd=null&region=5&sub_region=5",
  "prver" : "0",
  "isUik" : true,
  "selected" : false,
  "load_on_demand" : false
}, {
  "id" : 4054042247890,
  "text" : "УИК №1746",
  "href" : "region/izbirkom?action=show&root=52000030&tvd=4054042247890&vrn=100100225883172&prver=0&pronetvd=null&region=5&sub_region=5",
  "prver" : "0",
  "isUik" : true,
  "selected" : false,
  "load_on_demand" : false
}, {
  "id" : 4054042247892,
  "text" : "УИК №1747",
  "href" : "region/izbirkom?action=show&root=52000030&tvd=4054042247892&vrn=100100225883172&prver=0&pronetvd=null&region=5&sub_region=5",
  "prver" : "0",
  "isUik" : true,
  "selected" : false,
  "load_on_demand" : false
}, {
  "id" : 4054042247894,
  "text" : "УИК №1748",
  "href" : "region/izbirkom?action=show&root=52000030&tvd=4054042247894&vrn=100100225883172&prver=0&pronetvd=null&region=5&sub_region=5",
  "prver" : "0",
  "isUik" : true,
  "selected" : false,
  "load_on_demand" : false
}, {
  "id" : 4054042247896,
  "text" : "УИК №1749",
  "href" : "region/izbirkom?action=show&root=52000030&tvd=4054042247896&vrn=100100225883172&prver=0&pronetvd=null&region=5&sub_region=5",
  "prver" : "0",
  "isUik" : true,
  "selected" : false,
  "load_on_demand" : false
}, {
  "id" : 4054042247898,
  "text" : "УИК №1750",
  "href" : "region/izbirkom?action=show&root=52000030&tvd=4054042247898&vrn=100100225883172&prver=0&pronetvd=null&region=5&sub_region=5",
  "prver" : "0",
  "isUik" : true,
  "selected" : false,
  "load_on_demand" : false
}, {
  "id" : 4054042247900,
  "text" : "УИК №1751",
  "href" : "region/izbirkom?action=show&root=52000030&tvd=4054042247900&vrn=100100225883172&prver=0&pronetvd=null&region=5&sub_region=5",
  "prver" : "0",
  "isUik" : true,
  "selected" : false,
  "load_on_demand" : false
}, {
  "id" : 4054042247902,
  "text" : "УИК №1752",
  "href" : "region/izbirkom?action=show&root=52000030&tvd=4054042247902&vrn=100100225883172&prver=0&pronetvd=null&region=5&sub_region=5",
  "prver" : "0",
  "isUik" : true,
  "selected" : false,
  "load_on_demand" : false
}, {
  "id" : 4054042247904,
  "text" : "УИК №1753",
  "href" : "region/izbirkom?action=show&root=52000030&tvd=4054042247904&vrn=100100225883172&prver=0&pronetvd=null&region=5&sub_region=5",
  "prver" : "0",
  "isUik" : true,
  "selected" : false,
  "load_on_demand" : false
}, {
  "id" : 4054042247906,
  "text" : "УИК №1754",
  "href" : "region/izbirkom?action=show&root=52000030&tvd=4054042247906&vrn=100100225883172&prver=0&pronetvd=null&region=5&sub_region=5",
  "prver" : "0",
  "isUik" : true,
  "selected" : false,
  "load_on_demand" : false
}, {
  "id" : 4054042247908,
  "text" : "УИК №1755",
  "href" : "region/izbirkom?action=show&root=52000030&tvd=4054042247908&vrn=100100225883172&prver=0&pronetvd=null&region=5&sub_region=5",
  "prver" : "0",
  "isUik" : true,
  "selected" : false,
  "load_on_demand" : false
}, {
  "id" : 4054042247910,
  "text" : "УИК №1756",
  "href" : "region/izbirkom?action=show&root=52000030&tvd=4054042247910&vrn=100100225883172&prver=0&pronetvd=null&region=5&sub_region=5",
  "prver" : "0",
  "isUik" : true,
  "selected" : false,
  "load_on_demand" : false
}, {
  "id" : 4054042247912,
  "text" : "УИК №1757",
  "href" : "region/izbirkom?action=show&root=52000030&tvd=4054042247912&vrn=100100225883172&prver=0&pronetvd=null&region=5&sub_region=5",
  "prver" : "0",
  "isUik" : true,
  "selected" : false,
  "load_on_demand" : false
}, {
  "id" : 4054042247914,
  "text" : "УИК №1758",
  "href" : "region/izbirkom?action=show&root=52000030&tvd=4054042247914&vrn=100100225883172&prver=0&pronetvd=null&region=5&sub_region=5",
  "prver" : "0",
  "isUik" : true,
  "selected" : false,
  "load_on_demand" : false
}, {
  "id" : 4054042247916,
  "text" : "УИК №1759",
  "href" : "region/izbirkom?action=show&root=52000030&tvd=4054042247916&vrn=100100225883172&prver=0&pronetvd=null&region=5&sub_region=5",
  "prver" : "0",
  "isUik" : true,
  "selected" : false,
  "load_on_demand" : false
}, {
  "id" : 4054042247918,
  "text" : "УИК №1760",
  "href" : "region/izbirkom?action=show&root=52000030&tvd=4054042247918&vrn=100100225883172&prver=0&pronetvd=null&region=5&sub_region=5",
  "prver" : "0",
  "isUik" : true,
  "selected" : false,
  "load_on_demand" : false
}, {
  "id" : 4054042247920,
  "text" : "УИК №1761",
  "href" : "region/izbirkom?action=show&root=52000030&tvd=4054042247920&vrn=100100225883172&prver=0&pronetvd=null&region=5&sub_region=5",
  "prver" : "0",
  "isUik" : true,
  "selected" : false,
  "load_on_demand" : false
}, {
  "id" : 4054042247922,
  "text" : "УИК №1762",
  "href" : "region/izbirkom?action=show&root=52000030&tvd=4054042247922&vrn=100100225883172&prver=0&pronetvd=null&region=5&sub_region=5",
  "prver" : "0",
  "isUik" : true,
  "selected" : false,
  "load_on_demand" : false
} ]