[ {
  "id" : 4054002222019,
  "text" : "УИК №20",
  "href" : "region/izbirkom?action=show&root=52000053&tvd=4054002222019&vrn=100100225883172&prver=0&pronetvd=null&region=5&sub_region=5",
  "prver" : "0",
  "isUik" : true,
  "selected" : false,
  "load_on_demand" : false
}, {
  "id" : 4054002222020,
  "text" : "УИК №21",
  "href" : "region/izbirkom?action=show&root=52000053&tvd=4054002222020&vrn=100100225883172&prver=0&pronetvd=null&region=5&sub_region=5",
  "prver" : "0",
  "isUik" : true,
  "selected" : false,
  "load_on_demand" : false
}, {
  "id" : 4054002222021,
  "text" : "УИК №22",
  "href" : "region/izbirkom?action=show&root=52000053&tvd=4054002222021&vrn=100100225883172&prver=0&pronetvd=null&region=5&sub_region=5",
  "prver" : "0",
  "isUik" : true,
  "selected" : false,
  "load_on_demand" : false
}, {
  "id" : 4054002222022,
  "text" : "УИК №23",
  "href" : "region/izbirkom?action=show&root=52000053&tvd=4054002222022&vrn=100100225883172&prver=0&pronetvd=null&region=5&sub_region=5",
  "prver" : "0",
  "isUik" : true,
  "selected" : false,
  "load_on_demand" : false
}, {
  "id" : 4054002222023,
  "text" : "УИК №24",
  "href" : "region/izbirkom?action=show&root=52000053&tvd=4054002222023&vrn=100100225883172&prver=0&pronetvd=null&region=5&sub_region=5",
  "prver" : "0",
  "isUik" : true,
  "selected" : false,
  "load_on_demand" : false
}, {
  "id" : 4054002222024,
  "text" : "УИК №25",
  "href" : "region/izbirkom?action=show&root=52000053&tvd=4054002222024&vrn=100100225883172&prver=0&pronetvd=null&region=5&sub_region=5",
  "prver" : "0",
  "isUik" : true,
  "selected" : false,
  "load_on_demand" : false
}, {
  "id" : 4054002222025,
  "text" : "УИК №26",
  "href" : "region/izbirkom?action=show&root=52000053&tvd=4054002222025&vrn=100100225883172&prver=0&pronetvd=null&region=5&sub_region=5",
  "prver" : "0",
  "isUik" : true,
  "selected" : false,
  "load_on_demand" : false
}, {
  "id" : 4054002222026,
  "text" : "УИК №27",
  "href" : "region/izbirkom?action=show&root=52000053&tvd=4054002222026&vrn=100100225883172&prver=0&pronetvd=null&region=5&sub_region=5",
  "prver" : "0",
  "isUik" : true,
  "selected" : false,
  "load_on_demand" : false
}, {
  "id" : 4054002222027,
  "text" : "УИК №28",
  "href" : "region/izbirkom?action=show&root=52000053&tvd=4054002222027&vrn=100100225883172&prver=0&pronetvd=null&region=5&sub_region=5",
  "prver" : "0",
  "isUik" : true,
  "selected" : false,
  "load_on_demand" : false
}, {
  "id" : 4054002222028,
  "text" : "УИК №29",
  "href" : "region/izbirkom?action=show&root=52000053&tvd=4054002222028&vrn=100100225883172&prver=0&pronetvd=null&region=5&sub_region=5",
  "prver" : "0",
  "isUik" : true,
  "selected" : false,
  "load_on_demand" : false
}, {
  "id" : 4054002222029,
  "text" : "УИК №30",
  "href" : "region/izbirkom?action=show&root=52000053&tvd=4054002222029&vrn=100100225883172&prver=0&pronetvd=null&region=5&sub_region=5",
  "prver" : "0",
  "isUik" : true,
  "selected" : false,
  "load_on_demand" : false
}, {
  "id" : 4054002222030,
  "text" : "УИК №31",
  "href" : "region/izbirkom?action=show&root=52000053&tvd=4054002222030&vrn=100100225883172&prver=0&pronetvd=null&region=5&sub_region=5",
  "prver" : "0",
  "isUik" : true,
  "selected" : false,
  "load_on_demand" : false
}, {
  "id" : 4054002222031,
  "text" : "УИК №32",
  "href" : "region/izbirkom?action=show&root=52000053&tvd=4054002222031&vrn=100100225883172&prver=0&pronetvd=null&region=5&sub_region=5",
  "prver" : "0",
  "isUik" : true,
  "selected" : false,
  "load_on_demand" : false
}, {
  "id" : 4054002222032,
  "text" : "УИК №33",
  "href" : "region/izbirkom?action=show&root=52000053&tvd=4054002222032&vrn=100100225883172&prver=0&pronetvd=null&region=5&sub_region=5",
  "prver" : "0",
  "isUik" : true,
  "selected" : false,
  "load_on_demand" : false
}, {
  "id" : 4054002222033,
  "text" : "УИК №34",
  "href" : "region/izbirkom?action=show&root=52000053&tvd=4054002222033&vrn=100100225883172&prver=0&pronetvd=null&region=5&sub_region=5",
  "prver" : "0",
  "isUik" : true,
  "selected" : false,
  "load_on_demand" : false
}, {
  "id" : 4054002222034,
  "text" : "УИК №35",
  "href" : "region/izbirkom?action=show&root=52000053&tvd=4054002222034&vrn=100100225883172&prver=0&pronetvd=null&region=5&sub_region=5",
  "prver" : "0",
  "isUik" : true,
  "selected" : false,
  "load_on_demand" : false
}, {
  "id" : 4054002222035,
  "text" : "УИК №36",
  "href" : "region/izbirkom?action=show&root=52000053&tvd=4054002222035&vrn=100100225883172&prver=0&pronetvd=null&region=5&sub_region=5",
  "prver" : "0",
  "isUik" : true,
  "selected" : false,
  "load_on_demand" : false
}, {
  "id" : 4054002222036,
  "text" : "УИК №37",
  "href" : "region/izbirkom?action=show&root=52000053&tvd=4054002222036&vrn=100100225883172&prver=0&pronetvd=null&region=5&sub_region=5",
  "prver" : "0",
  "isUik" : true,
  "selected" : false,
  "load_on_demand" : false
}, {
  "id" : 4054002222037,
  "text" : "УИК №38",
  "href" : "region/izbirkom?action=show&root=52000053&tvd=4054002222037&vrn=100100225883172&prver=0&pronetvd=null&region=5&sub_region=5",
  "prver" : "0",
  "isUik" : true,
  "selected" : false,
  "load_on_demand" : false
}, {
  "id" : 4054002222038,
  "text" : "УИК №39",
  "href" : "region/izbirkom?action=show&root=52000053&tvd=4054002222038&vrn=100100225883172&prver=0&pronetvd=null&region=5&sub_region=5",
  "prver" : "0",
  "isUik" : true,
  "selected" : false,
  "load_on_demand" : false
}, {
  "id" : 4054002222039,
  "text" : "УИК №40",
  "href" : "region/izbirkom?action=show&root=52000053&tvd=4054002222039&vrn=100100225883172&prver=0&pronetvd=null&region=5&sub_region=5",
  "prver" : "0",
  "isUik" : true,
  "selected" : false,
  "load_on_demand" : false
}, {
  "id" : 4054002222040,
  "text" : "УИК №41",
  "href" : "region/izbirkom?action=show&root=52000053&tvd=4054002222040&vrn=100100225883172&prver=0&pronetvd=null&region=5&sub_region=5",
  "prver" : "0",
  "isUik" : true,
  "selected" : false,
  "load_on_demand" : false
}, {
  "id" : 4054002222041,
  "text" : "УИК №42",
  "href" : "region/izbirkom?action=show&root=52000053&tvd=4054002222041&vrn=100100225883172&prver=0&pronetvd=null&region=5&sub_region=5",
  "prver" : "0",
  "isUik" : true,
  "selected" : false,
  "load_on_demand" : false
}, {
  "id" : 4054002222042,
  "text" : "УИК №43",
  "href" : "region/izbirkom?action=show&root=52000053&tvd=4054002222042&vrn=100100225883172&prver=0&pronetvd=null&region=5&sub_region=5",
  "prver" : "0",
  "isUik" : true,
  "selected" : false,
  "load_on_demand" : false
}, {
  "id" : 4054002222043,
  "text" : "УИК №44",
  "href" : "region/izbirkom?action=show&root=52000053&tvd=4054002222043&vrn=100100225883172&prver=0&pronetvd=null&region=5&sub_region=5",
  "prver" : "0",
  "isUik" : true,
  "selected" : false,
  "load_on_demand" : false
}, {
  "id" : 4054002222044,
  "text" : "УИК №45",
  "href" : "region/izbirkom?action=show&root=52000053&tvd=4054002222044&vrn=100100225883172&prver=0&pronetvd=null&region=5&sub_region=5",
  "prver" : "0",
  "isUik" : true,
  "selected" : false,
  "load_on_demand" : false
}, {
  "id" : 4054002222045,
  "text" : "УИК №46",
  "href" : "region/izbirkom?action=show&root=52000053&tvd=4054002222045&vrn=100100225883172&prver=0&pronetvd=null&region=5&sub_region=5",
  "prver" : "0",
  "isUik" : true,
  "selected" : false,
  "load_on_demand" : false
}, {
  "id" : 4054002222046,
  "text" : "УИК №47",
  "href" : "region/izbirkom?action=show&root=52000053&tvd=4054002222046&vrn=100100225883172&prver=0&pronetvd=null&region=5&sub_region=5",
  "prver" : "0",
  "isUik" : true,
  "selected" : false,
  "load_on_demand" : false
}, {
  "id" : 4054002222047,
  "text" : "УИК №48",
  "href" : "region/izbirkom?action=show&root=52000053&tvd=4054002222047&vrn=100100225883172&prver=0&pronetvd=null&region=5&sub_region=5",
  "prver" : "0",
  "isUik" : true,
  "selected" : false,
  "load_on_demand" : false
}, {
  "id" : 4054002222048,
  "text" : "УИК №49",
  "href" : "region/izbirkom?action=show&root=52000053&tvd=4054002222048&vrn=100100225883172&prver=0&pronetvd=null&region=5&sub_region=5",
  "prver" : "0",
  "isUik" : true,
  "selected" : false,
  "load_on_demand" : false
}, {
  "id" : 4054002222049,
  "text" : "УИК №50",
  "href" : "region/izbirkom?action=show&root=52000053&tvd=4054002222049&vrn=100100225883172&prver=0&pronetvd=null&region=5&sub_region=5",
  "prver" : "0",
  "isUik" : true,
  "selected" : false,
  "load_on_demand" : false
}, {
  "id" : 4054002222050,
  "text" : "УИК №51",
  "href" : "region/izbirkom?action=show&root=52000053&tvd=4054002222050&vrn=100100225883172&prver=0&pronetvd=null&region=5&sub_region=5",
  "prver" : "0",
  "isUik" : true,
  "selected" : false,
  "load_on_demand" : false
}, {
  "id" : 4054002222051,
  "text" : "УИК №52",
  "href" : "region/izbirkom?action=show&root=52000053&tvd=4054002222051&vrn=100100225883172&prver=0&pronetvd=null&region=5&sub_region=5",
  "prver" : "0",
  "isUik" : true,
  "selected" : false,
  "load_on_demand" : false
}, {
  "id" : 4054002222052,
  "text" : "УИК №53",
  "href" : "region/izbirkom?action=show&root=52000053&tvd=4054002222052&vrn=100100225883172&prver=0&pronetvd=null&region=5&sub_region=5",
  "prver" : "0",
  "isUik" : true,
  "selected" : false,
  "load_on_demand" : false
}, {
  "id" : 4054002222053,
  "text" : "УИК №54",
  "href" : "region/izbirkom?action=show&root=52000053&tvd=4054002222053&vrn=100100225883172&prver=0&pronetvd=null&region=5&sub_region=5",
  "prver" : "0",
  "isUik" : true,
  "selected" : false,
  "load_on_demand" : false
}, {
  "id" : 4054002222054,
  "text" : "УИК №55",
  "href" : "region/izbirkom?action=show&root=52000053&tvd=4054002222054&vrn=100100225883172&prver=0&pronetvd=null&region=5&sub_region=5",
  "prver" : "0",
  "isUik" : true,
  "selected" : false,
  "load_on_demand" : false
}, {
  "id" : 4054002222055,
  "text" : "УИК №56",
  "href" : "region/izbirkom?action=show&root=52000053&tvd=4054002222055&vrn=100100225883172&prver=0&pronetvd=null&region=5&sub_region=5",
  "prver" : "0",
  "isUik" : true,
  "selected" : false,
  "load_on_demand" : false
}, {
  "id" : 4054002222056,
  "text" : "УИК №57",
  "href" : "region/izbirkom?action=show&root=52000053&tvd=4054002222056&vrn=100100225883172&prver=0&pronetvd=null&region=5&sub_region=5",
  "prver" : "0",
  "isUik" : true,
  "selected" : false,
  "load_on_demand" : false
}, {
  "id" : 4054002222057,
  "text" : "УИК №58",
  "href" : "region/izbirkom?action=show&root=52000053&tvd=4054002222057&vrn=100100225883172&prver=0&pronetvd=null&region=5&sub_region=5",
  "prver" : "0",
  "isUik" : true,
  "selected" : false,
  "load_on_demand" : false
}, {
  "id" : 4054002222058,
  "text" : "УИК №59",
  "href" : "region/izbirkom?action=show&root=52000053&tvd=4054002222058&vrn=100100225883172&prver=0&pronetvd=null&region=5&sub_region=5",
  "prver" : "0",
  "isUik" : true,
  "selected" : false,
  "load_on_demand" : false
}, {
  "id" : 4054002222059,
  "text" : "УИК №60",
  "href" : "region/izbirkom?action=show&root=52000053&tvd=4054002222059&vrn=100100225883172&prver=0&pronetvd=null&region=5&sub_region=5",
  "prver" : "0",
  "isUik" : true,
  "selected" : false,
  "load_on_demand" : false
}, {
  "id" : 4054002222060,
  "text" : "УИК №61",
  "href" : "region/izbirkom?action=show&root=52000053&tvd=4054002222060&vrn=100100225883172&prver=0&pronetvd=null&region=5&sub_region=5",
  "prver" : "0",
  "isUik" : true,
  "selected" : false,
  "load_on_demand" : false
}, {
  "id" : 4054002222061,
  "text" : "УИК №62",
  "href" : "region/izbirkom?action=show&root=52000053&tvd=4054002222061&vrn=100100225883172&prver=0&pronetvd=null&region=5&sub_region=5",
  "prver" : "0",
  "isUik" : true,
  "selected" : false,
  "load_on_demand" : false
}, {
  "id" : 4054002222062,
  "text" : "УИК №63",
  "href" : "region/izbirkom?action=show&root=52000053&tvd=4054002222062&vrn=100100225883172&prver=0&pronetvd=null&region=5&sub_region=5",
  "prver" : "0",
  "isUik" : true,
  "selected" : false,
  "load_on_demand" : false
}, {
  "id" : 4054002222063,
  "text" : "УИК №64",
  "href" : "region/izbirkom?action=show&root=52000053&tvd=4054002222063&vrn=100100225883172&prver=0&pronetvd=null&region=5&sub_region=5",
  "prver" : "0",
  "isUik" : true,
  "selected" : false,
  "load_on_demand" : false
}, {
  "id" : 4054002222064,
  "text" : "УИК №65",
  "href" : "region/izbirkom?action=show&root=52000053&tvd=4054002222064&vrn=100100225883172&prver=0&pronetvd=null&region=5&sub_region=5",
  "prver" : "0",
  "isUik" : true,
  "selected" : false,
  "load_on_demand" : false
}, {
  "id" : 4054002222065,
  "text" : "УИК №66",
  "href" : "region/izbirkom?action=show&root=52000053&tvd=4054002222065&vrn=100100225883172&prver=0&pronetvd=null&region=5&sub_region=5",
  "prver" : "0",
  "isUik" : true,
  "selected" : false,
  "load_on_demand" : false
}, {
  "id" : 4054002222066,
  "text" : "УИК №67",
  "href" : "region/izbirkom?action=show&root=52000053&tvd=4054002222066&vrn=100100225883172&prver=0&pronetvd=null&region=5&sub_region=5",
  "prver" : "0",
  "isUik" : true,
  "selected" : false,
  "load_on_demand" : false
}, {
  "id" : 4054002222067,
  "text" : "УИК №68",
  "href" : "region/izbirkom?action=show&root=52000053&tvd=4054002222067&vrn=100100225883172&prver=0&pronetvd=null&region=5&sub_region=5",
  "prver" : "0",
  "isUik" : true,
  "selected" : false,
  "load_on_demand" : false
}, {
  "id" : 4054002222068,
  "text" : "УИК №69",
  "href" : "region/izbirkom?action=show&root=52000053&tvd=4054002222068&vrn=100100225883172&prver=0&pronetvd=null&region=5&sub_region=5",
  "prver" : "0",
  "isUik" : true,
  "selected" : false,
  "load_on_demand" : false
}, {
  "id" : 4054002222069,
  "text" : "УИК №70",
  "href" : "region/izbirkom?action=show&root=52000053&tvd=4054002222069&vrn=100100225883172&prver=0&pronetvd=null&region=5&sub_region=5",
  "prver" : "0",
  "isUik" : true,
  "selected" : false,
  "load_on_demand" : false
}, {
  "id" : 4054002222070,
  "text" : "УИК №71",
  "href" : "region/izbirkom?action=show&root=52000053&tvd=4054002222070&vrn=100100225883172&prver=0&pronetvd=null&region=5&sub_region=5",
  "prver" : "0",
  "isUik" : true,
  "selected" : false,
  "load_on_demand" : false
} ]