[ {
  "id" : 4054051190770,
  "text" : "УИК №998",
  "href" : "region/izbirkom?action=show&root=52000011&tvd=4054051190770&vrn=100100225883172&prver=0&pronetvd=null&region=5&sub_region=5",
  "prver" : "0",
  "isUik" : true,
  "selected" : false,
  "load_on_demand" : false
}, {
  "id" : 4054051190771,
  "text" : "УИК №999",
  "href" : "region/izbirkom?action=show&root=52000011&tvd=4054051190771&vrn=100100225883172&prver=0&pronetvd=null&region=5&sub_region=5",
  "prver" : "0",
  "isUik" : true,
  "selected" : false,
  "load_on_demand" : false
}, {
  "id" : 4054051190772,
  "text" : "УИК №1000",
  "href" : "region/izbirkom?action=show&root=52000011&tvd=4054051190772&vrn=100100225883172&prver=0&pronetvd=null&region=5&sub_region=5",
  "prver" : "0",
  "isUik" : true,
  "selected" : false,
  "load_on_demand" : false
}, {
  "id" : 4054051190773,
  "text" : "УИК №1001",
  "href" : "region/izbirkom?action=show&root=52000011&tvd=4054051190773&vrn=100100225883172&prver=0&pronetvd=null&region=5&sub_region=5",
  "prver" : "0",
  "isUik" : true,
  "selected" : false,
  "load_on_demand" : false
}, {
  "id" : 4054051190774,
  "text" : "УИК №1002",
  "href" : "region/izbirkom?action=show&root=52000011&tvd=4054051190774&vrn=100100225883172&prver=0&pronetvd=null&region=5&sub_region=5",
  "prver" : "0",
  "isUik" : true,
  "selected" : false,
  "load_on_demand" : false
}, {
  "id" : 4054051190775,
  "text" : "УИК №1003",
  "href" : "region/izbirkom?action=show&root=52000011&tvd=4054051190775&vrn=100100225883172&prver=0&pronetvd=null&region=5&sub_region=5",
  "prver" : "0",
  "isUik" : true,
  "selected" : false,
  "load_on_demand" : false
}, {
  "id" : 4054051190776,
  "text" : "УИК №1004",
  "href" : "region/izbirkom?action=show&root=52000011&tvd=4054051190776&vrn=100100225883172&prver=0&pronetvd=null&region=5&sub_region=5",
  "prver" : "0",
  "isUik" : true,
  "selected" : false,
  "load_on_demand" : false
}, {
  "id" : 4054051190777,
  "text" : "УИК №1005",
  "href" : "region/izbirkom?action=show&root=52000011&tvd=4054051190777&vrn=100100225883172&prver=0&pronetvd=null&region=5&sub_region=5",
  "prver" : "0",
  "isUik" : true,
  "selected" : false,
  "load_on_demand" : false
}, {
  "id" : 4054051190778,
  "text" : "УИК №1006",
  "href" : "region/izbirkom?action=show&root=52000011&tvd=4054051190778&vrn=100100225883172&prver=0&pronetvd=null&region=5&sub_region=5",
  "prver" : "0",
  "isUik" : true,
  "selected" : false,
  "load_on_demand" : false
}, {
  "id" : 4054051190779,
  "text" : "УИК №1007",
  "href" : "region/izbirkom?action=show&root=52000011&tvd=4054051190779&vrn=100100225883172&prver=0&pronetvd=null&region=5&sub_region=5",
  "prver" : "0",
  "isUik" : true,
  "selected" : false,
  "load_on_demand" : false
}, {
  "id" : 4054051190780,
  "text" : "УИК №1008",
  "href" : "region/izbirkom?action=show&root=52000011&tvd=4054051190780&vrn=100100225883172&prver=0&pronetvd=null&region=5&sub_region=5",
  "prver" : "0",
  "isUik" : true,
  "selected" : false,
  "load_on_demand" : false
}, {
  "id" : 4054051190781,
  "text" : "УИК №1009",
  "href" : "region/izbirkom?action=show&root=52000011&tvd=4054051190781&vrn=100100225883172&prver=0&pronetvd=null&region=5&sub_region=5",
  "prver" : "0",
  "isUik" : true,
  "selected" : false,
  "load_on_demand" : false
}, {
  "id" : 4054051190782,
  "text" : "УИК №1010",
  "href" : "region/izbirkom?action=show&root=52000011&tvd=4054051190782&vrn=100100225883172&prver=0&pronetvd=null&region=5&sub_region=5",
  "prver" : "0",
  "isUik" : true,
  "selected" : false,
  "load_on_demand" : false
}, {
  "id" : 4054051190783,
  "text" : "УИК №1011",
  "href" : "region/izbirkom?action=show&root=52000011&tvd=4054051190783&vrn=100100225883172&prver=0&pronetvd=null&region=5&sub_region=5",
  "prver" : "0",
  "isUik" : true,
  "selected" : false,
  "load_on_demand" : false
}, {
  "id" : 4054051190784,
  "text" : "УИК №1012",
  "href" : "region/izbirkom?action=show&root=52000011&tvd=4054051190784&vrn=100100225883172&prver=0&pronetvd=null&region=5&sub_region=5",
  "prver" : "0",
  "isUik" : true,
  "selected" : false,
  "load_on_demand" : false
}, {
  "id" : 4054051190785,
  "text" : "УИК №1013",
  "href" : "region/izbirkom?action=show&root=52000011&tvd=4054051190785&vrn=100100225883172&prver=0&pronetvd=null&region=5&sub_region=5",
  "prver" : "0",
  "isUik" : true,
  "selected" : false,
  "load_on_demand" : false
}, {
  "id" : 4054051190786,
  "text" : "УИК №1014",
  "href" : "region/izbirkom?action=show&root=52000011&tvd=4054051190786&vrn=100100225883172&prver=0&pronetvd=null&region=5&sub_region=5",
  "prver" : "0",
  "isUik" : true,
  "selected" : false,
  "load_on_demand" : false
}, {
  "id" : 4054051190787,
  "text" : "УИК №1015",
  "href" : "region/izbirkom?action=show&root=52000011&tvd=4054051190787&vrn=100100225883172&prver=0&pronetvd=null&region=5&sub_region=5",
  "prver" : "0",
  "isUik" : true,
  "selected" : false,
  "load_on_demand" : false
}, {
  "id" : 4054051190788,
  "text" : "УИК №1016",
  "href" : "region/izbirkom?action=show&root=52000011&tvd=4054051190788&vrn=100100225883172&prver=0&pronetvd=null&region=5&sub_region=5",
  "prver" : "0",
  "isUik" : true,
  "selected" : false,
  "load_on_demand" : false
}, {
  "id" : 4054051190789,
  "text" : "УИК №1017",
  "href" : "region/izbirkom?action=show&root=52000011&tvd=4054051190789&vrn=100100225883172&prver=0&pronetvd=null&region=5&sub_region=5",
  "prver" : "0",
  "isUik" : true,
  "selected" : false,
  "load_on_demand" : false
}, {
  "id" : 4054051190790,
  "text" : "УИК №1018",
  "href" : "region/izbirkom?action=show&root=52000011&tvd=4054051190790&vrn=100100225883172&prver=0&pronetvd=null&region=5&sub_region=5",
  "prver" : "0",
  "isUik" : true,
  "selected" : false,
  "load_on_demand" : false
}, {
  "id" : 4054051190791,
  "text" : "УИК №1019",
  "href" : "region/izbirkom?action=show&root=52000011&tvd=4054051190791&vrn=100100225883172&prver=0&pronetvd=null&region=5&sub_region=5",
  "prver" : "0",
  "isUik" : true,
  "selected" : false,
  "load_on_demand" : false
}, {
  "id" : 4054051190792,
  "text" : "УИК №1020",
  "href" : "region/izbirkom?action=show&root=52000011&tvd=4054051190792&vrn=100100225883172&prver=0&pronetvd=null&region=5&sub_region=5",
  "prver" : "0",
  "isUik" : true,
  "selected" : false,
  "load_on_demand" : false
}, {
  "id" : 4054051190793,
  "text" : "УИК №1021",
  "href" : "region/izbirkom?action=show&root=52000011&tvd=4054051190793&vrn=100100225883172&prver=0&pronetvd=null&region=5&sub_region=5",
  "prver" : "0",
  "isUik" : true,
  "selected" : false,
  "load_on_demand" : false
}, {
  "id" : 4054051190794,
  "text" : "УИК №1022",
  "href" : "region/izbirkom?action=show&root=52000011&tvd=4054051190794&vrn=100100225883172&prver=0&pronetvd=null&region=5&sub_region=5",
  "prver" : "0",
  "isUik" : true,
  "selected" : false,
  "load_on_demand" : false
}, {
  "id" : 4054051190795,
  "text" : "УИК №1023",
  "href" : "region/izbirkom?action=show&root=52000011&tvd=4054051190795&vrn=100100225883172&prver=0&pronetvd=null&region=5&sub_region=5",
  "prver" : "0",
  "isUik" : true,
  "selected" : false,
  "load_on_demand" : false
}, {
  "id" : 4054051190796,
  "text" : "УИК №1024",
  "href" : "region/izbirkom?action=show&root=52000011&tvd=4054051190796&vrn=100100225883172&prver=0&pronetvd=null&region=5&sub_region=5",
  "prver" : "0",
  "isUik" : true,
  "selected" : false,
  "load_on_demand" : false
}, {
  "id" : 4054051190797,
  "text" : "УИК №1025",
  "href" : "region/izbirkom?action=show&root=52000011&tvd=4054051190797&vrn=100100225883172&prver=0&pronetvd=null&region=5&sub_region=5",
  "prver" : "0",
  "isUik" : true,
  "selected" : false,
  "load_on_demand" : false
}, {
  "id" : 4054051190798,
  "text" : "УИК №1026",
  "href" : "region/izbirkom?action=show&root=52000011&tvd=4054051190798&vrn=100100225883172&prver=0&pronetvd=null&region=5&sub_region=5",
  "prver" : "0",
  "isUik" : true,
  "selected" : false,
  "load_on_demand" : false
}, {
  "id" : 4054051190799,
  "text" : "УИК №1027",
  "href" : "region/izbirkom?action=show&root=52000011&tvd=4054051190799&vrn=100100225883172&prver=0&pronetvd=null&region=5&sub_region=5",
  "prver" : "0",
  "isUik" : true,
  "selected" : false,
  "load_on_demand" : false
}, {
  "id" : 4054051190800,
  "text" : "УИК №1028",
  "href" : "region/izbirkom?action=show&root=52000011&tvd=4054051190800&vrn=100100225883172&prver=0&pronetvd=null&region=5&sub_region=5",
  "prver" : "0",
  "isUik" : true,
  "selected" : false,
  "load_on_demand" : false
}, {
  "id" : 4054051190801,
  "text" : "УИК №1029",
  "href" : "region/izbirkom?action=show&root=52000011&tvd=4054051190801&vrn=100100225883172&prver=0&pronetvd=null&region=5&sub_region=5",
  "prver" : "0",
  "isUik" : true,
  "selected" : false,
  "load_on_demand" : false
}, {
  "id" : 4054051190802,
  "text" : "УИК №1030",
  "href" : "region/izbirkom?action=show&root=52000011&tvd=4054051190802&vrn=100100225883172&prver=0&pronetvd=null&region=5&sub_region=5",
  "prver" : "0",
  "isUik" : true,
  "selected" : false,
  "load_on_demand" : false
}, {
  "id" : 4054051190803,
  "text" : "УИК №1031",
  "href" : "region/izbirkom?action=show&root=52000011&tvd=4054051190803&vrn=100100225883172&prver=0&pronetvd=null&region=5&sub_region=5",
  "prver" : "0",
  "isUik" : true,
  "selected" : false,
  "load_on_demand" : false
}, {
  "id" : 4054051190804,
  "text" : "УИК №1032",
  "href" : "region/izbirkom?action=show&root=52000011&tvd=4054051190804&vrn=100100225883172&prver=0&pronetvd=null&region=5&sub_region=5",
  "prver" : "0",
  "isUik" : true,
  "selected" : false,
  "load_on_demand" : false
}, {
  "id" : 4054051190805,
  "text" : "УИК №1033",
  "href" : "region/izbirkom?action=show&root=52000011&tvd=4054051190805&vrn=100100225883172&prver=0&pronetvd=null&region=5&sub_region=5",
  "prver" : "0",
  "isUik" : true,
  "selected" : false,
  "load_on_demand" : false
}, {
  "id" : 4054051190806,
  "text" : "УИК №1034",
  "href" : "region/izbirkom?action=show&root=52000011&tvd=4054051190806&vrn=100100225883172&prver=0&pronetvd=null&region=5&sub_region=5",
  "prver" : "0",
  "isUik" : true,
  "selected" : false,
  "load_on_demand" : false
}, {
  "id" : 4054051190807,
  "text" : "УИК №1035",
  "href" : "region/izbirkom?action=show&root=52000011&tvd=4054051190807&vrn=100100225883172&prver=0&pronetvd=null&region=5&sub_region=5",
  "prver" : "0",
  "isUik" : true,
  "selected" : false,
  "load_on_demand" : false
}, {
  "id" : 4054051190808,
  "text" : "УИК №1036",
  "href" : "region/izbirkom?action=show&root=52000011&tvd=4054051190808&vrn=100100225883172&prver=0&pronetvd=null&region=5&sub_region=5",
  "prver" : "0",
  "isUik" : true,
  "selected" : false,
  "load_on_demand" : false
}, {
  "id" : 4054051190809,
  "text" : "УИК №1037",
  "href" : "region/izbirkom?action=show&root=52000011&tvd=4054051190809&vrn=100100225883172&prver=0&pronetvd=null&region=5&sub_region=5",
  "prver" : "0",
  "isUik" : true,
  "selected" : false,
  "load_on_demand" : false
}, {
  "id" : 4054051190810,
  "text" : "УИК №1038",
  "href" : "region/izbirkom?action=show&root=52000011&tvd=4054051190810&vrn=100100225883172&prver=0&pronetvd=null&region=5&sub_region=5",
  "prver" : "0",
  "isUik" : true,
  "selected" : false,
  "load_on_demand" : false
}, {
  "id" : 4054051190811,
  "text" : "УИК №1039",
  "href" : "region/izbirkom?action=show&root=52000011&tvd=4054051190811&vrn=100100225883172&prver=0&pronetvd=null&region=5&sub_region=5",
  "prver" : "0",
  "isUik" : true,
  "selected" : false,
  "load_on_demand" : false
}, {
  "id" : 4054051190812,
  "text" : "УИК №1040",
  "href" : "region/izbirkom?action=show&root=52000011&tvd=4054051190812&vrn=100100225883172&prver=0&pronetvd=null&region=5&sub_region=5",
  "prver" : "0",
  "isUik" : true,
  "selected" : false,
  "load_on_demand" : false
}, {
  "id" : 4054051190813,
  "text" : "УИК №1041",
  "href" : "region/izbirkom?action=show&root=52000011&tvd=4054051190813&vrn=100100225883172&prver=0&pronetvd=null&region=5&sub_region=5",
  "prver" : "0",
  "isUik" : true,
  "selected" : false,
  "load_on_demand" : false
}, {
  "id" : 4054051190814,
  "text" : "УИК №1042",
  "href" : "region/izbirkom?action=show&root=52000011&tvd=4054051190814&vrn=100100225883172&prver=0&pronetvd=null&region=5&sub_region=5",
  "prver" : "0",
  "isUik" : true,
  "selected" : false,
  "load_on_demand" : false
}, {
  "id" : 4054051190815,
  "text" : "УИК №1043",
  "href" : "region/izbirkom?action=show&root=52000011&tvd=4054051190815&vrn=100100225883172&prver=0&pronetvd=null&region=5&sub_region=5",
  "prver" : "0",
  "isUik" : true,
  "selected" : false,
  "load_on_demand" : false
}, {
  "id" : 4054051190816,
  "text" : "УИК №1044",
  "href" : "region/izbirkom?action=show&root=52000011&tvd=4054051190816&vrn=100100225883172&prver=0&pronetvd=null&region=5&sub_region=5",
  "prver" : "0",
  "isUik" : true,
  "selected" : false,
  "load_on_demand" : false
}, {
  "id" : 4054051190817,
  "text" : "УИК №1045",
  "href" : "region/izbirkom?action=show&root=52000011&tvd=4054051190817&vrn=100100225883172&prver=0&pronetvd=null&region=5&sub_region=5",
  "prver" : "0",
  "isUik" : true,
  "selected" : false,
  "load_on_demand" : false
}, {
  "id" : 4054051190818,
  "text" : "УИК №1046",
  "href" : "region/izbirkom?action=show&root=52000011&tvd=4054051190818&vrn=100100225883172&prver=0&pronetvd=null&region=5&sub_region=5",
  "prver" : "0",
  "isUik" : true,
  "selected" : false,
  "load_on_demand" : false
}, {
  "id" : 4054051190819,
  "text" : "УИК №1047",
  "href" : "region/izbirkom?action=show&root=52000011&tvd=4054051190819&vrn=100100225883172&prver=0&pronetvd=null&region=5&sub_region=5",
  "prver" : "0",
  "isUik" : true,
  "selected" : false,
  "load_on_demand" : false
}, {
  "id" : 4054051190820,
  "text" : "УИК №1914",
  "href" : "region/izbirkom?action=show&root=52000011&tvd=4054051190820&vrn=100100225883172&prver=0&pronetvd=null&region=5&sub_region=5",
  "prver" : "0",
  "isUik" : true,
  "selected" : false,
  "load_on_demand" : false
}, {
  "id" : 4054051190821,
  "text" : "УИК №1923",
  "href" : "region/izbirkom?action=show&root=52000011&tvd=4054051190821&vrn=100100225883172&prver=0&pronetvd=null&region=5&sub_region=5",
  "prver" : "0",
  "isUik" : true,
  "selected" : false,
  "load_on_demand" : false
}, {
  "id" : 4054051190823,
  "text" : "УИК №1924",
  "href" : "region/izbirkom?action=show&root=52000011&tvd=4054051190823&vrn=100100225883172&prver=0&pronetvd=null&region=5&sub_region=5",
  "prver" : "0",
  "isUik" : true,
  "selected" : false,
  "load_on_demand" : false
} ]