[ {
  "id" : 4054012247839,
  "text" : "УИК №381",
  "href" : "region/izbirkom?action=show&root=52000043&tvd=4054012247839&vrn=100100225883172&prver=0&pronetvd=null&region=5&sub_region=5",
  "prver" : "0",
  "isUik" : true,
  "selected" : false,
  "load_on_demand" : false
}, {
  "id" : 4054012247840,
  "text" : "УИК №382",
  "href" : "region/izbirkom?action=show&root=52000043&tvd=4054012247840&vrn=100100225883172&prver=0&pronetvd=null&region=5&sub_region=5",
  "prver" : "0",
  "isUik" : true,
  "selected" : false,
  "load_on_demand" : false
}, {
  "id" : 4054012247841,
  "text" : "УИК №383",
  "href" : "region/izbirkom?action=show&root=52000043&tvd=4054012247841&vrn=100100225883172&prver=0&pronetvd=null&region=5&sub_region=5",
  "prver" : "0",
  "isUik" : true,
  "selected" : false,
  "load_on_demand" : false
}, {
  "id" : 4054012247842,
  "text" : "УИК №384",
  "href" : "region/izbirkom?action=show&root=52000043&tvd=4054012247842&vrn=100100225883172&prver=0&pronetvd=null&region=5&sub_region=5",
  "prver" : "0",
  "isUik" : true,
  "selected" : false,
  "load_on_demand" : false
}, {
  "id" : 4054012247843,
  "text" : "УИК №385",
  "href" : "region/izbirkom?action=show&root=52000043&tvd=4054012247843&vrn=100100225883172&prver=0&pronetvd=null&region=5&sub_region=5",
  "prver" : "0",
  "isUik" : true,
  "selected" : false,
  "load_on_demand" : false
}, {
  "id" : 4054012247844,
  "text" : "УИК №386",
  "href" : "region/izbirkom?action=show&root=52000043&tvd=4054012247844&vrn=100100225883172&prver=0&pronetvd=null&region=5&sub_region=5",
  "prver" : "0",
  "isUik" : true,
  "selected" : false,
  "load_on_demand" : false
}, {
  "id" : 4054012247845,
  "text" : "УИК №387",
  "href" : "region/izbirkom?action=show&root=52000043&tvd=4054012247845&vrn=100100225883172&prver=0&pronetvd=null&region=5&sub_region=5",
  "prver" : "0",
  "isUik" : true,
  "selected" : false,
  "load_on_demand" : false
}, {
  "id" : 4054012247846,
  "text" : "УИК №388",
  "href" : "region/izbirkom?action=show&root=52000043&tvd=4054012247846&vrn=100100225883172&prver=0&pronetvd=null&region=5&sub_region=5",
  "prver" : "0",
  "isUik" : true,
  "selected" : false,
  "load_on_demand" : false
}, {
  "id" : 4054012247847,
  "text" : "УИК №389",
  "href" : "region/izbirkom?action=show&root=52000043&tvd=4054012247847&vrn=100100225883172&prver=0&pronetvd=null&region=5&sub_region=5",
  "prver" : "0",
  "isUik" : true,
  "selected" : false,
  "load_on_demand" : false
}, {
  "id" : 4054012247848,
  "text" : "УИК №390",
  "href" : "region/izbirkom?action=show&root=52000043&tvd=4054012247848&vrn=100100225883172&prver=0&pronetvd=null&region=5&sub_region=5",
  "prver" : "0",
  "isUik" : true,
  "selected" : false,
  "load_on_demand" : false
}, {
  "id" : 4054012247849,
  "text" : "УИК №391",
  "href" : "region/izbirkom?action=show&root=52000043&tvd=4054012247849&vrn=100100225883172&prver=0&pronetvd=null&region=5&sub_region=5",
  "prver" : "0",
  "isUik" : true,
  "selected" : false,
  "load_on_demand" : false
}, {
  "id" : 4054012247850,
  "text" : "УИК №392",
  "href" : "region/izbirkom?action=show&root=52000043&tvd=4054012247850&vrn=100100225883172&prver=0&pronetvd=null&region=5&sub_region=5",
  "prver" : "0",
  "isUik" : true,
  "selected" : false,
  "load_on_demand" : false
}, {
  "id" : 4054012247851,
  "text" : "УИК №393",
  "href" : "region/izbirkom?action=show&root=52000043&tvd=4054012247851&vrn=100100225883172&prver=0&pronetvd=null&region=5&sub_region=5",
  "prver" : "0",
  "isUik" : true,
  "selected" : false,
  "load_on_demand" : false
}, {
  "id" : 4054012247852,
  "text" : "УИК №394",
  "href" : "region/izbirkom?action=show&root=52000043&tvd=4054012247852&vrn=100100225883172&prver=0&pronetvd=null&region=5&sub_region=5",
  "prver" : "0",
  "isUik" : true,
  "selected" : false,
  "load_on_demand" : false
}, {
  "id" : 4054012247853,
  "text" : "УИК №395",
  "href" : "region/izbirkom?action=show&root=52000043&tvd=4054012247853&vrn=100100225883172&prver=0&pronetvd=null&region=5&sub_region=5",
  "prver" : "0",
  "isUik" : true,
  "selected" : false,
  "load_on_demand" : false
}, {
  "id" : 4054012247854,
  "text" : "УИК №396",
  "href" : "region/izbirkom?action=show&root=52000043&tvd=4054012247854&vrn=100100225883172&prver=0&pronetvd=null&region=5&sub_region=5",
  "prver" : "0",
  "isUik" : true,
  "selected" : false,
  "load_on_demand" : false
}, {
  "id" : 4054012247855,
  "text" : "УИК №397",
  "href" : "region/izbirkom?action=show&root=52000043&tvd=4054012247855&vrn=100100225883172&prver=0&pronetvd=null&region=5&sub_region=5",
  "prver" : "0",
  "isUik" : true,
  "selected" : false,
  "load_on_demand" : false
}, {
  "id" : 4054012247856,
  "text" : "УИК №398",
  "href" : "region/izbirkom?action=show&root=52000043&tvd=4054012247856&vrn=100100225883172&prver=0&pronetvd=null&region=5&sub_region=5",
  "prver" : "0",
  "isUik" : true,
  "selected" : false,
  "load_on_demand" : false
}, {
  "id" : 4054012247857,
  "text" : "УИК №399",
  "href" : "region/izbirkom?action=show&root=52000043&tvd=4054012247857&vrn=100100225883172&prver=0&pronetvd=null&region=5&sub_region=5",
  "prver" : "0",
  "isUik" : true,
  "selected" : false,
  "load_on_demand" : false
}, {
  "id" : 4054012247858,
  "text" : "УИК №400",
  "href" : "region/izbirkom?action=show&root=52000043&tvd=4054012247858&vrn=100100225883172&prver=0&pronetvd=null&region=5&sub_region=5",
  "prver" : "0",
  "isUik" : true,
  "selected" : false,
  "load_on_demand" : false
}, {
  "id" : 4054012247859,
  "text" : "УИК №401",
  "href" : "region/izbirkom?action=show&root=52000043&tvd=4054012247859&vrn=100100225883172&prver=0&pronetvd=null&region=5&sub_region=5",
  "prver" : "0",
  "isUik" : true,
  "selected" : false,
  "load_on_demand" : false
}, {
  "id" : 4054012247860,
  "text" : "УИК №402",
  "href" : "region/izbirkom?action=show&root=52000043&tvd=4054012247860&vrn=100100225883172&prver=0&pronetvd=null&region=5&sub_region=5",
  "prver" : "0",
  "isUik" : true,
  "selected" : false,
  "load_on_demand" : false
}, {
  "id" : 4054012247861,
  "text" : "УИК №403",
  "href" : "region/izbirkom?action=show&root=52000043&tvd=4054012247861&vrn=100100225883172&prver=0&pronetvd=null&region=5&sub_region=5",
  "prver" : "0",
  "isUik" : true,
  "selected" : false,
  "load_on_demand" : false
}, {
  "id" : 4054012247862,
  "text" : "УИК №404",
  "href" : "region/izbirkom?action=show&root=52000043&tvd=4054012247862&vrn=100100225883172&prver=0&pronetvd=null&region=5&sub_region=5",
  "prver" : "0",
  "isUik" : true,
  "selected" : false,
  "load_on_demand" : false
}, {
  "id" : 4054012247863,
  "text" : "УИК №405",
  "href" : "region/izbirkom?action=show&root=52000043&tvd=4054012247863&vrn=100100225883172&prver=0&pronetvd=null&region=5&sub_region=5",
  "prver" : "0",
  "isUik" : true,
  "selected" : false,
  "load_on_demand" : false
}, {
  "id" : 4054012247864,
  "text" : "УИК №406",
  "href" : "region/izbirkom?action=show&root=52000043&tvd=4054012247864&vrn=100100225883172&prver=0&pronetvd=null&region=5&sub_region=5",
  "prver" : "0",
  "isUik" : true,
  "selected" : false,
  "load_on_demand" : false
}, {
  "id" : 4054012247865,
  "text" : "УИК №407",
  "href" : "region/izbirkom?action=show&root=52000043&tvd=4054012247865&vrn=100100225883172&prver=0&pronetvd=null&region=5&sub_region=5",
  "prver" : "0",
  "isUik" : true,
  "selected" : false,
  "load_on_demand" : false
}, {
  "id" : 4054012247866,
  "text" : "УИК №408",
  "href" : "region/izbirkom?action=show&root=52000043&tvd=4054012247866&vrn=100100225883172&prver=0&pronetvd=null&region=5&sub_region=5",
  "prver" : "0",
  "isUik" : true,
  "selected" : false,
  "load_on_demand" : false
}, {
  "id" : 4054012247867,
  "text" : "УИК №409",
  "href" : "region/izbirkom?action=show&root=52000043&tvd=4054012247867&vrn=100100225883172&prver=0&pronetvd=null&region=5&sub_region=5",
  "prver" : "0",
  "isUik" : true,
  "selected" : false,
  "load_on_demand" : false
}, {
  "id" : 4054012247868,
  "text" : "УИК №410",
  "href" : "region/izbirkom?action=show&root=52000043&tvd=4054012247868&vrn=100100225883172&prver=0&pronetvd=null&region=5&sub_region=5",
  "prver" : "0",
  "isUik" : true,
  "selected" : false,
  "load_on_demand" : false
}, {
  "id" : 4054012247869,
  "text" : "УИК №411",
  "href" : "region/izbirkom?action=show&root=52000043&tvd=4054012247869&vrn=100100225883172&prver=0&pronetvd=null&region=5&sub_region=5",
  "prver" : "0",
  "isUik" : true,
  "selected" : false,
  "load_on_demand" : false
}, {
  "id" : 4054012247870,
  "text" : "УИК №412",
  "href" : "region/izbirkom?action=show&root=52000043&tvd=4054012247870&vrn=100100225883172&prver=0&pronetvd=null&region=5&sub_region=5",
  "prver" : "0",
  "isUik" : true,
  "selected" : false,
  "load_on_demand" : false
}, {
  "id" : 4054012247871,
  "text" : "УИК №413",
  "href" : "region/izbirkom?action=show&root=52000043&tvd=4054012247871&vrn=100100225883172&prver=0&pronetvd=null&region=5&sub_region=5",
  "prver" : "0",
  "isUik" : true,
  "selected" : false,
  "load_on_demand" : false
}, {
  "id" : 4054012247872,
  "text" : "УИК №414",
  "href" : "region/izbirkom?action=show&root=52000043&tvd=4054012247872&vrn=100100225883172&prver=0&pronetvd=null&region=5&sub_region=5",
  "prver" : "0",
  "isUik" : true,
  "selected" : false,
  "load_on_demand" : false
}, {
  "id" : 4054012247873,
  "text" : "УИК №415",
  "href" : "region/izbirkom?action=show&root=52000043&tvd=4054012247873&vrn=100100225883172&prver=0&pronetvd=null&region=5&sub_region=5",
  "prver" : "0",
  "isUik" : true,
  "selected" : false,
  "load_on_demand" : false
}, {
  "id" : 4054012247874,
  "text" : "УИК №416",
  "href" : "region/izbirkom?action=show&root=52000043&tvd=4054012247874&vrn=100100225883172&prver=0&pronetvd=null&region=5&sub_region=5",
  "prver" : "0",
  "isUik" : true,
  "selected" : false,
  "load_on_demand" : false
}, {
  "id" : 4054012247875,
  "text" : "УИК №417",
  "href" : "region/izbirkom?action=show&root=52000043&tvd=4054012247875&vrn=100100225883172&prver=0&pronetvd=null&region=5&sub_region=5",
  "prver" : "0",
  "isUik" : true,
  "selected" : false,
  "load_on_demand" : false
}, {
  "id" : 4054012247876,
  "text" : "УИК №418",
  "href" : "region/izbirkom?action=show&root=52000043&tvd=4054012247876&vrn=100100225883172&prver=0&pronetvd=null&region=5&sub_region=5",
  "prver" : "0",
  "isUik" : true,
  "selected" : false,
  "load_on_demand" : false
}, {
  "id" : 4054012247877,
  "text" : "УИК №419",
  "href" : "region/izbirkom?action=show&root=52000043&tvd=4054012247877&vrn=100100225883172&prver=0&pronetvd=null&region=5&sub_region=5",
  "prver" : "0",
  "isUik" : true,
  "selected" : false,
  "load_on_demand" : false
}, {
  "id" : 4054012247878,
  "text" : "УИК №420",
  "href" : "region/izbirkom?action=show&root=52000043&tvd=4054012247878&vrn=100100225883172&prver=0&pronetvd=null&region=5&sub_region=5",
  "prver" : "0",
  "isUik" : true,
  "selected" : false,
  "load_on_demand" : false
}, {
  "id" : 4054012247879,
  "text" : "УИК №421",
  "href" : "region/izbirkom?action=show&root=52000043&tvd=4054012247879&vrn=100100225883172&prver=0&pronetvd=null&region=5&sub_region=5",
  "prver" : "0",
  "isUik" : true,
  "selected" : false,
  "load_on_demand" : false
}, {
  "id" : 4054012247880,
  "text" : "УИК №422",
  "href" : "region/izbirkom?action=show&root=52000043&tvd=4054012247880&vrn=100100225883172&prver=0&pronetvd=null&region=5&sub_region=5",
  "prver" : "0",
  "isUik" : true,
  "selected" : false,
  "load_on_demand" : false
}, {
  "id" : 4054012247881,
  "text" : "УИК №423",
  "href" : "region/izbirkom?action=show&root=52000043&tvd=4054012247881&vrn=100100225883172&prver=0&pronetvd=null&region=5&sub_region=5",
  "prver" : "0",
  "isUik" : true,
  "selected" : false,
  "load_on_demand" : false
}, {
  "id" : 4054012247882,
  "text" : "УИК №424",
  "href" : "region/izbirkom?action=show&root=52000043&tvd=4054012247882&vrn=100100225883172&prver=0&pronetvd=null&region=5&sub_region=5",
  "prver" : "0",
  "isUik" : true,
  "selected" : false,
  "load_on_demand" : false
}, {
  "id" : 4054012247883,
  "text" : "УИК №425",
  "href" : "region/izbirkom?action=show&root=52000043&tvd=4054012247883&vrn=100100225883172&prver=0&pronetvd=null&region=5&sub_region=5",
  "prver" : "0",
  "isUik" : true,
  "selected" : false,
  "load_on_demand" : false
}, {
  "id" : 4054012247884,
  "text" : "УИК №426",
  "href" : "region/izbirkom?action=show&root=52000043&tvd=4054012247884&vrn=100100225883172&prver=0&pronetvd=null&region=5&sub_region=5",
  "prver" : "0",
  "isUik" : true,
  "selected" : false,
  "load_on_demand" : false
}, {
  "id" : 4054012247885,
  "text" : "УИК №427",
  "href" : "region/izbirkom?action=show&root=52000043&tvd=4054012247885&vrn=100100225883172&prver=0&pronetvd=null&region=5&sub_region=5",
  "prver" : "0",
  "isUik" : true,
  "selected" : false,
  "load_on_demand" : false
}, {
  "id" : 4054012247886,
  "text" : "УИК №428",
  "href" : "region/izbirkom?action=show&root=52000043&tvd=4054012247886&vrn=100100225883172&prver=0&pronetvd=null&region=5&sub_region=5",
  "prver" : "0",
  "isUik" : true,
  "selected" : false,
  "load_on_demand" : false
}, {
  "id" : 4054012247887,
  "text" : "УИК №429",
  "href" : "region/izbirkom?action=show&root=52000043&tvd=4054012247887&vrn=100100225883172&prver=0&pronetvd=null&region=5&sub_region=5",
  "prver" : "0",
  "isUik" : true,
  "selected" : false,
  "load_on_demand" : false
}, {
  "id" : 4054012247888,
  "text" : "УИК №430",
  "href" : "region/izbirkom?action=show&root=52000043&tvd=4054012247888&vrn=100100225883172&prver=0&pronetvd=null&region=5&sub_region=5",
  "prver" : "0",
  "isUik" : true,
  "selected" : false,
  "load_on_demand" : false
}, {
  "id" : 4054012247889,
  "text" : "УИК №431",
  "href" : "region/izbirkom?action=show&root=52000043&tvd=4054012247889&vrn=100100225883172&prver=0&pronetvd=null&region=5&sub_region=5",
  "prver" : "0",
  "isUik" : true,
  "selected" : false,
  "load_on_demand" : false
}, {
  "id" : 4054012247890,
  "text" : "УИК №432",
  "href" : "region/izbirkom?action=show&root=52000043&tvd=4054012247890&vrn=100100225883172&prver=0&pronetvd=null&region=5&sub_region=5",
  "prver" : "0",
  "isUik" : true,
  "selected" : false,
  "load_on_demand" : false
}, {
  "id" : 4054012247891,
  "text" : "УИК №433",
  "href" : "region/izbirkom?action=show&root=52000043&tvd=4054012247891&vrn=100100225883172&prver=0&pronetvd=null&region=5&sub_region=5",
  "prver" : "0",
  "isUik" : true,
  "selected" : false,
  "load_on_demand" : false
}, {
  "id" : 4054012247892,
  "text" : "УИК №434",
  "href" : "region/izbirkom?action=show&root=52000043&tvd=4054012247892&vrn=100100225883172&prver=0&pronetvd=null&region=5&sub_region=5",
  "prver" : "0",
  "isUik" : true,
  "selected" : false,
  "load_on_demand" : false
}, {
  "id" : 4054012247893,
  "text" : "УИК №435",
  "href" : "region/izbirkom?action=show&root=52000043&tvd=4054012247893&vrn=100100225883172&prver=0&pronetvd=null&region=5&sub_region=5",
  "prver" : "0",
  "isUik" : true,
  "selected" : false,
  "load_on_demand" : false
}, {
  "id" : 4054012247894,
  "text" : "УИК №436",
  "href" : "region/izbirkom?action=show&root=52000043&tvd=4054012247894&vrn=100100225883172&prver=0&pronetvd=null&region=5&sub_region=5",
  "prver" : "0",
  "isUik" : true,
  "selected" : false,
  "load_on_demand" : false
} ]