[ {
  "id" : 4064001128145,
  "text" : "УИК №101",
  "href" : "region/izbirkom?action=show&root=62000004&tvd=4064001128145&vrn=100100225883172&prver=0&pronetvd=null&region=6&sub_region=6",
  "prver" : "0",
  "isUik" : true,
  "selected" : false,
  "load_on_demand" : false
}, {
  "id" : 4064001128146,
  "text" : "УИК №102",
  "href" : "region/izbirkom?action=show&root=62000004&tvd=4064001128146&vrn=100100225883172&prver=0&pronetvd=null&region=6&sub_region=6",
  "prver" : "0",
  "isUik" : true,
  "selected" : false,
  "load_on_demand" : false
}, {
  "id" : 4064001128147,
  "text" : "УИК №103",
  "href" : "region/izbirkom?action=show&root=62000004&tvd=4064001128147&vrn=100100225883172&prver=0&pronetvd=null&region=6&sub_region=6",
  "prver" : "0",
  "isUik" : true,
  "selected" : false,
  "load_on_demand" : false
}, {
  "id" : 4064001128148,
  "text" : "УИК №104",
  "href" : "region/izbirkom?action=show&root=62000004&tvd=4064001128148&vrn=100100225883172&prver=0&pronetvd=null&region=6&sub_region=6",
  "prver" : "0",
  "isUik" : true,
  "selected" : false,
  "load_on_demand" : false
}, {
  "id" : 4064001128149,
  "text" : "УИК №105",
  "href" : "region/izbirkom?action=show&root=62000004&tvd=4064001128149&vrn=100100225883172&prver=0&pronetvd=null&region=6&sub_region=6",
  "prver" : "0",
  "isUik" : true,
  "selected" : false,
  "load_on_demand" : false
}, {
  "id" : 4064001128150,
  "text" : "УИК №106",
  "href" : "region/izbirkom?action=show&root=62000004&tvd=4064001128150&vrn=100100225883172&prver=0&pronetvd=null&region=6&sub_region=6",
  "prver" : "0",
  "isUik" : true,
  "selected" : false,
  "load_on_demand" : false
} ]