[ {
  "id" : 4064003240193,
  "text" : "УИК №701",
  "href" : "region/izbirkom?action=show&root=62000007&tvd=4064003240193&vrn=100100225883172&prver=0&pronetvd=null&region=6&sub_region=6",
  "prver" : "0",
  "isUik" : true,
  "selected" : false,
  "load_on_demand" : false
}, {
  "id" : 4064003240194,
  "text" : "УИК №702",
  "href" : "region/izbirkom?action=show&root=62000007&tvd=4064003240194&vrn=100100225883172&prver=0&pronetvd=null&region=6&sub_region=6",
  "prver" : "0",
  "isUik" : true,
  "selected" : false,
  "load_on_demand" : false
}, {
  "id" : 4064003240195,
  "text" : "УИК №703",
  "href" : "region/izbirkom?action=show&root=62000007&tvd=4064003240195&vrn=100100225883172&prver=0&pronetvd=null&region=6&sub_region=6",
  "prver" : "0",
  "isUik" : true,
  "selected" : false,
  "load_on_demand" : false
}, {
  "id" : 4064003240196,
  "text" : "УИК №704",
  "href" : "region/izbirkom?action=show&root=62000007&tvd=4064003240196&vrn=100100225883172&prver=0&pronetvd=null&region=6&sub_region=6",
  "prver" : "0",
  "isUik" : true,
  "selected" : false,
  "load_on_demand" : false
}, {
  "id" : 4064003240197,
  "text" : "УИК №705",
  "href" : "region/izbirkom?action=show&root=62000007&tvd=4064003240197&vrn=100100225883172&prver=0&pronetvd=null&region=6&sub_region=6",
  "prver" : "0",
  "isUik" : true,
  "selected" : false,
  "load_on_demand" : false
}, {
  "id" : 4064003240198,
  "text" : "УИК №706",
  "href" : "region/izbirkom?action=show&root=62000007&tvd=4064003240198&vrn=100100225883172&prver=0&pronetvd=null&region=6&sub_region=6",
  "prver" : "0",
  "isUik" : true,
  "selected" : false,
  "load_on_demand" : false
}, {
  "id" : 4064003240199,
  "text" : "УИК №707",
  "href" : "region/izbirkom?action=show&root=62000007&tvd=4064003240199&vrn=100100225883172&prver=0&pronetvd=null&region=6&sub_region=6",
  "prver" : "0",
  "isUik" : true,
  "selected" : false,
  "load_on_demand" : false
}, {
  "id" : 4064003240200,
  "text" : "УИК №708",
  "href" : "region/izbirkom?action=show&root=62000007&tvd=4064003240200&vrn=100100225883172&prver=0&pronetvd=null&region=6&sub_region=6",
  "prver" : "0",
  "isUik" : true,
  "selected" : false,
  "load_on_demand" : false
}, {
  "id" : 4064003240201,
  "text" : "УИК №709",
  "href" : "region/izbirkom?action=show&root=62000007&tvd=4064003240201&vrn=100100225883172&prver=0&pronetvd=null&region=6&sub_region=6",
  "prver" : "0",
  "isUik" : true,
  "selected" : false,
  "load_on_demand" : false
}, {
  "id" : 4064003240202,
  "text" : "УИК №710",
  "href" : "region/izbirkom?action=show&root=62000007&tvd=4064003240202&vrn=100100225883172&prver=0&pronetvd=null&region=6&sub_region=6",
  "prver" : "0",
  "isUik" : true,
  "selected" : false,
  "load_on_demand" : false
}, {
  "id" : 4064003240203,
  "text" : "УИК №711",
  "href" : "region/izbirkom?action=show&root=62000007&tvd=4064003240203&vrn=100100225883172&prver=0&pronetvd=null&region=6&sub_region=6",
  "prver" : "0",
  "isUik" : true,
  "selected" : false,
  "load_on_demand" : false
}, {
  "id" : 4064003240204,
  "text" : "УИК №712",
  "href" : "region/izbirkom?action=show&root=62000007&tvd=4064003240204&vrn=100100225883172&prver=0&pronetvd=null&region=6&sub_region=6",
  "prver" : "0",
  "isUik" : true,
  "selected" : false,
  "load_on_demand" : false
}, {
  "id" : 4064003240205,
  "text" : "УИК №713",
  "href" : "region/izbirkom?action=show&root=62000007&tvd=4064003240205&vrn=100100225883172&prver=0&pronetvd=null&region=6&sub_region=6",
  "prver" : "0",
  "isUik" : true,
  "selected" : false,
  "load_on_demand" : false
}, {
  "id" : 4064003240206,
  "text" : "УИК №714",
  "href" : "region/izbirkom?action=show&root=62000007&tvd=4064003240206&vrn=100100225883172&prver=0&pronetvd=null&region=6&sub_region=6",
  "prver" : "0",
  "isUik" : true,
  "selected" : false,
  "load_on_demand" : false
}, {
  "id" : 4064003240207,
  "text" : "УИК №715",
  "href" : "region/izbirkom?action=show&root=62000007&tvd=4064003240207&vrn=100100225883172&prver=0&pronetvd=null&region=6&sub_region=6",
  "prver" : "0",
  "isUik" : true,
  "selected" : false,
  "load_on_demand" : false
}, {
  "id" : 4064003240208,
  "text" : "УИК №716",
  "href" : "region/izbirkom?action=show&root=62000007&tvd=4064003240208&vrn=100100225883172&prver=0&pronetvd=null&region=6&sub_region=6",
  "prver" : "0",
  "isUik" : true,
  "selected" : false,
  "load_on_demand" : false
}, {
  "id" : 4064003240209,
  "text" : "УИК №717",
  "href" : "region/izbirkom?action=show&root=62000007&tvd=4064003240209&vrn=100100225883172&prver=0&pronetvd=null&region=6&sub_region=6",
  "prver" : "0",
  "isUik" : true,
  "selected" : false,
  "load_on_demand" : false
}, {
  "id" : 4064003240210,
  "text" : "УИК №718",
  "href" : "region/izbirkom?action=show&root=62000007&tvd=4064003240210&vrn=100100225883172&prver=0&pronetvd=null&region=6&sub_region=6",
  "prver" : "0",
  "isUik" : true,
  "selected" : false,
  "load_on_demand" : false
}, {
  "id" : 4064003240211,
  "text" : "УИК №719",
  "href" : "region/izbirkom?action=show&root=62000007&tvd=4064003240211&vrn=100100225883172&prver=0&pronetvd=null&region=6&sub_region=6",
  "prver" : "0",
  "isUik" : true,
  "selected" : false,
  "load_on_demand" : false
}, {
  "id" : 4064003240212,
  "text" : "УИК №720",
  "href" : "region/izbirkom?action=show&root=62000007&tvd=4064003240212&vrn=100100225883172&prver=0&pronetvd=null&region=6&sub_region=6",
  "prver" : "0",
  "isUik" : true,
  "selected" : false,
  "load_on_demand" : false
}, {
  "id" : 4064003240213,
  "text" : "УИК №721",
  "href" : "region/izbirkom?action=show&root=62000007&tvd=4064003240213&vrn=100100225883172&prver=0&pronetvd=null&region=6&sub_region=6",
  "prver" : "0",
  "isUik" : true,
  "selected" : false,
  "load_on_demand" : false
}, {
  "id" : 4064003240214,
  "text" : "УИК №722",
  "href" : "region/izbirkom?action=show&root=62000007&tvd=4064003240214&vrn=100100225883172&prver=0&pronetvd=null&region=6&sub_region=6",
  "prver" : "0",
  "isUik" : true,
  "selected" : false,
  "load_on_demand" : false
}, {
  "id" : 4064003240215,
  "text" : "УИК №723",
  "href" : "region/izbirkom?action=show&root=62000007&tvd=4064003240215&vrn=100100225883172&prver=0&pronetvd=null&region=6&sub_region=6",
  "prver" : "0",
  "isUik" : true,
  "selected" : false,
  "load_on_demand" : false
}, {
  "id" : 4064003240216,
  "text" : "УИК №724",
  "href" : "region/izbirkom?action=show&root=62000007&tvd=4064003240216&vrn=100100225883172&prver=0&pronetvd=null&region=6&sub_region=6",
  "prver" : "0",
  "isUik" : true,
  "selected" : false,
  "load_on_demand" : false
}, {
  "id" : 4064003240217,
  "text" : "УИК №725",
  "href" : "region/izbirkom?action=show&root=62000007&tvd=4064003240217&vrn=100100225883172&prver=0&pronetvd=null&region=6&sub_region=6",
  "prver" : "0",
  "isUik" : true,
  "selected" : false,
  "load_on_demand" : false
}, {
  "id" : 4064003240218,
  "text" : "УИК №726",
  "href" : "region/izbirkom?action=show&root=62000007&tvd=4064003240218&vrn=100100225883172&prver=0&pronetvd=null&region=6&sub_region=6",
  "prver" : "0",
  "isUik" : true,
  "selected" : false,
  "load_on_demand" : false
}, {
  "id" : 4064003240219,
  "text" : "УИК №727",
  "href" : "region/izbirkom?action=show&root=62000007&tvd=4064003240219&vrn=100100225883172&prver=0&pronetvd=null&region=6&sub_region=6",
  "prver" : "0",
  "isUik" : true,
  "selected" : false,
  "load_on_demand" : false
}, {
  "id" : 4064003240220,
  "text" : "УИК №728",
  "href" : "region/izbirkom?action=show&root=62000007&tvd=4064003240220&vrn=100100225883172&prver=0&pronetvd=null&region=6&sub_region=6",
  "prver" : "0",
  "isUik" : true,
  "selected" : false,
  "load_on_demand" : false
}, {
  "id" : 4064003240221,
  "text" : "УИК №729",
  "href" : "region/izbirkom?action=show&root=62000007&tvd=4064003240221&vrn=100100225883172&prver=0&pronetvd=null&region=6&sub_region=6",
  "prver" : "0",
  "isUik" : true,
  "selected" : false,
  "load_on_demand" : false
} ]