[ {
  "id" : 4064002243861,
  "text" : "УИК №501",
  "href" : "region/izbirkom?action=show&root=62000001&tvd=4064002243861&vrn=100100225883172&prver=0&pronetvd=null&region=6&sub_region=6",
  "prver" : "0",
  "isUik" : true,
  "selected" : false,
  "load_on_demand" : false
}, {
  "id" : 4064002243862,
  "text" : "УИК №502",
  "href" : "region/izbirkom?action=show&root=62000001&tvd=4064002243862&vrn=100100225883172&prver=0&pronetvd=null&region=6&sub_region=6",
  "prver" : "0",
  "isUik" : true,
  "selected" : false,
  "load_on_demand" : false
}, {
  "id" : 4064002243863,
  "text" : "УИК №503",
  "href" : "region/izbirkom?action=show&root=62000001&tvd=4064002243863&vrn=100100225883172&prver=0&pronetvd=null&region=6&sub_region=6",
  "prver" : "0",
  "isUik" : true,
  "selected" : false,
  "load_on_demand" : false
}, {
  "id" : 4064002243864,
  "text" : "УИК №504",
  "href" : "region/izbirkom?action=show&root=62000001&tvd=4064002243864&vrn=100100225883172&prver=0&pronetvd=null&region=6&sub_region=6",
  "prver" : "0",
  "isUik" : true,
  "selected" : false,
  "load_on_demand" : false
}, {
  "id" : 4064002243865,
  "text" : "УИК №505",
  "href" : "region/izbirkom?action=show&root=62000001&tvd=4064002243865&vrn=100100225883172&prver=0&pronetvd=null&region=6&sub_region=6",
  "prver" : "0",
  "isUik" : true,
  "selected" : false,
  "load_on_demand" : false
}, {
  "id" : 4064002243866,
  "text" : "УИК №506",
  "href" : "region/izbirkom?action=show&root=62000001&tvd=4064002243866&vrn=100100225883172&prver=0&pronetvd=null&region=6&sub_region=6",
  "prver" : "0",
  "isUik" : true,
  "selected" : false,
  "load_on_demand" : false
}, {
  "id" : 4064002243867,
  "text" : "УИК №507",
  "href" : "region/izbirkom?action=show&root=62000001&tvd=4064002243867&vrn=100100225883172&prver=0&pronetvd=null&region=6&sub_region=6",
  "prver" : "0",
  "isUik" : true,
  "selected" : false,
  "load_on_demand" : false
}, {
  "id" : 4064002243868,
  "text" : "УИК №508",
  "href" : "region/izbirkom?action=show&root=62000001&tvd=4064002243868&vrn=100100225883172&prver=0&pronetvd=null&region=6&sub_region=6",
  "prver" : "0",
  "isUik" : true,
  "selected" : false,
  "load_on_demand" : false
}, {
  "id" : 4064002243869,
  "text" : "УИК №509",
  "href" : "region/izbirkom?action=show&root=62000001&tvd=4064002243869&vrn=100100225883172&prver=0&pronetvd=null&region=6&sub_region=6",
  "prver" : "0",
  "isUik" : true,
  "selected" : false,
  "load_on_demand" : false
}, {
  "id" : 4064002243870,
  "text" : "УИК №510",
  "href" : "region/izbirkom?action=show&root=62000001&tvd=4064002243870&vrn=100100225883172&prver=0&pronetvd=null&region=6&sub_region=6",
  "prver" : "0",
  "isUik" : true,
  "selected" : false,
  "load_on_demand" : false
}, {
  "id" : 4064002243871,
  "text" : "УИК №511",
  "href" : "region/izbirkom?action=show&root=62000001&tvd=4064002243871&vrn=100100225883172&prver=0&pronetvd=null&region=6&sub_region=6",
  "prver" : "0",
  "isUik" : true,
  "selected" : false,
  "load_on_demand" : false
}, {
  "id" : 4064002243872,
  "text" : "УИК №512",
  "href" : "region/izbirkom?action=show&root=62000001&tvd=4064002243872&vrn=100100225883172&prver=0&pronetvd=null&region=6&sub_region=6",
  "prver" : "0",
  "isUik" : true,
  "selected" : false,
  "load_on_demand" : false
}, {
  "id" : 4064002243873,
  "text" : "УИК №513",
  "href" : "region/izbirkom?action=show&root=62000001&tvd=4064002243873&vrn=100100225883172&prver=0&pronetvd=null&region=6&sub_region=6",
  "prver" : "0",
  "isUik" : true,
  "selected" : false,
  "load_on_demand" : false
}, {
  "id" : 4064002243874,
  "text" : "УИК №514",
  "href" : "region/izbirkom?action=show&root=62000001&tvd=4064002243874&vrn=100100225883172&prver=0&pronetvd=null&region=6&sub_region=6",
  "prver" : "0",
  "isUik" : true,
  "selected" : false,
  "load_on_demand" : false
}, {
  "id" : 4064002243875,
  "text" : "УИК №515",
  "href" : "region/izbirkom?action=show&root=62000001&tvd=4064002243875&vrn=100100225883172&prver=0&pronetvd=null&region=6&sub_region=6",
  "prver" : "0",
  "isUik" : true,
  "selected" : false,
  "load_on_demand" : false
}, {
  "id" : 4064002243876,
  "text" : "УИК №516",
  "href" : "region/izbirkom?action=show&root=62000001&tvd=4064002243876&vrn=100100225883172&prver=0&pronetvd=null&region=6&sub_region=6",
  "prver" : "0",
  "isUik" : true,
  "selected" : false,
  "load_on_demand" : false
}, {
  "id" : 4064002243877,
  "text" : "УИК №517",
  "href" : "region/izbirkom?action=show&root=62000001&tvd=4064002243877&vrn=100100225883172&prver=0&pronetvd=null&region=6&sub_region=6",
  "prver" : "0",
  "isUik" : true,
  "selected" : false,
  "load_on_demand" : false
}, {
  "id" : 4064002243878,
  "text" : "УИК №518",
  "href" : "region/izbirkom?action=show&root=62000001&tvd=4064002243878&vrn=100100225883172&prver=0&pronetvd=null&region=6&sub_region=6",
  "prver" : "0",
  "isUik" : true,
  "selected" : false,
  "load_on_demand" : false
}, {
  "id" : 4064002243879,
  "text" : "УИК №519",
  "href" : "region/izbirkom?action=show&root=62000001&tvd=4064002243879&vrn=100100225883172&prver=0&pronetvd=null&region=6&sub_region=6",
  "prver" : "0",
  "isUik" : true,
  "selected" : false,
  "load_on_demand" : false
}, {
  "id" : 4064002243880,
  "text" : "УИК №520",
  "href" : "region/izbirkom?action=show&root=62000001&tvd=4064002243880&vrn=100100225883172&prver=0&pronetvd=null&region=6&sub_region=6",
  "prver" : "0",
  "isUik" : true,
  "selected" : false,
  "load_on_demand" : false
}, {
  "id" : 4064002243881,
  "text" : "УИК №521",
  "href" : "region/izbirkom?action=show&root=62000001&tvd=4064002243881&vrn=100100225883172&prver=0&pronetvd=null&region=6&sub_region=6",
  "prver" : "0",
  "isUik" : true,
  "selected" : false,
  "load_on_demand" : false
}, {
  "id" : 4064002243882,
  "text" : "УИК №522",
  "href" : "region/izbirkom?action=show&root=62000001&tvd=4064002243882&vrn=100100225883172&prver=0&pronetvd=null&region=6&sub_region=6",
  "prver" : "0",
  "isUik" : true,
  "selected" : false,
  "load_on_demand" : false
}, {
  "id" : 4064002243883,
  "text" : "УИК №523",
  "href" : "region/izbirkom?action=show&root=62000001&tvd=4064002243883&vrn=100100225883172&prver=0&pronetvd=null&region=6&sub_region=6",
  "prver" : "0",
  "isUik" : true,
  "selected" : false,
  "load_on_demand" : false
} ]