[ {
  "id" : 4074004265849,
  "text" : "УИК №98",
  "href" : "region/izbirkom?action=show&root=72000012&tvd=4074004265849&vrn=100100225883172&prver=0&pronetvd=null&region=7&sub_region=7",
  "prver" : "0",
  "isUik" : true,
  "selected" : false,
  "load_on_demand" : false
}, {
  "id" : 4074004265850,
  "text" : "УИК №99",
  "href" : "region/izbirkom?action=show&root=72000012&tvd=4074004265850&vrn=100100225883172&prver=0&pronetvd=null&region=7&sub_region=7",
  "prver" : "0",
  "isUik" : true,
  "selected" : false,
  "load_on_demand" : false
}, {
  "id" : 4074004265851,
  "text" : "УИК №100",
  "href" : "region/izbirkom?action=show&root=72000012&tvd=4074004265851&vrn=100100225883172&prver=0&pronetvd=null&region=7&sub_region=7",
  "prver" : "0",
  "isUik" : true,
  "selected" : false,
  "load_on_demand" : false
}, {
  "id" : 4074004265852,
  "text" : "УИК №101",
  "href" : "region/izbirkom?action=show&root=72000012&tvd=4074004265852&vrn=100100225883172&prver=0&pronetvd=null&region=7&sub_region=7",
  "prver" : "0",
  "isUik" : true,
  "selected" : false,
  "load_on_demand" : false
}, {
  "id" : 4074004265853,
  "text" : "УИК №102",
  "href" : "region/izbirkom?action=show&root=72000012&tvd=4074004265853&vrn=100100225883172&prver=0&pronetvd=null&region=7&sub_region=7",
  "prver" : "0",
  "isUik" : true,
  "selected" : false,
  "load_on_demand" : false
}, {
  "id" : 4074004265854,
  "text" : "УИК №103",
  "href" : "region/izbirkom?action=show&root=72000012&tvd=4074004265854&vrn=100100225883172&prver=0&pronetvd=null&region=7&sub_region=7",
  "prver" : "0",
  "isUik" : true,
  "selected" : false,
  "load_on_demand" : false
}, {
  "id" : 4074004265855,
  "text" : "УИК №104",
  "href" : "region/izbirkom?action=show&root=72000012&tvd=4074004265855&vrn=100100225883172&prver=0&pronetvd=null&region=7&sub_region=7",
  "prver" : "0",
  "isUik" : true,
  "selected" : false,
  "load_on_demand" : false
}, {
  "id" : 4074004265856,
  "text" : "УИК №105",
  "href" : "region/izbirkom?action=show&root=72000012&tvd=4074004265856&vrn=100100225883172&prver=0&pronetvd=null&region=7&sub_region=7",
  "prver" : "0",
  "isUik" : true,
  "selected" : false,
  "load_on_demand" : false
}, {
  "id" : 4074004265857,
  "text" : "УИК №106",
  "href" : "region/izbirkom?action=show&root=72000012&tvd=4074004265857&vrn=100100225883172&prver=0&pronetvd=null&region=7&sub_region=7",
  "prver" : "0",
  "isUik" : true,
  "selected" : false,
  "load_on_demand" : false
}, {
  "id" : 4074004265858,
  "text" : "УИК №107",
  "href" : "region/izbirkom?action=show&root=72000012&tvd=4074004265858&vrn=100100225883172&prver=0&pronetvd=null&region=7&sub_region=7",
  "prver" : "0",
  "isUik" : true,
  "selected" : false,
  "load_on_demand" : false
}, {
  "id" : 4074004265859,
  "text" : "УИК №108",
  "href" : "region/izbirkom?action=show&root=72000012&tvd=4074004265859&vrn=100100225883172&prver=0&pronetvd=null&region=7&sub_region=7",
  "prver" : "0",
  "isUik" : true,
  "selected" : false,
  "load_on_demand" : false
}, {
  "id" : 4074004265860,
  "text" : "УИК №109",
  "href" : "region/izbirkom?action=show&root=72000012&tvd=4074004265860&vrn=100100225883172&prver=0&pronetvd=null&region=7&sub_region=7",
  "prver" : "0",
  "isUik" : true,
  "selected" : false,
  "load_on_demand" : false
}, {
  "id" : 4074004265861,
  "text" : "УИК №110",
  "href" : "region/izbirkom?action=show&root=72000012&tvd=4074004265861&vrn=100100225883172&prver=0&pronetvd=null&region=7&sub_region=7",
  "prver" : "0",
  "isUik" : true,
  "selected" : false,
  "load_on_demand" : false
}, {
  "id" : 4074004265862,
  "text" : "УИК №111",
  "href" : "region/izbirkom?action=show&root=72000012&tvd=4074004265862&vrn=100100225883172&prver=0&pronetvd=null&region=7&sub_region=7",
  "prver" : "0",
  "isUik" : true,
  "selected" : false,
  "load_on_demand" : false
}, {
  "id" : 4074004265863,
  "text" : "УИК №112",
  "href" : "region/izbirkom?action=show&root=72000012&tvd=4074004265863&vrn=100100225883172&prver=0&pronetvd=null&region=7&sub_region=7",
  "prver" : "0",
  "isUik" : true,
  "selected" : false,
  "load_on_demand" : false
}, {
  "id" : 4074004265864,
  "text" : "УИК №113",
  "href" : "region/izbirkom?action=show&root=72000012&tvd=4074004265864&vrn=100100225883172&prver=0&pronetvd=null&region=7&sub_region=7",
  "prver" : "0",
  "isUik" : true,
  "selected" : false,
  "load_on_demand" : false
}, {
  "id" : 4074004265865,
  "text" : "УИК №114",
  "href" : "region/izbirkom?action=show&root=72000012&tvd=4074004265865&vrn=100100225883172&prver=0&pronetvd=null&region=7&sub_region=7",
  "prver" : "0",
  "isUik" : true,
  "selected" : false,
  "load_on_demand" : false
}, {
  "id" : 4074004265866,
  "text" : "УИК №115",
  "href" : "region/izbirkom?action=show&root=72000012&tvd=4074004265866&vrn=100100225883172&prver=0&pronetvd=null&region=7&sub_region=7",
  "prver" : "0",
  "isUik" : true,
  "selected" : false,
  "load_on_demand" : false
}, {
  "id" : 4074004265867,
  "text" : "УИК №116",
  "href" : "region/izbirkom?action=show&root=72000012&tvd=4074004265867&vrn=100100225883172&prver=0&pronetvd=null&region=7&sub_region=7",
  "prver" : "0",
  "isUik" : true,
  "selected" : false,
  "load_on_demand" : false
}, {
  "id" : 4074004265868,
  "text" : "УИК №117",
  "href" : "region/izbirkom?action=show&root=72000012&tvd=4074004265868&vrn=100100225883172&prver=0&pronetvd=null&region=7&sub_region=7",
  "prver" : "0",
  "isUik" : true,
  "selected" : false,
  "load_on_demand" : false
}, {
  "id" : 4074004265869,
  "text" : "УИК №118",
  "href" : "region/izbirkom?action=show&root=72000012&tvd=4074004265869&vrn=100100225883172&prver=0&pronetvd=null&region=7&sub_region=7",
  "prver" : "0",
  "isUik" : true,
  "selected" : false,
  "load_on_demand" : false
}, {
  "id" : 4074004265870,
  "text" : "УИК №119",
  "href" : "region/izbirkom?action=show&root=72000012&tvd=4074004265870&vrn=100100225883172&prver=0&pronetvd=null&region=7&sub_region=7",
  "prver" : "0",
  "isUik" : true,
  "selected" : false,
  "load_on_demand" : false
}, {
  "id" : 4074004265871,
  "text" : "УИК №120",
  "href" : "region/izbirkom?action=show&root=72000012&tvd=4074004265871&vrn=100100225883172&prver=0&pronetvd=null&region=7&sub_region=7",
  "prver" : "0",
  "isUik" : true,
  "selected" : false,
  "load_on_demand" : false
}, {
  "id" : 4074004265872,
  "text" : "УИК №121",
  "href" : "region/izbirkom?action=show&root=72000012&tvd=4074004265872&vrn=100100225883172&prver=0&pronetvd=null&region=7&sub_region=7",
  "prver" : "0",
  "isUik" : true,
  "selected" : false,
  "load_on_demand" : false
}, {
  "id" : 4074004265873,
  "text" : "УИК №122",
  "href" : "region/izbirkom?action=show&root=72000012&tvd=4074004265873&vrn=100100225883172&prver=0&pronetvd=null&region=7&sub_region=7",
  "prver" : "0",
  "isUik" : true,
  "selected" : false,
  "load_on_demand" : false
}, {
  "id" : 4074004265874,
  "text" : "УИК №123",
  "href" : "region/izbirkom?action=show&root=72000012&tvd=4074004265874&vrn=100100225883172&prver=0&pronetvd=null&region=7&sub_region=7",
  "prver" : "0",
  "isUik" : true,
  "selected" : false,
  "load_on_demand" : false
}, {
  "id" : 4074004265875,
  "text" : "УИК №124",
  "href" : "region/izbirkom?action=show&root=72000012&tvd=4074004265875&vrn=100100225883172&prver=0&pronetvd=null&region=7&sub_region=7",
  "prver" : "0",
  "isUik" : true,
  "selected" : false,
  "load_on_demand" : false
}, {
  "id" : 4074004265876,
  "text" : "УИК №125",
  "href" : "region/izbirkom?action=show&root=72000012&tvd=4074004265876&vrn=100100225883172&prver=0&pronetvd=null&region=7&sub_region=7",
  "prver" : "0",
  "isUik" : true,
  "selected" : false,
  "load_on_demand" : false
}, {
  "id" : 4074004265877,
  "text" : "УИК №126",
  "href" : "region/izbirkom?action=show&root=72000012&tvd=4074004265877&vrn=100100225883172&prver=0&pronetvd=null&region=7&sub_region=7",
  "prver" : "0",
  "isUik" : true,
  "selected" : false,
  "load_on_demand" : false
}, {
  "id" : 4074004265878,
  "text" : "УИК №127",
  "href" : "region/izbirkom?action=show&root=72000012&tvd=4074004265878&vrn=100100225883172&prver=0&pronetvd=null&region=7&sub_region=7",
  "prver" : "0",
  "isUik" : true,
  "selected" : false,
  "load_on_demand" : false
}, {
  "id" : 4074004265879,
  "text" : "УИК №128",
  "href" : "region/izbirkom?action=show&root=72000012&tvd=4074004265879&vrn=100100225883172&prver=0&pronetvd=null&region=7&sub_region=7",
  "prver" : "0",
  "isUik" : true,
  "selected" : false,
  "load_on_demand" : false
}, {
  "id" : 4074004265880,
  "text" : "УИК №129",
  "href" : "region/izbirkom?action=show&root=72000012&tvd=4074004265880&vrn=100100225883172&prver=0&pronetvd=null&region=7&sub_region=7",
  "prver" : "0",
  "isUik" : true,
  "selected" : false,
  "load_on_demand" : false
}, {
  "id" : 4074004265881,
  "text" : "УИК №130",
  "href" : "region/izbirkom?action=show&root=72000012&tvd=4074004265881&vrn=100100225883172&prver=0&pronetvd=null&region=7&sub_region=7",
  "prver" : "0",
  "isUik" : true,
  "selected" : false,
  "load_on_demand" : false
}, {
  "id" : 4074004265882,
  "text" : "УИК №131",
  "href" : "region/izbirkom?action=show&root=72000012&tvd=4074004265882&vrn=100100225883172&prver=0&pronetvd=null&region=7&sub_region=7",
  "prver" : "0",
  "isUik" : true,
  "selected" : false,
  "load_on_demand" : false
}, {
  "id" : 4074004265883,
  "text" : "УИК №132",
  "href" : "region/izbirkom?action=show&root=72000012&tvd=4074004265883&vrn=100100225883172&prver=0&pronetvd=null&region=7&sub_region=7",
  "prver" : "0",
  "isUik" : true,
  "selected" : false,
  "load_on_demand" : false
}, {
  "id" : 4074004265884,
  "text" : "УИК №133",
  "href" : "region/izbirkom?action=show&root=72000012&tvd=4074004265884&vrn=100100225883172&prver=0&pronetvd=null&region=7&sub_region=7",
  "prver" : "0",
  "isUik" : true,
  "selected" : false,
  "load_on_demand" : false
}, {
  "id" : 4074004265885,
  "text" : "УИК №134",
  "href" : "region/izbirkom?action=show&root=72000012&tvd=4074004265885&vrn=100100225883172&prver=0&pronetvd=null&region=7&sub_region=7",
  "prver" : "0",
  "isUik" : true,
  "selected" : false,
  "load_on_demand" : false
}, {
  "id" : 4074004265886,
  "text" : "УИК №135",
  "href" : "region/izbirkom?action=show&root=72000012&tvd=4074004265886&vrn=100100225883172&prver=0&pronetvd=null&region=7&sub_region=7",
  "prver" : "0",
  "isUik" : true,
  "selected" : false,
  "load_on_demand" : false
}, {
  "id" : 4074004265887,
  "text" : "УИК №136",
  "href" : "region/izbirkom?action=show&root=72000012&tvd=4074004265887&vrn=100100225883172&prver=0&pronetvd=null&region=7&sub_region=7",
  "prver" : "0",
  "isUik" : true,
  "selected" : false,
  "load_on_demand" : false
}, {
  "id" : 4074004265888,
  "text" : "УИК №137",
  "href" : "region/izbirkom?action=show&root=72000012&tvd=4074004265888&vrn=100100225883172&prver=0&pronetvd=null&region=7&sub_region=7",
  "prver" : "0",
  "isUik" : true,
  "selected" : false,
  "load_on_demand" : false
}, {
  "id" : 4074004265889,
  "text" : "УИК №138",
  "href" : "region/izbirkom?action=show&root=72000012&tvd=4074004265889&vrn=100100225883172&prver=0&pronetvd=null&region=7&sub_region=7",
  "prver" : "0",
  "isUik" : true,
  "selected" : false,
  "load_on_demand" : false
}, {
  "id" : 4074004265890,
  "text" : "УИК №139",
  "href" : "region/izbirkom?action=show&root=72000012&tvd=4074004265890&vrn=100100225883172&prver=0&pronetvd=null&region=7&sub_region=7",
  "prver" : "0",
  "isUik" : true,
  "selected" : false,
  "load_on_demand" : false
}, {
  "id" : 4074004265891,
  "text" : "УИК №140",
  "href" : "region/izbirkom?action=show&root=72000012&tvd=4074004265891&vrn=100100225883172&prver=0&pronetvd=null&region=7&sub_region=7",
  "prver" : "0",
  "isUik" : true,
  "selected" : false,
  "load_on_demand" : false
}, {
  "id" : 4074004265892,
  "text" : "УИК №141",
  "href" : "region/izbirkom?action=show&root=72000012&tvd=4074004265892&vrn=100100225883172&prver=0&pronetvd=null&region=7&sub_region=7",
  "prver" : "0",
  "isUik" : true,
  "selected" : false,
  "load_on_demand" : false
}, {
  "id" : 4074004265893,
  "text" : "УИК №142",
  "href" : "region/izbirkom?action=show&root=72000012&tvd=4074004265893&vrn=100100225883172&prver=0&pronetvd=null&region=7&sub_region=7",
  "prver" : "0",
  "isUik" : true,
  "selected" : false,
  "load_on_demand" : false
}, {
  "id" : 4074004265894,
  "text" : "УИК №143",
  "href" : "region/izbirkom?action=show&root=72000012&tvd=4074004265894&vrn=100100225883172&prver=0&pronetvd=null&region=7&sub_region=7",
  "prver" : "0",
  "isUik" : true,
  "selected" : false,
  "load_on_demand" : false
}, {
  "id" : 4074004265895,
  "text" : "УИК №144",
  "href" : "region/izbirkom?action=show&root=72000012&tvd=4074004265895&vrn=100100225883172&prver=0&pronetvd=null&region=7&sub_region=7",
  "prver" : "0",
  "isUik" : true,
  "selected" : false,
  "load_on_demand" : false
}, {
  "id" : 4074004265896,
  "text" : "УИК №145",
  "href" : "region/izbirkom?action=show&root=72000012&tvd=4074004265896&vrn=100100225883172&prver=0&pronetvd=null&region=7&sub_region=7",
  "prver" : "0",
  "isUik" : true,
  "selected" : false,
  "load_on_demand" : false
}, {
  "id" : 4074004265897,
  "text" : "УИК №146",
  "href" : "region/izbirkom?action=show&root=72000012&tvd=4074004265897&vrn=100100225883172&prver=0&pronetvd=null&region=7&sub_region=7",
  "prver" : "0",
  "isUik" : true,
  "selected" : false,
  "load_on_demand" : false
}, {
  "id" : 4074004265898,
  "text" : "УИК №147",
  "href" : "region/izbirkom?action=show&root=72000012&tvd=4074004265898&vrn=100100225883172&prver=0&pronetvd=null&region=7&sub_region=7",
  "prver" : "0",
  "isUik" : true,
  "selected" : false,
  "load_on_demand" : false
}, {
  "id" : 4074004265899,
  "text" : "УИК №148",
  "href" : "region/izbirkom?action=show&root=72000012&tvd=4074004265899&vrn=100100225883172&prver=0&pronetvd=null&region=7&sub_region=7",
  "prver" : "0",
  "isUik" : true,
  "selected" : false,
  "load_on_demand" : false
}, {
  "id" : 4074004265900,
  "text" : "УИК №149",
  "href" : "region/izbirkom?action=show&root=72000012&tvd=4074004265900&vrn=100100225883172&prver=0&pronetvd=null&region=7&sub_region=7",
  "prver" : "0",
  "isUik" : true,
  "selected" : false,
  "load_on_demand" : false
}, {
  "id" : 4074004265901,
  "text" : "УИК №150",
  "href" : "region/izbirkom?action=show&root=72000012&tvd=4074004265901&vrn=100100225883172&prver=0&pronetvd=null&region=7&sub_region=7",
  "prver" : "0",
  "isUik" : true,
  "selected" : false,
  "load_on_demand" : false
}, {
  "id" : 4074004265902,
  "text" : "УИК №151",
  "href" : "region/izbirkom?action=show&root=72000012&tvd=4074004265902&vrn=100100225883172&prver=0&pronetvd=null&region=7&sub_region=7",
  "prver" : "0",
  "isUik" : true,
  "selected" : false,
  "load_on_demand" : false
}, {
  "id" : 4074004265903,
  "text" : "УИК №152",
  "href" : "region/izbirkom?action=show&root=72000012&tvd=4074004265903&vrn=100100225883172&prver=0&pronetvd=null&region=7&sub_region=7",
  "prver" : "0",
  "isUik" : true,
  "selected" : false,
  "load_on_demand" : false
}, {
  "id" : 4074004265904,
  "text" : "УИК №153",
  "href" : "region/izbirkom?action=show&root=72000012&tvd=4074004265904&vrn=100100225883172&prver=0&pronetvd=null&region=7&sub_region=7",
  "prver" : "0",
  "isUik" : true,
  "selected" : false,
  "load_on_demand" : false
}, {
  "id" : 4074004265905,
  "text" : "УИК №154",
  "href" : "region/izbirkom?action=show&root=72000012&tvd=4074004265905&vrn=100100225883172&prver=0&pronetvd=null&region=7&sub_region=7",
  "prver" : "0",
  "isUik" : true,
  "selected" : false,
  "load_on_demand" : false
}, {
  "id" : 4074004265906,
  "text" : "УИК №155",
  "href" : "region/izbirkom?action=show&root=72000012&tvd=4074004265906&vrn=100100225883172&prver=0&pronetvd=null&region=7&sub_region=7",
  "prver" : "0",
  "isUik" : true,
  "selected" : false,
  "load_on_demand" : false
}, {
  "id" : 4074004265907,
  "text" : "УИК №156",
  "href" : "region/izbirkom?action=show&root=72000012&tvd=4074004265907&vrn=100100225883172&prver=0&pronetvd=null&region=7&sub_region=7",
  "prver" : "0",
  "isUik" : true,
  "selected" : false,
  "load_on_demand" : false
}, {
  "id" : 4074004265908,
  "text" : "УИК №157",
  "href" : "region/izbirkom?action=show&root=72000012&tvd=4074004265908&vrn=100100225883172&prver=0&pronetvd=null&region=7&sub_region=7",
  "prver" : "0",
  "isUik" : true,
  "selected" : false,
  "load_on_demand" : false
}, {
  "id" : 4074004265909,
  "text" : "УИК №158",
  "href" : "region/izbirkom?action=show&root=72000012&tvd=4074004265909&vrn=100100225883172&prver=0&pronetvd=null&region=7&sub_region=7",
  "prver" : "0",
  "isUik" : true,
  "selected" : false,
  "load_on_demand" : false
}, {
  "id" : 4074004265910,
  "text" : "УИК №159",
  "href" : "region/izbirkom?action=show&root=72000012&tvd=4074004265910&vrn=100100225883172&prver=0&pronetvd=null&region=7&sub_region=7",
  "prver" : "0",
  "isUik" : true,
  "selected" : false,
  "load_on_demand" : false
}, {
  "id" : 4074004265911,
  "text" : "УИК №160",
  "href" : "region/izbirkom?action=show&root=72000012&tvd=4074004265911&vrn=100100225883172&prver=0&pronetvd=null&region=7&sub_region=7",
  "prver" : "0",
  "isUik" : true,
  "selected" : false,
  "load_on_demand" : false
}, {
  "id" : 4074004265912,
  "text" : "УИК №161",
  "href" : "region/izbirkom?action=show&root=72000012&tvd=4074004265912&vrn=100100225883172&prver=0&pronetvd=null&region=7&sub_region=7",
  "prver" : "0",
  "isUik" : true,
  "selected" : false,
  "load_on_demand" : false
}, {
  "id" : 4074004265913,
  "text" : "УИК №162",
  "href" : "region/izbirkom?action=show&root=72000012&tvd=4074004265913&vrn=100100225883172&prver=0&pronetvd=null&region=7&sub_region=7",
  "prver" : "0",
  "isUik" : true,
  "selected" : false,
  "load_on_demand" : false
}, {
  "id" : 4074004265914,
  "text" : "УИК №163",
  "href" : "region/izbirkom?action=show&root=72000012&tvd=4074004265914&vrn=100100225883172&prver=0&pronetvd=null&region=7&sub_region=7",
  "prver" : "0",
  "isUik" : true,
  "selected" : false,
  "load_on_demand" : false
}, {
  "id" : 4074004265915,
  "text" : "УИК №164",
  "href" : "region/izbirkom?action=show&root=72000012&tvd=4074004265915&vrn=100100225883172&prver=0&pronetvd=null&region=7&sub_region=7",
  "prver" : "0",
  "isUik" : true,
  "selected" : false,
  "load_on_demand" : false
}, {
  "id" : 4074004265916,
  "text" : "УИК №165",
  "href" : "region/izbirkom?action=show&root=72000012&tvd=4074004265916&vrn=100100225883172&prver=0&pronetvd=null&region=7&sub_region=7",
  "prver" : "0",
  "isUik" : true,
  "selected" : false,
  "load_on_demand" : false
}, {
  "id" : 4074004265917,
  "text" : "УИК №166",
  "href" : "region/izbirkom?action=show&root=72000012&tvd=4074004265917&vrn=100100225883172&prver=0&pronetvd=null&region=7&sub_region=7",
  "prver" : "0",
  "isUik" : true,
  "selected" : false,
  "load_on_demand" : false
}, {
  "id" : 4074004265918,
  "text" : "УИК №167",
  "href" : "region/izbirkom?action=show&root=72000012&tvd=4074004265918&vrn=100100225883172&prver=0&pronetvd=null&region=7&sub_region=7",
  "prver" : "0",
  "isUik" : true,
  "selected" : false,
  "load_on_demand" : false
}, {
  "id" : 4074004265919,
  "text" : "УИК №168",
  "href" : "region/izbirkom?action=show&root=72000012&tvd=4074004265919&vrn=100100225883172&prver=0&pronetvd=null&region=7&sub_region=7",
  "prver" : "0",
  "isUik" : true,
  "selected" : false,
  "load_on_demand" : false
}, {
  "id" : 4074004265920,
  "text" : "УИК №169",
  "href" : "region/izbirkom?action=show&root=72000012&tvd=4074004265920&vrn=100100225883172&prver=0&pronetvd=null&region=7&sub_region=7",
  "prver" : "0",
  "isUik" : true,
  "selected" : false,
  "load_on_demand" : false
}, {
  "id" : 4074004265921,
  "text" : "УИК №170",
  "href" : "region/izbirkom?action=show&root=72000012&tvd=4074004265921&vrn=100100225883172&prver=0&pronetvd=null&region=7&sub_region=7",
  "prver" : "0",
  "isUik" : true,
  "selected" : false,
  "load_on_demand" : false
}, {
  "id" : 4074004265922,
  "text" : "УИК №171",
  "href" : "region/izbirkom?action=show&root=72000012&tvd=4074004265922&vrn=100100225883172&prver=0&pronetvd=null&region=7&sub_region=7",
  "prver" : "0",
  "isUik" : true,
  "selected" : false,
  "load_on_demand" : false
}, {
  "id" : 4074004265923,
  "text" : "УИК №172",
  "href" : "region/izbirkom?action=show&root=72000012&tvd=4074004265923&vrn=100100225883172&prver=0&pronetvd=null&region=7&sub_region=7",
  "prver" : "0",
  "isUik" : true,
  "selected" : false,
  "load_on_demand" : false
}, {
  "id" : 4074004265924,
  "text" : "УИК №173",
  "href" : "region/izbirkom?action=show&root=72000012&tvd=4074004265924&vrn=100100225883172&prver=0&pronetvd=null&region=7&sub_region=7",
  "prver" : "0",
  "isUik" : true,
  "selected" : false,
  "load_on_demand" : false
}, {
  "id" : 4074004265925,
  "text" : "УИК №174",
  "href" : "region/izbirkom?action=show&root=72000012&tvd=4074004265925&vrn=100100225883172&prver=0&pronetvd=null&region=7&sub_region=7",
  "prver" : "0",
  "isUik" : true,
  "selected" : false,
  "load_on_demand" : false
}, {
  "id" : 4074004265926,
  "text" : "УИК №175",
  "href" : "region/izbirkom?action=show&root=72000012&tvd=4074004265926&vrn=100100225883172&prver=0&pronetvd=null&region=7&sub_region=7",
  "prver" : "0",
  "isUik" : true,
  "selected" : false,
  "load_on_demand" : false
}, {
  "id" : 4074004265927,
  "text" : "УИК №176",
  "href" : "region/izbirkom?action=show&root=72000012&tvd=4074004265927&vrn=100100225883172&prver=0&pronetvd=null&region=7&sub_region=7",
  "prver" : "0",
  "isUik" : true,
  "selected" : false,
  "load_on_demand" : false
}, {
  "id" : 4074004265928,
  "text" : "УИК №177",
  "href" : "region/izbirkom?action=show&root=72000012&tvd=4074004265928&vrn=100100225883172&prver=0&pronetvd=null&region=7&sub_region=7",
  "prver" : "0",
  "isUik" : true,
  "selected" : false,
  "load_on_demand" : false
}, {
  "id" : 4074004265929,
  "text" : "УИК №178",
  "href" : "region/izbirkom?action=show&root=72000012&tvd=4074004265929&vrn=100100225883172&prver=0&pronetvd=null&region=7&sub_region=7",
  "prver" : "0",
  "isUik" : true,
  "selected" : false,
  "load_on_demand" : false
}, {
  "id" : 4074004265930,
  "text" : "УИК №179",
  "href" : "region/izbirkom?action=show&root=72000012&tvd=4074004265930&vrn=100100225883172&prver=0&pronetvd=null&region=7&sub_region=7",
  "prver" : "0",
  "isUik" : true,
  "selected" : false,
  "load_on_demand" : false
}, {
  "id" : 4074004265931,
  "text" : "УИК №180",
  "href" : "region/izbirkom?action=show&root=72000012&tvd=4074004265931&vrn=100100225883172&prver=0&pronetvd=null&region=7&sub_region=7",
  "prver" : "0",
  "isUik" : true,
  "selected" : false,
  "load_on_demand" : false
}, {
  "id" : 4074004265932,
  "text" : "УИК №181",
  "href" : "region/izbirkom?action=show&root=72000012&tvd=4074004265932&vrn=100100225883172&prver=0&pronetvd=null&region=7&sub_region=7",
  "prver" : "0",
  "isUik" : true,
  "selected" : false,
  "load_on_demand" : false
}, {
  "id" : 4074004265933,
  "text" : "УИК №182",
  "href" : "region/izbirkom?action=show&root=72000012&tvd=4074004265933&vrn=100100225883172&prver=0&pronetvd=null&region=7&sub_region=7",
  "prver" : "0",
  "isUik" : true,
  "selected" : false,
  "load_on_demand" : false
}, {
  "id" : 4074004265934,
  "text" : "УИК №183",
  "href" : "region/izbirkom?action=show&root=72000012&tvd=4074004265934&vrn=100100225883172&prver=0&pronetvd=null&region=7&sub_region=7",
  "prver" : "0",
  "isUik" : true,
  "selected" : false,
  "load_on_demand" : false
}, {
  "id" : 4074004265935,
  "text" : "УИК №184",
  "href" : "region/izbirkom?action=show&root=72000012&tvd=4074004265935&vrn=100100225883172&prver=0&pronetvd=null&region=7&sub_region=7",
  "prver" : "0",
  "isUik" : true,
  "selected" : false,
  "load_on_demand" : false
}, {
  "id" : 4074004265936,
  "text" : "УИК №185",
  "href" : "region/izbirkom?action=show&root=72000012&tvd=4074004265936&vrn=100100225883172&prver=0&pronetvd=null&region=7&sub_region=7",
  "prver" : "0",
  "isUik" : true,
  "selected" : false,
  "load_on_demand" : false
}, {
  "id" : 4074004265937,
  "text" : "УИК №186",
  "href" : "region/izbirkom?action=show&root=72000012&tvd=4074004265937&vrn=100100225883172&prver=0&pronetvd=null&region=7&sub_region=7",
  "prver" : "0",
  "isUik" : true,
  "selected" : false,
  "load_on_demand" : false
}, {
  "id" : 4074004265938,
  "text" : "УИК №187",
  "href" : "region/izbirkom?action=show&root=72000012&tvd=4074004265938&vrn=100100225883172&prver=0&pronetvd=null&region=7&sub_region=7",
  "prver" : "0",
  "isUik" : true,
  "selected" : false,
  "load_on_demand" : false
}, {
  "id" : 4074004265939,
  "text" : "УИК №188",
  "href" : "region/izbirkom?action=show&root=72000012&tvd=4074004265939&vrn=100100225883172&prver=0&pronetvd=null&region=7&sub_region=7",
  "prver" : "0",
  "isUik" : true,
  "selected" : false,
  "load_on_demand" : false
}, {
  "id" : 4074004265940,
  "text" : "УИК №189",
  "href" : "region/izbirkom?action=show&root=72000012&tvd=4074004265940&vrn=100100225883172&prver=0&pronetvd=null&region=7&sub_region=7",
  "prver" : "0",
  "isUik" : true,
  "selected" : false,
  "load_on_demand" : false
}, {
  "id" : 4074004265941,
  "text" : "УИК №190",
  "href" : "region/izbirkom?action=show&root=72000012&tvd=4074004265941&vrn=100100225883172&prver=0&pronetvd=null&region=7&sub_region=7",
  "prver" : "0",
  "isUik" : true,
  "selected" : false,
  "load_on_demand" : false
}, {
  "id" : 4074004265942,
  "text" : "УИК №191",
  "href" : "region/izbirkom?action=show&root=72000012&tvd=4074004265942&vrn=100100225883172&prver=0&pronetvd=null&region=7&sub_region=7",
  "prver" : "0",
  "isUik" : true,
  "selected" : false,
  "load_on_demand" : false
}, {
  "id" : 4074004265943,
  "text" : "УИК №192",
  "href" : "region/izbirkom?action=show&root=72000012&tvd=4074004265943&vrn=100100225883172&prver=0&pronetvd=null&region=7&sub_region=7",
  "prver" : "0",
  "isUik" : true,
  "selected" : false,
  "load_on_demand" : false
}, {
  "id" : 4074004265944,
  "text" : "УИК №193",
  "href" : "region/izbirkom?action=show&root=72000012&tvd=4074004265944&vrn=100100225883172&prver=0&pronetvd=null&region=7&sub_region=7",
  "prver" : "0",
  "isUik" : true,
  "selected" : false,
  "load_on_demand" : false
}, {
  "id" : 4074004265945,
  "text" : "УИК №194",
  "href" : "region/izbirkom?action=show&root=72000012&tvd=4074004265945&vrn=100100225883172&prver=0&pronetvd=null&region=7&sub_region=7",
  "prver" : "0",
  "isUik" : true,
  "selected" : false,
  "load_on_demand" : false
}, {
  "id" : 4074004265946,
  "text" : "УИК №195",
  "href" : "region/izbirkom?action=show&root=72000012&tvd=4074004265946&vrn=100100225883172&prver=0&pronetvd=null&region=7&sub_region=7",
  "prver" : "0",
  "isUik" : true,
  "selected" : false,
  "load_on_demand" : false
}, {
  "id" : 4074004265947,
  "text" : "УИК №196",
  "href" : "region/izbirkom?action=show&root=72000012&tvd=4074004265947&vrn=100100225883172&prver=0&pronetvd=null&region=7&sub_region=7",
  "prver" : "0",
  "isUik" : true,
  "selected" : false,
  "load_on_demand" : false
}, {
  "id" : 4074004265948,
  "text" : "УИК №197",
  "href" : "region/izbirkom?action=show&root=72000012&tvd=4074004265948&vrn=100100225883172&prver=0&pronetvd=null&region=7&sub_region=7",
  "prver" : "0",
  "isUik" : true,
  "selected" : false,
  "load_on_demand" : false
}, {
  "id" : 4074004265949,
  "text" : "УИК №198",
  "href" : "region/izbirkom?action=show&root=72000012&tvd=4074004265949&vrn=100100225883172&prver=0&pronetvd=null&region=7&sub_region=7",
  "prver" : "0",
  "isUik" : true,
  "selected" : false,
  "load_on_demand" : false
}, {
  "id" : 4074004265950,
  "text" : "УИК №199",
  "href" : "region/izbirkom?action=show&root=72000012&tvd=4074004265950&vrn=100100225883172&prver=0&pronetvd=null&region=7&sub_region=7",
  "prver" : "0",
  "isUik" : true,
  "selected" : false,
  "load_on_demand" : false
} ]