[ {
  "id" : 4074010180048,
  "text" : "УИК №318",
  "href" : "region/izbirkom?action=show&root=72000004&tvd=4074010180048&vrn=100100225883172&prver=0&pronetvd=null&region=7&sub_region=7",
  "prver" : "0",
  "isUik" : true,
  "selected" : false,
  "load_on_demand" : false
}, {
  "id" : 4074010180049,
  "text" : "УИК №319",
  "href" : "region/izbirkom?action=show&root=72000004&tvd=4074010180049&vrn=100100225883172&prver=0&pronetvd=null&region=7&sub_region=7",
  "prver" : "0",
  "isUik" : true,
  "selected" : false,
  "load_on_demand" : false
}, {
  "id" : 4074010180050,
  "text" : "УИК №320",
  "href" : "region/izbirkom?action=show&root=72000004&tvd=4074010180050&vrn=100100225883172&prver=0&pronetvd=null&region=7&sub_region=7",
  "prver" : "0",
  "isUik" : true,
  "selected" : false,
  "load_on_demand" : false
}, {
  "id" : 4074010180051,
  "text" : "УИК №321",
  "href" : "region/izbirkom?action=show&root=72000004&tvd=4074010180051&vrn=100100225883172&prver=0&pronetvd=null&region=7&sub_region=7",
  "prver" : "0",
  "isUik" : true,
  "selected" : false,
  "load_on_demand" : false
}, {
  "id" : 4074010180052,
  "text" : "УИК №322",
  "href" : "region/izbirkom?action=show&root=72000004&tvd=4074010180052&vrn=100100225883172&prver=0&pronetvd=null&region=7&sub_region=7",
  "prver" : "0",
  "isUik" : true,
  "selected" : false,
  "load_on_demand" : false
}, {
  "id" : 4074010180053,
  "text" : "УИК №323",
  "href" : "region/izbirkom?action=show&root=72000004&tvd=4074010180053&vrn=100100225883172&prver=0&pronetvd=null&region=7&sub_region=7",
  "prver" : "0",
  "isUik" : true,
  "selected" : false,
  "load_on_demand" : false
}, {
  "id" : 4074010180054,
  "text" : "УИК №324",
  "href" : "region/izbirkom?action=show&root=72000004&tvd=4074010180054&vrn=100100225883172&prver=0&pronetvd=null&region=7&sub_region=7",
  "prver" : "0",
  "isUik" : true,
  "selected" : false,
  "load_on_demand" : false
}, {
  "id" : 4074010180055,
  "text" : "УИК №325",
  "href" : "region/izbirkom?action=show&root=72000004&tvd=4074010180055&vrn=100100225883172&prver=0&pronetvd=null&region=7&sub_region=7",
  "prver" : "0",
  "isUik" : true,
  "selected" : false,
  "load_on_demand" : false
}, {
  "id" : 4074010180056,
  "text" : "УИК №326",
  "href" : "region/izbirkom?action=show&root=72000004&tvd=4074010180056&vrn=100100225883172&prver=0&pronetvd=null&region=7&sub_region=7",
  "prver" : "0",
  "isUik" : true,
  "selected" : false,
  "load_on_demand" : false
}, {
  "id" : 4074010180057,
  "text" : "УИК №329",
  "href" : "region/izbirkom?action=show&root=72000004&tvd=4074010180057&vrn=100100225883172&prver=0&pronetvd=null&region=7&sub_region=7",
  "prver" : "0",
  "isUik" : true,
  "selected" : false,
  "load_on_demand" : false
}, {
  "id" : 4074010180058,
  "text" : "УИК №330",
  "href" : "region/izbirkom?action=show&root=72000004&tvd=4074010180058&vrn=100100225883172&prver=0&pronetvd=null&region=7&sub_region=7",
  "prver" : "0",
  "isUik" : true,
  "selected" : false,
  "load_on_demand" : false
}, {
  "id" : 4074010180059,
  "text" : "УИК №331",
  "href" : "region/izbirkom?action=show&root=72000004&tvd=4074010180059&vrn=100100225883172&prver=0&pronetvd=null&region=7&sub_region=7",
  "prver" : "0",
  "isUik" : true,
  "selected" : false,
  "load_on_demand" : false
}, {
  "id" : 4074010180060,
  "text" : "УИК №332",
  "href" : "region/izbirkom?action=show&root=72000004&tvd=4074010180060&vrn=100100225883172&prver=0&pronetvd=null&region=7&sub_region=7",
  "prver" : "0",
  "isUik" : true,
  "selected" : false,
  "load_on_demand" : false
}, {
  "id" : 4074010180061,
  "text" : "УИК №333",
  "href" : "region/izbirkom?action=show&root=72000004&tvd=4074010180061&vrn=100100225883172&prver=0&pronetvd=null&region=7&sub_region=7",
  "prver" : "0",
  "isUik" : true,
  "selected" : false,
  "load_on_demand" : false
} ]