[ {
  "id" : 4074003191616,
  "text" : "УИК №79",
  "href" : "region/izbirkom?action=show&root=72000001&tvd=4074003191616&vrn=100100225883172&prver=0&pronetvd=null&region=7&sub_region=7",
  "prver" : "0",
  "isUik" : true,
  "selected" : false,
  "load_on_demand" : false
}, {
  "id" : 4074003191617,
  "text" : "УИК №80",
  "href" : "region/izbirkom?action=show&root=72000001&tvd=4074003191617&vrn=100100225883172&prver=0&pronetvd=null&region=7&sub_region=7",
  "prver" : "0",
  "isUik" : true,
  "selected" : false,
  "load_on_demand" : false
}, {
  "id" : 4074003191618,
  "text" : "УИК №81",
  "href" : "region/izbirkom?action=show&root=72000001&tvd=4074003191618&vrn=100100225883172&prver=0&pronetvd=null&region=7&sub_region=7",
  "prver" : "0",
  "isUik" : true,
  "selected" : false,
  "load_on_demand" : false
}, {
  "id" : 4074003191619,
  "text" : "УИК №82",
  "href" : "region/izbirkom?action=show&root=72000001&tvd=4074003191619&vrn=100100225883172&prver=0&pronetvd=null&region=7&sub_region=7",
  "prver" : "0",
  "isUik" : true,
  "selected" : false,
  "load_on_demand" : false
}, {
  "id" : 4074003191620,
  "text" : "УИК №83",
  "href" : "region/izbirkom?action=show&root=72000001&tvd=4074003191620&vrn=100100225883172&prver=0&pronetvd=null&region=7&sub_region=7",
  "prver" : "0",
  "isUik" : true,
  "selected" : false,
  "load_on_demand" : false
}, {
  "id" : 4074003191621,
  "text" : "УИК №84",
  "href" : "region/izbirkom?action=show&root=72000001&tvd=4074003191621&vrn=100100225883172&prver=0&pronetvd=null&region=7&sub_region=7",
  "prver" : "0",
  "isUik" : true,
  "selected" : false,
  "load_on_demand" : false
}, {
  "id" : 4074003191622,
  "text" : "УИК №85",
  "href" : "region/izbirkom?action=show&root=72000001&tvd=4074003191622&vrn=100100225883172&prver=0&pronetvd=null&region=7&sub_region=7",
  "prver" : "0",
  "isUik" : true,
  "selected" : false,
  "load_on_demand" : false
}, {
  "id" : 4074003191623,
  "text" : "УИК №86",
  "href" : "region/izbirkom?action=show&root=72000001&tvd=4074003191623&vrn=100100225883172&prver=0&pronetvd=null&region=7&sub_region=7",
  "prver" : "0",
  "isUik" : true,
  "selected" : false,
  "load_on_demand" : false
}, {
  "id" : 4074003191624,
  "text" : "УИК №87",
  "href" : "region/izbirkom?action=show&root=72000001&tvd=4074003191624&vrn=100100225883172&prver=0&pronetvd=null&region=7&sub_region=7",
  "prver" : "0",
  "isUik" : true,
  "selected" : false,
  "load_on_demand" : false
}, {
  "id" : 4074003191625,
  "text" : "УИК №88",
  "href" : "region/izbirkom?action=show&root=72000001&tvd=4074003191625&vrn=100100225883172&prver=0&pronetvd=null&region=7&sub_region=7",
  "prver" : "0",
  "isUik" : true,
  "selected" : false,
  "load_on_demand" : false
}, {
  "id" : 4074003191626,
  "text" : "УИК №89",
  "href" : "region/izbirkom?action=show&root=72000001&tvd=4074003191626&vrn=100100225883172&prver=0&pronetvd=null&region=7&sub_region=7",
  "prver" : "0",
  "isUik" : true,
  "selected" : false,
  "load_on_demand" : false
}, {
  "id" : 4074003191627,
  "text" : "УИК №90",
  "href" : "region/izbirkom?action=show&root=72000001&tvd=4074003191627&vrn=100100225883172&prver=0&pronetvd=null&region=7&sub_region=7",
  "prver" : "0",
  "isUik" : true,
  "selected" : false,
  "load_on_demand" : false
}, {
  "id" : 4074003191628,
  "text" : "УИК №91",
  "href" : "region/izbirkom?action=show&root=72000001&tvd=4074003191628&vrn=100100225883172&prver=0&pronetvd=null&region=7&sub_region=7",
  "prver" : "0",
  "isUik" : true,
  "selected" : false,
  "load_on_demand" : false
}, {
  "id" : 4074003191629,
  "text" : "УИК №92",
  "href" : "region/izbirkom?action=show&root=72000001&tvd=4074003191629&vrn=100100225883172&prver=0&pronetvd=null&region=7&sub_region=7",
  "prver" : "0",
  "isUik" : true,
  "selected" : false,
  "load_on_demand" : false
}, {
  "id" : 4074003191630,
  "text" : "УИК №93",
  "href" : "region/izbirkom?action=show&root=72000001&tvd=4074003191630&vrn=100100225883172&prver=0&pronetvd=null&region=7&sub_region=7",
  "prver" : "0",
  "isUik" : true,
  "selected" : false,
  "load_on_demand" : false
}, {
  "id" : 4074003191631,
  "text" : "УИК №94",
  "href" : "region/izbirkom?action=show&root=72000001&tvd=4074003191631&vrn=100100225883172&prver=0&pronetvd=null&region=7&sub_region=7",
  "prver" : "0",
  "isUik" : true,
  "selected" : false,
  "load_on_demand" : false
}, {
  "id" : 4074003191632,
  "text" : "УИК №95",
  "href" : "region/izbirkom?action=show&root=72000001&tvd=4074003191632&vrn=100100225883172&prver=0&pronetvd=null&region=7&sub_region=7",
  "prver" : "0",
  "isUik" : true,
  "selected" : false,
  "load_on_demand" : false
}, {
  "id" : 4074003191633,
  "text" : "УИК №96",
  "href" : "region/izbirkom?action=show&root=72000001&tvd=4074003191633&vrn=100100225883172&prver=0&pronetvd=null&region=7&sub_region=7",
  "prver" : "0",
  "isUik" : true,
  "selected" : false,
  "load_on_demand" : false
} ]