[ {
  "id" : 4074005165556,
  "text" : "УИК №233",
  "href" : "region/izbirkom?action=show&root=72000002&tvd=4074005165556&vrn=100100225883172&prver=0&pronetvd=null&region=7&sub_region=7",
  "prver" : "0",
  "isUik" : true,
  "selected" : false,
  "load_on_demand" : false
}, {
  "id" : 4074005165557,
  "text" : "УИК №234",
  "href" : "region/izbirkom?action=show&root=72000002&tvd=4074005165557&vrn=100100225883172&prver=0&pronetvd=null&region=7&sub_region=7",
  "prver" : "0",
  "isUik" : true,
  "selected" : false,
  "load_on_demand" : false
}, {
  "id" : 4074005165558,
  "text" : "УИК №235",
  "href" : "region/izbirkom?action=show&root=72000002&tvd=4074005165558&vrn=100100225883172&prver=0&pronetvd=null&region=7&sub_region=7",
  "prver" : "0",
  "isUik" : true,
  "selected" : false,
  "load_on_demand" : false
}, {
  "id" : 4074005165559,
  "text" : "УИК №236",
  "href" : "region/izbirkom?action=show&root=72000002&tvd=4074005165559&vrn=100100225883172&prver=0&pronetvd=null&region=7&sub_region=7",
  "prver" : "0",
  "isUik" : true,
  "selected" : false,
  "load_on_demand" : false
}, {
  "id" : 4074005165560,
  "text" : "УИК №237",
  "href" : "region/izbirkom?action=show&root=72000002&tvd=4074005165560&vrn=100100225883172&prver=0&pronetvd=null&region=7&sub_region=7",
  "prver" : "0",
  "isUik" : true,
  "selected" : false,
  "load_on_demand" : false
}, {
  "id" : 4074005165561,
  "text" : "УИК №238",
  "href" : "region/izbirkom?action=show&root=72000002&tvd=4074005165561&vrn=100100225883172&prver=0&pronetvd=null&region=7&sub_region=7",
  "prver" : "0",
  "isUik" : true,
  "selected" : false,
  "load_on_demand" : false
}, {
  "id" : 4074005165562,
  "text" : "УИК №239",
  "href" : "region/izbirkom?action=show&root=72000002&tvd=4074005165562&vrn=100100225883172&prver=0&pronetvd=null&region=7&sub_region=7",
  "prver" : "0",
  "isUik" : true,
  "selected" : false,
  "load_on_demand" : false
}, {
  "id" : 4074005165563,
  "text" : "УИК №240",
  "href" : "region/izbirkom?action=show&root=72000002&tvd=4074005165563&vrn=100100225883172&prver=0&pronetvd=null&region=7&sub_region=7",
  "prver" : "0",
  "isUik" : true,
  "selected" : false,
  "load_on_demand" : false
}, {
  "id" : 4074005165564,
  "text" : "УИК №241",
  "href" : "region/izbirkom?action=show&root=72000002&tvd=4074005165564&vrn=100100225883172&prver=0&pronetvd=null&region=7&sub_region=7",
  "prver" : "0",
  "isUik" : true,
  "selected" : false,
  "load_on_demand" : false
}, {
  "id" : 4074005165565,
  "text" : "УИК №242",
  "href" : "region/izbirkom?action=show&root=72000002&tvd=4074005165565&vrn=100100225883172&prver=0&pronetvd=null&region=7&sub_region=7",
  "prver" : "0",
  "isUik" : true,
  "selected" : false,
  "load_on_demand" : false
}, {
  "id" : 4074005165566,
  "text" : "УИК №243",
  "href" : "region/izbirkom?action=show&root=72000002&tvd=4074005165566&vrn=100100225883172&prver=0&pronetvd=null&region=7&sub_region=7",
  "prver" : "0",
  "isUik" : true,
  "selected" : false,
  "load_on_demand" : false
}, {
  "id" : 4074005165567,
  "text" : "УИК №244",
  "href" : "region/izbirkom?action=show&root=72000002&tvd=4074005165567&vrn=100100225883172&prver=0&pronetvd=null&region=7&sub_region=7",
  "prver" : "0",
  "isUik" : true,
  "selected" : false,
  "load_on_demand" : false
}, {
  "id" : 4074005165568,
  "text" : "УИК №245",
  "href" : "region/izbirkom?action=show&root=72000002&tvd=4074005165568&vrn=100100225883172&prver=0&pronetvd=null&region=7&sub_region=7",
  "prver" : "0",
  "isUik" : true,
  "selected" : false,
  "load_on_demand" : false
}, {
  "id" : 4074005165569,
  "text" : "УИК №246",
  "href" : "region/izbirkom?action=show&root=72000002&tvd=4074005165569&vrn=100100225883172&prver=0&pronetvd=null&region=7&sub_region=7",
  "prver" : "0",
  "isUik" : true,
  "selected" : false,
  "load_on_demand" : false
}, {
  "id" : 4074005165570,
  "text" : "УИК №247",
  "href" : "region/izbirkom?action=show&root=72000002&tvd=4074005165570&vrn=100100225883172&prver=0&pronetvd=null&region=7&sub_region=7",
  "prver" : "0",
  "isUik" : true,
  "selected" : false,
  "load_on_demand" : false
}, {
  "id" : 4074005165571,
  "text" : "УИК №248",
  "href" : "region/izbirkom?action=show&root=72000002&tvd=4074005165571&vrn=100100225883172&prver=0&pronetvd=null&region=7&sub_region=7",
  "prver" : "0",
  "isUik" : true,
  "selected" : false,
  "load_on_demand" : false
}, {
  "id" : 4074005165572,
  "text" : "УИК №249",
  "href" : "region/izbirkom?action=show&root=72000002&tvd=4074005165572&vrn=100100225883172&prver=0&pronetvd=null&region=7&sub_region=7",
  "prver" : "0",
  "isUik" : true,
  "selected" : false,
  "load_on_demand" : false
}, {
  "id" : 4074005165573,
  "text" : "УИК №250",
  "href" : "region/izbirkom?action=show&root=72000002&tvd=4074005165573&vrn=100100225883172&prver=0&pronetvd=null&region=7&sub_region=7",
  "prver" : "0",
  "isUik" : true,
  "selected" : false,
  "load_on_demand" : false
}, {
  "id" : 4074005165574,
  "text" : "УИК №251",
  "href" : "region/izbirkom?action=show&root=72000002&tvd=4074005165574&vrn=100100225883172&prver=0&pronetvd=null&region=7&sub_region=7",
  "prver" : "0",
  "isUik" : true,
  "selected" : false,
  "load_on_demand" : false
}, {
  "id" : 4074005165575,
  "text" : "УИК №252",
  "href" : "region/izbirkom?action=show&root=72000002&tvd=4074005165575&vrn=100100225883172&prver=0&pronetvd=null&region=7&sub_region=7",
  "prver" : "0",
  "isUik" : true,
  "selected" : false,
  "load_on_demand" : false
} ]