[ {
  "id" : 4084008306863,
  "text" : "УИК №161",
  "href" : "region/izbirkom?action=show&root=82000008&tvd=4084008306863&vrn=100100225883172&prver=0&pronetvd=null&region=8&sub_region=8",
  "prver" : "0",
  "isUik" : true,
  "selected" : false,
  "load_on_demand" : false
}, {
  "id" : 4084008306864,
  "text" : "УИК №162",
  "href" : "region/izbirkom?action=show&root=82000008&tvd=4084008306864&vrn=100100225883172&prver=0&pronetvd=null&region=8&sub_region=8",
  "prver" : "0",
  "isUik" : true,
  "selected" : false,
  "load_on_demand" : false
}, {
  "id" : 4084008306865,
  "text" : "УИК №163",
  "href" : "region/izbirkom?action=show&root=82000008&tvd=4084008306865&vrn=100100225883172&prver=0&pronetvd=null&region=8&sub_region=8",
  "prver" : "0",
  "isUik" : true,
  "selected" : false,
  "load_on_demand" : false
}, {
  "id" : 4084008306866,
  "text" : "УИК №164",
  "href" : "region/izbirkom?action=show&root=82000008&tvd=4084008306866&vrn=100100225883172&prver=0&pronetvd=null&region=8&sub_region=8",
  "prver" : "0",
  "isUik" : true,
  "selected" : false,
  "load_on_demand" : false
}, {
  "id" : 4084008306867,
  "text" : "УИК №165",
  "href" : "region/izbirkom?action=show&root=82000008&tvd=4084008306867&vrn=100100225883172&prver=0&pronetvd=null&region=8&sub_region=8",
  "prver" : "0",
  "isUik" : true,
  "selected" : false,
  "load_on_demand" : false
}, {
  "id" : 4084008306868,
  "text" : "УИК №166",
  "href" : "region/izbirkom?action=show&root=82000008&tvd=4084008306868&vrn=100100225883172&prver=0&pronetvd=null&region=8&sub_region=8",
  "prver" : "0",
  "isUik" : true,
  "selected" : false,
  "load_on_demand" : false
}, {
  "id" : 4084008306869,
  "text" : "УИК №167",
  "href" : "region/izbirkom?action=show&root=82000008&tvd=4084008306869&vrn=100100225883172&prver=0&pronetvd=null&region=8&sub_region=8",
  "prver" : "0",
  "isUik" : true,
  "selected" : false,
  "load_on_demand" : false
}, {
  "id" : 4084008306870,
  "text" : "УИК №168",
  "href" : "region/izbirkom?action=show&root=82000008&tvd=4084008306870&vrn=100100225883172&prver=0&pronetvd=null&region=8&sub_region=8",
  "prver" : "0",
  "isUik" : true,
  "selected" : false,
  "load_on_demand" : false
}, {
  "id" : 4084008306871,
  "text" : "УИК №169",
  "href" : "region/izbirkom?action=show&root=82000008&tvd=4084008306871&vrn=100100225883172&prver=0&pronetvd=null&region=8&sub_region=8",
  "prver" : "0",
  "isUik" : true,
  "selected" : false,
  "load_on_demand" : false
}, {
  "id" : 4084008306872,
  "text" : "УИК №170",
  "href" : "region/izbirkom?action=show&root=82000008&tvd=4084008306872&vrn=100100225883172&prver=0&pronetvd=null&region=8&sub_region=8",
  "prver" : "0",
  "isUik" : true,
  "selected" : false,
  "load_on_demand" : false
}, {
  "id" : 4084008306873,
  "text" : "УИК №171",
  "href" : "region/izbirkom?action=show&root=82000008&tvd=4084008306873&vrn=100100225883172&prver=0&pronetvd=null&region=8&sub_region=8",
  "prver" : "0",
  "isUik" : true,
  "selected" : false,
  "load_on_demand" : false
}, {
  "id" : 4084008306874,
  "text" : "УИК №172",
  "href" : "region/izbirkom?action=show&root=82000008&tvd=4084008306874&vrn=100100225883172&prver=0&pronetvd=null&region=8&sub_region=8",
  "prver" : "0",
  "isUik" : true,
  "selected" : false,
  "load_on_demand" : false
}, {
  "id" : 4084008306875,
  "text" : "УИК №173",
  "href" : "region/izbirkom?action=show&root=82000008&tvd=4084008306875&vrn=100100225883172&prver=0&pronetvd=null&region=8&sub_region=8",
  "prver" : "0",
  "isUik" : true,
  "selected" : false,
  "load_on_demand" : false
}, {
  "id" : 4084008306876,
  "text" : "УИК №174",
  "href" : "region/izbirkom?action=show&root=82000008&tvd=4084008306876&vrn=100100225883172&prver=0&pronetvd=null&region=8&sub_region=8",
  "prver" : "0",
  "isUik" : true,
  "selected" : false,
  "load_on_demand" : false
}, {
  "id" : 4084008306877,
  "text" : "УИК №175",
  "href" : "region/izbirkom?action=show&root=82000008&tvd=4084008306877&vrn=100100225883172&prver=0&pronetvd=null&region=8&sub_region=8",
  "prver" : "0",
  "isUik" : true,
  "selected" : false,
  "load_on_demand" : false
}, {
  "id" : 4084008306878,
  "text" : "УИК №176",
  "href" : "region/izbirkom?action=show&root=82000008&tvd=4084008306878&vrn=100100225883172&prver=0&pronetvd=null&region=8&sub_region=8",
  "prver" : "0",
  "isUik" : true,
  "selected" : false,
  "load_on_demand" : false
}, {
  "id" : 4084008306879,
  "text" : "УИК №177",
  "href" : "region/izbirkom?action=show&root=82000008&tvd=4084008306879&vrn=100100225883172&prver=0&pronetvd=null&region=8&sub_region=8",
  "prver" : "0",
  "isUik" : true,
  "selected" : false,
  "load_on_demand" : false
}, {
  "id" : 4084008306880,
  "text" : "УИК №178",
  "href" : "region/izbirkom?action=show&root=82000008&tvd=4084008306880&vrn=100100225883172&prver=0&pronetvd=null&region=8&sub_region=8",
  "prver" : "0",
  "isUik" : true,
  "selected" : false,
  "load_on_demand" : false
} ]