[ {
  "id" : 4084007208000,
  "text" : "УИК №149",
  "href" : "region/izbirkom?action=show&root=82000009&tvd=4084007208000&vrn=100100225883172&prver=0&pronetvd=null&region=8&sub_region=8",
  "prver" : "0",
  "isUik" : true,
  "selected" : false,
  "load_on_demand" : false
}, {
  "id" : 4084007208001,
  "text" : "УИК №150",
  "href" : "region/izbirkom?action=show&root=82000009&tvd=4084007208001&vrn=100100225883172&prver=0&pronetvd=null&region=8&sub_region=8",
  "prver" : "0",
  "isUik" : true,
  "selected" : false,
  "load_on_demand" : false
}, {
  "id" : 4084007208002,
  "text" : "УИК №151",
  "href" : "region/izbirkom?action=show&root=82000009&tvd=4084007208002&vrn=100100225883172&prver=0&pronetvd=null&region=8&sub_region=8",
  "prver" : "0",
  "isUik" : true,
  "selected" : false,
  "load_on_demand" : false
}, {
  "id" : 4084007208003,
  "text" : "УИК №152",
  "href" : "region/izbirkom?action=show&root=82000009&tvd=4084007208003&vrn=100100225883172&prver=0&pronetvd=null&region=8&sub_region=8",
  "prver" : "0",
  "isUik" : true,
  "selected" : false,
  "load_on_demand" : false
}, {
  "id" : 4084007208004,
  "text" : "УИК №153",
  "href" : "region/izbirkom?action=show&root=82000009&tvd=4084007208004&vrn=100100225883172&prver=0&pronetvd=null&region=8&sub_region=8",
  "prver" : "0",
  "isUik" : true,
  "selected" : false,
  "load_on_demand" : false
}, {
  "id" : 4084007208005,
  "text" : "УИК №154",
  "href" : "region/izbirkom?action=show&root=82000009&tvd=4084007208005&vrn=100100225883172&prver=0&pronetvd=null&region=8&sub_region=8",
  "prver" : "0",
  "isUik" : true,
  "selected" : false,
  "load_on_demand" : false
}, {
  "id" : 4084007208006,
  "text" : "УИК №155",
  "href" : "region/izbirkom?action=show&root=82000009&tvd=4084007208006&vrn=100100225883172&prver=0&pronetvd=null&region=8&sub_region=8",
  "prver" : "0",
  "isUik" : true,
  "selected" : false,
  "load_on_demand" : false
}, {
  "id" : 4084007208007,
  "text" : "УИК №156",
  "href" : "region/izbirkom?action=show&root=82000009&tvd=4084007208007&vrn=100100225883172&prver=0&pronetvd=null&region=8&sub_region=8",
  "prver" : "0",
  "isUik" : true,
  "selected" : false,
  "load_on_demand" : false
}, {
  "id" : 4084007208008,
  "text" : "УИК №157",
  "href" : "region/izbirkom?action=show&root=82000009&tvd=4084007208008&vrn=100100225883172&prver=0&pronetvd=null&region=8&sub_region=8",
  "prver" : "0",
  "isUik" : true,
  "selected" : false,
  "load_on_demand" : false
}, {
  "id" : 4084007208009,
  "text" : "УИК №158",
  "href" : "region/izbirkom?action=show&root=82000009&tvd=4084007208009&vrn=100100225883172&prver=0&pronetvd=null&region=8&sub_region=8",
  "prver" : "0",
  "isUik" : true,
  "selected" : false,
  "load_on_demand" : false
}, {
  "id" : 4084007208010,
  "text" : "УИК №159",
  "href" : "region/izbirkom?action=show&root=82000009&tvd=4084007208010&vrn=100100225883172&prver=0&pronetvd=null&region=8&sub_region=8",
  "prver" : "0",
  "isUik" : true,
  "selected" : false,
  "load_on_demand" : false
}, {
  "id" : 4084007208011,
  "text" : "УИК №160",
  "href" : "region/izbirkom?action=show&root=82000009&tvd=4084007208011&vrn=100100225883172&prver=0&pronetvd=null&region=8&sub_region=8",
  "prver" : "0",
  "isUik" : true,
  "selected" : false,
  "load_on_demand" : false
} ]