[ {
  "id" : 4084002370946,
  "text" : "УИК №65",
  "href" : "region/izbirkom?action=show&root=82000004&tvd=4084002370946&vrn=100100225883172&prver=0&pronetvd=null&region=8&sub_region=8",
  "prver" : "0",
  "isUik" : true,
  "selected" : false,
  "load_on_demand" : false
}, {
  "id" : 4084002370947,
  "text" : "УИК №66",
  "href" : "region/izbirkom?action=show&root=82000004&tvd=4084002370947&vrn=100100225883172&prver=0&pronetvd=null&region=8&sub_region=8",
  "prver" : "0",
  "isUik" : true,
  "selected" : false,
  "load_on_demand" : false
}, {
  "id" : 4084002370948,
  "text" : "УИК №67",
  "href" : "region/izbirkom?action=show&root=82000004&tvd=4084002370948&vrn=100100225883172&prver=0&pronetvd=null&region=8&sub_region=8",
  "prver" : "0",
  "isUik" : true,
  "selected" : false,
  "load_on_demand" : false
}, {
  "id" : 4084002370949,
  "text" : "УИК №68",
  "href" : "region/izbirkom?action=show&root=82000004&tvd=4084002370949&vrn=100100225883172&prver=0&pronetvd=null&region=8&sub_region=8",
  "prver" : "0",
  "isUik" : true,
  "selected" : false,
  "load_on_demand" : false
}, {
  "id" : 4084002370950,
  "text" : "УИК №69",
  "href" : "region/izbirkom?action=show&root=82000004&tvd=4084002370950&vrn=100100225883172&prver=0&pronetvd=null&region=8&sub_region=8",
  "prver" : "0",
  "isUik" : true,
  "selected" : false,
  "load_on_demand" : false
}, {
  "id" : 4084002370951,
  "text" : "УИК №70",
  "href" : "region/izbirkom?action=show&root=82000004&tvd=4084002370951&vrn=100100225883172&prver=0&pronetvd=null&region=8&sub_region=8",
  "prver" : "0",
  "isUik" : true,
  "selected" : false,
  "load_on_demand" : false
}, {
  "id" : 4084002370952,
  "text" : "УИК №71",
  "href" : "region/izbirkom?action=show&root=82000004&tvd=4084002370952&vrn=100100225883172&prver=0&pronetvd=null&region=8&sub_region=8",
  "prver" : "0",
  "isUik" : true,
  "selected" : false,
  "load_on_demand" : false
}, {
  "id" : 4084002370953,
  "text" : "УИК №72",
  "href" : "region/izbirkom?action=show&root=82000004&tvd=4084002370953&vrn=100100225883172&prver=0&pronetvd=null&region=8&sub_region=8",
  "prver" : "0",
  "isUik" : true,
  "selected" : false,
  "load_on_demand" : false
}, {
  "id" : 4084002370954,
  "text" : "УИК №73",
  "href" : "region/izbirkom?action=show&root=82000004&tvd=4084002370954&vrn=100100225883172&prver=0&pronetvd=null&region=8&sub_region=8",
  "prver" : "0",
  "isUik" : true,
  "selected" : false,
  "load_on_demand" : false
}, {
  "id" : 4084002370955,
  "text" : "УИК №74",
  "href" : "region/izbirkom?action=show&root=82000004&tvd=4084002370955&vrn=100100225883172&prver=0&pronetvd=null&region=8&sub_region=8",
  "prver" : "0",
  "isUik" : true,
  "selected" : false,
  "load_on_demand" : false
}, {
  "id" : 4084002370956,
  "text" : "УИК №75",
  "href" : "region/izbirkom?action=show&root=82000004&tvd=4084002370956&vrn=100100225883172&prver=0&pronetvd=null&region=8&sub_region=8",
  "prver" : "0",
  "isUik" : true,
  "selected" : false,
  "load_on_demand" : false
}, {
  "id" : 4084002370957,
  "text" : "УИК №76",
  "href" : "region/izbirkom?action=show&root=82000004&tvd=4084002370957&vrn=100100225883172&prver=0&pronetvd=null&region=8&sub_region=8",
  "prver" : "0",
  "isUik" : true,
  "selected" : false,
  "load_on_demand" : false
}, {
  "id" : 4084002370958,
  "text" : "УИК №77",
  "href" : "region/izbirkom?action=show&root=82000004&tvd=4084002370958&vrn=100100225883172&prver=0&pronetvd=null&region=8&sub_region=8",
  "prver" : "0",
  "isUik" : true,
  "selected" : false,
  "load_on_demand" : false
}, {
  "id" : 4084002370959,
  "text" : "УИК №78",
  "href" : "region/izbirkom?action=show&root=82000004&tvd=4084002370959&vrn=100100225883172&prver=0&pronetvd=null&region=8&sub_region=8",
  "prver" : "0",
  "isUik" : true,
  "selected" : false,
  "load_on_demand" : false
} ]