[ {
  "id" : 4084005287393,
  "text" : "УИК №116",
  "href" : "region/izbirkom?action=show&root=82000012&tvd=4084005287393&vrn=100100225883172&prver=0&pronetvd=null&region=8&sub_region=8",
  "prver" : "0",
  "isUik" : true,
  "selected" : false,
  "load_on_demand" : false
}, {
  "id" : 4084005287394,
  "text" : "УИК №117",
  "href" : "region/izbirkom?action=show&root=82000012&tvd=4084005287394&vrn=100100225883172&prver=0&pronetvd=null&region=8&sub_region=8",
  "prver" : "0",
  "isUik" : true,
  "selected" : false,
  "load_on_demand" : false
}, {
  "id" : 4084005287395,
  "text" : "УИК №118",
  "href" : "region/izbirkom?action=show&root=82000012&tvd=4084005287395&vrn=100100225883172&prver=0&pronetvd=null&region=8&sub_region=8",
  "prver" : "0",
  "isUik" : true,
  "selected" : false,
  "load_on_demand" : false
}, {
  "id" : 4084005287396,
  "text" : "УИК №119",
  "href" : "region/izbirkom?action=show&root=82000012&tvd=4084005287396&vrn=100100225883172&prver=0&pronetvd=null&region=8&sub_region=8",
  "prver" : "0",
  "isUik" : true,
  "selected" : false,
  "load_on_demand" : false
}, {
  "id" : 4084005287397,
  "text" : "УИК №120",
  "href" : "region/izbirkom?action=show&root=82000012&tvd=4084005287397&vrn=100100225883172&prver=0&pronetvd=null&region=8&sub_region=8",
  "prver" : "0",
  "isUik" : true,
  "selected" : false,
  "load_on_demand" : false
}, {
  "id" : 4084005287398,
  "text" : "УИК №121",
  "href" : "region/izbirkom?action=show&root=82000012&tvd=4084005287398&vrn=100100225883172&prver=0&pronetvd=null&region=8&sub_region=8",
  "prver" : "0",
  "isUik" : true,
  "selected" : false,
  "load_on_demand" : false
}, {
  "id" : 4084005287399,
  "text" : "УИК №122",
  "href" : "region/izbirkom?action=show&root=82000012&tvd=4084005287399&vrn=100100225883172&prver=0&pronetvd=null&region=8&sub_region=8",
  "prver" : "0",
  "isUik" : true,
  "selected" : false,
  "load_on_demand" : false
}, {
  "id" : 4084005287400,
  "text" : "УИК №123",
  "href" : "region/izbirkom?action=show&root=82000012&tvd=4084005287400&vrn=100100225883172&prver=0&pronetvd=null&region=8&sub_region=8",
  "prver" : "0",
  "isUik" : true,
  "selected" : false,
  "load_on_demand" : false
}, {
  "id" : 4084005287401,
  "text" : "УИК №124",
  "href" : "region/izbirkom?action=show&root=82000012&tvd=4084005287401&vrn=100100225883172&prver=0&pronetvd=null&region=8&sub_region=8",
  "prver" : "0",
  "isUik" : true,
  "selected" : false,
  "load_on_demand" : false
}, {
  "id" : 4084005287402,
  "text" : "УИК №125",
  "href" : "region/izbirkom?action=show&root=82000012&tvd=4084005287402&vrn=100100225883172&prver=0&pronetvd=null&region=8&sub_region=8",
  "prver" : "0",
  "isUik" : true,
  "selected" : false,
  "load_on_demand" : false
}, {
  "id" : 4084005287403,
  "text" : "УИК №126",
  "href" : "region/izbirkom?action=show&root=82000012&tvd=4084005287403&vrn=100100225883172&prver=0&pronetvd=null&region=8&sub_region=8",
  "prver" : "0",
  "isUik" : true,
  "selected" : false,
  "load_on_demand" : false
} ]