[ {
  "id" : 4084009212654,
  "text" : "УИК №179",
  "href" : "region/izbirkom?action=show&root=82000007&tvd=4084009212654&vrn=100100225883172&prver=0&pronetvd=null&region=8&sub_region=8",
  "prver" : "0",
  "isUik" : true,
  "selected" : false,
  "load_on_demand" : false
}, {
  "id" : 4084009212655,
  "text" : "УИК №180",
  "href" : "region/izbirkom?action=show&root=82000007&tvd=4084009212655&vrn=100100225883172&prver=0&pronetvd=null&region=8&sub_region=8",
  "prver" : "0",
  "isUik" : true,
  "selected" : false,
  "load_on_demand" : false
}, {
  "id" : 4084009212656,
  "text" : "УИК №181",
  "href" : "region/izbirkom?action=show&root=82000007&tvd=4084009212656&vrn=100100225883172&prver=0&pronetvd=null&region=8&sub_region=8",
  "prver" : "0",
  "isUik" : true,
  "selected" : false,
  "load_on_demand" : false
}, {
  "id" : 4084009212657,
  "text" : "УИК №182",
  "href" : "region/izbirkom?action=show&root=82000007&tvd=4084009212657&vrn=100100225883172&prver=0&pronetvd=null&region=8&sub_region=8",
  "prver" : "0",
  "isUik" : true,
  "selected" : false,
  "load_on_demand" : false
}, {
  "id" : 4084009212658,
  "text" : "УИК №183",
  "href" : "region/izbirkom?action=show&root=82000007&tvd=4084009212658&vrn=100100225883172&prver=0&pronetvd=null&region=8&sub_region=8",
  "prver" : "0",
  "isUik" : true,
  "selected" : false,
  "load_on_demand" : false
}, {
  "id" : 4084009212659,
  "text" : "УИК №184",
  "href" : "region/izbirkom?action=show&root=82000007&tvd=4084009212659&vrn=100100225883172&prver=0&pronetvd=null&region=8&sub_region=8",
  "prver" : "0",
  "isUik" : true,
  "selected" : false,
  "load_on_demand" : false
}, {
  "id" : 4084009212660,
  "text" : "УИК №185",
  "href" : "region/izbirkom?action=show&root=82000007&tvd=4084009212660&vrn=100100225883172&prver=0&pronetvd=null&region=8&sub_region=8",
  "prver" : "0",
  "isUik" : true,
  "selected" : false,
  "load_on_demand" : false
}, {
  "id" : 4084009212661,
  "text" : "УИК №186",
  "href" : "region/izbirkom?action=show&root=82000007&tvd=4084009212661&vrn=100100225883172&prver=0&pronetvd=null&region=8&sub_region=8",
  "prver" : "0",
  "isUik" : true,
  "selected" : false,
  "load_on_demand" : false
}, {
  "id" : 4084009212662,
  "text" : "УИК №187",
  "href" : "region/izbirkom?action=show&root=82000007&tvd=4084009212662&vrn=100100225883172&prver=0&pronetvd=null&region=8&sub_region=8",
  "prver" : "0",
  "isUik" : true,
  "selected" : false,
  "load_on_demand" : false
}, {
  "id" : 4084009212663,
  "text" : "УИК №188",
  "href" : "region/izbirkom?action=show&root=82000007&tvd=4084009212663&vrn=100100225883172&prver=0&pronetvd=null&region=8&sub_region=8",
  "prver" : "0",
  "isUik" : true,
  "selected" : false,
  "load_on_demand" : false
}, {
  "id" : 4084009212664,
  "text" : "УИК №189",
  "href" : "region/izbirkom?action=show&root=82000007&tvd=4084009212664&vrn=100100225883172&prver=0&pronetvd=null&region=8&sub_region=8",
  "prver" : "0",
  "isUik" : true,
  "selected" : false,
  "load_on_demand" : false
}, {
  "id" : 4084009212665,
  "text" : "УИК №190",
  "href" : "region/izbirkom?action=show&root=82000007&tvd=4084009212665&vrn=100100225883172&prver=0&pronetvd=null&region=8&sub_region=8",
  "prver" : "0",
  "isUik" : true,
  "selected" : false,
  "load_on_demand" : false
} ]