[ {
  "id" : 4084010379564,
  "text" : "УИК №1",
  "href" : "region/izbirkom?action=show&root=82000006&tvd=4084010379564&vrn=100100225883172&prver=0&pronetvd=null&region=8&sub_region=8",
  "prver" : "0",
  "isUik" : true,
  "selected" : false,
  "load_on_demand" : false
}, {
  "id" : 4084010379566,
  "text" : "УИК №2",
  "href" : "region/izbirkom?action=show&root=82000006&tvd=4084010379566&vrn=100100225883172&prver=0&pronetvd=null&region=8&sub_region=8",
  "prver" : "0",
  "isUik" : true,
  "selected" : false,
  "load_on_demand" : false
}, {
  "id" : 4084010379567,
  "text" : "УИК №3",
  "href" : "region/izbirkom?action=show&root=82000006&tvd=4084010379567&vrn=100100225883172&prver=0&pronetvd=null&region=8&sub_region=8",
  "prver" : "0",
  "isUik" : true,
  "selected" : false,
  "load_on_demand" : false
}, {
  "id" : 4084010379568,
  "text" : "УИК №4",
  "href" : "region/izbirkom?action=show&root=82000006&tvd=4084010379568&vrn=100100225883172&prver=0&pronetvd=null&region=8&sub_region=8",
  "prver" : "0",
  "isUik" : true,
  "selected" : false,
  "load_on_demand" : false
}, {
  "id" : 4084010379569,
  "text" : "УИК №5",
  "href" : "region/izbirkom?action=show&root=82000006&tvd=4084010379569&vrn=100100225883172&prver=0&pronetvd=null&region=8&sub_region=8",
  "prver" : "0",
  "isUik" : true,
  "selected" : false,
  "load_on_demand" : false
}, {
  "id" : 4084010379570,
  "text" : "УИК №6",
  "href" : "region/izbirkom?action=show&root=82000006&tvd=4084010379570&vrn=100100225883172&prver=0&pronetvd=null&region=8&sub_region=8",
  "prver" : "0",
  "isUik" : true,
  "selected" : false,
  "load_on_demand" : false
}, {
  "id" : 4084010379571,
  "text" : "УИК №7",
  "href" : "region/izbirkom?action=show&root=82000006&tvd=4084010379571&vrn=100100225883172&prver=0&pronetvd=null&region=8&sub_region=8",
  "prver" : "0",
  "isUik" : true,
  "selected" : false,
  "load_on_demand" : false
}, {
  "id" : 4084010379572,
  "text" : "УИК №8",
  "href" : "region/izbirkom?action=show&root=82000006&tvd=4084010379572&vrn=100100225883172&prver=0&pronetvd=null&region=8&sub_region=8",
  "prver" : "0",
  "isUik" : true,
  "selected" : false,
  "load_on_demand" : false
}, {
  "id" : 4084010379573,
  "text" : "УИК №9",
  "href" : "region/izbirkom?action=show&root=82000006&tvd=4084010379573&vrn=100100225883172&prver=0&pronetvd=null&region=8&sub_region=8",
  "prver" : "0",
  "isUik" : true,
  "selected" : false,
  "load_on_demand" : false
}, {
  "id" : 4084010379574,
  "text" : "УИК №10",
  "href" : "region/izbirkom?action=show&root=82000006&tvd=4084010379574&vrn=100100225883172&prver=0&pronetvd=null&region=8&sub_region=8",
  "prver" : "0",
  "isUik" : true,
  "selected" : false,
  "load_on_demand" : false
}, {
  "id" : 4084010379575,
  "text" : "УИК №11",
  "href" : "region/izbirkom?action=show&root=82000006&tvd=4084010379575&vrn=100100225883172&prver=0&pronetvd=null&region=8&sub_region=8",
  "prver" : "0",
  "isUik" : true,
  "selected" : false,
  "load_on_demand" : false
}, {
  "id" : 4084010379576,
  "text" : "УИК №12",
  "href" : "region/izbirkom?action=show&root=82000006&tvd=4084010379576&vrn=100100225883172&prver=0&pronetvd=null&region=8&sub_region=8",
  "prver" : "0",
  "isUik" : true,
  "selected" : false,
  "load_on_demand" : false
}, {
  "id" : 4084010379577,
  "text" : "УИК №13",
  "href" : "region/izbirkom?action=show&root=82000006&tvd=4084010379577&vrn=100100225883172&prver=0&pronetvd=null&region=8&sub_region=8",
  "prver" : "0",
  "isUik" : true,
  "selected" : false,
  "load_on_demand" : false
}, {
  "id" : 4084010379578,
  "text" : "УИК №14",
  "href" : "region/izbirkom?action=show&root=82000006&tvd=4084010379578&vrn=100100225883172&prver=0&pronetvd=null&region=8&sub_region=8",
  "prver" : "0",
  "isUik" : true,
  "selected" : false,
  "load_on_demand" : false
}, {
  "id" : 4084010379579,
  "text" : "УИК №15",
  "href" : "region/izbirkom?action=show&root=82000006&tvd=4084010379579&vrn=100100225883172&prver=0&pronetvd=null&region=8&sub_region=8",
  "prver" : "0",
  "isUik" : true,
  "selected" : false,
  "load_on_demand" : false
}, {
  "id" : 4084010379580,
  "text" : "УИК №16",
  "href" : "region/izbirkom?action=show&root=82000006&tvd=4084010379580&vrn=100100225883172&prver=0&pronetvd=null&region=8&sub_region=8",
  "prver" : "0",
  "isUik" : true,
  "selected" : false,
  "load_on_demand" : false
}, {
  "id" : 4084010379581,
  "text" : "УИК №17",
  "href" : "region/izbirkom?action=show&root=82000006&tvd=4084010379581&vrn=100100225883172&prver=0&pronetvd=null&region=8&sub_region=8",
  "prver" : "0",
  "isUik" : true,
  "selected" : false,
  "load_on_demand" : false
}, {
  "id" : 4084010379582,
  "text" : "УИК №18",
  "href" : "region/izbirkom?action=show&root=82000006&tvd=4084010379582&vrn=100100225883172&prver=0&pronetvd=null&region=8&sub_region=8",
  "prver" : "0",
  "isUik" : true,
  "selected" : false,
  "load_on_demand" : false
}, {
  "id" : 4084010379583,
  "text" : "УИК №19",
  "href" : "region/izbirkom?action=show&root=82000006&tvd=4084010379583&vrn=100100225883172&prver=0&pronetvd=null&region=8&sub_region=8",
  "prver" : "0",
  "isUik" : true,
  "selected" : false,
  "load_on_demand" : false
}, {
  "id" : 4084010379584,
  "text" : "УИК №20",
  "href" : "region/izbirkom?action=show&root=82000006&tvd=4084010379584&vrn=100100225883172&prver=0&pronetvd=null&region=8&sub_region=8",
  "prver" : "0",
  "isUik" : true,
  "selected" : false,
  "load_on_demand" : false
}, {
  "id" : 4084010379585,
  "text" : "УИК №21",
  "href" : "region/izbirkom?action=show&root=82000006&tvd=4084010379585&vrn=100100225883172&prver=0&pronetvd=null&region=8&sub_region=8",
  "prver" : "0",
  "isUik" : true,
  "selected" : false,
  "load_on_demand" : false
}, {
  "id" : 4084010379586,
  "text" : "УИК №22",
  "href" : "region/izbirkom?action=show&root=82000006&tvd=4084010379586&vrn=100100225883172&prver=0&pronetvd=null&region=8&sub_region=8",
  "prver" : "0",
  "isUik" : true,
  "selected" : false,
  "load_on_demand" : false
}, {
  "id" : 4084010379587,
  "text" : "УИК №23",
  "href" : "region/izbirkom?action=show&root=82000006&tvd=4084010379587&vrn=100100225883172&prver=0&pronetvd=null&region=8&sub_region=8",
  "prver" : "0",
  "isUik" : true,
  "selected" : false,
  "load_on_demand" : false
}, {
  "id" : 4084010379588,
  "text" : "УИК №24",
  "href" : "region/izbirkom?action=show&root=82000006&tvd=4084010379588&vrn=100100225883172&prver=0&pronetvd=null&region=8&sub_region=8",
  "prver" : "0",
  "isUik" : true,
  "selected" : false,
  "load_on_demand" : false
}, {
  "id" : 4084010379589,
  "text" : "УИК №25",
  "href" : "region/izbirkom?action=show&root=82000006&tvd=4084010379589&vrn=100100225883172&prver=0&pronetvd=null&region=8&sub_region=8",
  "prver" : "0",
  "isUik" : true,
  "selected" : false,
  "load_on_demand" : false
}, {
  "id" : 4084010379590,
  "text" : "УИК №26",
  "href" : "region/izbirkom?action=show&root=82000006&tvd=4084010379590&vrn=100100225883172&prver=0&pronetvd=null&region=8&sub_region=8",
  "prver" : "0",
  "isUik" : true,
  "selected" : false,
  "load_on_demand" : false
}, {
  "id" : 4084010379591,
  "text" : "УИК №27",
  "href" : "region/izbirkom?action=show&root=82000006&tvd=4084010379591&vrn=100100225883172&prver=0&pronetvd=null&region=8&sub_region=8",
  "prver" : "0",
  "isUik" : true,
  "selected" : false,
  "load_on_demand" : false
}, {
  "id" : 4084010379592,
  "text" : "УИК №28",
  "href" : "region/izbirkom?action=show&root=82000006&tvd=4084010379592&vrn=100100225883172&prver=0&pronetvd=null&region=8&sub_region=8",
  "prver" : "0",
  "isUik" : true,
  "selected" : false,
  "load_on_demand" : false
}, {
  "id" : 4084010379593,
  "text" : "УИК №29",
  "href" : "region/izbirkom?action=show&root=82000006&tvd=4084010379593&vrn=100100225883172&prver=0&pronetvd=null&region=8&sub_region=8",
  "prver" : "0",
  "isUik" : true,
  "selected" : false,
  "load_on_demand" : false
}, {
  "id" : 4084010379594,
  "text" : "УИК №30",
  "href" : "region/izbirkom?action=show&root=82000006&tvd=4084010379594&vrn=100100225883172&prver=0&pronetvd=null&region=8&sub_region=8",
  "prver" : "0",
  "isUik" : true,
  "selected" : false,
  "load_on_demand" : false
}, {
  "id" : 4084010379595,
  "text" : "УИК №31",
  "href" : "region/izbirkom?action=show&root=82000006&tvd=4084010379595&vrn=100100225883172&prver=0&pronetvd=null&region=8&sub_region=8",
  "prver" : "0",
  "isUik" : true,
  "selected" : false,
  "load_on_demand" : false
}, {
  "id" : 4084010379596,
  "text" : "УИК №32",
  "href" : "region/izbirkom?action=show&root=82000006&tvd=4084010379596&vrn=100100225883172&prver=0&pronetvd=null&region=8&sub_region=8",
  "prver" : "0",
  "isUik" : true,
  "selected" : false,
  "load_on_demand" : false
}, {
  "id" : 4084010379597,
  "text" : "УИК №33",
  "href" : "region/izbirkom?action=show&root=82000006&tvd=4084010379597&vrn=100100225883172&prver=0&pronetvd=null&region=8&sub_region=8",
  "prver" : "0",
  "isUik" : true,
  "selected" : false,
  "load_on_demand" : false
}, {
  "id" : 4084010379598,
  "text" : "УИК №34",
  "href" : "region/izbirkom?action=show&root=82000006&tvd=4084010379598&vrn=100100225883172&prver=0&pronetvd=null&region=8&sub_region=8",
  "prver" : "0",
  "isUik" : true,
  "selected" : false,
  "load_on_demand" : false
}, {
  "id" : 4084010379599,
  "text" : "УИК №35",
  "href" : "region/izbirkom?action=show&root=82000006&tvd=4084010379599&vrn=100100225883172&prver=0&pronetvd=null&region=8&sub_region=8",
  "prver" : "0",
  "isUik" : true,
  "selected" : false,
  "load_on_demand" : false
}, {
  "id" : 4084010379600,
  "text" : "УИК №36",
  "href" : "region/izbirkom?action=show&root=82000006&tvd=4084010379600&vrn=100100225883172&prver=0&pronetvd=null&region=8&sub_region=8",
  "prver" : "0",
  "isUik" : true,
  "selected" : false,
  "load_on_demand" : false
}, {
  "id" : 4084010379601,
  "text" : "УИК №37",
  "href" : "region/izbirkom?action=show&root=82000006&tvd=4084010379601&vrn=100100225883172&prver=0&pronetvd=null&region=8&sub_region=8",
  "prver" : "0",
  "isUik" : true,
  "selected" : false,
  "load_on_demand" : false
}, {
  "id" : 4084010379602,
  "text" : "УИК №38",
  "href" : "region/izbirkom?action=show&root=82000006&tvd=4084010379602&vrn=100100225883172&prver=0&pronetvd=null&region=8&sub_region=8",
  "prver" : "0",
  "isUik" : true,
  "selected" : false,
  "load_on_demand" : false
}, {
  "id" : 4084010379603,
  "text" : "УИК №39",
  "href" : "region/izbirkom?action=show&root=82000006&tvd=4084010379603&vrn=100100225883172&prver=0&pronetvd=null&region=8&sub_region=8",
  "prver" : "0",
  "isUik" : true,
  "selected" : false,
  "load_on_demand" : false
}, {
  "id" : 4084010379604,
  "text" : "УИК №40",
  "href" : "region/izbirkom?action=show&root=82000006&tvd=4084010379604&vrn=100100225883172&prver=0&pronetvd=null&region=8&sub_region=8",
  "prver" : "0",
  "isUik" : true,
  "selected" : false,
  "load_on_demand" : false
}, {
  "id" : 4084010379605,
  "text" : "УИК №41",
  "href" : "region/izbirkom?action=show&root=82000006&tvd=4084010379605&vrn=100100225883172&prver=0&pronetvd=null&region=8&sub_region=8",
  "prver" : "0",
  "isUik" : true,
  "selected" : false,
  "load_on_demand" : false
}, {
  "id" : 4084010379606,
  "text" : "УИК №42",
  "href" : "region/izbirkom?action=show&root=82000006&tvd=4084010379606&vrn=100100225883172&prver=0&pronetvd=null&region=8&sub_region=8",
  "prver" : "0",
  "isUik" : true,
  "selected" : false,
  "load_on_demand" : false
}, {
  "id" : 4084010379607,
  "text" : "УИК №43",
  "href" : "region/izbirkom?action=show&root=82000006&tvd=4084010379607&vrn=100100225883172&prver=0&pronetvd=null&region=8&sub_region=8",
  "prver" : "0",
  "isUik" : true,
  "selected" : false,
  "load_on_demand" : false
}, {
  "id" : 4084010379608,
  "text" : "УИК №44",
  "href" : "region/izbirkom?action=show&root=82000006&tvd=4084010379608&vrn=100100225883172&prver=0&pronetvd=null&region=8&sub_region=8",
  "prver" : "0",
  "isUik" : true,
  "selected" : false,
  "load_on_demand" : false
}, {
  "id" : 4084010379609,
  "text" : "УИК №45",
  "href" : "region/izbirkom?action=show&root=82000006&tvd=4084010379609&vrn=100100225883172&prver=0&pronetvd=null&region=8&sub_region=8",
  "prver" : "0",
  "isUik" : true,
  "selected" : false,
  "load_on_demand" : false
}, {
  "id" : 4084010379610,
  "text" : "УИК №46",
  "href" : "region/izbirkom?action=show&root=82000006&tvd=4084010379610&vrn=100100225883172&prver=0&pronetvd=null&region=8&sub_region=8",
  "prver" : "0",
  "isUik" : true,
  "selected" : false,
  "load_on_demand" : false
}, {
  "id" : 4084010379611,
  "text" : "УИК №47",
  "href" : "region/izbirkom?action=show&root=82000006&tvd=4084010379611&vrn=100100225883172&prver=0&pronetvd=null&region=8&sub_region=8",
  "prver" : "0",
  "isUik" : true,
  "selected" : false,
  "load_on_demand" : false
}, {
  "id" : 4084010379612,
  "text" : "УИК №48",
  "href" : "region/izbirkom?action=show&root=82000006&tvd=4084010379612&vrn=100100225883172&prver=0&pronetvd=null&region=8&sub_region=8",
  "prver" : "0",
  "isUik" : true,
  "selected" : false,
  "load_on_demand" : false
}, {
  "id" : 4084010381279,
  "text" : "УИК №235",
  "href" : "region/izbirkom?action=show&root=82000006&tvd=4084010381279&vrn=100100225883172&prver=0&pronetvd=null&region=8&sub_region=8",
  "prver" : "0",
  "isUik" : true,
  "selected" : false,
  "load_on_demand" : false
} ]