[ {
  "id" : 4084006247573,
  "text" : "УИК №137",
  "href" : "region/izbirkom?action=show&root=82000010&tvd=4084006247573&vrn=100100225883172&prver=0&pronetvd=null&region=8&sub_region=8",
  "prver" : "0",
  "isUik" : true,
  "selected" : false,
  "load_on_demand" : false
}, {
  "id" : 4084006247574,
  "text" : "УИК №138",
  "href" : "region/izbirkom?action=show&root=82000010&tvd=4084006247574&vrn=100100225883172&prver=0&pronetvd=null&region=8&sub_region=8",
  "prver" : "0",
  "isUik" : true,
  "selected" : false,
  "load_on_demand" : false
}, {
  "id" : 4084006247575,
  "text" : "УИК №139",
  "href" : "region/izbirkom?action=show&root=82000010&tvd=4084006247575&vrn=100100225883172&prver=0&pronetvd=null&region=8&sub_region=8",
  "prver" : "0",
  "isUik" : true,
  "selected" : false,
  "load_on_demand" : false
}, {
  "id" : 4084006247576,
  "text" : "УИК №140",
  "href" : "region/izbirkom?action=show&root=82000010&tvd=4084006247576&vrn=100100225883172&prver=0&pronetvd=null&region=8&sub_region=8",
  "prver" : "0",
  "isUik" : true,
  "selected" : false,
  "load_on_demand" : false
}, {
  "id" : 4084006247577,
  "text" : "УИК №141",
  "href" : "region/izbirkom?action=show&root=82000010&tvd=4084006247577&vrn=100100225883172&prver=0&pronetvd=null&region=8&sub_region=8",
  "prver" : "0",
  "isUik" : true,
  "selected" : false,
  "load_on_demand" : false
}, {
  "id" : 4084006247578,
  "text" : "УИК №142",
  "href" : "region/izbirkom?action=show&root=82000010&tvd=4084006247578&vrn=100100225883172&prver=0&pronetvd=null&region=8&sub_region=8",
  "prver" : "0",
  "isUik" : true,
  "selected" : false,
  "load_on_demand" : false
}, {
  "id" : 4084006247579,
  "text" : "УИК №143",
  "href" : "region/izbirkom?action=show&root=82000010&tvd=4084006247579&vrn=100100225883172&prver=0&pronetvd=null&region=8&sub_region=8",
  "prver" : "0",
  "isUik" : true,
  "selected" : false,
  "load_on_demand" : false
}, {
  "id" : 4084006247580,
  "text" : "УИК №144",
  "href" : "region/izbirkom?action=show&root=82000010&tvd=4084006247580&vrn=100100225883172&prver=0&pronetvd=null&region=8&sub_region=8",
  "prver" : "0",
  "isUik" : true,
  "selected" : false,
  "load_on_demand" : false
}, {
  "id" : 4084006247581,
  "text" : "УИК №145",
  "href" : "region/izbirkom?action=show&root=82000010&tvd=4084006247581&vrn=100100225883172&prver=0&pronetvd=null&region=8&sub_region=8",
  "prver" : "0",
  "isUik" : true,
  "selected" : false,
  "load_on_demand" : false
}, {
  "id" : 4084006247582,
  "text" : "УИК №146",
  "href" : "region/izbirkom?action=show&root=82000010&tvd=4084006247582&vrn=100100225883172&prver=0&pronetvd=null&region=8&sub_region=8",
  "prver" : "0",
  "isUik" : true,
  "selected" : false,
  "load_on_demand" : false
}, {
  "id" : 4084006247583,
  "text" : "УИК №147",
  "href" : "region/izbirkom?action=show&root=82000010&tvd=4084006247583&vrn=100100225883172&prver=0&pronetvd=null&region=8&sub_region=8",
  "prver" : "0",
  "isUik" : true,
  "selected" : false,
  "load_on_demand" : false
}, {
  "id" : 4084006247584,
  "text" : "УИК №148",
  "href" : "region/izbirkom?action=show&root=82000010&tvd=4084006247584&vrn=100100225883172&prver=0&pronetvd=null&region=8&sub_region=8",
  "prver" : "0",
  "isUik" : true,
  "selected" : false,
  "load_on_demand" : false
} ]