[ {
  "id" : 4094002721588,
  "text" : "УИК №92",
  "href" : "region/izbirkom?action=show&root=92000011&tvd=4094002721588&vrn=100100225883172&prver=0&pronetvd=null&region=9&sub_region=9",
  "prver" : "0",
  "isUik" : true,
  "selected" : false,
  "load_on_demand" : false
}, {
  "id" : 4094002721589,
  "text" : "УИК №93",
  "href" : "region/izbirkom?action=show&root=92000011&tvd=4094002721589&vrn=100100225883172&prver=0&pronetvd=null&region=9&sub_region=9",
  "prver" : "0",
  "isUik" : true,
  "selected" : false,
  "load_on_demand" : false
}, {
  "id" : 4094002721590,
  "text" : "УИК №94",
  "href" : "region/izbirkom?action=show&root=92000011&tvd=4094002721590&vrn=100100225883172&prver=0&pronetvd=null&region=9&sub_region=9",
  "prver" : "0",
  "isUik" : true,
  "selected" : false,
  "load_on_demand" : false
}, {
  "id" : 4094002721591,
  "text" : "УИК №95",
  "href" : "region/izbirkom?action=show&root=92000011&tvd=4094002721591&vrn=100100225883172&prver=0&pronetvd=null&region=9&sub_region=9",
  "prver" : "0",
  "isUik" : true,
  "selected" : false,
  "load_on_demand" : false
}, {
  "id" : 4094002721592,
  "text" : "УИК №96",
  "href" : "region/izbirkom?action=show&root=92000011&tvd=4094002721592&vrn=100100225883172&prver=0&pronetvd=null&region=9&sub_region=9",
  "prver" : "0",
  "isUik" : true,
  "selected" : false,
  "load_on_demand" : false
}, {
  "id" : 4094002721593,
  "text" : "УИК №97",
  "href" : "region/izbirkom?action=show&root=92000011&tvd=4094002721593&vrn=100100225883172&prver=0&pronetvd=null&region=9&sub_region=9",
  "prver" : "0",
  "isUik" : true,
  "selected" : false,
  "load_on_demand" : false
}, {
  "id" : 4094002721594,
  "text" : "УИК №98",
  "href" : "region/izbirkom?action=show&root=92000011&tvd=4094002721594&vrn=100100225883172&prver=0&pronetvd=null&region=9&sub_region=9",
  "prver" : "0",
  "isUik" : true,
  "selected" : false,
  "load_on_demand" : false
}, {
  "id" : 4094002721595,
  "text" : "УИК №99",
  "href" : "region/izbirkom?action=show&root=92000011&tvd=4094002721595&vrn=100100225883172&prver=0&pronetvd=null&region=9&sub_region=9",
  "prver" : "0",
  "isUik" : true,
  "selected" : false,
  "load_on_demand" : false
}, {
  "id" : 4094002721596,
  "text" : "УИК №100",
  "href" : "region/izbirkom?action=show&root=92000011&tvd=4094002721596&vrn=100100225883172&prver=0&pronetvd=null&region=9&sub_region=9",
  "prver" : "0",
  "isUik" : true,
  "selected" : false,
  "load_on_demand" : false
}, {
  "id" : 4094002721597,
  "text" : "УИК №101",
  "href" : "region/izbirkom?action=show&root=92000011&tvd=4094002721597&vrn=100100225883172&prver=0&pronetvd=null&region=9&sub_region=9",
  "prver" : "0",
  "isUik" : true,
  "selected" : false,
  "load_on_demand" : false
}, {
  "id" : 4094002721598,
  "text" : "УИК №102",
  "href" : "region/izbirkom?action=show&root=92000011&tvd=4094002721598&vrn=100100225883172&prver=0&pronetvd=null&region=9&sub_region=9",
  "prver" : "0",
  "isUik" : true,
  "selected" : false,
  "load_on_demand" : false
}, {
  "id" : 4094002721599,
  "text" : "УИК №103",
  "href" : "region/izbirkom?action=show&root=92000011&tvd=4094002721599&vrn=100100225883172&prver=0&pronetvd=null&region=9&sub_region=9",
  "prver" : "0",
  "isUik" : true,
  "selected" : false,
  "load_on_demand" : false
}, {
  "id" : 4094002721600,
  "text" : "УИК №104",
  "href" : "region/izbirkom?action=show&root=92000011&tvd=4094002721600&vrn=100100225883172&prver=0&pronetvd=null&region=9&sub_region=9",
  "prver" : "0",
  "isUik" : true,
  "selected" : false,
  "load_on_demand" : false
}, {
  "id" : 4094002721601,
  "text" : "УИК №105",
  "href" : "region/izbirkom?action=show&root=92000011&tvd=4094002721601&vrn=100100225883172&prver=0&pronetvd=null&region=9&sub_region=9",
  "prver" : "0",
  "isUik" : true,
  "selected" : false,
  "load_on_demand" : false
}, {
  "id" : 4094002721602,
  "text" : "УИК №106",
  "href" : "region/izbirkom?action=show&root=92000011&tvd=4094002721602&vrn=100100225883172&prver=0&pronetvd=null&region=9&sub_region=9",
  "prver" : "0",
  "isUik" : true,
  "selected" : false,
  "load_on_demand" : false
}, {
  "id" : 4094002721603,
  "text" : "УИК №107",
  "href" : "region/izbirkom?action=show&root=92000011&tvd=4094002721603&vrn=100100225883172&prver=0&pronetvd=null&region=9&sub_region=9",
  "prver" : "0",
  "isUik" : true,
  "selected" : false,
  "load_on_demand" : false
}, {
  "id" : 4094002721604,
  "text" : "УИК №108",
  "href" : "region/izbirkom?action=show&root=92000011&tvd=4094002721604&vrn=100100225883172&prver=0&pronetvd=null&region=9&sub_region=9",
  "prver" : "0",
  "isUik" : true,
  "selected" : false,
  "load_on_demand" : false
}, {
  "id" : 4094002721605,
  "text" : "УИК №109",
  "href" : "region/izbirkom?action=show&root=92000011&tvd=4094002721605&vrn=100100225883172&prver=0&pronetvd=null&region=9&sub_region=9",
  "prver" : "0",
  "isUik" : true,
  "selected" : false,
  "load_on_demand" : false
}, {
  "id" : 4094002721606,
  "text" : "УИК №110",
  "href" : "region/izbirkom?action=show&root=92000011&tvd=4094002721606&vrn=100100225883172&prver=0&pronetvd=null&region=9&sub_region=9",
  "prver" : "0",
  "isUik" : true,
  "selected" : false,
  "load_on_demand" : false
}, {
  "id" : 4094002721607,
  "text" : "УИК №111",
  "href" : "region/izbirkom?action=show&root=92000011&tvd=4094002721607&vrn=100100225883172&prver=0&pronetvd=null&region=9&sub_region=9",
  "prver" : "0",
  "isUik" : true,
  "selected" : false,
  "load_on_demand" : false
}, {
  "id" : 4094002721608,
  "text" : "УИК №112",
  "href" : "region/izbirkom?action=show&root=92000011&tvd=4094002721608&vrn=100100225883172&prver=0&pronetvd=null&region=9&sub_region=9",
  "prver" : "0",
  "isUik" : true,
  "selected" : false,
  "load_on_demand" : false
}, {
  "id" : 4094002721609,
  "text" : "УИК №113",
  "href" : "region/izbirkom?action=show&root=92000011&tvd=4094002721609&vrn=100100225883172&prver=0&pronetvd=null&region=9&sub_region=9",
  "prver" : "0",
  "isUik" : true,
  "selected" : false,
  "load_on_demand" : false
}, {
  "id" : 4094002721610,
  "text" : "УИК №114",
  "href" : "region/izbirkom?action=show&root=92000011&tvd=4094002721610&vrn=100100225883172&prver=0&pronetvd=null&region=9&sub_region=9",
  "prver" : "0",
  "isUik" : true,
  "selected" : false,
  "load_on_demand" : false
}, {
  "id" : 4094002721611,
  "text" : "УИК №115",
  "href" : "region/izbirkom?action=show&root=92000011&tvd=4094002721611&vrn=100100225883172&prver=0&pronetvd=null&region=9&sub_region=9",
  "prver" : "0",
  "isUik" : true,
  "selected" : false,
  "load_on_demand" : false
}, {
  "id" : 4094002721612,
  "text" : "УИК №116",
  "href" : "region/izbirkom?action=show&root=92000011&tvd=4094002721612&vrn=100100225883172&prver=0&pronetvd=null&region=9&sub_region=9",
  "prver" : "0",
  "isUik" : true,
  "selected" : false,
  "load_on_demand" : false
}, {
  "id" : 4094002721613,
  "text" : "УИК №117",
  "href" : "region/izbirkom?action=show&root=92000011&tvd=4094002721613&vrn=100100225883172&prver=0&pronetvd=null&region=9&sub_region=9",
  "prver" : "0",
  "isUik" : true,
  "selected" : false,
  "load_on_demand" : false
}, {
  "id" : 4094002721614,
  "text" : "УИК №118",
  "href" : "region/izbirkom?action=show&root=92000011&tvd=4094002721614&vrn=100100225883172&prver=0&pronetvd=null&region=9&sub_region=9",
  "prver" : "0",
  "isUik" : true,
  "selected" : false,
  "load_on_demand" : false
}, {
  "id" : 4094002721615,
  "text" : "УИК №119",
  "href" : "region/izbirkom?action=show&root=92000011&tvd=4094002721615&vrn=100100225883172&prver=0&pronetvd=null&region=9&sub_region=9",
  "prver" : "0",
  "isUik" : true,
  "selected" : false,
  "load_on_demand" : false
}, {
  "id" : 4094002721616,
  "text" : "УИК №120",
  "href" : "region/izbirkom?action=show&root=92000011&tvd=4094002721616&vrn=100100225883172&prver=0&pronetvd=null&region=9&sub_region=9",
  "prver" : "0",
  "isUik" : true,
  "selected" : false,
  "load_on_demand" : false
}, {
  "id" : 4094002721617,
  "text" : "УИК №121",
  "href" : "region/izbirkom?action=show&root=92000011&tvd=4094002721617&vrn=100100225883172&prver=0&pronetvd=null&region=9&sub_region=9",
  "prver" : "0",
  "isUik" : true,
  "selected" : false,
  "load_on_demand" : false
}, {
  "id" : 4094002721618,
  "text" : "УИК №122",
  "href" : "region/izbirkom?action=show&root=92000011&tvd=4094002721618&vrn=100100225883172&prver=0&pronetvd=null&region=9&sub_region=9",
  "prver" : "0",
  "isUik" : true,
  "selected" : false,
  "load_on_demand" : false
}, {
  "id" : 4094002721619,
  "text" : "УИК №123",
  "href" : "region/izbirkom?action=show&root=92000011&tvd=4094002721619&vrn=100100225883172&prver=0&pronetvd=null&region=9&sub_region=9",
  "prver" : "0",
  "isUik" : true,
  "selected" : false,
  "load_on_demand" : false
}, {
  "id" : 4094002721620,
  "text" : "УИК №124",
  "href" : "region/izbirkom?action=show&root=92000011&tvd=4094002721620&vrn=100100225883172&prver=0&pronetvd=null&region=9&sub_region=9",
  "prver" : "0",
  "isUik" : true,
  "selected" : false,
  "load_on_demand" : false
}, {
  "id" : 4094002721621,
  "text" : "УИК №125",
  "href" : "region/izbirkom?action=show&root=92000011&tvd=4094002721621&vrn=100100225883172&prver=0&pronetvd=null&region=9&sub_region=9",
  "prver" : "0",
  "isUik" : true,
  "selected" : false,
  "load_on_demand" : false
}, {
  "id" : 4094002721622,
  "text" : "УИК №126",
  "href" : "region/izbirkom?action=show&root=92000011&tvd=4094002721622&vrn=100100225883172&prver=0&pronetvd=null&region=9&sub_region=9",
  "prver" : "0",
  "isUik" : true,
  "selected" : false,
  "load_on_demand" : false
}, {
  "id" : 4094002721623,
  "text" : "УИК №127",
  "href" : "region/izbirkom?action=show&root=92000011&tvd=4094002721623&vrn=100100225883172&prver=0&pronetvd=null&region=9&sub_region=9",
  "prver" : "0",
  "isUik" : true,
  "selected" : false,
  "load_on_demand" : false
}, {
  "id" : 4094002721624,
  "text" : "УИК №128",
  "href" : "region/izbirkom?action=show&root=92000011&tvd=4094002721624&vrn=100100225883172&prver=0&pronetvd=null&region=9&sub_region=9",
  "prver" : "0",
  "isUik" : true,
  "selected" : false,
  "load_on_demand" : false
}, {
  "id" : 4094002721625,
  "text" : "УИК №129",
  "href" : "region/izbirkom?action=show&root=92000011&tvd=4094002721625&vrn=100100225883172&prver=0&pronetvd=null&region=9&sub_region=9",
  "prver" : "0",
  "isUik" : true,
  "selected" : false,
  "load_on_demand" : false
}, {
  "id" : 4094002767825,
  "text" : "УИК №251",
  "href" : "region/izbirkom?action=show&root=92000011&tvd=4094002767825&vrn=100100225883172&prver=0&pronetvd=null&region=9&sub_region=9",
  "prver" : "0",
  "isUik" : true,
  "selected" : false,
  "load_on_demand" : false
} ]