[ {
  "id" : 4094007418781,
  "text" : "УИК №195",
  "href" : "region/izbirkom?action=show&root=92000006&tvd=4094007418781&vrn=100100225883172&prver=0&pronetvd=null&region=9&sub_region=9",
  "prver" : "0",
  "isUik" : true,
  "selected" : false,
  "load_on_demand" : false
}, {
  "id" : 4094007418782,
  "text" : "УИК №196",
  "href" : "region/izbirkom?action=show&root=92000006&tvd=4094007418782&vrn=100100225883172&prver=0&pronetvd=null&region=9&sub_region=9",
  "prver" : "0",
  "isUik" : true,
  "selected" : false,
  "load_on_demand" : false
}, {
  "id" : 4094007418783,
  "text" : "УИК №197",
  "href" : "region/izbirkom?action=show&root=92000006&tvd=4094007418783&vrn=100100225883172&prver=0&pronetvd=null&region=9&sub_region=9",
  "prver" : "0",
  "isUik" : true,
  "selected" : false,
  "load_on_demand" : false
}, {
  "id" : 4094007418784,
  "text" : "УИК №198",
  "href" : "region/izbirkom?action=show&root=92000006&tvd=4094007418784&vrn=100100225883172&prver=0&pronetvd=null&region=9&sub_region=9",
  "prver" : "0",
  "isUik" : true,
  "selected" : false,
  "load_on_demand" : false
}, {
  "id" : 4094007418785,
  "text" : "УИК №199",
  "href" : "region/izbirkom?action=show&root=92000006&tvd=4094007418785&vrn=100100225883172&prver=0&pronetvd=null&region=9&sub_region=9",
  "prver" : "0",
  "isUik" : true,
  "selected" : false,
  "load_on_demand" : false
}, {
  "id" : 4094007418786,
  "text" : "УИК №200",
  "href" : "region/izbirkom?action=show&root=92000006&tvd=4094007418786&vrn=100100225883172&prver=0&pronetvd=null&region=9&sub_region=9",
  "prver" : "0",
  "isUik" : true,
  "selected" : false,
  "load_on_demand" : false
}, {
  "id" : 4094007418787,
  "text" : "УИК №201",
  "href" : "region/izbirkom?action=show&root=92000006&tvd=4094007418787&vrn=100100225883172&prver=0&pronetvd=null&region=9&sub_region=9",
  "prver" : "0",
  "isUik" : true,
  "selected" : false,
  "load_on_demand" : false
}, {
  "id" : 4094007418788,
  "text" : "УИК №202",
  "href" : "region/izbirkom?action=show&root=92000006&tvd=4094007418788&vrn=100100225883172&prver=0&pronetvd=null&region=9&sub_region=9",
  "prver" : "0",
  "isUik" : true,
  "selected" : false,
  "load_on_demand" : false
}, {
  "id" : 4094007418789,
  "text" : "УИК №203",
  "href" : "region/izbirkom?action=show&root=92000006&tvd=4094007418789&vrn=100100225883172&prver=0&pronetvd=null&region=9&sub_region=9",
  "prver" : "0",
  "isUik" : true,
  "selected" : false,
  "load_on_demand" : false
}, {
  "id" : 4094007418790,
  "text" : "УИК №204",
  "href" : "region/izbirkom?action=show&root=92000006&tvd=4094007418790&vrn=100100225883172&prver=0&pronetvd=null&region=9&sub_region=9",
  "prver" : "0",
  "isUik" : true,
  "selected" : false,
  "load_on_demand" : false
}, {
  "id" : 4094007418791,
  "text" : "УИК №205",
  "href" : "region/izbirkom?action=show&root=92000006&tvd=4094007418791&vrn=100100225883172&prver=0&pronetvd=null&region=9&sub_region=9",
  "prver" : "0",
  "isUik" : true,
  "selected" : false,
  "load_on_demand" : false
}, {
  "id" : 4094007418792,
  "text" : "УИК №206",
  "href" : "region/izbirkom?action=show&root=92000006&tvd=4094007418792&vrn=100100225883172&prver=0&pronetvd=null&region=9&sub_region=9",
  "prver" : "0",
  "isUik" : true,
  "selected" : false,
  "load_on_demand" : false
}, {
  "id" : 4094007418793,
  "text" : "УИК №207",
  "href" : "region/izbirkom?action=show&root=92000006&tvd=4094007418793&vrn=100100225883172&prver=0&pronetvd=null&region=9&sub_region=9",
  "prver" : "0",
  "isUik" : true,
  "selected" : false,
  "load_on_demand" : false
}, {
  "id" : 4094007418794,
  "text" : "УИК №208",
  "href" : "region/izbirkom?action=show&root=92000006&tvd=4094007418794&vrn=100100225883172&prver=0&pronetvd=null&region=9&sub_region=9",
  "prver" : "0",
  "isUik" : true,
  "selected" : false,
  "load_on_demand" : false
}, {
  "id" : 4094007418795,
  "text" : "УИК №209",
  "href" : "region/izbirkom?action=show&root=92000006&tvd=4094007418795&vrn=100100225883172&prver=0&pronetvd=null&region=9&sub_region=9",
  "prver" : "0",
  "isUik" : true,
  "selected" : false,
  "load_on_demand" : false
} ]