[ {
  "id" : 4094011182633,
  "text" : "УИК №70",
  "href" : "region/izbirkom?action=show&root=92000002&tvd=4094011182633&vrn=100100225883172&prver=0&pronetvd=null&region=9&sub_region=9",
  "prver" : "0",
  "isUik" : true,
  "selected" : false,
  "load_on_demand" : false
}, {
  "id" : 4094011182634,
  "text" : "УИК №71",
  "href" : "region/izbirkom?action=show&root=92000002&tvd=4094011182634&vrn=100100225883172&prver=0&pronetvd=null&region=9&sub_region=9",
  "prver" : "0",
  "isUik" : true,
  "selected" : false,
  "load_on_demand" : false
}, {
  "id" : 4094011182635,
  "text" : "УИК №72",
  "href" : "region/izbirkom?action=show&root=92000002&tvd=4094011182635&vrn=100100225883172&prver=0&pronetvd=null&region=9&sub_region=9",
  "prver" : "0",
  "isUik" : true,
  "selected" : false,
  "load_on_demand" : false
}, {
  "id" : 4094011182636,
  "text" : "УИК №73",
  "href" : "region/izbirkom?action=show&root=92000002&tvd=4094011182636&vrn=100100225883172&prver=0&pronetvd=null&region=9&sub_region=9",
  "prver" : "0",
  "isUik" : true,
  "selected" : false,
  "load_on_demand" : false
}, {
  "id" : 4094011182637,
  "text" : "УИК №74",
  "href" : "region/izbirkom?action=show&root=92000002&tvd=4094011182637&vrn=100100225883172&prver=0&pronetvd=null&region=9&sub_region=9",
  "prver" : "0",
  "isUik" : true,
  "selected" : false,
  "load_on_demand" : false
}, {
  "id" : 4094011182638,
  "text" : "УИК №75",
  "href" : "region/izbirkom?action=show&root=92000002&tvd=4094011182638&vrn=100100225883172&prver=0&pronetvd=null&region=9&sub_region=9",
  "prver" : "0",
  "isUik" : true,
  "selected" : false,
  "load_on_demand" : false
}, {
  "id" : 4094011182639,
  "text" : "УИК №76",
  "href" : "region/izbirkom?action=show&root=92000002&tvd=4094011182639&vrn=100100225883172&prver=0&pronetvd=null&region=9&sub_region=9",
  "prver" : "0",
  "isUik" : true,
  "selected" : false,
  "load_on_demand" : false
} ]