[ {
  "id" : 4094008392612,
  "text" : "УИК №210",
  "href" : "region/izbirkom?action=show&root=92000005&tvd=4094008392612&vrn=100100225883172&prver=0&pronetvd=null&region=9&sub_region=9",
  "prver" : "0",
  "isUik" : true,
  "selected" : false,
  "load_on_demand" : false
}, {
  "id" : 4094008392613,
  "text" : "УИК №211",
  "href" : "region/izbirkom?action=show&root=92000005&tvd=4094008392613&vrn=100100225883172&prver=0&pronetvd=null&region=9&sub_region=9",
  "prver" : "0",
  "isUik" : true,
  "selected" : false,
  "load_on_demand" : false
}, {
  "id" : 4094008392614,
  "text" : "УИК №212",
  "href" : "region/izbirkom?action=show&root=92000005&tvd=4094008392614&vrn=100100225883172&prver=0&pronetvd=null&region=9&sub_region=9",
  "prver" : "0",
  "isUik" : true,
  "selected" : false,
  "load_on_demand" : false
}, {
  "id" : 4094008392615,
  "text" : "УИК №213",
  "href" : "region/izbirkom?action=show&root=92000005&tvd=4094008392615&vrn=100100225883172&prver=0&pronetvd=null&region=9&sub_region=9",
  "prver" : "0",
  "isUik" : true,
  "selected" : false,
  "load_on_demand" : false
}, {
  "id" : 4094008392616,
  "text" : "УИК №214",
  "href" : "region/izbirkom?action=show&root=92000005&tvd=4094008392616&vrn=100100225883172&prver=0&pronetvd=null&region=9&sub_region=9",
  "prver" : "0",
  "isUik" : true,
  "selected" : false,
  "load_on_demand" : false
}, {
  "id" : 4094008392617,
  "text" : "УИК №215",
  "href" : "region/izbirkom?action=show&root=92000005&tvd=4094008392617&vrn=100100225883172&prver=0&pronetvd=null&region=9&sub_region=9",
  "prver" : "0",
  "isUik" : true,
  "selected" : false,
  "load_on_demand" : false
}, {
  "id" : 4094008392618,
  "text" : "УИК №216",
  "href" : "region/izbirkom?action=show&root=92000005&tvd=4094008392618&vrn=100100225883172&prver=0&pronetvd=null&region=9&sub_region=9",
  "prver" : "0",
  "isUik" : true,
  "selected" : false,
  "load_on_demand" : false
}, {
  "id" : 4094008392619,
  "text" : "УИК №217",
  "href" : "region/izbirkom?action=show&root=92000005&tvd=4094008392619&vrn=100100225883172&prver=0&pronetvd=null&region=9&sub_region=9",
  "prver" : "0",
  "isUik" : true,
  "selected" : false,
  "load_on_demand" : false
}, {
  "id" : 4094008392620,
  "text" : "УИК №218",
  "href" : "region/izbirkom?action=show&root=92000005&tvd=4094008392620&vrn=100100225883172&prver=0&pronetvd=null&region=9&sub_region=9",
  "prver" : "0",
  "isUik" : true,
  "selected" : false,
  "load_on_demand" : false
}, {
  "id" : 4094008392621,
  "text" : "УИК №219",
  "href" : "region/izbirkom?action=show&root=92000005&tvd=4094008392621&vrn=100100225883172&prver=0&pronetvd=null&region=9&sub_region=9",
  "prver" : "0",
  "isUik" : true,
  "selected" : false,
  "load_on_demand" : false
}, {
  "id" : 4094008392622,
  "text" : "УИК №220",
  "href" : "region/izbirkom?action=show&root=92000005&tvd=4094008392622&vrn=100100225883172&prver=0&pronetvd=null&region=9&sub_region=9",
  "prver" : "0",
  "isUik" : true,
  "selected" : false,
  "load_on_demand" : false
}, {
  "id" : 4094008392623,
  "text" : "УИК №221",
  "href" : "region/izbirkom?action=show&root=92000005&tvd=4094008392623&vrn=100100225883172&prver=0&pronetvd=null&region=9&sub_region=9",
  "prver" : "0",
  "isUik" : true,
  "selected" : false,
  "load_on_demand" : false
}, {
  "id" : 4094008392624,
  "text" : "УИК №222",
  "href" : "region/izbirkom?action=show&root=92000005&tvd=4094008392624&vrn=100100225883172&prver=0&pronetvd=null&region=9&sub_region=9",
  "prver" : "0",
  "isUik" : true,
  "selected" : false,
  "load_on_demand" : false
}, {
  "id" : 4094008392625,
  "text" : "УИК №223",
  "href" : "region/izbirkom?action=show&root=92000005&tvd=4094008392625&vrn=100100225883172&prver=0&pronetvd=null&region=9&sub_region=9",
  "prver" : "0",
  "isUik" : true,
  "selected" : false,
  "load_on_demand" : false
}, {
  "id" : 4094008392626,
  "text" : "УИК №224",
  "href" : "region/izbirkom?action=show&root=92000005&tvd=4094008392626&vrn=100100225883172&prver=0&pronetvd=null&region=9&sub_region=9",
  "prver" : "0",
  "isUik" : true,
  "selected" : false,
  "load_on_demand" : false
}, {
  "id" : 4094008392627,
  "text" : "УИК №225",
  "href" : "region/izbirkom?action=show&root=92000005&tvd=4094008392627&vrn=100100225883172&prver=0&pronetvd=null&region=9&sub_region=9",
  "prver" : "0",
  "isUik" : true,
  "selected" : false,
  "load_on_demand" : false
}, {
  "id" : 4094008392628,
  "text" : "УИК №226",
  "href" : "region/izbirkom?action=show&root=92000005&tvd=4094008392628&vrn=100100225883172&prver=0&pronetvd=null&region=9&sub_region=9",
  "prver" : "0",
  "isUik" : true,
  "selected" : false,
  "load_on_demand" : false
}, {
  "id" : 4094008392629,
  "text" : "УИК №227",
  "href" : "region/izbirkom?action=show&root=92000005&tvd=4094008392629&vrn=100100225883172&prver=0&pronetvd=null&region=9&sub_region=9",
  "prver" : "0",
  "isUik" : true,
  "selected" : false,
  "load_on_demand" : false
}, {
  "id" : 4094008392630,
  "text" : "УИК №228",
  "href" : "region/izbirkom?action=show&root=92000005&tvd=4094008392630&vrn=100100225883172&prver=0&pronetvd=null&region=9&sub_region=9",
  "prver" : "0",
  "isUik" : true,
  "selected" : false,
  "load_on_demand" : false
}, {
  "id" : 4094008392631,
  "text" : "УИК №229",
  "href" : "region/izbirkom?action=show&root=92000005&tvd=4094008392631&vrn=100100225883172&prver=0&pronetvd=null&region=9&sub_region=9",
  "prver" : "0",
  "isUik" : true,
  "selected" : false,
  "load_on_demand" : false
}, {
  "id" : 4094008392632,
  "text" : "УИК №230",
  "href" : "region/izbirkom?action=show&root=92000005&tvd=4094008392632&vrn=100100225883172&prver=0&pronetvd=null&region=9&sub_region=9",
  "prver" : "0",
  "isUik" : true,
  "selected" : false,
  "load_on_demand" : false
}, {
  "id" : 4094008392633,
  "text" : "УИК №231",
  "href" : "region/izbirkom?action=show&root=92000005&tvd=4094008392633&vrn=100100225883172&prver=0&pronetvd=null&region=9&sub_region=9",
  "prver" : "0",
  "isUik" : true,
  "selected" : false,
  "load_on_demand" : false
}, {
  "id" : 4094008392634,
  "text" : "УИК №232",
  "href" : "region/izbirkom?action=show&root=92000005&tvd=4094008392634&vrn=100100225883172&prver=0&pronetvd=null&region=9&sub_region=9",
  "prver" : "0",
  "isUik" : true,
  "selected" : false,
  "load_on_demand" : false
}, {
  "id" : 4094008392635,
  "text" : "УИК №233",
  "href" : "region/izbirkom?action=show&root=92000005&tvd=4094008392635&vrn=100100225883172&prver=0&pronetvd=null&region=9&sub_region=9",
  "prver" : "0",
  "isUik" : true,
  "selected" : false,
  "load_on_demand" : false
}, {
  "id" : 4094008392636,
  "text" : "УИК №234",
  "href" : "region/izbirkom?action=show&root=92000005&tvd=4094008392636&vrn=100100225883172&prver=0&pronetvd=null&region=9&sub_region=9",
  "prver" : "0",
  "isUik" : true,
  "selected" : false,
  "load_on_demand" : false
}, {
  "id" : 4094008427035,
  "text" : "УИК №254",
  "href" : "region/izbirkom?action=show&root=92000005&tvd=4094008427035&vrn=100100225883172&prver=0&pronetvd=null&region=9&sub_region=9",
  "prver" : "0",
  "isUik" : true,
  "selected" : false,
  "load_on_demand" : false
} ]