[ {
  "id" : 4094004206635,
  "text" : "УИК №53",
  "href" : "region/izbirkom?action=show&root=92000009&tvd=4094004206635&vrn=100100225883172&prver=0&pronetvd=null&region=9&sub_region=9",
  "prver" : "0",
  "isUik" : true,
  "selected" : false,
  "load_on_demand" : false
}, {
  "id" : 4094004206637,
  "text" : "УИК №54",
  "href" : "region/izbirkom?action=show&root=92000009&tvd=4094004206637&vrn=100100225883172&prver=0&pronetvd=null&region=9&sub_region=9",
  "prver" : "0",
  "isUik" : true,
  "selected" : false,
  "load_on_demand" : false
}, {
  "id" : 4094004206639,
  "text" : "УИК №55",
  "href" : "region/izbirkom?action=show&root=92000009&tvd=4094004206639&vrn=100100225883172&prver=0&pronetvd=null&region=9&sub_region=9",
  "prver" : "0",
  "isUik" : true,
  "selected" : false,
  "load_on_demand" : false
}, {
  "id" : 4094004206640,
  "text" : "УИК №56",
  "href" : "region/izbirkom?action=show&root=92000009&tvd=4094004206640&vrn=100100225883172&prver=0&pronetvd=null&region=9&sub_region=9",
  "prver" : "0",
  "isUik" : true,
  "selected" : false,
  "load_on_demand" : false
}, {
  "id" : 4094004206641,
  "text" : "УИК №57",
  "href" : "region/izbirkom?action=show&root=92000009&tvd=4094004206641&vrn=100100225883172&prver=0&pronetvd=null&region=9&sub_region=9",
  "prver" : "0",
  "isUik" : true,
  "selected" : false,
  "load_on_demand" : false
}, {
  "id" : 4094004206642,
  "text" : "УИК №58",
  "href" : "region/izbirkom?action=show&root=92000009&tvd=4094004206642&vrn=100100225883172&prver=0&pronetvd=null&region=9&sub_region=9",
  "prver" : "0",
  "isUik" : true,
  "selected" : false,
  "load_on_demand" : false
}, {
  "id" : 4094004206643,
  "text" : "УИК №59",
  "href" : "region/izbirkom?action=show&root=92000009&tvd=4094004206643&vrn=100100225883172&prver=0&pronetvd=null&region=9&sub_region=9",
  "prver" : "0",
  "isUik" : true,
  "selected" : false,
  "load_on_demand" : false
}, {
  "id" : 4094004206644,
  "text" : "УИК №60",
  "href" : "region/izbirkom?action=show&root=92000009&tvd=4094004206644&vrn=100100225883172&prver=0&pronetvd=null&region=9&sub_region=9",
  "prver" : "0",
  "isUik" : true,
  "selected" : false,
  "load_on_demand" : false
}, {
  "id" : 4094004206645,
  "text" : "УИК №61",
  "href" : "region/izbirkom?action=show&root=92000009&tvd=4094004206645&vrn=100100225883172&prver=0&pronetvd=null&region=9&sub_region=9",
  "prver" : "0",
  "isUik" : true,
  "selected" : false,
  "load_on_demand" : false
}, {
  "id" : 4094004206646,
  "text" : "УИК №62",
  "href" : "region/izbirkom?action=show&root=92000009&tvd=4094004206646&vrn=100100225883172&prver=0&pronetvd=null&region=9&sub_region=9",
  "prver" : "0",
  "isUik" : true,
  "selected" : false,
  "load_on_demand" : false
}, {
  "id" : 4094004206647,
  "text" : "УИК №63",
  "href" : "region/izbirkom?action=show&root=92000009&tvd=4094004206647&vrn=100100225883172&prver=0&pronetvd=null&region=9&sub_region=9",
  "prver" : "0",
  "isUik" : true,
  "selected" : false,
  "load_on_demand" : false
}, {
  "id" : 4094004206648,
  "text" : "УИК №64",
  "href" : "region/izbirkom?action=show&root=92000009&tvd=4094004206648&vrn=100100225883172&prver=0&pronetvd=null&region=9&sub_region=9",
  "prver" : "0",
  "isUik" : true,
  "selected" : false,
  "load_on_demand" : false
}, {
  "id" : 4094004206649,
  "text" : "УИК №65",
  "href" : "region/izbirkom?action=show&root=92000009&tvd=4094004206649&vrn=100100225883172&prver=0&pronetvd=null&region=9&sub_region=9",
  "prver" : "0",
  "isUik" : true,
  "selected" : false,
  "load_on_demand" : false
}, {
  "id" : 4094004206650,
  "text" : "УИК №66",
  "href" : "region/izbirkom?action=show&root=92000009&tvd=4094004206650&vrn=100100225883172&prver=0&pronetvd=null&region=9&sub_region=9",
  "prver" : "0",
  "isUik" : true,
  "selected" : false,
  "load_on_demand" : false
}, {
  "id" : 4094004206651,
  "text" : "УИК №67",
  "href" : "region/izbirkom?action=show&root=92000009&tvd=4094004206651&vrn=100100225883172&prver=0&pronetvd=null&region=9&sub_region=9",
  "prver" : "0",
  "isUik" : true,
  "selected" : false,
  "load_on_demand" : false
}, {
  "id" : 4094004206652,
  "text" : "УИК №68",
  "href" : "region/izbirkom?action=show&root=92000009&tvd=4094004206652&vrn=100100225883172&prver=0&pronetvd=null&region=9&sub_region=9",
  "prver" : "0",
  "isUik" : true,
  "selected" : false,
  "load_on_demand" : false
}, {
  "id" : 4094004206653,
  "text" : "УИК №69",
  "href" : "region/izbirkom?action=show&root=92000009&tvd=4094004206653&vrn=100100225883172&prver=0&pronetvd=null&region=9&sub_region=9",
  "prver" : "0",
  "isUik" : true,
  "selected" : false,
  "load_on_demand" : false
} ]