[ {
  "id" : 4094006535769,
  "text" : "УИК №172",
  "href" : "region/izbirkom?action=show&root=92000007&tvd=4094006535769&vrn=100100225883172&prver=0&pronetvd=null&region=9&sub_region=9",
  "prver" : "0",
  "isUik" : true,
  "selected" : false,
  "load_on_demand" : false
}, {
  "id" : 4094006535771,
  "text" : "УИК №173",
  "href" : "region/izbirkom?action=show&root=92000007&tvd=4094006535771&vrn=100100225883172&prver=0&pronetvd=null&region=9&sub_region=9",
  "prver" : "0",
  "isUik" : true,
  "selected" : false,
  "load_on_demand" : false
}, {
  "id" : 4094006535773,
  "text" : "УИК №174",
  "href" : "region/izbirkom?action=show&root=92000007&tvd=4094006535773&vrn=100100225883172&prver=0&pronetvd=null&region=9&sub_region=9",
  "prver" : "0",
  "isUik" : true,
  "selected" : false,
  "load_on_demand" : false
}, {
  "id" : 4094006535774,
  "text" : "УИК №175",
  "href" : "region/izbirkom?action=show&root=92000007&tvd=4094006535774&vrn=100100225883172&prver=0&pronetvd=null&region=9&sub_region=9",
  "prver" : "0",
  "isUik" : true,
  "selected" : false,
  "load_on_demand" : false
}, {
  "id" : 4094006535775,
  "text" : "УИК №176",
  "href" : "region/izbirkom?action=show&root=92000007&tvd=4094006535775&vrn=100100225883172&prver=0&pronetvd=null&region=9&sub_region=9",
  "prver" : "0",
  "isUik" : true,
  "selected" : false,
  "load_on_demand" : false
}, {
  "id" : 4094006535776,
  "text" : "УИК №177",
  "href" : "region/izbirkom?action=show&root=92000007&tvd=4094006535776&vrn=100100225883172&prver=0&pronetvd=null&region=9&sub_region=9",
  "prver" : "0",
  "isUik" : true,
  "selected" : false,
  "load_on_demand" : false
}, {
  "id" : 4094006535777,
  "text" : "УИК №178",
  "href" : "region/izbirkom?action=show&root=92000007&tvd=4094006535777&vrn=100100225883172&prver=0&pronetvd=null&region=9&sub_region=9",
  "prver" : "0",
  "isUik" : true,
  "selected" : false,
  "load_on_demand" : false
}, {
  "id" : 4094006535778,
  "text" : "УИК №179",
  "href" : "region/izbirkom?action=show&root=92000007&tvd=4094006535778&vrn=100100225883172&prver=0&pronetvd=null&region=9&sub_region=9",
  "prver" : "0",
  "isUik" : true,
  "selected" : false,
  "load_on_demand" : false
}, {
  "id" : 4094006535779,
  "text" : "УИК №180",
  "href" : "region/izbirkom?action=show&root=92000007&tvd=4094006535779&vrn=100100225883172&prver=0&pronetvd=null&region=9&sub_region=9",
  "prver" : "0",
  "isUik" : true,
  "selected" : false,
  "load_on_demand" : false
}, {
  "id" : 4094006535780,
  "text" : "УИК №181",
  "href" : "region/izbirkom?action=show&root=92000007&tvd=4094006535780&vrn=100100225883172&prver=0&pronetvd=null&region=9&sub_region=9",
  "prver" : "0",
  "isUik" : true,
  "selected" : false,
  "load_on_demand" : false
}, {
  "id" : 4094006535781,
  "text" : "УИК №182",
  "href" : "region/izbirkom?action=show&root=92000007&tvd=4094006535781&vrn=100100225883172&prver=0&pronetvd=null&region=9&sub_region=9",
  "prver" : "0",
  "isUik" : true,
  "selected" : false,
  "load_on_demand" : false
}, {
  "id" : 4094006535782,
  "text" : "УИК №183",
  "href" : "region/izbirkom?action=show&root=92000007&tvd=4094006535782&vrn=100100225883172&prver=0&pronetvd=null&region=9&sub_region=9",
  "prver" : "0",
  "isUik" : true,
  "selected" : false,
  "load_on_demand" : false
}, {
  "id" : 4094006535783,
  "text" : "УИК №184",
  "href" : "region/izbirkom?action=show&root=92000007&tvd=4094006535783&vrn=100100225883172&prver=0&pronetvd=null&region=9&sub_region=9",
  "prver" : "0",
  "isUik" : true,
  "selected" : false,
  "load_on_demand" : false
}, {
  "id" : 4094006535784,
  "text" : "УИК №185",
  "href" : "region/izbirkom?action=show&root=92000007&tvd=4094006535784&vrn=100100225883172&prver=0&pronetvd=null&region=9&sub_region=9",
  "prver" : "0",
  "isUik" : true,
  "selected" : false,
  "load_on_demand" : false
}, {
  "id" : 4094006535785,
  "text" : "УИК №186",
  "href" : "region/izbirkom?action=show&root=92000007&tvd=4094006535785&vrn=100100225883172&prver=0&pronetvd=null&region=9&sub_region=9",
  "prver" : "0",
  "isUik" : true,
  "selected" : false,
  "load_on_demand" : false
}, {
  "id" : 4094006535786,
  "text" : "УИК №187",
  "href" : "region/izbirkom?action=show&root=92000007&tvd=4094006535786&vrn=100100225883172&prver=0&pronetvd=null&region=9&sub_region=9",
  "prver" : "0",
  "isUik" : true,
  "selected" : false,
  "load_on_demand" : false
}, {
  "id" : 4094006535787,
  "text" : "УИК №188",
  "href" : "region/izbirkom?action=show&root=92000007&tvd=4094006535787&vrn=100100225883172&prver=0&pronetvd=null&region=9&sub_region=9",
  "prver" : "0",
  "isUik" : true,
  "selected" : false,
  "load_on_demand" : false
}, {
  "id" : 4094006535788,
  "text" : "УИК №189",
  "href" : "region/izbirkom?action=show&root=92000007&tvd=4094006535788&vrn=100100225883172&prver=0&pronetvd=null&region=9&sub_region=9",
  "prver" : "0",
  "isUik" : true,
  "selected" : false,
  "load_on_demand" : false
}, {
  "id" : 4094006535789,
  "text" : "УИК №190",
  "href" : "region/izbirkom?action=show&root=92000007&tvd=4094006535789&vrn=100100225883172&prver=0&pronetvd=null&region=9&sub_region=9",
  "prver" : "0",
  "isUik" : true,
  "selected" : false,
  "load_on_demand" : false
}, {
  "id" : 4094006535790,
  "text" : "УИК №191",
  "href" : "region/izbirkom?action=show&root=92000007&tvd=4094006535790&vrn=100100225883172&prver=0&pronetvd=null&region=9&sub_region=9",
  "prver" : "0",
  "isUik" : true,
  "selected" : false,
  "load_on_demand" : false
}, {
  "id" : 4094006535791,
  "text" : "УИК №192",
  "href" : "region/izbirkom?action=show&root=92000007&tvd=4094006535791&vrn=100100225883172&prver=0&pronetvd=null&region=9&sub_region=9",
  "prver" : "0",
  "isUik" : true,
  "selected" : false,
  "load_on_demand" : false
}, {
  "id" : 4094006535792,
  "text" : "УИК №193",
  "href" : "region/izbirkom?action=show&root=92000007&tvd=4094006535792&vrn=100100225883172&prver=0&pronetvd=null&region=9&sub_region=9",
  "prver" : "0",
  "isUik" : true,
  "selected" : false,
  "load_on_demand" : false
}, {
  "id" : 4094006535793,
  "text" : "УИК №194",
  "href" : "region/izbirkom?action=show&root=92000007&tvd=4094006535793&vrn=100100225883172&prver=0&pronetvd=null&region=9&sub_region=9",
  "prver" : "0",
  "isUik" : true,
  "selected" : false,
  "load_on_demand" : false
} ]