[ {
  "id" : 4104005171876,
  "text" : "УИК №551",
  "href" : "region/izbirkom?action=show&root=102000019&tvd=4104005171876&vrn=100100225883172&prver=0&pronetvd=null&region=10&sub_region=10",
  "prver" : "0",
  "isUik" : true,
  "selected" : false,
  "load_on_demand" : false
}, {
  "id" : 4104005171877,
  "text" : "УИК №552",
  "href" : "region/izbirkom?action=show&root=102000019&tvd=4104005171877&vrn=100100225883172&prver=0&pronetvd=null&region=10&sub_region=10",
  "prver" : "0",
  "isUik" : true,
  "selected" : false,
  "load_on_demand" : false
}, {
  "id" : 4104005171878,
  "text" : "УИК №553",
  "href" : "region/izbirkom?action=show&root=102000019&tvd=4104005171878&vrn=100100225883172&prver=0&pronetvd=null&region=10&sub_region=10",
  "prver" : "0",
  "isUik" : true,
  "selected" : false,
  "load_on_demand" : false
}, {
  "id" : 4104005171879,
  "text" : "УИК №554",
  "href" : "region/izbirkom?action=show&root=102000019&tvd=4104005171879&vrn=100100225883172&prver=0&pronetvd=null&region=10&sub_region=10",
  "prver" : "0",
  "isUik" : true,
  "selected" : false,
  "load_on_demand" : false
}, {
  "id" : 4104005171880,
  "text" : "УИК №555",
  "href" : "region/izbirkom?action=show&root=102000019&tvd=4104005171880&vrn=100100225883172&prver=0&pronetvd=null&region=10&sub_region=10",
  "prver" : "0",
  "isUik" : true,
  "selected" : false,
  "load_on_demand" : false
}, {
  "id" : 4104005171881,
  "text" : "УИК №556",
  "href" : "region/izbirkom?action=show&root=102000019&tvd=4104005171881&vrn=100100225883172&prver=0&pronetvd=null&region=10&sub_region=10",
  "prver" : "0",
  "isUik" : true,
  "selected" : false,
  "load_on_demand" : false
}, {
  "id" : 4104005171882,
  "text" : "УИК №557",
  "href" : "region/izbirkom?action=show&root=102000019&tvd=4104005171882&vrn=100100225883172&prver=0&pronetvd=null&region=10&sub_region=10",
  "prver" : "0",
  "isUik" : true,
  "selected" : false,
  "load_on_demand" : false
}, {
  "id" : 4104005171883,
  "text" : "УИК №558",
  "href" : "region/izbirkom?action=show&root=102000019&tvd=4104005171883&vrn=100100225883172&prver=0&pronetvd=null&region=10&sub_region=10",
  "prver" : "0",
  "isUik" : true,
  "selected" : false,
  "load_on_demand" : false
}, {
  "id" : 4104005171884,
  "text" : "УИК №559",
  "href" : "region/izbirkom?action=show&root=102000019&tvd=4104005171884&vrn=100100225883172&prver=0&pronetvd=null&region=10&sub_region=10",
  "prver" : "0",
  "isUik" : true,
  "selected" : false,
  "load_on_demand" : false
}, {
  "id" : 4104005171885,
  "text" : "УИК №560",
  "href" : "region/izbirkom?action=show&root=102000019&tvd=4104005171885&vrn=100100225883172&prver=0&pronetvd=null&region=10&sub_region=10",
  "prver" : "0",
  "isUik" : true,
  "selected" : false,
  "load_on_demand" : false
}, {
  "id" : 4104005171886,
  "text" : "УИК №561",
  "href" : "region/izbirkom?action=show&root=102000019&tvd=4104005171886&vrn=100100225883172&prver=0&pronetvd=null&region=10&sub_region=10",
  "prver" : "0",
  "isUik" : true,
  "selected" : false,
  "load_on_demand" : false
}, {
  "id" : 4104005171887,
  "text" : "УИК №562",
  "href" : "region/izbirkom?action=show&root=102000019&tvd=4104005171887&vrn=100100225883172&prver=0&pronetvd=null&region=10&sub_region=10",
  "prver" : "0",
  "isUik" : true,
  "selected" : false,
  "load_on_demand" : false
} ]