[ {
  "id" : 4104014255678,
  "text" : "УИК №396",
  "href" : "region/izbirkom?action=show&root=102000005&tvd=4104014255678&vrn=100100225883172&prver=0&pronetvd=null&region=10&sub_region=10",
  "prver" : "0",
  "isUik" : true,
  "selected" : false,
  "load_on_demand" : false
}, {
  "id" : 4104014255679,
  "text" : "УИК №397",
  "href" : "region/izbirkom?action=show&root=102000005&tvd=4104014255679&vrn=100100225883172&prver=0&pronetvd=null&region=10&sub_region=10",
  "prver" : "0",
  "isUik" : true,
  "selected" : false,
  "load_on_demand" : false
}, {
  "id" : 4104014255680,
  "text" : "УИК №399",
  "href" : "region/izbirkom?action=show&root=102000005&tvd=4104014255680&vrn=100100225883172&prver=0&pronetvd=null&region=10&sub_region=10",
  "prver" : "0",
  "isUik" : true,
  "selected" : false,
  "load_on_demand" : false
}, {
  "id" : 4104014255681,
  "text" : "УИК №400",
  "href" : "region/izbirkom?action=show&root=102000005&tvd=4104014255681&vrn=100100225883172&prver=0&pronetvd=null&region=10&sub_region=10",
  "prver" : "0",
  "isUik" : true,
  "selected" : false,
  "load_on_demand" : false
}, {
  "id" : 4104014255682,
  "text" : "УИК №401",
  "href" : "region/izbirkom?action=show&root=102000005&tvd=4104014255682&vrn=100100225883172&prver=0&pronetvd=null&region=10&sub_region=10",
  "prver" : "0",
  "isUik" : true,
  "selected" : false,
  "load_on_demand" : false
}, {
  "id" : 4104014255683,
  "text" : "УИК №402",
  "href" : "region/izbirkom?action=show&root=102000005&tvd=4104014255683&vrn=100100225883172&prver=0&pronetvd=null&region=10&sub_region=10",
  "prver" : "0",
  "isUik" : true,
  "selected" : false,
  "load_on_demand" : false
}, {
  "id" : 4104014255684,
  "text" : "УИК №403",
  "href" : "region/izbirkom?action=show&root=102000005&tvd=4104014255684&vrn=100100225883172&prver=0&pronetvd=null&region=10&sub_region=10",
  "prver" : "0",
  "isUik" : true,
  "selected" : false,
  "load_on_demand" : false
}, {
  "id" : 4104014255685,
  "text" : "УИК №404",
  "href" : "region/izbirkom?action=show&root=102000005&tvd=4104014255685&vrn=100100225883172&prver=0&pronetvd=null&region=10&sub_region=10",
  "prver" : "0",
  "isUik" : true,
  "selected" : false,
  "load_on_demand" : false
}, {
  "id" : 4104014255686,
  "text" : "УИК №405",
  "href" : "region/izbirkom?action=show&root=102000005&tvd=4104014255686&vrn=100100225883172&prver=0&pronetvd=null&region=10&sub_region=10",
  "prver" : "0",
  "isUik" : true,
  "selected" : false,
  "load_on_demand" : false
}, {
  "id" : 4104014255687,
  "text" : "УИК №406",
  "href" : "region/izbirkom?action=show&root=102000005&tvd=4104014255687&vrn=100100225883172&prver=0&pronetvd=null&region=10&sub_region=10",
  "prver" : "0",
  "isUik" : true,
  "selected" : false,
  "load_on_demand" : false
}, {
  "id" : 4104014255688,
  "text" : "УИК №407",
  "href" : "region/izbirkom?action=show&root=102000005&tvd=4104014255688&vrn=100100225883172&prver=0&pronetvd=null&region=10&sub_region=10",
  "prver" : "0",
  "isUik" : true,
  "selected" : false,
  "load_on_demand" : false
}, {
  "id" : 4104014255689,
  "text" : "УИК №408",
  "href" : "region/izbirkom?action=show&root=102000005&tvd=4104014255689&vrn=100100225883172&prver=0&pronetvd=null&region=10&sub_region=10",
  "prver" : "0",
  "isUik" : true,
  "selected" : false,
  "load_on_demand" : false
}, {
  "id" : 4104014255690,
  "text" : "УИК №409",
  "href" : "region/izbirkom?action=show&root=102000005&tvd=4104014255690&vrn=100100225883172&prver=0&pronetvd=null&region=10&sub_region=10",
  "prver" : "0",
  "isUik" : true,
  "selected" : false,
  "load_on_demand" : false
}, {
  "id" : 4104014255691,
  "text" : "УИК №410",
  "href" : "region/izbirkom?action=show&root=102000005&tvd=4104014255691&vrn=100100225883172&prver=0&pronetvd=null&region=10&sub_region=10",
  "prver" : "0",
  "isUik" : true,
  "selected" : false,
  "load_on_demand" : false
}, {
  "id" : 4104014255692,
  "text" : "УИК №411",
  "href" : "region/izbirkom?action=show&root=102000005&tvd=4104014255692&vrn=100100225883172&prver=0&pronetvd=null&region=10&sub_region=10",
  "prver" : "0",
  "isUik" : true,
  "selected" : false,
  "load_on_demand" : false
}, {
  "id" : 4104014255693,
  "text" : "УИК №412",
  "href" : "region/izbirkom?action=show&root=102000005&tvd=4104014255693&vrn=100100225883172&prver=0&pronetvd=null&region=10&sub_region=10",
  "prver" : "0",
  "isUik" : true,
  "selected" : false,
  "load_on_demand" : false
}, {
  "id" : 4104014255694,
  "text" : "УИК №413",
  "href" : "region/izbirkom?action=show&root=102000005&tvd=4104014255694&vrn=100100225883172&prver=0&pronetvd=null&region=10&sub_region=10",
  "prver" : "0",
  "isUik" : true,
  "selected" : false,
  "load_on_demand" : false
}, {
  "id" : 4104014255695,
  "text" : "УИК №414",
  "href" : "region/izbirkom?action=show&root=102000005&tvd=4104014255695&vrn=100100225883172&prver=0&pronetvd=null&region=10&sub_region=10",
  "prver" : "0",
  "isUik" : true,
  "selected" : false,
  "load_on_demand" : false
}, {
  "id" : 4104014255696,
  "text" : "УИК №415",
  "href" : "region/izbirkom?action=show&root=102000005&tvd=4104014255696&vrn=100100225883172&prver=0&pronetvd=null&region=10&sub_region=10",
  "prver" : "0",
  "isUik" : true,
  "selected" : false,
  "load_on_demand" : false
}, {
  "id" : 4104014255697,
  "text" : "УИК №416",
  "href" : "region/izbirkom?action=show&root=102000005&tvd=4104014255697&vrn=100100225883172&prver=0&pronetvd=null&region=10&sub_region=10",
  "prver" : "0",
  "isUik" : true,
  "selected" : false,
  "load_on_demand" : false
} ]