[ {
  "id" : 4104013390332,
  "text" : "УИК №371",
  "href" : "region/izbirkom?action=show&root=102000006&tvd=4104013390332&vrn=100100225883172&prver=0&pronetvd=null&region=10&sub_region=10",
  "prver" : "0",
  "isUik" : true,
  "selected" : false,
  "load_on_demand" : false
}, {
  "id" : 4104013390333,
  "text" : "УИК №373",
  "href" : "region/izbirkom?action=show&root=102000006&tvd=4104013390333&vrn=100100225883172&prver=0&pronetvd=null&region=10&sub_region=10",
  "prver" : "0",
  "isUik" : true,
  "selected" : false,
  "load_on_demand" : false
}, {
  "id" : 4104013390334,
  "text" : "УИК №374",
  "href" : "region/izbirkom?action=show&root=102000006&tvd=4104013390334&vrn=100100225883172&prver=0&pronetvd=null&region=10&sub_region=10",
  "prver" : "0",
  "isUik" : true,
  "selected" : false,
  "load_on_demand" : false
}, {
  "id" : 4104013390335,
  "text" : "УИК №375",
  "href" : "region/izbirkom?action=show&root=102000006&tvd=4104013390335&vrn=100100225883172&prver=0&pronetvd=null&region=10&sub_region=10",
  "prver" : "0",
  "isUik" : true,
  "selected" : false,
  "load_on_demand" : false
}, {
  "id" : 4104013390336,
  "text" : "УИК №376",
  "href" : "region/izbirkom?action=show&root=102000006&tvd=4104013390336&vrn=100100225883172&prver=0&pronetvd=null&region=10&sub_region=10",
  "prver" : "0",
  "isUik" : true,
  "selected" : false,
  "load_on_demand" : false
}, {
  "id" : 4104013390337,
  "text" : "УИК №377",
  "href" : "region/izbirkom?action=show&root=102000006&tvd=4104013390337&vrn=100100225883172&prver=0&pronetvd=null&region=10&sub_region=10",
  "prver" : "0",
  "isUik" : true,
  "selected" : false,
  "load_on_demand" : false
}, {
  "id" : 4104013390338,
  "text" : "УИК №378",
  "href" : "region/izbirkom?action=show&root=102000006&tvd=4104013390338&vrn=100100225883172&prver=0&pronetvd=null&region=10&sub_region=10",
  "prver" : "0",
  "isUik" : true,
  "selected" : false,
  "load_on_demand" : false
}, {
  "id" : 4104013390339,
  "text" : "УИК №379",
  "href" : "region/izbirkom?action=show&root=102000006&tvd=4104013390339&vrn=100100225883172&prver=0&pronetvd=null&region=10&sub_region=10",
  "prver" : "0",
  "isUik" : true,
  "selected" : false,
  "load_on_demand" : false
}, {
  "id" : 4104013390340,
  "text" : "УИК №380",
  "href" : "region/izbirkom?action=show&root=102000006&tvd=4104013390340&vrn=100100225883172&prver=0&pronetvd=null&region=10&sub_region=10",
  "prver" : "0",
  "isUik" : true,
  "selected" : false,
  "load_on_demand" : false
}, {
  "id" : 4104013390341,
  "text" : "УИК №381",
  "href" : "region/izbirkom?action=show&root=102000006&tvd=4104013390341&vrn=100100225883172&prver=0&pronetvd=null&region=10&sub_region=10",
  "prver" : "0",
  "isUik" : true,
  "selected" : false,
  "load_on_demand" : false
}, {
  "id" : 4104013390342,
  "text" : "УИК №382",
  "href" : "region/izbirkom?action=show&root=102000006&tvd=4104013390342&vrn=100100225883172&prver=0&pronetvd=null&region=10&sub_region=10",
  "prver" : "0",
  "isUik" : true,
  "selected" : false,
  "load_on_demand" : false
}, {
  "id" : 4104013390343,
  "text" : "УИК №383",
  "href" : "region/izbirkom?action=show&root=102000006&tvd=4104013390343&vrn=100100225883172&prver=0&pronetvd=null&region=10&sub_region=10",
  "prver" : "0",
  "isUik" : true,
  "selected" : false,
  "load_on_demand" : false
}, {
  "id" : 4104013390344,
  "text" : "УИК №384",
  "href" : "region/izbirkom?action=show&root=102000006&tvd=4104013390344&vrn=100100225883172&prver=0&pronetvd=null&region=10&sub_region=10",
  "prver" : "0",
  "isUik" : true,
  "selected" : false,
  "load_on_demand" : false
}, {
  "id" : 4104013390345,
  "text" : "УИК №385",
  "href" : "region/izbirkom?action=show&root=102000006&tvd=4104013390345&vrn=100100225883172&prver=0&pronetvd=null&region=10&sub_region=10",
  "prver" : "0",
  "isUik" : true,
  "selected" : false,
  "load_on_demand" : false
}, {
  "id" : 4104013390346,
  "text" : "УИК №386",
  "href" : "region/izbirkom?action=show&root=102000006&tvd=4104013390346&vrn=100100225883172&prver=0&pronetvd=null&region=10&sub_region=10",
  "prver" : "0",
  "isUik" : true,
  "selected" : false,
  "load_on_demand" : false
}, {
  "id" : 4104013390347,
  "text" : "УИК №387",
  "href" : "region/izbirkom?action=show&root=102000006&tvd=4104013390347&vrn=100100225883172&prver=0&pronetvd=null&region=10&sub_region=10",
  "prver" : "0",
  "isUik" : true,
  "selected" : false,
  "load_on_demand" : false
}, {
  "id" : 4104013390348,
  "text" : "УИК №388",
  "href" : "region/izbirkom?action=show&root=102000006&tvd=4104013390348&vrn=100100225883172&prver=0&pronetvd=null&region=10&sub_region=10",
  "prver" : "0",
  "isUik" : true,
  "selected" : false,
  "load_on_demand" : false
}, {
  "id" : 4104013390349,
  "text" : "УИК №389",
  "href" : "region/izbirkom?action=show&root=102000006&tvd=4104013390349&vrn=100100225883172&prver=0&pronetvd=null&region=10&sub_region=10",
  "prver" : "0",
  "isUik" : true,
  "selected" : false,
  "load_on_demand" : false
} ]