[ {
  "id" : 4104004335188,
  "text" : "УИК №516",
  "href" : "region/izbirkom?action=show&root=102000015&tvd=4104004335188&vrn=100100225883172&prver=0&pronetvd=null&region=10&sub_region=10",
  "prver" : "0",
  "isUik" : true,
  "selected" : false,
  "load_on_demand" : false
}, {
  "id" : 4104004335189,
  "text" : "УИК №517",
  "href" : "region/izbirkom?action=show&root=102000015&tvd=4104004335189&vrn=100100225883172&prver=0&pronetvd=null&region=10&sub_region=10",
  "prver" : "0",
  "isUik" : true,
  "selected" : false,
  "load_on_demand" : false
}, {
  "id" : 4104004335190,
  "text" : "УИК №518",
  "href" : "region/izbirkom?action=show&root=102000015&tvd=4104004335190&vrn=100100225883172&prver=0&pronetvd=null&region=10&sub_region=10",
  "prver" : "0",
  "isUik" : true,
  "selected" : false,
  "load_on_demand" : false
}, {
  "id" : 4104004335191,
  "text" : "УИК №519",
  "href" : "region/izbirkom?action=show&root=102000015&tvd=4104004335191&vrn=100100225883172&prver=0&pronetvd=null&region=10&sub_region=10",
  "prver" : "0",
  "isUik" : true,
  "selected" : false,
  "load_on_demand" : false
}, {
  "id" : 4104004335192,
  "text" : "УИК №520",
  "href" : "region/izbirkom?action=show&root=102000015&tvd=4104004335192&vrn=100100225883172&prver=0&pronetvd=null&region=10&sub_region=10",
  "prver" : "0",
  "isUik" : true,
  "selected" : false,
  "load_on_demand" : false
}, {
  "id" : 4104004335193,
  "text" : "УИК №521",
  "href" : "region/izbirkom?action=show&root=102000015&tvd=4104004335193&vrn=100100225883172&prver=0&pronetvd=null&region=10&sub_region=10",
  "prver" : "0",
  "isUik" : true,
  "selected" : false,
  "load_on_demand" : false
}, {
  "id" : 4104004335194,
  "text" : "УИК №522",
  "href" : "region/izbirkom?action=show&root=102000015&tvd=4104004335194&vrn=100100225883172&prver=0&pronetvd=null&region=10&sub_region=10",
  "prver" : "0",
  "isUik" : true,
  "selected" : false,
  "load_on_demand" : false
}, {
  "id" : 4104004335195,
  "text" : "УИК №523",
  "href" : "region/izbirkom?action=show&root=102000015&tvd=4104004335195&vrn=100100225883172&prver=0&pronetvd=null&region=10&sub_region=10",
  "prver" : "0",
  "isUik" : true,
  "selected" : false,
  "load_on_demand" : false
}, {
  "id" : 4104004335196,
  "text" : "УИК №524",
  "href" : "region/izbirkom?action=show&root=102000015&tvd=4104004335196&vrn=100100225883172&prver=0&pronetvd=null&region=10&sub_region=10",
  "prver" : "0",
  "isUik" : true,
  "selected" : false,
  "load_on_demand" : false
}, {
  "id" : 4104004335197,
  "text" : "УИК №525",
  "href" : "region/izbirkom?action=show&root=102000015&tvd=4104004335197&vrn=100100225883172&prver=0&pronetvd=null&region=10&sub_region=10",
  "prver" : "0",
  "isUik" : true,
  "selected" : false,
  "load_on_demand" : false
}, {
  "id" : 4104004335198,
  "text" : "УИК №526",
  "href" : "region/izbirkom?action=show&root=102000015&tvd=4104004335198&vrn=100100225883172&prver=0&pronetvd=null&region=10&sub_region=10",
  "prver" : "0",
  "isUik" : true,
  "selected" : false,
  "load_on_demand" : false
}, {
  "id" : 4104004335199,
  "text" : "УИК №527",
  "href" : "region/izbirkom?action=show&root=102000015&tvd=4104004335199&vrn=100100225883172&prver=0&pronetvd=null&region=10&sub_region=10",
  "prver" : "0",
  "isUik" : true,
  "selected" : false,
  "load_on_demand" : false
}, {
  "id" : 4104004335200,
  "text" : "УИК №528",
  "href" : "region/izbirkom?action=show&root=102000015&tvd=4104004335200&vrn=100100225883172&prver=0&pronetvd=null&region=10&sub_region=10",
  "prver" : "0",
  "isUik" : true,
  "selected" : false,
  "load_on_demand" : false
}, {
  "id" : 4104004335201,
  "text" : "УИК №529",
  "href" : "region/izbirkom?action=show&root=102000015&tvd=4104004335201&vrn=100100225883172&prver=0&pronetvd=null&region=10&sub_region=10",
  "prver" : "0",
  "isUik" : true,
  "selected" : false,
  "load_on_demand" : false
}, {
  "id" : 4104004335202,
  "text" : "УИК №530",
  "href" : "region/izbirkom?action=show&root=102000015&tvd=4104004335202&vrn=100100225883172&prver=0&pronetvd=null&region=10&sub_region=10",
  "prver" : "0",
  "isUik" : true,
  "selected" : false,
  "load_on_demand" : false
}, {
  "id" : 4104004335203,
  "text" : "УИК №531",
  "href" : "region/izbirkom?action=show&root=102000015&tvd=4104004335203&vrn=100100225883172&prver=0&pronetvd=null&region=10&sub_region=10",
  "prver" : "0",
  "isUik" : true,
  "selected" : false,
  "load_on_demand" : false
}, {
  "id" : 4104004335204,
  "text" : "УИК №532",
  "href" : "region/izbirkom?action=show&root=102000015&tvd=4104004335204&vrn=100100225883172&prver=0&pronetvd=null&region=10&sub_region=10",
  "prver" : "0",
  "isUik" : true,
  "selected" : false,
  "load_on_demand" : false
}, {
  "id" : 4104004335205,
  "text" : "УИК №533",
  "href" : "region/izbirkom?action=show&root=102000015&tvd=4104004335205&vrn=100100225883172&prver=0&pronetvd=null&region=10&sub_region=10",
  "prver" : "0",
  "isUik" : true,
  "selected" : false,
  "load_on_demand" : false
}, {
  "id" : 4104004335206,
  "text" : "УИК №534",
  "href" : "region/izbirkom?action=show&root=102000015&tvd=4104004335206&vrn=100100225883172&prver=0&pronetvd=null&region=10&sub_region=10",
  "prver" : "0",
  "isUik" : true,
  "selected" : false,
  "load_on_demand" : false
}, {
  "id" : 4104004335207,
  "text" : "УИК №535",
  "href" : "region/izbirkom?action=show&root=102000015&tvd=4104004335207&vrn=100100225883172&prver=0&pronetvd=null&region=10&sub_region=10",
  "prver" : "0",
  "isUik" : true,
  "selected" : false,
  "load_on_demand" : false
}, {
  "id" : 4104004335208,
  "text" : "УИК №536",
  "href" : "region/izbirkom?action=show&root=102000015&tvd=4104004335208&vrn=100100225883172&prver=0&pronetvd=null&region=10&sub_region=10",
  "prver" : "0",
  "isUik" : true,
  "selected" : false,
  "load_on_demand" : false
}, {
  "id" : 4104004335209,
  "text" : "УИК №537",
  "href" : "region/izbirkom?action=show&root=102000015&tvd=4104004335209&vrn=100100225883172&prver=0&pronetvd=null&region=10&sub_region=10",
  "prver" : "0",
  "isUik" : true,
  "selected" : false,
  "load_on_demand" : false
}, {
  "id" : 4104004335210,
  "text" : "УИК №538",
  "href" : "region/izbirkom?action=show&root=102000015&tvd=4104004335210&vrn=100100225883172&prver=0&pronetvd=null&region=10&sub_region=10",
  "prver" : "0",
  "isUik" : true,
  "selected" : false,
  "load_on_demand" : false
}, {
  "id" : 4104004335211,
  "text" : "УИК №539",
  "href" : "region/izbirkom?action=show&root=102000015&tvd=4104004335211&vrn=100100225883172&prver=0&pronetvd=null&region=10&sub_region=10",
  "prver" : "0",
  "isUik" : true,
  "selected" : false,
  "load_on_demand" : false
}, {
  "id" : 4104004335212,
  "text" : "УИК №540",
  "href" : "region/izbirkom?action=show&root=102000015&tvd=4104004335212&vrn=100100225883172&prver=0&pronetvd=null&region=10&sub_region=10",
  "prver" : "0",
  "isUik" : true,
  "selected" : false,
  "load_on_demand" : false
}, {
  "id" : 4104004335213,
  "text" : "УИК №541",
  "href" : "region/izbirkom?action=show&root=102000015&tvd=4104004335213&vrn=100100225883172&prver=0&pronetvd=null&region=10&sub_region=10",
  "prver" : "0",
  "isUik" : true,
  "selected" : false,
  "load_on_demand" : false
}, {
  "id" : 4104004335214,
  "text" : "УИК №542",
  "href" : "region/izbirkom?action=show&root=102000015&tvd=4104004335214&vrn=100100225883172&prver=0&pronetvd=null&region=10&sub_region=10",
  "prver" : "0",
  "isUik" : true,
  "selected" : false,
  "load_on_demand" : false
}, {
  "id" : 4104004335215,
  "text" : "УИК №543",
  "href" : "region/izbirkom?action=show&root=102000015&tvd=4104004335215&vrn=100100225883172&prver=0&pronetvd=null&region=10&sub_region=10",
  "prver" : "0",
  "isUik" : true,
  "selected" : false,
  "load_on_demand" : false
}, {
  "id" : 4104004335216,
  "text" : "УИК №544",
  "href" : "region/izbirkom?action=show&root=102000015&tvd=4104004335216&vrn=100100225883172&prver=0&pronetvd=null&region=10&sub_region=10",
  "prver" : "0",
  "isUik" : true,
  "selected" : false,
  "load_on_demand" : false
}, {
  "id" : 4104004335217,
  "text" : "УИК №545",
  "href" : "region/izbirkom?action=show&root=102000015&tvd=4104004335217&vrn=100100225883172&prver=0&pronetvd=null&region=10&sub_region=10",
  "prver" : "0",
  "isUik" : true,
  "selected" : false,
  "load_on_demand" : false
} ]