[ {
  "id" : 4104006272274,
  "text" : "УИК №241",
  "href" : "region/izbirkom?action=show&root=102000014&tvd=4104006272274&vrn=100100225883172&prver=0&pronetvd=null&region=10&sub_region=10",
  "prver" : "0",
  "isUik" : true,
  "selected" : false,
  "load_on_demand" : false
}, {
  "id" : 4104006272275,
  "text" : "УИК №242",
  "href" : "region/izbirkom?action=show&root=102000014&tvd=4104006272275&vrn=100100225883172&prver=0&pronetvd=null&region=10&sub_region=10",
  "prver" : "0",
  "isUik" : true,
  "selected" : false,
  "load_on_demand" : false
}, {
  "id" : 4104006272276,
  "text" : "УИК №243",
  "href" : "region/izbirkom?action=show&root=102000014&tvd=4104006272276&vrn=100100225883172&prver=0&pronetvd=null&region=10&sub_region=10",
  "prver" : "0",
  "isUik" : true,
  "selected" : false,
  "load_on_demand" : false
}, {
  "id" : 4104006272277,
  "text" : "УИК №244",
  "href" : "region/izbirkom?action=show&root=102000014&tvd=4104006272277&vrn=100100225883172&prver=0&pronetvd=null&region=10&sub_region=10",
  "prver" : "0",
  "isUik" : true,
  "selected" : false,
  "load_on_demand" : false
}, {
  "id" : 4104006272278,
  "text" : "УИК №245",
  "href" : "region/izbirkom?action=show&root=102000014&tvd=4104006272278&vrn=100100225883172&prver=0&pronetvd=null&region=10&sub_region=10",
  "prver" : "0",
  "isUik" : true,
  "selected" : false,
  "load_on_demand" : false
}, {
  "id" : 4104006272279,
  "text" : "УИК №246",
  "href" : "region/izbirkom?action=show&root=102000014&tvd=4104006272279&vrn=100100225883172&prver=0&pronetvd=null&region=10&sub_region=10",
  "prver" : "0",
  "isUik" : true,
  "selected" : false,
  "load_on_demand" : false
}, {
  "id" : 4104006272280,
  "text" : "УИК №247",
  "href" : "region/izbirkom?action=show&root=102000014&tvd=4104006272280&vrn=100100225883172&prver=0&pronetvd=null&region=10&sub_region=10",
  "prver" : "0",
  "isUik" : true,
  "selected" : false,
  "load_on_demand" : false
}, {
  "id" : 4104006272281,
  "text" : "УИК №248",
  "href" : "region/izbirkom?action=show&root=102000014&tvd=4104006272281&vrn=100100225883172&prver=0&pronetvd=null&region=10&sub_region=10",
  "prver" : "0",
  "isUik" : true,
  "selected" : false,
  "load_on_demand" : false
}, {
  "id" : 4104006272282,
  "text" : "УИК №249",
  "href" : "region/izbirkom?action=show&root=102000014&tvd=4104006272282&vrn=100100225883172&prver=0&pronetvd=null&region=10&sub_region=10",
  "prver" : "0",
  "isUik" : true,
  "selected" : false,
  "load_on_demand" : false
}, {
  "id" : 4104006272283,
  "text" : "УИК №250",
  "href" : "region/izbirkom?action=show&root=102000014&tvd=4104006272283&vrn=100100225883172&prver=0&pronetvd=null&region=10&sub_region=10",
  "prver" : "0",
  "isUik" : true,
  "selected" : false,
  "load_on_demand" : false
}, {
  "id" : 4104006272284,
  "text" : "УИК №251",
  "href" : "region/izbirkom?action=show&root=102000014&tvd=4104006272284&vrn=100100225883172&prver=0&pronetvd=null&region=10&sub_region=10",
  "prver" : "0",
  "isUik" : true,
  "selected" : false,
  "load_on_demand" : false
}, {
  "id" : 4104006272285,
  "text" : "УИК №252",
  "href" : "region/izbirkom?action=show&root=102000014&tvd=4104006272285&vrn=100100225883172&prver=0&pronetvd=null&region=10&sub_region=10",
  "prver" : "0",
  "isUik" : true,
  "selected" : false,
  "load_on_demand" : false
}, {
  "id" : 4104006272286,
  "text" : "УИК №253",
  "href" : "region/izbirkom?action=show&root=102000014&tvd=4104006272286&vrn=100100225883172&prver=0&pronetvd=null&region=10&sub_region=10",
  "prver" : "0",
  "isUik" : true,
  "selected" : false,
  "load_on_demand" : false
}, {
  "id" : 4104006272287,
  "text" : "УИК №254",
  "href" : "region/izbirkom?action=show&root=102000014&tvd=4104006272287&vrn=100100225883172&prver=0&pronetvd=null&region=10&sub_region=10",
  "prver" : "0",
  "isUik" : true,
  "selected" : false,
  "load_on_demand" : false
}, {
  "id" : 4104006272288,
  "text" : "УИК №255",
  "href" : "region/izbirkom?action=show&root=102000014&tvd=4104006272288&vrn=100100225883172&prver=0&pronetvd=null&region=10&sub_region=10",
  "prver" : "0",
  "isUik" : true,
  "selected" : false,
  "load_on_demand" : false
}, {
  "id" : 4104006272289,
  "text" : "УИК №256",
  "href" : "region/izbirkom?action=show&root=102000014&tvd=4104006272289&vrn=100100225883172&prver=0&pronetvd=null&region=10&sub_region=10",
  "prver" : "0",
  "isUik" : true,
  "selected" : false,
  "load_on_demand" : false
}, {
  "id" : 4104006272290,
  "text" : "УИК №257",
  "href" : "region/izbirkom?action=show&root=102000014&tvd=4104006272290&vrn=100100225883172&prver=0&pronetvd=null&region=10&sub_region=10",
  "prver" : "0",
  "isUik" : true,
  "selected" : false,
  "load_on_demand" : false
}, {
  "id" : 4104006272291,
  "text" : "УИК №259",
  "href" : "region/izbirkom?action=show&root=102000014&tvd=4104006272291&vrn=100100225883172&prver=0&pronetvd=null&region=10&sub_region=10",
  "prver" : "0",
  "isUik" : true,
  "selected" : false,
  "load_on_demand" : false
}, {
  "id" : 4104006272292,
  "text" : "УИК №260",
  "href" : "region/izbirkom?action=show&root=102000014&tvd=4104006272292&vrn=100100225883172&prver=0&pronetvd=null&region=10&sub_region=10",
  "prver" : "0",
  "isUik" : true,
  "selected" : false,
  "load_on_demand" : false
}, {
  "id" : 4104006272293,
  "text" : "УИК №261",
  "href" : "region/izbirkom?action=show&root=102000014&tvd=4104006272293&vrn=100100225883172&prver=0&pronetvd=null&region=10&sub_region=10",
  "prver" : "0",
  "isUik" : true,
  "selected" : false,
  "load_on_demand" : false
}, {
  "id" : 4104006272294,
  "text" : "УИК №262",
  "href" : "region/izbirkom?action=show&root=102000014&tvd=4104006272294&vrn=100100225883172&prver=0&pronetvd=null&region=10&sub_region=10",
  "prver" : "0",
  "isUik" : true,
  "selected" : false,
  "load_on_demand" : false
}, {
  "id" : 4104006272295,
  "text" : "УИК №263",
  "href" : "region/izbirkom?action=show&root=102000014&tvd=4104006272295&vrn=100100225883172&prver=0&pronetvd=null&region=10&sub_region=10",
  "prver" : "0",
  "isUik" : true,
  "selected" : false,
  "load_on_demand" : false
}, {
  "id" : 4104006272296,
  "text" : "УИК №264",
  "href" : "region/izbirkom?action=show&root=102000014&tvd=4104006272296&vrn=100100225883172&prver=0&pronetvd=null&region=10&sub_region=10",
  "prver" : "0",
  "isUik" : true,
  "selected" : false,
  "load_on_demand" : false
} ]