[ {
  "id" : 4104008328200,
  "text" : "УИК №292",
  "href" : "region/izbirkom?action=show&root=102000012&tvd=4104008328200&vrn=100100225883172&prver=0&pronetvd=null&region=10&sub_region=10",
  "prver" : "0",
  "isUik" : true,
  "selected" : false,
  "load_on_demand" : false
}, {
  "id" : 4104008328201,
  "text" : "УИК №293",
  "href" : "region/izbirkom?action=show&root=102000012&tvd=4104008328201&vrn=100100225883172&prver=0&pronetvd=null&region=10&sub_region=10",
  "prver" : "0",
  "isUik" : true,
  "selected" : false,
  "load_on_demand" : false
}, {
  "id" : 4104008328202,
  "text" : "УИК №294",
  "href" : "region/izbirkom?action=show&root=102000012&tvd=4104008328202&vrn=100100225883172&prver=0&pronetvd=null&region=10&sub_region=10",
  "prver" : "0",
  "isUik" : true,
  "selected" : false,
  "load_on_demand" : false
}, {
  "id" : 4104008328203,
  "text" : "УИК №295",
  "href" : "region/izbirkom?action=show&root=102000012&tvd=4104008328203&vrn=100100225883172&prver=0&pronetvd=null&region=10&sub_region=10",
  "prver" : "0",
  "isUik" : true,
  "selected" : false,
  "load_on_demand" : false
}, {
  "id" : 4104008328204,
  "text" : "УИК №296",
  "href" : "region/izbirkom?action=show&root=102000012&tvd=4104008328204&vrn=100100225883172&prver=0&pronetvd=null&region=10&sub_region=10",
  "prver" : "0",
  "isUik" : true,
  "selected" : false,
  "load_on_demand" : false
}, {
  "id" : 4104008328205,
  "text" : "УИК №297",
  "href" : "region/izbirkom?action=show&root=102000012&tvd=4104008328205&vrn=100100225883172&prver=0&pronetvd=null&region=10&sub_region=10",
  "prver" : "0",
  "isUik" : true,
  "selected" : false,
  "load_on_demand" : false
}, {
  "id" : 4104008328206,
  "text" : "УИК №298",
  "href" : "region/izbirkom?action=show&root=102000012&tvd=4104008328206&vrn=100100225883172&prver=0&pronetvd=null&region=10&sub_region=10",
  "prver" : "0",
  "isUik" : true,
  "selected" : false,
  "load_on_demand" : false
}, {
  "id" : 4104008328207,
  "text" : "УИК №299",
  "href" : "region/izbirkom?action=show&root=102000012&tvd=4104008328207&vrn=100100225883172&prver=0&pronetvd=null&region=10&sub_region=10",
  "prver" : "0",
  "isUik" : true,
  "selected" : false,
  "load_on_demand" : false
}, {
  "id" : 4104008328208,
  "text" : "УИК №300",
  "href" : "region/izbirkom?action=show&root=102000012&tvd=4104008328208&vrn=100100225883172&prver=0&pronetvd=null&region=10&sub_region=10",
  "prver" : "0",
  "isUik" : true,
  "selected" : false,
  "load_on_demand" : false
}, {
  "id" : 4104008328209,
  "text" : "УИК №301",
  "href" : "region/izbirkom?action=show&root=102000012&tvd=4104008328209&vrn=100100225883172&prver=0&pronetvd=null&region=10&sub_region=10",
  "prver" : "0",
  "isUik" : true,
  "selected" : false,
  "load_on_demand" : false
}, {
  "id" : 4104008328210,
  "text" : "УИК №302",
  "href" : "region/izbirkom?action=show&root=102000012&tvd=4104008328210&vrn=100100225883172&prver=0&pronetvd=null&region=10&sub_region=10",
  "prver" : "0",
  "isUik" : true,
  "selected" : false,
  "load_on_demand" : false
}, {
  "id" : 4104008328211,
  "text" : "УИК №303",
  "href" : "region/izbirkom?action=show&root=102000012&tvd=4104008328211&vrn=100100225883172&prver=0&pronetvd=null&region=10&sub_region=10",
  "prver" : "0",
  "isUik" : true,
  "selected" : false,
  "load_on_demand" : false
}, {
  "id" : 4104008328212,
  "text" : "УИК №304",
  "href" : "region/izbirkom?action=show&root=102000012&tvd=4104008328212&vrn=100100225883172&prver=0&pronetvd=null&region=10&sub_region=10",
  "prver" : "0",
  "isUik" : true,
  "selected" : false,
  "load_on_demand" : false
}, {
  "id" : 4104008328213,
  "text" : "УИК №305",
  "href" : "region/izbirkom?action=show&root=102000012&tvd=4104008328213&vrn=100100225883172&prver=0&pronetvd=null&region=10&sub_region=10",
  "prver" : "0",
  "isUik" : true,
  "selected" : false,
  "load_on_demand" : false
}, {
  "id" : 4104008328214,
  "text" : "УИК №306",
  "href" : "region/izbirkom?action=show&root=102000012&tvd=4104008328214&vrn=100100225883172&prver=0&pronetvd=null&region=10&sub_region=10",
  "prver" : "0",
  "isUik" : true,
  "selected" : false,
  "load_on_demand" : false
}, {
  "id" : 4104008328215,
  "text" : "УИК №307",
  "href" : "region/izbirkom?action=show&root=102000012&tvd=4104008328215&vrn=100100225883172&prver=0&pronetvd=null&region=10&sub_region=10",
  "prver" : "0",
  "isUik" : true,
  "selected" : false,
  "load_on_demand" : false
}, {
  "id" : 4104008328216,
  "text" : "УИК №308",
  "href" : "region/izbirkom?action=show&root=102000012&tvd=4104008328216&vrn=100100225883172&prver=0&pronetvd=null&region=10&sub_region=10",
  "prver" : "0",
  "isUik" : true,
  "selected" : false,
  "load_on_demand" : false
}, {
  "id" : 4104008328217,
  "text" : "УИК №309",
  "href" : "region/izbirkom?action=show&root=102000012&tvd=4104008328217&vrn=100100225883172&prver=0&pronetvd=null&region=10&sub_region=10",
  "prver" : "0",
  "isUik" : true,
  "selected" : false,
  "load_on_demand" : false
}, {
  "id" : 4104008328218,
  "text" : "УИК №310",
  "href" : "region/izbirkom?action=show&root=102000012&tvd=4104008328218&vrn=100100225883172&prver=0&pronetvd=null&region=10&sub_region=10",
  "prver" : "0",
  "isUik" : true,
  "selected" : false,
  "load_on_demand" : false
}, {
  "id" : 4104008328219,
  "text" : "УИК №311",
  "href" : "region/izbirkom?action=show&root=102000012&tvd=4104008328219&vrn=100100225883172&prver=0&pronetvd=null&region=10&sub_region=10",
  "prver" : "0",
  "isUik" : true,
  "selected" : false,
  "load_on_demand" : false
}, {
  "id" : 4104008328220,
  "text" : "УИК №312",
  "href" : "region/izbirkom?action=show&root=102000012&tvd=4104008328220&vrn=100100225883172&prver=0&pronetvd=null&region=10&sub_region=10",
  "prver" : "0",
  "isUik" : true,
  "selected" : false,
  "load_on_demand" : false
}, {
  "id" : 4104008328221,
  "text" : "УИК №313",
  "href" : "region/izbirkom?action=show&root=102000012&tvd=4104008328221&vrn=100100225883172&prver=0&pronetvd=null&region=10&sub_region=10",
  "prver" : "0",
  "isUik" : true,
  "selected" : false,
  "load_on_demand" : false
}, {
  "id" : 4104008328222,
  "text" : "УИК №314",
  "href" : "region/izbirkom?action=show&root=102000012&tvd=4104008328222&vrn=100100225883172&prver=0&pronetvd=null&region=10&sub_region=10",
  "prver" : "0",
  "isUik" : true,
  "selected" : false,
  "load_on_demand" : false
}, {
  "id" : 4104008328223,
  "text" : "УИК №315",
  "href" : "region/izbirkom?action=show&root=102000012&tvd=4104008328223&vrn=100100225883172&prver=0&pronetvd=null&region=10&sub_region=10",
  "prver" : "0",
  "isUik" : true,
  "selected" : false,
  "load_on_demand" : false
}, {
  "id" : 4104008328224,
  "text" : "УИК №316",
  "href" : "region/izbirkom?action=show&root=102000012&tvd=4104008328224&vrn=100100225883172&prver=0&pronetvd=null&region=10&sub_region=10",
  "prver" : "0",
  "isUik" : true,
  "selected" : false,
  "load_on_demand" : false
}, {
  "id" : 4104008328225,
  "text" : "УИК №317",
  "href" : "region/izbirkom?action=show&root=102000012&tvd=4104008328225&vrn=100100225883172&prver=0&pronetvd=null&region=10&sub_region=10",
  "prver" : "0",
  "isUik" : true,
  "selected" : false,
  "load_on_demand" : false
}, {
  "id" : 4104008328226,
  "text" : "УИК №318",
  "href" : "region/izbirkom?action=show&root=102000012&tvd=4104008328226&vrn=100100225883172&prver=0&pronetvd=null&region=10&sub_region=10",
  "prver" : "0",
  "isUik" : true,
  "selected" : false,
  "load_on_demand" : false
}, {
  "id" : 4104008333154,
  "text" : "УИК №319",
  "href" : "region/izbirkom?action=show&root=102000012&tvd=4104008333154&vrn=100100225883172&prver=0&pronetvd=null&region=10&sub_region=10",
  "prver" : "0",
  "isUik" : true,
  "selected" : false,
  "load_on_demand" : false
} ]