[ {
  "id" : 4104007290418,
  "text" : "УИК №271",
  "href" : "region/izbirkom?action=show&root=102000013&tvd=4104007290418&vrn=100100225883172&prver=0&pronetvd=null&region=10&sub_region=10",
  "prver" : "0",
  "isUik" : true,
  "selected" : false,
  "load_on_demand" : false
}, {
  "id" : 4104007290419,
  "text" : "УИК №272",
  "href" : "region/izbirkom?action=show&root=102000013&tvd=4104007290419&vrn=100100225883172&prver=0&pronetvd=null&region=10&sub_region=10",
  "prver" : "0",
  "isUik" : true,
  "selected" : false,
  "load_on_demand" : false
}, {
  "id" : 4104007290420,
  "text" : "УИК №273",
  "href" : "region/izbirkom?action=show&root=102000013&tvd=4104007290420&vrn=100100225883172&prver=0&pronetvd=null&region=10&sub_region=10",
  "prver" : "0",
  "isUik" : true,
  "selected" : false,
  "load_on_demand" : false
}, {
  "id" : 4104007290421,
  "text" : "УИК №274",
  "href" : "region/izbirkom?action=show&root=102000013&tvd=4104007290421&vrn=100100225883172&prver=0&pronetvd=null&region=10&sub_region=10",
  "prver" : "0",
  "isUik" : true,
  "selected" : false,
  "load_on_demand" : false
}, {
  "id" : 4104007290422,
  "text" : "УИК №275",
  "href" : "region/izbirkom?action=show&root=102000013&tvd=4104007290422&vrn=100100225883172&prver=0&pronetvd=null&region=10&sub_region=10",
  "prver" : "0",
  "isUik" : true,
  "selected" : false,
  "load_on_demand" : false
}, {
  "id" : 4104007290423,
  "text" : "УИК №276",
  "href" : "region/izbirkom?action=show&root=102000013&tvd=4104007290423&vrn=100100225883172&prver=0&pronetvd=null&region=10&sub_region=10",
  "prver" : "0",
  "isUik" : true,
  "selected" : false,
  "load_on_demand" : false
}, {
  "id" : 4104007290424,
  "text" : "УИК №277",
  "href" : "region/izbirkom?action=show&root=102000013&tvd=4104007290424&vrn=100100225883172&prver=0&pronetvd=null&region=10&sub_region=10",
  "prver" : "0",
  "isUik" : true,
  "selected" : false,
  "load_on_demand" : false
}, {
  "id" : 4104007290425,
  "text" : "УИК №278",
  "href" : "region/izbirkom?action=show&root=102000013&tvd=4104007290425&vrn=100100225883172&prver=0&pronetvd=null&region=10&sub_region=10",
  "prver" : "0",
  "isUik" : true,
  "selected" : false,
  "load_on_demand" : false
}, {
  "id" : 4104007290426,
  "text" : "УИК №279",
  "href" : "region/izbirkom?action=show&root=102000013&tvd=4104007290426&vrn=100100225883172&prver=0&pronetvd=null&region=10&sub_region=10",
  "prver" : "0",
  "isUik" : true,
  "selected" : false,
  "load_on_demand" : false
}, {
  "id" : 4104007290427,
  "text" : "УИК №280",
  "href" : "region/izbirkom?action=show&root=102000013&tvd=4104007290427&vrn=100100225883172&prver=0&pronetvd=null&region=10&sub_region=10",
  "prver" : "0",
  "isUik" : true,
  "selected" : false,
  "load_on_demand" : false
}, {
  "id" : 4104007290428,
  "text" : "УИК №281",
  "href" : "region/izbirkom?action=show&root=102000013&tvd=4104007290428&vrn=100100225883172&prver=0&pronetvd=null&region=10&sub_region=10",
  "prver" : "0",
  "isUik" : true,
  "selected" : false,
  "load_on_demand" : false
}, {
  "id" : 4104007290429,
  "text" : "УИК №282",
  "href" : "region/izbirkom?action=show&root=102000013&tvd=4104007290429&vrn=100100225883172&prver=0&pronetvd=null&region=10&sub_region=10",
  "prver" : "0",
  "isUik" : true,
  "selected" : false,
  "load_on_demand" : false
}, {
  "id" : 4104007290430,
  "text" : "УИК №283",
  "href" : "region/izbirkom?action=show&root=102000013&tvd=4104007290430&vrn=100100225883172&prver=0&pronetvd=null&region=10&sub_region=10",
  "prver" : "0",
  "isUik" : true,
  "selected" : false,
  "load_on_demand" : false
}, {
  "id" : 4104007290431,
  "text" : "УИК №284",
  "href" : "region/izbirkom?action=show&root=102000013&tvd=4104007290431&vrn=100100225883172&prver=0&pronetvd=null&region=10&sub_region=10",
  "prver" : "0",
  "isUik" : true,
  "selected" : false,
  "load_on_demand" : false
} ]