[ {
  "id" : 4104011479678,
  "text" : "УИК №1",
  "href" : "region/izbirkom?action=show&root=102000009&tvd=4104011479678&vrn=100100225883172&prver=0&pronetvd=null&region=10&sub_region=10",
  "prver" : "0",
  "isUik" : true,
  "selected" : false,
  "load_on_demand" : false
}, {
  "id" : 4104011479679,
  "text" : "УИК №2",
  "href" : "region/izbirkom?action=show&root=102000009&tvd=4104011479679&vrn=100100225883172&prver=0&pronetvd=null&region=10&sub_region=10",
  "prver" : "0",
  "isUik" : true,
  "selected" : false,
  "load_on_demand" : false
}, {
  "id" : 4104011479680,
  "text" : "УИК №3",
  "href" : "region/izbirkom?action=show&root=102000009&tvd=4104011479680&vrn=100100225883172&prver=0&pronetvd=null&region=10&sub_region=10",
  "prver" : "0",
  "isUik" : true,
  "selected" : false,
  "load_on_demand" : false
}, {
  "id" : 4104011479681,
  "text" : "УИК №4",
  "href" : "region/izbirkom?action=show&root=102000009&tvd=4104011479681&vrn=100100225883172&prver=0&pronetvd=null&region=10&sub_region=10",
  "prver" : "0",
  "isUik" : true,
  "selected" : false,
  "load_on_demand" : false
}, {
  "id" : 4104011479682,
  "text" : "УИК №5",
  "href" : "region/izbirkom?action=show&root=102000009&tvd=4104011479682&vrn=100100225883172&prver=0&pronetvd=null&region=10&sub_region=10",
  "prver" : "0",
  "isUik" : true,
  "selected" : false,
  "load_on_demand" : false
}, {
  "id" : 4104011479683,
  "text" : "УИК №6",
  "href" : "region/izbirkom?action=show&root=102000009&tvd=4104011479683&vrn=100100225883172&prver=0&pronetvd=null&region=10&sub_region=10",
  "prver" : "0",
  "isUik" : true,
  "selected" : false,
  "load_on_demand" : false
}, {
  "id" : 4104011479684,
  "text" : "УИК №7",
  "href" : "region/izbirkom?action=show&root=102000009&tvd=4104011479684&vrn=100100225883172&prver=0&pronetvd=null&region=10&sub_region=10",
  "prver" : "0",
  "isUik" : true,
  "selected" : false,
  "load_on_demand" : false
}, {
  "id" : 4104011479685,
  "text" : "УИК №8",
  "href" : "region/izbirkom?action=show&root=102000009&tvd=4104011479685&vrn=100100225883172&prver=0&pronetvd=null&region=10&sub_region=10",
  "prver" : "0",
  "isUik" : true,
  "selected" : false,
  "load_on_demand" : false
}, {
  "id" : 4104011479686,
  "text" : "УИК №9",
  "href" : "region/izbirkom?action=show&root=102000009&tvd=4104011479686&vrn=100100225883172&prver=0&pronetvd=null&region=10&sub_region=10",
  "prver" : "0",
  "isUik" : true,
  "selected" : false,
  "load_on_demand" : false
}, {
  "id" : 4104011479687,
  "text" : "УИК №10",
  "href" : "region/izbirkom?action=show&root=102000009&tvd=4104011479687&vrn=100100225883172&prver=0&pronetvd=null&region=10&sub_region=10",
  "prver" : "0",
  "isUik" : true,
  "selected" : false,
  "load_on_demand" : false
}, {
  "id" : 4104011479688,
  "text" : "УИК №11",
  "href" : "region/izbirkom?action=show&root=102000009&tvd=4104011479688&vrn=100100225883172&prver=0&pronetvd=null&region=10&sub_region=10",
  "prver" : "0",
  "isUik" : true,
  "selected" : false,
  "load_on_demand" : false
}, {
  "id" : 4104011479689,
  "text" : "УИК №12",
  "href" : "region/izbirkom?action=show&root=102000009&tvd=4104011479689&vrn=100100225883172&prver=0&pronetvd=null&region=10&sub_region=10",
  "prver" : "0",
  "isUik" : true,
  "selected" : false,
  "load_on_demand" : false
}, {
  "id" : 4104011479690,
  "text" : "УИК №13",
  "href" : "region/izbirkom?action=show&root=102000009&tvd=4104011479690&vrn=100100225883172&prver=0&pronetvd=null&region=10&sub_region=10",
  "prver" : "0",
  "isUik" : true,
  "selected" : false,
  "load_on_demand" : false
}, {
  "id" : 4104011479691,
  "text" : "УИК №14",
  "href" : "region/izbirkom?action=show&root=102000009&tvd=4104011479691&vrn=100100225883172&prver=0&pronetvd=null&region=10&sub_region=10",
  "prver" : "0",
  "isUik" : true,
  "selected" : false,
  "load_on_demand" : false
}, {
  "id" : 4104011479692,
  "text" : "УИК №15",
  "href" : "region/izbirkom?action=show&root=102000009&tvd=4104011479692&vrn=100100225883172&prver=0&pronetvd=null&region=10&sub_region=10",
  "prver" : "0",
  "isUik" : true,
  "selected" : false,
  "load_on_demand" : false
}, {
  "id" : 4104011479693,
  "text" : "УИК №16",
  "href" : "region/izbirkom?action=show&root=102000009&tvd=4104011479693&vrn=100100225883172&prver=0&pronetvd=null&region=10&sub_region=10",
  "prver" : "0",
  "isUik" : true,
  "selected" : false,
  "load_on_demand" : false
}, {
  "id" : 4104011479694,
  "text" : "УИК №17",
  "href" : "region/izbirkom?action=show&root=102000009&tvd=4104011479694&vrn=100100225883172&prver=0&pronetvd=null&region=10&sub_region=10",
  "prver" : "0",
  "isUik" : true,
  "selected" : false,
  "load_on_demand" : false
}, {
  "id" : 4104011479695,
  "text" : "УИК №18",
  "href" : "region/izbirkom?action=show&root=102000009&tvd=4104011479695&vrn=100100225883172&prver=0&pronetvd=null&region=10&sub_region=10",
  "prver" : "0",
  "isUik" : true,
  "selected" : false,
  "load_on_demand" : false
}, {
  "id" : 4104011479696,
  "text" : "УИК №19",
  "href" : "region/izbirkom?action=show&root=102000009&tvd=4104011479696&vrn=100100225883172&prver=0&pronetvd=null&region=10&sub_region=10",
  "prver" : "0",
  "isUik" : true,
  "selected" : false,
  "load_on_demand" : false
}, {
  "id" : 4104011479697,
  "text" : "УИК №20",
  "href" : "region/izbirkom?action=show&root=102000009&tvd=4104011479697&vrn=100100225883172&prver=0&pronetvd=null&region=10&sub_region=10",
  "prver" : "0",
  "isUik" : true,
  "selected" : false,
  "load_on_demand" : false
}, {
  "id" : 4104011479698,
  "text" : "УИК №21",
  "href" : "region/izbirkom?action=show&root=102000009&tvd=4104011479698&vrn=100100225883172&prver=0&pronetvd=null&region=10&sub_region=10",
  "prver" : "0",
  "isUik" : true,
  "selected" : false,
  "load_on_demand" : false
}, {
  "id" : 4104011479699,
  "text" : "УИК №22",
  "href" : "region/izbirkom?action=show&root=102000009&tvd=4104011479699&vrn=100100225883172&prver=0&pronetvd=null&region=10&sub_region=10",
  "prver" : "0",
  "isUik" : true,
  "selected" : false,
  "load_on_demand" : false
}, {
  "id" : 4104011479700,
  "text" : "УИК №23",
  "href" : "region/izbirkom?action=show&root=102000009&tvd=4104011479700&vrn=100100225883172&prver=0&pronetvd=null&region=10&sub_region=10",
  "prver" : "0",
  "isUik" : true,
  "selected" : false,
  "load_on_demand" : false
}, {
  "id" : 4104011479701,
  "text" : "УИК №24",
  "href" : "region/izbirkom?action=show&root=102000009&tvd=4104011479701&vrn=100100225883172&prver=0&pronetvd=null&region=10&sub_region=10",
  "prver" : "0",
  "isUik" : true,
  "selected" : false,
  "load_on_demand" : false
}, {
  "id" : 4104011479702,
  "text" : "УИК №25",
  "href" : "region/izbirkom?action=show&root=102000009&tvd=4104011479702&vrn=100100225883172&prver=0&pronetvd=null&region=10&sub_region=10",
  "prver" : "0",
  "isUik" : true,
  "selected" : false,
  "load_on_demand" : false
}, {
  "id" : 4104011479703,
  "text" : "УИК №26",
  "href" : "region/izbirkom?action=show&root=102000009&tvd=4104011479703&vrn=100100225883172&prver=0&pronetvd=null&region=10&sub_region=10",
  "prver" : "0",
  "isUik" : true,
  "selected" : false,
  "load_on_demand" : false
}, {
  "id" : 4104011479704,
  "text" : "УИК №27",
  "href" : "region/izbirkom?action=show&root=102000009&tvd=4104011479704&vrn=100100225883172&prver=0&pronetvd=null&region=10&sub_region=10",
  "prver" : "0",
  "isUik" : true,
  "selected" : false,
  "load_on_demand" : false
}, {
  "id" : 4104011479705,
  "text" : "УИК №28",
  "href" : "region/izbirkom?action=show&root=102000009&tvd=4104011479705&vrn=100100225883172&prver=0&pronetvd=null&region=10&sub_region=10",
  "prver" : "0",
  "isUik" : true,
  "selected" : false,
  "load_on_demand" : false
}, {
  "id" : 4104011479706,
  "text" : "УИК №29",
  "href" : "region/izbirkom?action=show&root=102000009&tvd=4104011479706&vrn=100100225883172&prver=0&pronetvd=null&region=10&sub_region=10",
  "prver" : "0",
  "isUik" : true,
  "selected" : false,
  "load_on_demand" : false
}, {
  "id" : 4104011479707,
  "text" : "УИК №30",
  "href" : "region/izbirkom?action=show&root=102000009&tvd=4104011479707&vrn=100100225883172&prver=0&pronetvd=null&region=10&sub_region=10",
  "prver" : "0",
  "isUik" : true,
  "selected" : false,
  "load_on_demand" : false
}, {
  "id" : 4104011479708,
  "text" : "УИК №31",
  "href" : "region/izbirkom?action=show&root=102000009&tvd=4104011479708&vrn=100100225883172&prver=0&pronetvd=null&region=10&sub_region=10",
  "prver" : "0",
  "isUik" : true,
  "selected" : false,
  "load_on_demand" : false
}, {
  "id" : 4104011479709,
  "text" : "УИК №32",
  "href" : "region/izbirkom?action=show&root=102000009&tvd=4104011479709&vrn=100100225883172&prver=0&pronetvd=null&region=10&sub_region=10",
  "prver" : "0",
  "isUik" : true,
  "selected" : false,
  "load_on_demand" : false
}, {
  "id" : 4104011479710,
  "text" : "УИК №33",
  "href" : "region/izbirkom?action=show&root=102000009&tvd=4104011479710&vrn=100100225883172&prver=0&pronetvd=null&region=10&sub_region=10",
  "prver" : "0",
  "isUik" : true,
  "selected" : false,
  "load_on_demand" : false
}, {
  "id" : 4104011479711,
  "text" : "УИК №34",
  "href" : "region/izbirkom?action=show&root=102000009&tvd=4104011479711&vrn=100100225883172&prver=0&pronetvd=null&region=10&sub_region=10",
  "prver" : "0",
  "isUik" : true,
  "selected" : false,
  "load_on_demand" : false
}, {
  "id" : 4104011479712,
  "text" : "УИК №35",
  "href" : "region/izbirkom?action=show&root=102000009&tvd=4104011479712&vrn=100100225883172&prver=0&pronetvd=null&region=10&sub_region=10",
  "prver" : "0",
  "isUik" : true,
  "selected" : false,
  "load_on_demand" : false
}, {
  "id" : 4104011479713,
  "text" : "УИК №36",
  "href" : "region/izbirkom?action=show&root=102000009&tvd=4104011479713&vrn=100100225883172&prver=0&pronetvd=null&region=10&sub_region=10",
  "prver" : "0",
  "isUik" : true,
  "selected" : false,
  "load_on_demand" : false
}, {
  "id" : 4104011479714,
  "text" : "УИК №37",
  "href" : "region/izbirkom?action=show&root=102000009&tvd=4104011479714&vrn=100100225883172&prver=0&pronetvd=null&region=10&sub_region=10",
  "prver" : "0",
  "isUik" : true,
  "selected" : false,
  "load_on_demand" : false
}, {
  "id" : 4104011479715,
  "text" : "УИК №38",
  "href" : "region/izbirkom?action=show&root=102000009&tvd=4104011479715&vrn=100100225883172&prver=0&pronetvd=null&region=10&sub_region=10",
  "prver" : "0",
  "isUik" : true,
  "selected" : false,
  "load_on_demand" : false
}, {
  "id" : 4104011479716,
  "text" : "УИК №39",
  "href" : "region/izbirkom?action=show&root=102000009&tvd=4104011479716&vrn=100100225883172&prver=0&pronetvd=null&region=10&sub_region=10",
  "prver" : "0",
  "isUik" : true,
  "selected" : false,
  "load_on_demand" : false
}, {
  "id" : 4104011479717,
  "text" : "УИК №40",
  "href" : "region/izbirkom?action=show&root=102000009&tvd=4104011479717&vrn=100100225883172&prver=0&pronetvd=null&region=10&sub_region=10",
  "prver" : "0",
  "isUik" : true,
  "selected" : false,
  "load_on_demand" : false
}, {
  "id" : 4104011479718,
  "text" : "УИК №41",
  "href" : "region/izbirkom?action=show&root=102000009&tvd=4104011479718&vrn=100100225883172&prver=0&pronetvd=null&region=10&sub_region=10",
  "prver" : "0",
  "isUik" : true,
  "selected" : false,
  "load_on_demand" : false
}, {
  "id" : 4104011479719,
  "text" : "УИК №42",
  "href" : "region/izbirkom?action=show&root=102000009&tvd=4104011479719&vrn=100100225883172&prver=0&pronetvd=null&region=10&sub_region=10",
  "prver" : "0",
  "isUik" : true,
  "selected" : false,
  "load_on_demand" : false
}, {
  "id" : 4104011479720,
  "text" : "УИК №43",
  "href" : "region/izbirkom?action=show&root=102000009&tvd=4104011479720&vrn=100100225883172&prver=0&pronetvd=null&region=10&sub_region=10",
  "prver" : "0",
  "isUik" : true,
  "selected" : false,
  "load_on_demand" : false
}, {
  "id" : 4104011479721,
  "text" : "УИК №44",
  "href" : "region/izbirkom?action=show&root=102000009&tvd=4104011479721&vrn=100100225883172&prver=0&pronetvd=null&region=10&sub_region=10",
  "prver" : "0",
  "isUik" : true,
  "selected" : false,
  "load_on_demand" : false
}, {
  "id" : 4104011479722,
  "text" : "УИК №45",
  "href" : "region/izbirkom?action=show&root=102000009&tvd=4104011479722&vrn=100100225883172&prver=0&pronetvd=null&region=10&sub_region=10",
  "prver" : "0",
  "isUik" : true,
  "selected" : false,
  "load_on_demand" : false
}, {
  "id" : 4104011479723,
  "text" : "УИК №46",
  "href" : "region/izbirkom?action=show&root=102000009&tvd=4104011479723&vrn=100100225883172&prver=0&pronetvd=null&region=10&sub_region=10",
  "prver" : "0",
  "isUik" : true,
  "selected" : false,
  "load_on_demand" : false
}, {
  "id" : 4104011479724,
  "text" : "УИК №47",
  "href" : "region/izbirkom?action=show&root=102000009&tvd=4104011479724&vrn=100100225883172&prver=0&pronetvd=null&region=10&sub_region=10",
  "prver" : "0",
  "isUik" : true,
  "selected" : false,
  "load_on_demand" : false
}, {
  "id" : 4104011479725,
  "text" : "УИК №48",
  "href" : "region/izbirkom?action=show&root=102000009&tvd=4104011479725&vrn=100100225883172&prver=0&pronetvd=null&region=10&sub_region=10",
  "prver" : "0",
  "isUik" : true,
  "selected" : false,
  "load_on_demand" : false
}, {
  "id" : 4104011479726,
  "text" : "УИК №49",
  "href" : "region/izbirkom?action=show&root=102000009&tvd=4104011479726&vrn=100100225883172&prver=0&pronetvd=null&region=10&sub_region=10",
  "prver" : "0",
  "isUik" : true,
  "selected" : false,
  "load_on_demand" : false
}, {
  "id" : 4104011479727,
  "text" : "УИК №50",
  "href" : "region/izbirkom?action=show&root=102000009&tvd=4104011479727&vrn=100100225883172&prver=0&pronetvd=null&region=10&sub_region=10",
  "prver" : "0",
  "isUik" : true,
  "selected" : false,
  "load_on_demand" : false
}, {
  "id" : 4104011479728,
  "text" : "УИК №51",
  "href" : "region/izbirkom?action=show&root=102000009&tvd=4104011479728&vrn=100100225883172&prver=0&pronetvd=null&region=10&sub_region=10",
  "prver" : "0",
  "isUik" : true,
  "selected" : false,
  "load_on_demand" : false
}, {
  "id" : 4104011479729,
  "text" : "УИК №52",
  "href" : "region/izbirkom?action=show&root=102000009&tvd=4104011479729&vrn=100100225883172&prver=0&pronetvd=null&region=10&sub_region=10",
  "prver" : "0",
  "isUik" : true,
  "selected" : false,
  "load_on_demand" : false
}, {
  "id" : 4104011479730,
  "text" : "УИК №53",
  "href" : "region/izbirkom?action=show&root=102000009&tvd=4104011479730&vrn=100100225883172&prver=0&pronetvd=null&region=10&sub_region=10",
  "prver" : "0",
  "isUik" : true,
  "selected" : false,
  "load_on_demand" : false
}, {
  "id" : 4104011479731,
  "text" : "УИК №54",
  "href" : "region/izbirkom?action=show&root=102000009&tvd=4104011479731&vrn=100100225883172&prver=0&pronetvd=null&region=10&sub_region=10",
  "prver" : "0",
  "isUik" : true,
  "selected" : false,
  "load_on_demand" : false
}, {
  "id" : 4104011479732,
  "text" : "УИК №55",
  "href" : "region/izbirkom?action=show&root=102000009&tvd=4104011479732&vrn=100100225883172&prver=0&pronetvd=null&region=10&sub_region=10",
  "prver" : "0",
  "isUik" : true,
  "selected" : false,
  "load_on_demand" : false
}, {
  "id" : 4104011479733,
  "text" : "УИК №56",
  "href" : "region/izbirkom?action=show&root=102000009&tvd=4104011479733&vrn=100100225883172&prver=0&pronetvd=null&region=10&sub_region=10",
  "prver" : "0",
  "isUik" : true,
  "selected" : false,
  "load_on_demand" : false
}, {
  "id" : 4104011479734,
  "text" : "УИК №57",
  "href" : "region/izbirkom?action=show&root=102000009&tvd=4104011479734&vrn=100100225883172&prver=0&pronetvd=null&region=10&sub_region=10",
  "prver" : "0",
  "isUik" : true,
  "selected" : false,
  "load_on_demand" : false
}, {
  "id" : 4104011479735,
  "text" : "УИК №58",
  "href" : "region/izbirkom?action=show&root=102000009&tvd=4104011479735&vrn=100100225883172&prver=0&pronetvd=null&region=10&sub_region=10",
  "prver" : "0",
  "isUik" : true,
  "selected" : false,
  "load_on_demand" : false
}, {
  "id" : 4104011524719,
  "text" : "УИК №59",
  "href" : "region/izbirkom?action=show&root=102000009&tvd=4104011524719&vrn=100100225883172&prver=0&pronetvd=null&region=10&sub_region=10",
  "prver" : "0",
  "isUik" : true,
  "selected" : false,
  "load_on_demand" : false
}, {
  "id" : 4104011479736,
  "text" : "УИК №60",
  "href" : "region/izbirkom?action=show&root=102000009&tvd=4104011479736&vrn=100100225883172&prver=0&pronetvd=null&region=10&sub_region=10",
  "prver" : "0",
  "isUik" : true,
  "selected" : false,
  "load_on_demand" : false
}, {
  "id" : 4104011479737,
  "text" : "УИК №61",
  "href" : "region/izbirkom?action=show&root=102000009&tvd=4104011479737&vrn=100100225883172&prver=0&pronetvd=null&region=10&sub_region=10",
  "prver" : "0",
  "isUik" : true,
  "selected" : false,
  "load_on_demand" : false
}, {
  "id" : 4104011479738,
  "text" : "УИК №62",
  "href" : "region/izbirkom?action=show&root=102000009&tvd=4104011479738&vrn=100100225883172&prver=0&pronetvd=null&region=10&sub_region=10",
  "prver" : "0",
  "isUik" : true,
  "selected" : false,
  "load_on_demand" : false
} ]