[ {
  "id" : 4104016469446,
  "text" : "УИК №456",
  "href" : "region/izbirkom?action=show&root=102000003&tvd=4104016469446&vrn=100100225883172&prver=0&pronetvd=null&region=10&sub_region=10",
  "prver" : "0",
  "isUik" : true,
  "selected" : false,
  "load_on_demand" : false
}, {
  "id" : 4104016469447,
  "text" : "УИК №457",
  "href" : "region/izbirkom?action=show&root=102000003&tvd=4104016469447&vrn=100100225883172&prver=0&pronetvd=null&region=10&sub_region=10",
  "prver" : "0",
  "isUik" : true,
  "selected" : false,
  "load_on_demand" : false
}, {
  "id" : 4104016469448,
  "text" : "УИК №458",
  "href" : "region/izbirkom?action=show&root=102000003&tvd=4104016469448&vrn=100100225883172&prver=0&pronetvd=null&region=10&sub_region=10",
  "prver" : "0",
  "isUik" : true,
  "selected" : false,
  "load_on_demand" : false
}, {
  "id" : 4104016469449,
  "text" : "УИК №459",
  "href" : "region/izbirkom?action=show&root=102000003&tvd=4104016469449&vrn=100100225883172&prver=0&pronetvd=null&region=10&sub_region=10",
  "prver" : "0",
  "isUik" : true,
  "selected" : false,
  "load_on_demand" : false
}, {
  "id" : 4104016469450,
  "text" : "УИК №460",
  "href" : "region/izbirkom?action=show&root=102000003&tvd=4104016469450&vrn=100100225883172&prver=0&pronetvd=null&region=10&sub_region=10",
  "prver" : "0",
  "isUik" : true,
  "selected" : false,
  "load_on_demand" : false
}, {
  "id" : 4104016469451,
  "text" : "УИК №461",
  "href" : "region/izbirkom?action=show&root=102000003&tvd=4104016469451&vrn=100100225883172&prver=0&pronetvd=null&region=10&sub_region=10",
  "prver" : "0",
  "isUik" : true,
  "selected" : false,
  "load_on_demand" : false
}, {
  "id" : 4104016469452,
  "text" : "УИК №462",
  "href" : "region/izbirkom?action=show&root=102000003&tvd=4104016469452&vrn=100100225883172&prver=0&pronetvd=null&region=10&sub_region=10",
  "prver" : "0",
  "isUik" : true,
  "selected" : false,
  "load_on_demand" : false
}, {
  "id" : 4104016469453,
  "text" : "УИК №463",
  "href" : "region/izbirkom?action=show&root=102000003&tvd=4104016469453&vrn=100100225883172&prver=0&pronetvd=null&region=10&sub_region=10",
  "prver" : "0",
  "isUik" : true,
  "selected" : false,
  "load_on_demand" : false
}, {
  "id" : 4104016469454,
  "text" : "УИК №464",
  "href" : "region/izbirkom?action=show&root=102000003&tvd=4104016469454&vrn=100100225883172&prver=0&pronetvd=null&region=10&sub_region=10",
  "prver" : "0",
  "isUik" : true,
  "selected" : false,
  "load_on_demand" : false
}, {
  "id" : 4104016469455,
  "text" : "УИК №465",
  "href" : "region/izbirkom?action=show&root=102000003&tvd=4104016469455&vrn=100100225883172&prver=0&pronetvd=null&region=10&sub_region=10",
  "prver" : "0",
  "isUik" : true,
  "selected" : false,
  "load_on_demand" : false
}, {
  "id" : 4104016469456,
  "text" : "УИК №466",
  "href" : "region/izbirkom?action=show&root=102000003&tvd=4104016469456&vrn=100100225883172&prver=0&pronetvd=null&region=10&sub_region=10",
  "prver" : "0",
  "isUik" : true,
  "selected" : false,
  "load_on_demand" : false
}, {
  "id" : 4104016469457,
  "text" : "УИК №467",
  "href" : "region/izbirkom?action=show&root=102000003&tvd=4104016469457&vrn=100100225883172&prver=0&pronetvd=null&region=10&sub_region=10",
  "prver" : "0",
  "isUik" : true,
  "selected" : false,
  "load_on_demand" : false
}, {
  "id" : 4104016469458,
  "text" : "УИК №468",
  "href" : "region/izbirkom?action=show&root=102000003&tvd=4104016469458&vrn=100100225883172&prver=0&pronetvd=null&region=10&sub_region=10",
  "prver" : "0",
  "isUik" : true,
  "selected" : false,
  "load_on_demand" : false
}, {
  "id" : 4104016469459,
  "text" : "УИК №469",
  "href" : "region/izbirkom?action=show&root=102000003&tvd=4104016469459&vrn=100100225883172&prver=0&pronetvd=null&region=10&sub_region=10",
  "prver" : "0",
  "isUik" : true,
  "selected" : false,
  "load_on_demand" : false
}, {
  "id" : 4104016469460,
  "text" : "УИК №470",
  "href" : "region/izbirkom?action=show&root=102000003&tvd=4104016469460&vrn=100100225883172&prver=0&pronetvd=null&region=10&sub_region=10",
  "prver" : "0",
  "isUik" : true,
  "selected" : false,
  "load_on_demand" : false
}, {
  "id" : 4104016469461,
  "text" : "УИК №471",
  "href" : "region/izbirkom?action=show&root=102000003&tvd=4104016469461&vrn=100100225883172&prver=0&pronetvd=null&region=10&sub_region=10",
  "prver" : "0",
  "isUik" : true,
  "selected" : false,
  "load_on_demand" : false
}, {
  "id" : 4104016469462,
  "text" : "УИК №472",
  "href" : "region/izbirkom?action=show&root=102000003&tvd=4104016469462&vrn=100100225883172&prver=0&pronetvd=null&region=10&sub_region=10",
  "prver" : "0",
  "isUik" : true,
  "selected" : false,
  "load_on_demand" : false
}, {
  "id" : 4104016469463,
  "text" : "УИК №473",
  "href" : "region/izbirkom?action=show&root=102000003&tvd=4104016469463&vrn=100100225883172&prver=0&pronetvd=null&region=10&sub_region=10",
  "prver" : "0",
  "isUik" : true,
  "selected" : false,
  "load_on_demand" : false
}, {
  "id" : 4104016469464,
  "text" : "УИК №474",
  "href" : "region/izbirkom?action=show&root=102000003&tvd=4104016469464&vrn=100100225883172&prver=0&pronetvd=null&region=10&sub_region=10",
  "prver" : "0",
  "isUik" : true,
  "selected" : false,
  "load_on_demand" : false
}, {
  "id" : 4104016469465,
  "text" : "УИК №475",
  "href" : "region/izbirkom?action=show&root=102000003&tvd=4104016469465&vrn=100100225883172&prver=0&pronetvd=null&region=10&sub_region=10",
  "prver" : "0",
  "isUik" : true,
  "selected" : false,
  "load_on_demand" : false
}, {
  "id" : 4104016469466,
  "text" : "УИК №476",
  "href" : "region/izbirkom?action=show&root=102000003&tvd=4104016469466&vrn=100100225883172&prver=0&pronetvd=null&region=10&sub_region=10",
  "prver" : "0",
  "isUik" : true,
  "selected" : false,
  "load_on_demand" : false
}, {
  "id" : 4104016469467,
  "text" : "УИК №477",
  "href" : "region/izbirkom?action=show&root=102000003&tvd=4104016469467&vrn=100100225883172&prver=0&pronetvd=null&region=10&sub_region=10",
  "prver" : "0",
  "isUik" : true,
  "selected" : false,
  "load_on_demand" : false
}, {
  "id" : 4104016469468,
  "text" : "УИК №478",
  "href" : "region/izbirkom?action=show&root=102000003&tvd=4104016469468&vrn=100100225883172&prver=0&pronetvd=null&region=10&sub_region=10",
  "prver" : "0",
  "isUik" : true,
  "selected" : false,
  "load_on_demand" : false
}, {
  "id" : 4104016469469,
  "text" : "УИК №479",
  "href" : "region/izbirkom?action=show&root=102000003&tvd=4104016469469&vrn=100100225883172&prver=0&pronetvd=null&region=10&sub_region=10",
  "prver" : "0",
  "isUik" : true,
  "selected" : false,
  "load_on_demand" : false
}, {
  "id" : 4104016469470,
  "text" : "УИК №480",
  "href" : "region/izbirkom?action=show&root=102000003&tvd=4104016469470&vrn=100100225883172&prver=0&pronetvd=null&region=10&sub_region=10",
  "prver" : "0",
  "isUik" : true,
  "selected" : false,
  "load_on_demand" : false
}, {
  "id" : 4104016469471,
  "text" : "УИК №481",
  "href" : "region/izbirkom?action=show&root=102000003&tvd=4104016469471&vrn=100100225883172&prver=0&pronetvd=null&region=10&sub_region=10",
  "prver" : "0",
  "isUik" : true,
  "selected" : false,
  "load_on_demand" : false
}, {
  "id" : 4104016469472,
  "text" : "УИК №482",
  "href" : "region/izbirkom?action=show&root=102000003&tvd=4104016469472&vrn=100100225883172&prver=0&pronetvd=null&region=10&sub_region=10",
  "prver" : "0",
  "isUik" : true,
  "selected" : false,
  "load_on_demand" : false
}, {
  "id" : 4104016469473,
  "text" : "УИК №483",
  "href" : "region/izbirkom?action=show&root=102000003&tvd=4104016469473&vrn=100100225883172&prver=0&pronetvd=null&region=10&sub_region=10",
  "prver" : "0",
  "isUik" : true,
  "selected" : false,
  "load_on_demand" : false
}, {
  "id" : 4104016469474,
  "text" : "УИК №484",
  "href" : "region/izbirkom?action=show&root=102000003&tvd=4104016469474&vrn=100100225883172&prver=0&pronetvd=null&region=10&sub_region=10",
  "prver" : "0",
  "isUik" : true,
  "selected" : false,
  "load_on_demand" : false
}, {
  "id" : 4104016469475,
  "text" : "УИК №485",
  "href" : "region/izbirkom?action=show&root=102000003&tvd=4104016469475&vrn=100100225883172&prver=0&pronetvd=null&region=10&sub_region=10",
  "prver" : "0",
  "isUik" : true,
  "selected" : false,
  "load_on_demand" : false
} ]