[ {
  "id" : 4104001228554,
  "text" : "УИК №184",
  "href" : "region/izbirkom?action=show&root=102000018&tvd=4104001228554&vrn=100100225883172&prver=0&pronetvd=null&region=10&sub_region=10",
  "prver" : "0",
  "isUik" : true,
  "selected" : false,
  "load_on_demand" : false
}, {
  "id" : 4104001228558,
  "text" : "УИК №185",
  "href" : "region/izbirkom?action=show&root=102000018&tvd=4104001228558&vrn=100100225883172&prver=0&pronetvd=null&region=10&sub_region=10",
  "prver" : "0",
  "isUik" : true,
  "selected" : false,
  "load_on_demand" : false
}, {
  "id" : 4104001228559,
  "text" : "УИК №186",
  "href" : "region/izbirkom?action=show&root=102000018&tvd=4104001228559&vrn=100100225883172&prver=0&pronetvd=null&region=10&sub_region=10",
  "prver" : "0",
  "isUik" : true,
  "selected" : false,
  "load_on_demand" : false
}, {
  "id" : 4104001228560,
  "text" : "УИК №187",
  "href" : "region/izbirkom?action=show&root=102000018&tvd=4104001228560&vrn=100100225883172&prver=0&pronetvd=null&region=10&sub_region=10",
  "prver" : "0",
  "isUik" : true,
  "selected" : false,
  "load_on_demand" : false
}, {
  "id" : 4104001228561,
  "text" : "УИК №188",
  "href" : "region/izbirkom?action=show&root=102000018&tvd=4104001228561&vrn=100100225883172&prver=0&pronetvd=null&region=10&sub_region=10",
  "prver" : "0",
  "isUik" : true,
  "selected" : false,
  "load_on_demand" : false
}, {
  "id" : 4104001228562,
  "text" : "УИК №189",
  "href" : "region/izbirkom?action=show&root=102000018&tvd=4104001228562&vrn=100100225883172&prver=0&pronetvd=null&region=10&sub_region=10",
  "prver" : "0",
  "isUik" : true,
  "selected" : false,
  "load_on_demand" : false
}, {
  "id" : 4104001228563,
  "text" : "УИК №190",
  "href" : "region/izbirkom?action=show&root=102000018&tvd=4104001228563&vrn=100100225883172&prver=0&pronetvd=null&region=10&sub_region=10",
  "prver" : "0",
  "isUik" : true,
  "selected" : false,
  "load_on_demand" : false
}, {
  "id" : 4104001228564,
  "text" : "УИК №191",
  "href" : "region/izbirkom?action=show&root=102000018&tvd=4104001228564&vrn=100100225883172&prver=0&pronetvd=null&region=10&sub_region=10",
  "prver" : "0",
  "isUik" : true,
  "selected" : false,
  "load_on_demand" : false
}, {
  "id" : 4104001228565,
  "text" : "УИК №192",
  "href" : "region/izbirkom?action=show&root=102000018&tvd=4104001228565&vrn=100100225883172&prver=0&pronetvd=null&region=10&sub_region=10",
  "prver" : "0",
  "isUik" : true,
  "selected" : false,
  "load_on_demand" : false
}, {
  "id" : 4104001228566,
  "text" : "УИК №193",
  "href" : "region/izbirkom?action=show&root=102000018&tvd=4104001228566&vrn=100100225883172&prver=0&pronetvd=null&region=10&sub_region=10",
  "prver" : "0",
  "isUik" : true,
  "selected" : false,
  "load_on_demand" : false
}, {
  "id" : 4104001228567,
  "text" : "УИК №194",
  "href" : "region/izbirkom?action=show&root=102000018&tvd=4104001228567&vrn=100100225883172&prver=0&pronetvd=null&region=10&sub_region=10",
  "prver" : "0",
  "isUik" : true,
  "selected" : false,
  "load_on_demand" : false
}, {
  "id" : 4104001228568,
  "text" : "УИК №195",
  "href" : "region/izbirkom?action=show&root=102000018&tvd=4104001228568&vrn=100100225883172&prver=0&pronetvd=null&region=10&sub_region=10",
  "prver" : "0",
  "isUik" : true,
  "selected" : false,
  "load_on_demand" : false
}, {
  "id" : 4104001228569,
  "text" : "УИК №196",
  "href" : "region/izbirkom?action=show&root=102000018&tvd=4104001228569&vrn=100100225883172&prver=0&pronetvd=null&region=10&sub_region=10",
  "prver" : "0",
  "isUik" : true,
  "selected" : false,
  "load_on_demand" : false
}, {
  "id" : 4104001228570,
  "text" : "УИК №197",
  "href" : "region/izbirkom?action=show&root=102000018&tvd=4104001228570&vrn=100100225883172&prver=0&pronetvd=null&region=10&sub_region=10",
  "prver" : "0",
  "isUik" : true,
  "selected" : false,
  "load_on_demand" : false
}, {
  "id" : 4104001228571,
  "text" : "УИК №198",
  "href" : "region/izbirkom?action=show&root=102000018&tvd=4104001228571&vrn=100100225883172&prver=0&pronetvd=null&region=10&sub_region=10",
  "prver" : "0",
  "isUik" : true,
  "selected" : false,
  "load_on_demand" : false
}, {
  "id" : 4104001228572,
  "text" : "УИК №199",
  "href" : "region/izbirkom?action=show&root=102000018&tvd=4104001228572&vrn=100100225883172&prver=0&pronetvd=null&region=10&sub_region=10",
  "prver" : "0",
  "isUik" : true,
  "selected" : false,
  "load_on_demand" : false
}, {
  "id" : 4104001228573,
  "text" : "УИК №200",
  "href" : "region/izbirkom?action=show&root=102000018&tvd=4104001228573&vrn=100100225883172&prver=0&pronetvd=null&region=10&sub_region=10",
  "prver" : "0",
  "isUik" : true,
  "selected" : false,
  "load_on_demand" : false
}, {
  "id" : 4104001228574,
  "text" : "УИК №201",
  "href" : "region/izbirkom?action=show&root=102000018&tvd=4104001228574&vrn=100100225883172&prver=0&pronetvd=null&region=10&sub_region=10",
  "prver" : "0",
  "isUik" : true,
  "selected" : false,
  "load_on_demand" : false
}, {
  "id" : 4104001228575,
  "text" : "УИК №202",
  "href" : "region/izbirkom?action=show&root=102000018&tvd=4104001228575&vrn=100100225883172&prver=0&pronetvd=null&region=10&sub_region=10",
  "prver" : "0",
  "isUik" : true,
  "selected" : false,
  "load_on_demand" : false
}, {
  "id" : 4104001228576,
  "text" : "УИК №203",
  "href" : "region/izbirkom?action=show&root=102000018&tvd=4104001228576&vrn=100100225883172&prver=0&pronetvd=null&region=10&sub_region=10",
  "prver" : "0",
  "isUik" : true,
  "selected" : false,
  "load_on_demand" : false
}, {
  "id" : 4104001228577,
  "text" : "УИК №204",
  "href" : "region/izbirkom?action=show&root=102000018&tvd=4104001228577&vrn=100100225883172&prver=0&pronetvd=null&region=10&sub_region=10",
  "prver" : "0",
  "isUik" : true,
  "selected" : false,
  "load_on_demand" : false
} ]