[ {
  "id" : 4114008392900,
  "text" : "УИК №187",
  "href" : "region/izbirkom?action=show&root=112000014&tvd=4114008392900&vrn=100100225883172&prver=0&pronetvd=null&region=11&sub_region=11",
  "prver" : "0",
  "isUik" : true,
  "selected" : false,
  "load_on_demand" : false
}, {
  "id" : 4114008392901,
  "text" : "УИК №188",
  "href" : "region/izbirkom?action=show&root=112000014&tvd=4114008392901&vrn=100100225883172&prver=0&pronetvd=null&region=11&sub_region=11",
  "prver" : "0",
  "isUik" : true,
  "selected" : false,
  "load_on_demand" : false
}, {
  "id" : 4114008392902,
  "text" : "УИК №189",
  "href" : "region/izbirkom?action=show&root=112000014&tvd=4114008392902&vrn=100100225883172&prver=0&pronetvd=null&region=11&sub_region=11",
  "prver" : "0",
  "isUik" : true,
  "selected" : false,
  "load_on_demand" : false
}, {
  "id" : 4114008392903,
  "text" : "УИК №190",
  "href" : "region/izbirkom?action=show&root=112000014&tvd=4114008392903&vrn=100100225883172&prver=0&pronetvd=null&region=11&sub_region=11",
  "prver" : "0",
  "isUik" : true,
  "selected" : false,
  "load_on_demand" : false
}, {
  "id" : 4114008392904,
  "text" : "УИК №191",
  "href" : "region/izbirkom?action=show&root=112000014&tvd=4114008392904&vrn=100100225883172&prver=0&pronetvd=null&region=11&sub_region=11",
  "prver" : "0",
  "isUik" : true,
  "selected" : false,
  "load_on_demand" : false
}, {
  "id" : 4114008392905,
  "text" : "УИК №192",
  "href" : "region/izbirkom?action=show&root=112000014&tvd=4114008392905&vrn=100100225883172&prver=0&pronetvd=null&region=11&sub_region=11",
  "prver" : "0",
  "isUik" : true,
  "selected" : false,
  "load_on_demand" : false
}, {
  "id" : 4114008392906,
  "text" : "УИК №193",
  "href" : "region/izbirkom?action=show&root=112000014&tvd=4114008392906&vrn=100100225883172&prver=0&pronetvd=null&region=11&sub_region=11",
  "prver" : "0",
  "isUik" : true,
  "selected" : false,
  "load_on_demand" : false
}, {
  "id" : 4114008392907,
  "text" : "УИК №194",
  "href" : "region/izbirkom?action=show&root=112000014&tvd=4114008392907&vrn=100100225883172&prver=0&pronetvd=null&region=11&sub_region=11",
  "prver" : "0",
  "isUik" : true,
  "selected" : false,
  "load_on_demand" : false
}, {
  "id" : 4114008392908,
  "text" : "УИК №195",
  "href" : "region/izbirkom?action=show&root=112000014&tvd=4114008392908&vrn=100100225883172&prver=0&pronetvd=null&region=11&sub_region=11",
  "prver" : "0",
  "isUik" : true,
  "selected" : false,
  "load_on_demand" : false
}, {
  "id" : 4114008392909,
  "text" : "УИК №196",
  "href" : "region/izbirkom?action=show&root=112000014&tvd=4114008392909&vrn=100100225883172&prver=0&pronetvd=null&region=11&sub_region=11",
  "prver" : "0",
  "isUik" : true,
  "selected" : false,
  "load_on_demand" : false
}, {
  "id" : 4114008392910,
  "text" : "УИК №197",
  "href" : "region/izbirkom?action=show&root=112000014&tvd=4114008392910&vrn=100100225883172&prver=0&pronetvd=null&region=11&sub_region=11",
  "prver" : "0",
  "isUik" : true,
  "selected" : false,
  "load_on_demand" : false
}, {
  "id" : 4114008392911,
  "text" : "УИК №198",
  "href" : "region/izbirkom?action=show&root=112000014&tvd=4114008392911&vrn=100100225883172&prver=0&pronetvd=null&region=11&sub_region=11",
  "prver" : "0",
  "isUik" : true,
  "selected" : false,
  "load_on_demand" : false
}, {
  "id" : 4114008392912,
  "text" : "УИК №199",
  "href" : "region/izbirkom?action=show&root=112000014&tvd=4114008392912&vrn=100100225883172&prver=0&pronetvd=null&region=11&sub_region=11",
  "prver" : "0",
  "isUik" : true,
  "selected" : false,
  "load_on_demand" : false
}, {
  "id" : 4114008392913,
  "text" : "УИК №200",
  "href" : "region/izbirkom?action=show&root=112000014&tvd=4114008392913&vrn=100100225883172&prver=0&pronetvd=null&region=11&sub_region=11",
  "prver" : "0",
  "isUik" : true,
  "selected" : false,
  "load_on_demand" : false
}, {
  "id" : 4114008392914,
  "text" : "УИК №202",
  "href" : "region/izbirkom?action=show&root=112000014&tvd=4114008392914&vrn=100100225883172&prver=0&pronetvd=null&region=11&sub_region=11",
  "prver" : "0",
  "isUik" : true,
  "selected" : false,
  "load_on_demand" : false
}, {
  "id" : 4114008392915,
  "text" : "УИК №203",
  "href" : "region/izbirkom?action=show&root=112000014&tvd=4114008392915&vrn=100100225883172&prver=0&pronetvd=null&region=11&sub_region=11",
  "prver" : "0",
  "isUik" : true,
  "selected" : false,
  "load_on_demand" : false
}, {
  "id" : 4114008392916,
  "text" : "УИК №204",
  "href" : "region/izbirkom?action=show&root=112000014&tvd=4114008392916&vrn=100100225883172&prver=0&pronetvd=null&region=11&sub_region=11",
  "prver" : "0",
  "isUik" : true,
  "selected" : false,
  "load_on_demand" : false
}, {
  "id" : 4114008392917,
  "text" : "УИК №205",
  "href" : "region/izbirkom?action=show&root=112000014&tvd=4114008392917&vrn=100100225883172&prver=0&pronetvd=null&region=11&sub_region=11",
  "prver" : "0",
  "isUik" : true,
  "selected" : false,
  "load_on_demand" : false
}, {
  "id" : 4114008392918,
  "text" : "УИК №206",
  "href" : "region/izbirkom?action=show&root=112000014&tvd=4114008392918&vrn=100100225883172&prver=0&pronetvd=null&region=11&sub_region=11",
  "prver" : "0",
  "isUik" : true,
  "selected" : false,
  "load_on_demand" : false
}, {
  "id" : 4114008392919,
  "text" : "УИК №207",
  "href" : "region/izbirkom?action=show&root=112000014&tvd=4114008392919&vrn=100100225883172&prver=0&pronetvd=null&region=11&sub_region=11",
  "prver" : "0",
  "isUik" : true,
  "selected" : false,
  "load_on_demand" : false
}, {
  "id" : 4114008392920,
  "text" : "УИК №208",
  "href" : "region/izbirkom?action=show&root=112000014&tvd=4114008392920&vrn=100100225883172&prver=0&pronetvd=null&region=11&sub_region=11",
  "prver" : "0",
  "isUik" : true,
  "selected" : false,
  "load_on_demand" : false
}, {
  "id" : 4114008392921,
  "text" : "УИК №209",
  "href" : "region/izbirkom?action=show&root=112000014&tvd=4114008392921&vrn=100100225883172&prver=0&pronetvd=null&region=11&sub_region=11",
  "prver" : "0",
  "isUik" : true,
  "selected" : false,
  "load_on_demand" : false
}, {
  "id" : 4114008392922,
  "text" : "УИК №210",
  "href" : "region/izbirkom?action=show&root=112000014&tvd=4114008392922&vrn=100100225883172&prver=0&pronetvd=null&region=11&sub_region=11",
  "prver" : "0",
  "isUik" : true,
  "selected" : false,
  "load_on_demand" : false
}, {
  "id" : 4114008392923,
  "text" : "УИК №211",
  "href" : "region/izbirkom?action=show&root=112000014&tvd=4114008392923&vrn=100100225883172&prver=0&pronetvd=null&region=11&sub_region=11",
  "prver" : "0",
  "isUik" : true,
  "selected" : false,
  "load_on_demand" : false
}, {
  "id" : 4114008392924,
  "text" : "УИК №212",
  "href" : "region/izbirkom?action=show&root=112000014&tvd=4114008392924&vrn=100100225883172&prver=0&pronetvd=null&region=11&sub_region=11",
  "prver" : "0",
  "isUik" : true,
  "selected" : false,
  "load_on_demand" : false
}, {
  "id" : 4114008392925,
  "text" : "УИК №213",
  "href" : "region/izbirkom?action=show&root=112000014&tvd=4114008392925&vrn=100100225883172&prver=0&pronetvd=null&region=11&sub_region=11",
  "prver" : "0",
  "isUik" : true,
  "selected" : false,
  "load_on_demand" : false
}, {
  "id" : 4114008392926,
  "text" : "УИК №214",
  "href" : "region/izbirkom?action=show&root=112000014&tvd=4114008392926&vrn=100100225883172&prver=0&pronetvd=null&region=11&sub_region=11",
  "prver" : "0",
  "isUik" : true,
  "selected" : false,
  "load_on_demand" : false
}, {
  "id" : 4114008392927,
  "text" : "УИК №215",
  "href" : "region/izbirkom?action=show&root=112000014&tvd=4114008392927&vrn=100100225883172&prver=0&pronetvd=null&region=11&sub_region=11",
  "prver" : "0",
  "isUik" : true,
  "selected" : false,
  "load_on_demand" : false
}, {
  "id" : 4114008392928,
  "text" : "УИК №216",
  "href" : "region/izbirkom?action=show&root=112000014&tvd=4114008392928&vrn=100100225883172&prver=0&pronetvd=null&region=11&sub_region=11",
  "prver" : "0",
  "isUik" : true,
  "selected" : false,
  "load_on_demand" : false
}, {
  "id" : 4114008392929,
  "text" : "УИК №217",
  "href" : "region/izbirkom?action=show&root=112000014&tvd=4114008392929&vrn=100100225883172&prver=0&pronetvd=null&region=11&sub_region=11",
  "prver" : "0",
  "isUik" : true,
  "selected" : false,
  "load_on_demand" : false
}, {
  "id" : 4114008392930,
  "text" : "УИК №220",
  "href" : "region/izbirkom?action=show&root=112000014&tvd=4114008392930&vrn=100100225883172&prver=0&pronetvd=null&region=11&sub_region=11",
  "prver" : "0",
  "isUik" : true,
  "selected" : false,
  "load_on_demand" : false
}, {
  "id" : 4114008392931,
  "text" : "УИК №221",
  "href" : "region/izbirkom?action=show&root=112000014&tvd=4114008392931&vrn=100100225883172&prver=0&pronetvd=null&region=11&sub_region=11",
  "prver" : "0",
  "isUik" : true,
  "selected" : false,
  "load_on_demand" : false
}, {
  "id" : 4114008392932,
  "text" : "УИК №222",
  "href" : "region/izbirkom?action=show&root=112000014&tvd=4114008392932&vrn=100100225883172&prver=0&pronetvd=null&region=11&sub_region=11",
  "prver" : "0",
  "isUik" : true,
  "selected" : false,
  "load_on_demand" : false
}, {
  "id" : 4114008392933,
  "text" : "УИК №223",
  "href" : "region/izbirkom?action=show&root=112000014&tvd=4114008392933&vrn=100100225883172&prver=0&pronetvd=null&region=11&sub_region=11",
  "prver" : "0",
  "isUik" : true,
  "selected" : false,
  "load_on_demand" : false
}, {
  "id" : 4114008392934,
  "text" : "УИК №224",
  "href" : "region/izbirkom?action=show&root=112000014&tvd=4114008392934&vrn=100100225883172&prver=0&pronetvd=null&region=11&sub_region=11",
  "prver" : "0",
  "isUik" : true,
  "selected" : false,
  "load_on_demand" : false
}, {
  "id" : 4114008392935,
  "text" : "УИК №225",
  "href" : "region/izbirkom?action=show&root=112000014&tvd=4114008392935&vrn=100100225883172&prver=0&pronetvd=null&region=11&sub_region=11",
  "prver" : "0",
  "isUik" : true,
  "selected" : false,
  "load_on_demand" : false
}, {
  "id" : 4114008392936,
  "text" : "УИК №226",
  "href" : "region/izbirkom?action=show&root=112000014&tvd=4114008392936&vrn=100100225883172&prver=0&pronetvd=null&region=11&sub_region=11",
  "prver" : "0",
  "isUik" : true,
  "selected" : false,
  "load_on_demand" : false
}, {
  "id" : 4114008392937,
  "text" : "УИК №228",
  "href" : "region/izbirkom?action=show&root=112000014&tvd=4114008392937&vrn=100100225883172&prver=0&pronetvd=null&region=11&sub_region=11",
  "prver" : "0",
  "isUik" : true,
  "selected" : false,
  "load_on_demand" : false
}, {
  "id" : 4114008392938,
  "text" : "УИК №229",
  "href" : "region/izbirkom?action=show&root=112000014&tvd=4114008392938&vrn=100100225883172&prver=0&pronetvd=null&region=11&sub_region=11",
  "prver" : "0",
  "isUik" : true,
  "selected" : false,
  "load_on_demand" : false
}, {
  "id" : 4114008392939,
  "text" : "УИК №231",
  "href" : "region/izbirkom?action=show&root=112000014&tvd=4114008392939&vrn=100100225883172&prver=0&pronetvd=null&region=11&sub_region=11",
  "prver" : "0",
  "isUik" : true,
  "selected" : false,
  "load_on_demand" : false
}, {
  "id" : 4114008392940,
  "text" : "УИК №233",
  "href" : "region/izbirkom?action=show&root=112000014&tvd=4114008392940&vrn=100100225883172&prver=0&pronetvd=null&region=11&sub_region=11",
  "prver" : "0",
  "isUik" : true,
  "selected" : false,
  "load_on_demand" : false
}, {
  "id" : 4114008392941,
  "text" : "УИК №234",
  "href" : "region/izbirkom?action=show&root=112000014&tvd=4114008392941&vrn=100100225883172&prver=0&pronetvd=null&region=11&sub_region=11",
  "prver" : "0",
  "isUik" : true,
  "selected" : false,
  "load_on_demand" : false
}, {
  "id" : 4114008396723,
  "text" : "УИК №235",
  "href" : "region/izbirkom?action=show&root=112000014&tvd=4114008396723&vrn=100100225883172&prver=0&pronetvd=null&region=11&sub_region=11",
  "prver" : "0",
  "isUik" : true,
  "selected" : false,
  "load_on_demand" : false
} ]