[ {
  "id" : 4114017287387,
  "text" : "УИК №247",
  "href" : "region/izbirkom?action=show&root=112000006&tvd=4114017287387&vrn=100100225883172&prver=0&pronetvd=null&region=11&sub_region=11",
  "prver" : "0",
  "isUik" : true,
  "selected" : false,
  "load_on_demand" : false
}, {
  "id" : 4114017287388,
  "text" : "УИК №248",
  "href" : "region/izbirkom?action=show&root=112000006&tvd=4114017287388&vrn=100100225883172&prver=0&pronetvd=null&region=11&sub_region=11",
  "prver" : "0",
  "isUik" : true,
  "selected" : false,
  "load_on_demand" : false
}, {
  "id" : 4114017287389,
  "text" : "УИК №249",
  "href" : "region/izbirkom?action=show&root=112000006&tvd=4114017287389&vrn=100100225883172&prver=0&pronetvd=null&region=11&sub_region=11",
  "prver" : "0",
  "isUik" : true,
  "selected" : false,
  "load_on_demand" : false
}, {
  "id" : 4114017287390,
  "text" : "УИК №250",
  "href" : "region/izbirkom?action=show&root=112000006&tvd=4114017287390&vrn=100100225883172&prver=0&pronetvd=null&region=11&sub_region=11",
  "prver" : "0",
  "isUik" : true,
  "selected" : false,
  "load_on_demand" : false
}, {
  "id" : 4114017287391,
  "text" : "УИК №251",
  "href" : "region/izbirkom?action=show&root=112000006&tvd=4114017287391&vrn=100100225883172&prver=0&pronetvd=null&region=11&sub_region=11",
  "prver" : "0",
  "isUik" : true,
  "selected" : false,
  "load_on_demand" : false
}, {
  "id" : 4114017287392,
  "text" : "УИК №252",
  "href" : "region/izbirkom?action=show&root=112000006&tvd=4114017287392&vrn=100100225883172&prver=0&pronetvd=null&region=11&sub_region=11",
  "prver" : "0",
  "isUik" : true,
  "selected" : false,
  "load_on_demand" : false
}, {
  "id" : 4114017287393,
  "text" : "УИК №253",
  "href" : "region/izbirkom?action=show&root=112000006&tvd=4114017287393&vrn=100100225883172&prver=0&pronetvd=null&region=11&sub_region=11",
  "prver" : "0",
  "isUik" : true,
  "selected" : false,
  "load_on_demand" : false
}, {
  "id" : 4114017287394,
  "text" : "УИК №254",
  "href" : "region/izbirkom?action=show&root=112000006&tvd=4114017287394&vrn=100100225883172&prver=0&pronetvd=null&region=11&sub_region=11",
  "prver" : "0",
  "isUik" : true,
  "selected" : false,
  "load_on_demand" : false
}, {
  "id" : 4114017287395,
  "text" : "УИК №255",
  "href" : "region/izbirkom?action=show&root=112000006&tvd=4114017287395&vrn=100100225883172&prver=0&pronetvd=null&region=11&sub_region=11",
  "prver" : "0",
  "isUik" : true,
  "selected" : false,
  "load_on_demand" : false
}, {
  "id" : 4114017287396,
  "text" : "УИК №256",
  "href" : "region/izbirkom?action=show&root=112000006&tvd=4114017287396&vrn=100100225883172&prver=0&pronetvd=null&region=11&sub_region=11",
  "prver" : "0",
  "isUik" : true,
  "selected" : false,
  "load_on_demand" : false
}, {
  "id" : 4114017287397,
  "text" : "УИК №257",
  "href" : "region/izbirkom?action=show&root=112000006&tvd=4114017287397&vrn=100100225883172&prver=0&pronetvd=null&region=11&sub_region=11",
  "prver" : "0",
  "isUik" : true,
  "selected" : false,
  "load_on_demand" : false
}, {
  "id" : 4114017287398,
  "text" : "УИК №258",
  "href" : "region/izbirkom?action=show&root=112000006&tvd=4114017287398&vrn=100100225883172&prver=0&pronetvd=null&region=11&sub_region=11",
  "prver" : "0",
  "isUik" : true,
  "selected" : false,
  "load_on_demand" : false
}, {
  "id" : 4114017287399,
  "text" : "УИК №259",
  "href" : "region/izbirkom?action=show&root=112000006&tvd=4114017287399&vrn=100100225883172&prver=0&pronetvd=null&region=11&sub_region=11",
  "prver" : "0",
  "isUik" : true,
  "selected" : false,
  "load_on_demand" : false
}, {
  "id" : 4114017287400,
  "text" : "УИК №260",
  "href" : "region/izbirkom?action=show&root=112000006&tvd=4114017287400&vrn=100100225883172&prver=0&pronetvd=null&region=11&sub_region=11",
  "prver" : "0",
  "isUik" : true,
  "selected" : false,
  "load_on_demand" : false
}, {
  "id" : 4114017287401,
  "text" : "УИК №261",
  "href" : "region/izbirkom?action=show&root=112000006&tvd=4114017287401&vrn=100100225883172&prver=0&pronetvd=null&region=11&sub_region=11",
  "prver" : "0",
  "isUik" : true,
  "selected" : false,
  "load_on_demand" : false
}, {
  "id" : 4114017287402,
  "text" : "УИК №262",
  "href" : "region/izbirkom?action=show&root=112000006&tvd=4114017287402&vrn=100100225883172&prver=0&pronetvd=null&region=11&sub_region=11",
  "prver" : "0",
  "isUik" : true,
  "selected" : false,
  "load_on_demand" : false
}, {
  "id" : 4114017287403,
  "text" : "УИК №263",
  "href" : "region/izbirkom?action=show&root=112000006&tvd=4114017287403&vrn=100100225883172&prver=0&pronetvd=null&region=11&sub_region=11",
  "prver" : "0",
  "isUik" : true,
  "selected" : false,
  "load_on_demand" : false
}, {
  "id" : 4114017287405,
  "text" : "УИК №264",
  "href" : "region/izbirkom?action=show&root=112000006&tvd=4114017287405&vrn=100100225883172&prver=0&pronetvd=null&region=11&sub_region=11",
  "prver" : "0",
  "isUik" : true,
  "selected" : false,
  "load_on_demand" : false
}, {
  "id" : 4114017287406,
  "text" : "УИК №265",
  "href" : "region/izbirkom?action=show&root=112000006&tvd=4114017287406&vrn=100100225883172&prver=0&pronetvd=null&region=11&sub_region=11",
  "prver" : "0",
  "isUik" : true,
  "selected" : false,
  "load_on_demand" : false
}, {
  "id" : 4114017287407,
  "text" : "УИК №266",
  "href" : "region/izbirkom?action=show&root=112000006&tvd=4114017287407&vrn=100100225883172&prver=0&pronetvd=null&region=11&sub_region=11",
  "prver" : "0",
  "isUik" : true,
  "selected" : false,
  "load_on_demand" : false
}, {
  "id" : 4114017287408,
  "text" : "УИК №267",
  "href" : "region/izbirkom?action=show&root=112000006&tvd=4114017287408&vrn=100100225883172&prver=0&pronetvd=null&region=11&sub_region=11",
  "prver" : "0",
  "isUik" : true,
  "selected" : false,
  "load_on_demand" : false
}, {
  "id" : 4114017287409,
  "text" : "УИК №268",
  "href" : "region/izbirkom?action=show&root=112000006&tvd=4114017287409&vrn=100100225883172&prver=0&pronetvd=null&region=11&sub_region=11",
  "prver" : "0",
  "isUik" : true,
  "selected" : false,
  "load_on_demand" : false
}, {
  "id" : 4114017287410,
  "text" : "УИК №269",
  "href" : "region/izbirkom?action=show&root=112000006&tvd=4114017287410&vrn=100100225883172&prver=0&pronetvd=null&region=11&sub_region=11",
  "prver" : "0",
  "isUik" : true,
  "selected" : false,
  "load_on_demand" : false
}, {
  "id" : 4114017287411,
  "text" : "УИК №270",
  "href" : "region/izbirkom?action=show&root=112000006&tvd=4114017287411&vrn=100100225883172&prver=0&pronetvd=null&region=11&sub_region=11",
  "prver" : "0",
  "isUik" : true,
  "selected" : false,
  "load_on_demand" : false
}, {
  "id" : 4114017287412,
  "text" : "УИК №271",
  "href" : "region/izbirkom?action=show&root=112000006&tvd=4114017287412&vrn=100100225883172&prver=0&pronetvd=null&region=11&sub_region=11",
  "prver" : "0",
  "isUik" : true,
  "selected" : false,
  "load_on_demand" : false
}, {
  "id" : 4114017287413,
  "text" : "УИК №272",
  "href" : "region/izbirkom?action=show&root=112000006&tvd=4114017287413&vrn=100100225883172&prver=0&pronetvd=null&region=11&sub_region=11",
  "prver" : "0",
  "isUik" : true,
  "selected" : false,
  "load_on_demand" : false
}, {
  "id" : 4114017287414,
  "text" : "УИК №273",
  "href" : "region/izbirkom?action=show&root=112000006&tvd=4114017287414&vrn=100100225883172&prver=0&pronetvd=null&region=11&sub_region=11",
  "prver" : "0",
  "isUik" : true,
  "selected" : false,
  "load_on_demand" : false
}, {
  "id" : 4114017287415,
  "text" : "УИК №274",
  "href" : "region/izbirkom?action=show&root=112000006&tvd=4114017287415&vrn=100100225883172&prver=0&pronetvd=null&region=11&sub_region=11",
  "prver" : "0",
  "isUik" : true,
  "selected" : false,
  "load_on_demand" : false
}, {
  "id" : 4114017287416,
  "text" : "УИК №275",
  "href" : "region/izbirkom?action=show&root=112000006&tvd=4114017287416&vrn=100100225883172&prver=0&pronetvd=null&region=11&sub_region=11",
  "prver" : "0",
  "isUik" : true,
  "selected" : false,
  "load_on_demand" : false
}, {
  "id" : 4114017289135,
  "text" : "УИК №669",
  "href" : "region/izbirkom?action=show&root=112000006&tvd=4114017289135&vrn=100100225883172&prver=0&pronetvd=null&region=11&sub_region=11",
  "prver" : "0",
  "isUik" : true,
  "selected" : false,
  "load_on_demand" : false
}, {
  "id" : 4114017289137,
  "text" : "УИК №670",
  "href" : "region/izbirkom?action=show&root=112000006&tvd=4114017289137&vrn=100100225883172&prver=0&pronetvd=null&region=11&sub_region=11",
  "prver" : "0",
  "isUik" : true,
  "selected" : false,
  "load_on_demand" : false
} ]