[ {
  "id" : 4114020274184,
  "text" : "УИК №276",
  "href" : "region/izbirkom?action=show&root=112000003&tvd=4114020274184&vrn=100100225883172&prver=0&pronetvd=null&region=11&sub_region=11",
  "prver" : "0",
  "isUik" : true,
  "selected" : false,
  "load_on_demand" : false
}, {
  "id" : 4114020274185,
  "text" : "УИК №277",
  "href" : "region/izbirkom?action=show&root=112000003&tvd=4114020274185&vrn=100100225883172&prver=0&pronetvd=null&region=11&sub_region=11",
  "prver" : "0",
  "isUik" : true,
  "selected" : false,
  "load_on_demand" : false
}, {
  "id" : 4114020274186,
  "text" : "УИК №278",
  "href" : "region/izbirkom?action=show&root=112000003&tvd=4114020274186&vrn=100100225883172&prver=0&pronetvd=null&region=11&sub_region=11",
  "prver" : "0",
  "isUik" : true,
  "selected" : false,
  "load_on_demand" : false
}, {
  "id" : 4114020274187,
  "text" : "УИК №279",
  "href" : "region/izbirkom?action=show&root=112000003&tvd=4114020274187&vrn=100100225883172&prver=0&pronetvd=null&region=11&sub_region=11",
  "prver" : "0",
  "isUik" : true,
  "selected" : false,
  "load_on_demand" : false
}, {
  "id" : 4114020274188,
  "text" : "УИК №280",
  "href" : "region/izbirkom?action=show&root=112000003&tvd=4114020274188&vrn=100100225883172&prver=0&pronetvd=null&region=11&sub_region=11",
  "prver" : "0",
  "isUik" : true,
  "selected" : false,
  "load_on_demand" : false
}, {
  "id" : 4114020274189,
  "text" : "УИК №281",
  "href" : "region/izbirkom?action=show&root=112000003&tvd=4114020274189&vrn=100100225883172&prver=0&pronetvd=null&region=11&sub_region=11",
  "prver" : "0",
  "isUik" : true,
  "selected" : false,
  "load_on_demand" : false
}, {
  "id" : 4114020274190,
  "text" : "УИК №282",
  "href" : "region/izbirkom?action=show&root=112000003&tvd=4114020274190&vrn=100100225883172&prver=0&pronetvd=null&region=11&sub_region=11",
  "prver" : "0",
  "isUik" : true,
  "selected" : false,
  "load_on_demand" : false
}, {
  "id" : 4114020274191,
  "text" : "УИК №283",
  "href" : "region/izbirkom?action=show&root=112000003&tvd=4114020274191&vrn=100100225883172&prver=0&pronetvd=null&region=11&sub_region=11",
  "prver" : "0",
  "isUik" : true,
  "selected" : false,
  "load_on_demand" : false
}, {
  "id" : 4114020274192,
  "text" : "УИК №284",
  "href" : "region/izbirkom?action=show&root=112000003&tvd=4114020274192&vrn=100100225883172&prver=0&pronetvd=null&region=11&sub_region=11",
  "prver" : "0",
  "isUik" : true,
  "selected" : false,
  "load_on_demand" : false
}, {
  "id" : 4114020274193,
  "text" : "УИК №285",
  "href" : "region/izbirkom?action=show&root=112000003&tvd=4114020274193&vrn=100100225883172&prver=0&pronetvd=null&region=11&sub_region=11",
  "prver" : "0",
  "isUik" : true,
  "selected" : false,
  "load_on_demand" : false
}, {
  "id" : 4114020274194,
  "text" : "УИК №286",
  "href" : "region/izbirkom?action=show&root=112000003&tvd=4114020274194&vrn=100100225883172&prver=0&pronetvd=null&region=11&sub_region=11",
  "prver" : "0",
  "isUik" : true,
  "selected" : false,
  "load_on_demand" : false
}, {
  "id" : 4114020274195,
  "text" : "УИК №287",
  "href" : "region/izbirkom?action=show&root=112000003&tvd=4114020274195&vrn=100100225883172&prver=0&pronetvd=null&region=11&sub_region=11",
  "prver" : "0",
  "isUik" : true,
  "selected" : false,
  "load_on_demand" : false
}, {
  "id" : 4114020274196,
  "text" : "УИК №288",
  "href" : "region/izbirkom?action=show&root=112000003&tvd=4114020274196&vrn=100100225883172&prver=0&pronetvd=null&region=11&sub_region=11",
  "prver" : "0",
  "isUik" : true,
  "selected" : false,
  "load_on_demand" : false
}, {
  "id" : 4114020274197,
  "text" : "УИК №289",
  "href" : "region/izbirkom?action=show&root=112000003&tvd=4114020274197&vrn=100100225883172&prver=0&pronetvd=null&region=11&sub_region=11",
  "prver" : "0",
  "isUik" : true,
  "selected" : false,
  "load_on_demand" : false
}, {
  "id" : 4114020274198,
  "text" : "УИК №290",
  "href" : "region/izbirkom?action=show&root=112000003&tvd=4114020274198&vrn=100100225883172&prver=0&pronetvd=null&region=11&sub_region=11",
  "prver" : "0",
  "isUik" : true,
  "selected" : false,
  "load_on_demand" : false
}, {
  "id" : 4114020274199,
  "text" : "УИК №291",
  "href" : "region/izbirkom?action=show&root=112000003&tvd=4114020274199&vrn=100100225883172&prver=0&pronetvd=null&region=11&sub_region=11",
  "prver" : "0",
  "isUik" : true,
  "selected" : false,
  "load_on_demand" : false
}, {
  "id" : 4114020274200,
  "text" : "УИК №292",
  "href" : "region/izbirkom?action=show&root=112000003&tvd=4114020274200&vrn=100100225883172&prver=0&pronetvd=null&region=11&sub_region=11",
  "prver" : "0",
  "isUik" : true,
  "selected" : false,
  "load_on_demand" : false
}, {
  "id" : 4114020274201,
  "text" : "УИК №293",
  "href" : "region/izbirkom?action=show&root=112000003&tvd=4114020274201&vrn=100100225883172&prver=0&pronetvd=null&region=11&sub_region=11",
  "prver" : "0",
  "isUik" : true,
  "selected" : false,
  "load_on_demand" : false
}, {
  "id" : 4114020274202,
  "text" : "УИК №294",
  "href" : "region/izbirkom?action=show&root=112000003&tvd=4114020274202&vrn=100100225883172&prver=0&pronetvd=null&region=11&sub_region=11",
  "prver" : "0",
  "isUik" : true,
  "selected" : false,
  "load_on_demand" : false
}, {
  "id" : 4114020274203,
  "text" : "УИК №295",
  "href" : "region/izbirkom?action=show&root=112000003&tvd=4114020274203&vrn=100100225883172&prver=0&pronetvd=null&region=11&sub_region=11",
  "prver" : "0",
  "isUik" : true,
  "selected" : false,
  "load_on_demand" : false
}, {
  "id" : 4114020274204,
  "text" : "УИК №296",
  "href" : "region/izbirkom?action=show&root=112000003&tvd=4114020274204&vrn=100100225883172&prver=0&pronetvd=null&region=11&sub_region=11",
  "prver" : "0",
  "isUik" : true,
  "selected" : false,
  "load_on_demand" : false
} ]