[ {
  "id" : 9119011314896,
  "text" : "УИК №564",
  "href" : "region/izbirkom?action=show&root=112000011&tvd=9119011314896&vrn=100100225883172&prver=0&pronetvd=null&region=11&sub_region=11",
  "prver" : "0",
  "isUik" : true,
  "selected" : false,
  "load_on_demand" : false
}, {
  "id" : 9119011314897,
  "text" : "УИК №565",
  "href" : "region/izbirkom?action=show&root=112000011&tvd=9119011314897&vrn=100100225883172&prver=0&pronetvd=null&region=11&sub_region=11",
  "prver" : "0",
  "isUik" : true,
  "selected" : false,
  "load_on_demand" : false
}, {
  "id" : 9119011314898,
  "text" : "УИК №566",
  "href" : "region/izbirkom?action=show&root=112000011&tvd=9119011314898&vrn=100100225883172&prver=0&pronetvd=null&region=11&sub_region=11",
  "prver" : "0",
  "isUik" : true,
  "selected" : false,
  "load_on_demand" : false
}, {
  "id" : 9119011314899,
  "text" : "УИК №567",
  "href" : "region/izbirkom?action=show&root=112000011&tvd=9119011314899&vrn=100100225883172&prver=0&pronetvd=null&region=11&sub_region=11",
  "prver" : "0",
  "isUik" : true,
  "selected" : false,
  "load_on_demand" : false
}, {
  "id" : 9119011314900,
  "text" : "УИК №568",
  "href" : "region/izbirkom?action=show&root=112000011&tvd=9119011314900&vrn=100100225883172&prver=0&pronetvd=null&region=11&sub_region=11",
  "prver" : "0",
  "isUik" : true,
  "selected" : false,
  "load_on_demand" : false
}, {
  "id" : 9119011314901,
  "text" : "УИК №569",
  "href" : "region/izbirkom?action=show&root=112000011&tvd=9119011314901&vrn=100100225883172&prver=0&pronetvd=null&region=11&sub_region=11",
  "prver" : "0",
  "isUik" : true,
  "selected" : false,
  "load_on_demand" : false
}, {
  "id" : 9119011314902,
  "text" : "УИК №570",
  "href" : "region/izbirkom?action=show&root=112000011&tvd=9119011314902&vrn=100100225883172&prver=0&pronetvd=null&region=11&sub_region=11",
  "prver" : "0",
  "isUik" : true,
  "selected" : false,
  "load_on_demand" : false
}, {
  "id" : 9119011314903,
  "text" : "УИК №571",
  "href" : "region/izbirkom?action=show&root=112000011&tvd=9119011314903&vrn=100100225883172&prver=0&pronetvd=null&region=11&sub_region=11",
  "prver" : "0",
  "isUik" : true,
  "selected" : false,
  "load_on_demand" : false
}, {
  "id" : 9119011314904,
  "text" : "УИК №572",
  "href" : "region/izbirkom?action=show&root=112000011&tvd=9119011314904&vrn=100100225883172&prver=0&pronetvd=null&region=11&sub_region=11",
  "prver" : "0",
  "isUik" : true,
  "selected" : false,
  "load_on_demand" : false
}, {
  "id" : 9119011314905,
  "text" : "УИК №573",
  "href" : "region/izbirkom?action=show&root=112000011&tvd=9119011314905&vrn=100100225883172&prver=0&pronetvd=null&region=11&sub_region=11",
  "prver" : "0",
  "isUik" : true,
  "selected" : false,
  "load_on_demand" : false
}, {
  "id" : 9119011314906,
  "text" : "УИК №574",
  "href" : "region/izbirkom?action=show&root=112000011&tvd=9119011314906&vrn=100100225883172&prver=0&pronetvd=null&region=11&sub_region=11",
  "prver" : "0",
  "isUik" : true,
  "selected" : false,
  "load_on_demand" : false
}, {
  "id" : 9119011314907,
  "text" : "УИК №575",
  "href" : "region/izbirkom?action=show&root=112000011&tvd=9119011314907&vrn=100100225883172&prver=0&pronetvd=null&region=11&sub_region=11",
  "prver" : "0",
  "isUik" : true,
  "selected" : false,
  "load_on_demand" : false
}, {
  "id" : 9119011314908,
  "text" : "УИК №576",
  "href" : "region/izbirkom?action=show&root=112000011&tvd=9119011314908&vrn=100100225883172&prver=0&pronetvd=null&region=11&sub_region=11",
  "prver" : "0",
  "isUik" : true,
  "selected" : false,
  "load_on_demand" : false
}, {
  "id" : 9119011314909,
  "text" : "УИК №577",
  "href" : "region/izbirkom?action=show&root=112000011&tvd=9119011314909&vrn=100100225883172&prver=0&pronetvd=null&region=11&sub_region=11",
  "prver" : "0",
  "isUik" : true,
  "selected" : false,
  "load_on_demand" : false
}, {
  "id" : 9119011314910,
  "text" : "УИК №579",
  "href" : "region/izbirkom?action=show&root=112000011&tvd=9119011314910&vrn=100100225883172&prver=0&pronetvd=null&region=11&sub_region=11",
  "prver" : "0",
  "isUik" : true,
  "selected" : false,
  "load_on_demand" : false
}, {
  "id" : 9119011314911,
  "text" : "УИК №580",
  "href" : "region/izbirkom?action=show&root=112000011&tvd=9119011314911&vrn=100100225883172&prver=0&pronetvd=null&region=11&sub_region=11",
  "prver" : "0",
  "isUik" : true,
  "selected" : false,
  "load_on_demand" : false
}, {
  "id" : 9119011314912,
  "text" : "УИК №582",
  "href" : "region/izbirkom?action=show&root=112000011&tvd=9119011314912&vrn=100100225883172&prver=0&pronetvd=null&region=11&sub_region=11",
  "prver" : "0",
  "isUik" : true,
  "selected" : false,
  "load_on_demand" : false
}, {
  "id" : 9119011314913,
  "text" : "УИК №583",
  "href" : "region/izbirkom?action=show&root=112000011&tvd=9119011314913&vrn=100100225883172&prver=0&pronetvd=null&region=11&sub_region=11",
  "prver" : "0",
  "isUik" : true,
  "selected" : false,
  "load_on_demand" : false
}, {
  "id" : 9119011314914,
  "text" : "УИК №584",
  "href" : "region/izbirkom?action=show&root=112000011&tvd=9119011314914&vrn=100100225883172&prver=0&pronetvd=null&region=11&sub_region=11",
  "prver" : "0",
  "isUik" : true,
  "selected" : false,
  "load_on_demand" : false
}, {
  "id" : 9119011314915,
  "text" : "УИК №585",
  "href" : "region/izbirkom?action=show&root=112000011&tvd=9119011314915&vrn=100100225883172&prver=0&pronetvd=null&region=11&sub_region=11",
  "prver" : "0",
  "isUik" : true,
  "selected" : false,
  "load_on_demand" : false
} ]