[ {
  "id" : 4114016375120,
  "text" : "УИК №429",
  "href" : "region/izbirkom?action=show&root=112000007&tvd=4114016375120&vrn=100100225883172&prver=0&pronetvd=null&region=11&sub_region=11",
  "prver" : "0",
  "isUik" : true,
  "selected" : false,
  "load_on_demand" : false
}, {
  "id" : 4114016375121,
  "text" : "УИК №430",
  "href" : "region/izbirkom?action=show&root=112000007&tvd=4114016375121&vrn=100100225883172&prver=0&pronetvd=null&region=11&sub_region=11",
  "prver" : "0",
  "isUik" : true,
  "selected" : false,
  "load_on_demand" : false
}, {
  "id" : 4114016375122,
  "text" : "УИК №431",
  "href" : "region/izbirkom?action=show&root=112000007&tvd=4114016375122&vrn=100100225883172&prver=0&pronetvd=null&region=11&sub_region=11",
  "prver" : "0",
  "isUik" : true,
  "selected" : false,
  "load_on_demand" : false
}, {
  "id" : 4114016375123,
  "text" : "УИК №433",
  "href" : "region/izbirkom?action=show&root=112000007&tvd=4114016375123&vrn=100100225883172&prver=0&pronetvd=null&region=11&sub_region=11",
  "prver" : "0",
  "isUik" : true,
  "selected" : false,
  "load_on_demand" : false
}, {
  "id" : 4114016375124,
  "text" : "УИК №434",
  "href" : "region/izbirkom?action=show&root=112000007&tvd=4114016375124&vrn=100100225883172&prver=0&pronetvd=null&region=11&sub_region=11",
  "prver" : "0",
  "isUik" : true,
  "selected" : false,
  "load_on_demand" : false
}, {
  "id" : 4114016375125,
  "text" : "УИК №435",
  "href" : "region/izbirkom?action=show&root=112000007&tvd=4114016375125&vrn=100100225883172&prver=0&pronetvd=null&region=11&sub_region=11",
  "prver" : "0",
  "isUik" : true,
  "selected" : false,
  "load_on_demand" : false
}, {
  "id" : 4114016375126,
  "text" : "УИК №436",
  "href" : "region/izbirkom?action=show&root=112000007&tvd=4114016375126&vrn=100100225883172&prver=0&pronetvd=null&region=11&sub_region=11",
  "prver" : "0",
  "isUik" : true,
  "selected" : false,
  "load_on_demand" : false
}, {
  "id" : 4114016375127,
  "text" : "УИК №437",
  "href" : "region/izbirkom?action=show&root=112000007&tvd=4114016375127&vrn=100100225883172&prver=0&pronetvd=null&region=11&sub_region=11",
  "prver" : "0",
  "isUik" : true,
  "selected" : false,
  "load_on_demand" : false
}, {
  "id" : 4114016375128,
  "text" : "УИК №438",
  "href" : "region/izbirkom?action=show&root=112000007&tvd=4114016375128&vrn=100100225883172&prver=0&pronetvd=null&region=11&sub_region=11",
  "prver" : "0",
  "isUik" : true,
  "selected" : false,
  "load_on_demand" : false
}, {
  "id" : 4114016375129,
  "text" : "УИК №439",
  "href" : "region/izbirkom?action=show&root=112000007&tvd=4114016375129&vrn=100100225883172&prver=0&pronetvd=null&region=11&sub_region=11",
  "prver" : "0",
  "isUik" : true,
  "selected" : false,
  "load_on_demand" : false
}, {
  "id" : 4114016375130,
  "text" : "УИК №440",
  "href" : "region/izbirkom?action=show&root=112000007&tvd=4114016375130&vrn=100100225883172&prver=0&pronetvd=null&region=11&sub_region=11",
  "prver" : "0",
  "isUik" : true,
  "selected" : false,
  "load_on_demand" : false
}, {
  "id" : 4114016375131,
  "text" : "УИК №441",
  "href" : "region/izbirkom?action=show&root=112000007&tvd=4114016375131&vrn=100100225883172&prver=0&pronetvd=null&region=11&sub_region=11",
  "prver" : "0",
  "isUik" : true,
  "selected" : false,
  "load_on_demand" : false
}, {
  "id" : 4114016375132,
  "text" : "УИК №442",
  "href" : "region/izbirkom?action=show&root=112000007&tvd=4114016375132&vrn=100100225883172&prver=0&pronetvd=null&region=11&sub_region=11",
  "prver" : "0",
  "isUik" : true,
  "selected" : false,
  "load_on_demand" : false
}, {
  "id" : 4114016375133,
  "text" : "УИК №443",
  "href" : "region/izbirkom?action=show&root=112000007&tvd=4114016375133&vrn=100100225883172&prver=0&pronetvd=null&region=11&sub_region=11",
  "prver" : "0",
  "isUik" : true,
  "selected" : false,
  "load_on_demand" : false
}, {
  "id" : 4114016375134,
  "text" : "УИК №444",
  "href" : "region/izbirkom?action=show&root=112000007&tvd=4114016375134&vrn=100100225883172&prver=0&pronetvd=null&region=11&sub_region=11",
  "prver" : "0",
  "isUik" : true,
  "selected" : false,
  "load_on_demand" : false
}, {
  "id" : 4114016375135,
  "text" : "УИК №446",
  "href" : "region/izbirkom?action=show&root=112000007&tvd=4114016375135&vrn=100100225883172&prver=0&pronetvd=null&region=11&sub_region=11",
  "prver" : "0",
  "isUik" : true,
  "selected" : false,
  "load_on_demand" : false
}, {
  "id" : 4114016375136,
  "text" : "УИК №447",
  "href" : "region/izbirkom?action=show&root=112000007&tvd=4114016375136&vrn=100100225883172&prver=0&pronetvd=null&region=11&sub_region=11",
  "prver" : "0",
  "isUik" : true,
  "selected" : false,
  "load_on_demand" : false
}, {
  "id" : 4114016375137,
  "text" : "УИК №448",
  "href" : "region/izbirkom?action=show&root=112000007&tvd=4114016375137&vrn=100100225883172&prver=0&pronetvd=null&region=11&sub_region=11",
  "prver" : "0",
  "isUik" : true,
  "selected" : false,
  "load_on_demand" : false
}, {
  "id" : 4114016375138,
  "text" : "УИК №449",
  "href" : "region/izbirkom?action=show&root=112000007&tvd=4114016375138&vrn=100100225883172&prver=0&pronetvd=null&region=11&sub_region=11",
  "prver" : "0",
  "isUik" : true,
  "selected" : false,
  "load_on_demand" : false
}, {
  "id" : 4114016375139,
  "text" : "УИК №451",
  "href" : "region/izbirkom?action=show&root=112000007&tvd=4114016375139&vrn=100100225883172&prver=0&pronetvd=null&region=11&sub_region=11",
  "prver" : "0",
  "isUik" : true,
  "selected" : false,
  "load_on_demand" : false
}, {
  "id" : 4114016377375,
  "text" : "УИК №677",
  "href" : "region/izbirkom?action=show&root=112000007&tvd=4114016377375&vrn=100100225883172&prver=0&pronetvd=null&region=11&sub_region=11",
  "prver" : "0",
  "isUik" : true,
  "selected" : false,
  "load_on_demand" : false
} ]