[ {
  "id" : 4114013221059,
  "text" : "УИК №89",
  "href" : "region/izbirkom?action=show&root=112000001&tvd=4114013221059&vrn=100100225883172&prver=0&pronetvd=null&region=11&sub_region=11",
  "prver" : "0",
  "isUik" : true,
  "selected" : false,
  "load_on_demand" : false
}, {
  "id" : 4114013221060,
  "text" : "УИК №90",
  "href" : "region/izbirkom?action=show&root=112000001&tvd=4114013221060&vrn=100100225883172&prver=0&pronetvd=null&region=11&sub_region=11",
  "prver" : "0",
  "isUik" : true,
  "selected" : false,
  "load_on_demand" : false
}, {
  "id" : 4114013221061,
  "text" : "УИК №91",
  "href" : "region/izbirkom?action=show&root=112000001&tvd=4114013221061&vrn=100100225883172&prver=0&pronetvd=null&region=11&sub_region=11",
  "prver" : "0",
  "isUik" : true,
  "selected" : false,
  "load_on_demand" : false
}, {
  "id" : 4114013221062,
  "text" : "УИК №92",
  "href" : "region/izbirkom?action=show&root=112000001&tvd=4114013221062&vrn=100100225883172&prver=0&pronetvd=null&region=11&sub_region=11",
  "prver" : "0",
  "isUik" : true,
  "selected" : false,
  "load_on_demand" : false
}, {
  "id" : 4114013221063,
  "text" : "УИК №93",
  "href" : "region/izbirkom?action=show&root=112000001&tvd=4114013221063&vrn=100100225883172&prver=0&pronetvd=null&region=11&sub_region=11",
  "prver" : "0",
  "isUik" : true,
  "selected" : false,
  "load_on_demand" : false
}, {
  "id" : 4114013221064,
  "text" : "УИК №94",
  "href" : "region/izbirkom?action=show&root=112000001&tvd=4114013221064&vrn=100100225883172&prver=0&pronetvd=null&region=11&sub_region=11",
  "prver" : "0",
  "isUik" : true,
  "selected" : false,
  "load_on_demand" : false
}, {
  "id" : 4114013221065,
  "text" : "УИК №95",
  "href" : "region/izbirkom?action=show&root=112000001&tvd=4114013221065&vrn=100100225883172&prver=0&pronetvd=null&region=11&sub_region=11",
  "prver" : "0",
  "isUik" : true,
  "selected" : false,
  "load_on_demand" : false
}, {
  "id" : 4114013221066,
  "text" : "УИК №96",
  "href" : "region/izbirkom?action=show&root=112000001&tvd=4114013221066&vrn=100100225883172&prver=0&pronetvd=null&region=11&sub_region=11",
  "prver" : "0",
  "isUik" : true,
  "selected" : false,
  "load_on_demand" : false
}, {
  "id" : 4114013221067,
  "text" : "УИК №97",
  "href" : "region/izbirkom?action=show&root=112000001&tvd=4114013221067&vrn=100100225883172&prver=0&pronetvd=null&region=11&sub_region=11",
  "prver" : "0",
  "isUik" : true,
  "selected" : false,
  "load_on_demand" : false
}, {
  "id" : 4114013221068,
  "text" : "УИК №98",
  "href" : "region/izbirkom?action=show&root=112000001&tvd=4114013221068&vrn=100100225883172&prver=0&pronetvd=null&region=11&sub_region=11",
  "prver" : "0",
  "isUik" : true,
  "selected" : false,
  "load_on_demand" : false
}, {
  "id" : 4114013221069,
  "text" : "УИК №99",
  "href" : "region/izbirkom?action=show&root=112000001&tvd=4114013221069&vrn=100100225883172&prver=0&pronetvd=null&region=11&sub_region=11",
  "prver" : "0",
  "isUik" : true,
  "selected" : false,
  "load_on_demand" : false
}, {
  "id" : 4114013221070,
  "text" : "УИК №100",
  "href" : "region/izbirkom?action=show&root=112000001&tvd=4114013221070&vrn=100100225883172&prver=0&pronetvd=null&region=11&sub_region=11",
  "prver" : "0",
  "isUik" : true,
  "selected" : false,
  "load_on_demand" : false
}, {
  "id" : 4114013221071,
  "text" : "УИК №101",
  "href" : "region/izbirkom?action=show&root=112000001&tvd=4114013221071&vrn=100100225883172&prver=0&pronetvd=null&region=11&sub_region=11",
  "prver" : "0",
  "isUik" : true,
  "selected" : false,
  "load_on_demand" : false
}, {
  "id" : 4114013221072,
  "text" : "УИК №102",
  "href" : "region/izbirkom?action=show&root=112000001&tvd=4114013221072&vrn=100100225883172&prver=0&pronetvd=null&region=11&sub_region=11",
  "prver" : "0",
  "isUik" : true,
  "selected" : false,
  "load_on_demand" : false
}, {
  "id" : 4114013221073,
  "text" : "УИК №103",
  "href" : "region/izbirkom?action=show&root=112000001&tvd=4114013221073&vrn=100100225883172&prver=0&pronetvd=null&region=11&sub_region=11",
  "prver" : "0",
  "isUik" : true,
  "selected" : false,
  "load_on_demand" : false
}, {
  "id" : 4114013221074,
  "text" : "УИК №104",
  "href" : "region/izbirkom?action=show&root=112000001&tvd=4114013221074&vrn=100100225883172&prver=0&pronetvd=null&region=11&sub_region=11",
  "prver" : "0",
  "isUik" : true,
  "selected" : false,
  "load_on_demand" : false
}, {
  "id" : 4114013221075,
  "text" : "УИК №105",
  "href" : "region/izbirkom?action=show&root=112000001&tvd=4114013221075&vrn=100100225883172&prver=0&pronetvd=null&region=11&sub_region=11",
  "prver" : "0",
  "isUik" : true,
  "selected" : false,
  "load_on_demand" : false
}, {
  "id" : 4114013221076,
  "text" : "УИК №106",
  "href" : "region/izbirkom?action=show&root=112000001&tvd=4114013221076&vrn=100100225883172&prver=0&pronetvd=null&region=11&sub_region=11",
  "prver" : "0",
  "isUik" : true,
  "selected" : false,
  "load_on_demand" : false
}, {
  "id" : 4114013221077,
  "text" : "УИК №107",
  "href" : "region/izbirkom?action=show&root=112000001&tvd=4114013221077&vrn=100100225883172&prver=0&pronetvd=null&region=11&sub_region=11",
  "prver" : "0",
  "isUik" : true,
  "selected" : false,
  "load_on_demand" : false
}, {
  "id" : 4114013221078,
  "text" : "УИК №108",
  "href" : "region/izbirkom?action=show&root=112000001&tvd=4114013221078&vrn=100100225883172&prver=0&pronetvd=null&region=11&sub_region=11",
  "prver" : "0",
  "isUik" : true,
  "selected" : false,
  "load_on_demand" : false
}, {
  "id" : 4114013221079,
  "text" : "УИК №109",
  "href" : "region/izbirkom?action=show&root=112000001&tvd=4114013221079&vrn=100100225883172&prver=0&pronetvd=null&region=11&sub_region=11",
  "prver" : "0",
  "isUik" : true,
  "selected" : false,
  "load_on_demand" : false
}, {
  "id" : 4114013221057,
  "text" : "УИК №110",
  "href" : "region/izbirkom?action=show&root=112000001&tvd=4114013221057&vrn=100100225883172&prver=0&pronetvd=null&region=11&sub_region=11",
  "prver" : "0",
  "isUik" : true,
  "selected" : false,
  "load_on_demand" : false
}, {
  "id" : 4114013222804,
  "text" : "УИК №111",
  "href" : "region/izbirkom?action=show&root=112000001&tvd=4114013222804&vrn=100100225883172&prver=0&pronetvd=null&region=11&sub_region=11",
  "prver" : "0",
  "isUik" : true,
  "selected" : false,
  "load_on_demand" : false
} ]