[ {
  "id" : 4114018332504,
  "text" : "УИК №452",
  "href" : "region/izbirkom?action=show&root=112000005&tvd=4114018332504&vrn=100100225883172&prver=0&pronetvd=null&region=11&sub_region=11",
  "prver" : "0",
  "isUik" : true,
  "selected" : false,
  "load_on_demand" : false
}, {
  "id" : 4114018332505,
  "text" : "УИК №453",
  "href" : "region/izbirkom?action=show&root=112000005&tvd=4114018332505&vrn=100100225883172&prver=0&pronetvd=null&region=11&sub_region=11",
  "prver" : "0",
  "isUik" : true,
  "selected" : false,
  "load_on_demand" : false
}, {
  "id" : 4114018332506,
  "text" : "УИК №454",
  "href" : "region/izbirkom?action=show&root=112000005&tvd=4114018332506&vrn=100100225883172&prver=0&pronetvd=null&region=11&sub_region=11",
  "prver" : "0",
  "isUik" : true,
  "selected" : false,
  "load_on_demand" : false
}, {
  "id" : 4114018332507,
  "text" : "УИК №455",
  "href" : "region/izbirkom?action=show&root=112000005&tvd=4114018332507&vrn=100100225883172&prver=0&pronetvd=null&region=11&sub_region=11",
  "prver" : "0",
  "isUik" : true,
  "selected" : false,
  "load_on_demand" : false
}, {
  "id" : 4114018332508,
  "text" : "УИК №456",
  "href" : "region/izbirkom?action=show&root=112000005&tvd=4114018332508&vrn=100100225883172&prver=0&pronetvd=null&region=11&sub_region=11",
  "prver" : "0",
  "isUik" : true,
  "selected" : false,
  "load_on_demand" : false
}, {
  "id" : 4114018332509,
  "text" : "УИК №457",
  "href" : "region/izbirkom?action=show&root=112000005&tvd=4114018332509&vrn=100100225883172&prver=0&pronetvd=null&region=11&sub_region=11",
  "prver" : "0",
  "isUik" : true,
  "selected" : false,
  "load_on_demand" : false
}, {
  "id" : 4114018332510,
  "text" : "УИК №458",
  "href" : "region/izbirkom?action=show&root=112000005&tvd=4114018332510&vrn=100100225883172&prver=0&pronetvd=null&region=11&sub_region=11",
  "prver" : "0",
  "isUik" : true,
  "selected" : false,
  "load_on_demand" : false
}, {
  "id" : 4114018332511,
  "text" : "УИК №459",
  "href" : "region/izbirkom?action=show&root=112000005&tvd=4114018332511&vrn=100100225883172&prver=0&pronetvd=null&region=11&sub_region=11",
  "prver" : "0",
  "isUik" : true,
  "selected" : false,
  "load_on_demand" : false
}, {
  "id" : 4114018332512,
  "text" : "УИК №460",
  "href" : "region/izbirkom?action=show&root=112000005&tvd=4114018332512&vrn=100100225883172&prver=0&pronetvd=null&region=11&sub_region=11",
  "prver" : "0",
  "isUik" : true,
  "selected" : false,
  "load_on_demand" : false
}, {
  "id" : 4114018332513,
  "text" : "УИК №461",
  "href" : "region/izbirkom?action=show&root=112000005&tvd=4114018332513&vrn=100100225883172&prver=0&pronetvd=null&region=11&sub_region=11",
  "prver" : "0",
  "isUik" : true,
  "selected" : false,
  "load_on_demand" : false
}, {
  "id" : 4114018332514,
  "text" : "УИК №462",
  "href" : "region/izbirkom?action=show&root=112000005&tvd=4114018332514&vrn=100100225883172&prver=0&pronetvd=null&region=11&sub_region=11",
  "prver" : "0",
  "isUik" : true,
  "selected" : false,
  "load_on_demand" : false
}, {
  "id" : 4114018332515,
  "text" : "УИК №463",
  "href" : "region/izbirkom?action=show&root=112000005&tvd=4114018332515&vrn=100100225883172&prver=0&pronetvd=null&region=11&sub_region=11",
  "prver" : "0",
  "isUik" : true,
  "selected" : false,
  "load_on_demand" : false
}, {
  "id" : 4114018332516,
  "text" : "УИК №464",
  "href" : "region/izbirkom?action=show&root=112000005&tvd=4114018332516&vrn=100100225883172&prver=0&pronetvd=null&region=11&sub_region=11",
  "prver" : "0",
  "isUik" : true,
  "selected" : false,
  "load_on_demand" : false
}, {
  "id" : 4114018332517,
  "text" : "УИК №465",
  "href" : "region/izbirkom?action=show&root=112000005&tvd=4114018332517&vrn=100100225883172&prver=0&pronetvd=null&region=11&sub_region=11",
  "prver" : "0",
  "isUik" : true,
  "selected" : false,
  "load_on_demand" : false
}, {
  "id" : 4114018332518,
  "text" : "УИК №466",
  "href" : "region/izbirkom?action=show&root=112000005&tvd=4114018332518&vrn=100100225883172&prver=0&pronetvd=null&region=11&sub_region=11",
  "prver" : "0",
  "isUik" : true,
  "selected" : false,
  "load_on_demand" : false
}, {
  "id" : 4114018332519,
  "text" : "УИК №467",
  "href" : "region/izbirkom?action=show&root=112000005&tvd=4114018332519&vrn=100100225883172&prver=0&pronetvd=null&region=11&sub_region=11",
  "prver" : "0",
  "isUik" : true,
  "selected" : false,
  "load_on_demand" : false
}, {
  "id" : 4114018332520,
  "text" : "УИК №468",
  "href" : "region/izbirkom?action=show&root=112000005&tvd=4114018332520&vrn=100100225883172&prver=0&pronetvd=null&region=11&sub_region=11",
  "prver" : "0",
  "isUik" : true,
  "selected" : false,
  "load_on_demand" : false
}, {
  "id" : 4114018332521,
  "text" : "УИК №469",
  "href" : "region/izbirkom?action=show&root=112000005&tvd=4114018332521&vrn=100100225883172&prver=0&pronetvd=null&region=11&sub_region=11",
  "prver" : "0",
  "isUik" : true,
  "selected" : false,
  "load_on_demand" : false
}, {
  "id" : 4114018332522,
  "text" : "УИК №470",
  "href" : "region/izbirkom?action=show&root=112000005&tvd=4114018332522&vrn=100100225883172&prver=0&pronetvd=null&region=11&sub_region=11",
  "prver" : "0",
  "isUik" : true,
  "selected" : false,
  "load_on_demand" : false
}, {
  "id" : 4114018332523,
  "text" : "УИК №471",
  "href" : "region/izbirkom?action=show&root=112000005&tvd=4114018332523&vrn=100100225883172&prver=0&pronetvd=null&region=11&sub_region=11",
  "prver" : "0",
  "isUik" : true,
  "selected" : false,
  "load_on_demand" : false
}, {
  "id" : 4114018332524,
  "text" : "УИК №472",
  "href" : "region/izbirkom?action=show&root=112000005&tvd=4114018332524&vrn=100100225883172&prver=0&pronetvd=null&region=11&sub_region=11",
  "prver" : "0",
  "isUik" : true,
  "selected" : false,
  "load_on_demand" : false
}, {
  "id" : 4114018332525,
  "text" : "УИК №473",
  "href" : "region/izbirkom?action=show&root=112000005&tvd=4114018332525&vrn=100100225883172&prver=0&pronetvd=null&region=11&sub_region=11",
  "prver" : "0",
  "isUik" : true,
  "selected" : false,
  "load_on_demand" : false
}, {
  "id" : 4114018332526,
  "text" : "УИК №474",
  "href" : "region/izbirkom?action=show&root=112000005&tvd=4114018332526&vrn=100100225883172&prver=0&pronetvd=null&region=11&sub_region=11",
  "prver" : "0",
  "isUik" : true,
  "selected" : false,
  "load_on_demand" : false
}, {
  "id" : 4114018332527,
  "text" : "УИК №475",
  "href" : "region/izbirkom?action=show&root=112000005&tvd=4114018332527&vrn=100100225883172&prver=0&pronetvd=null&region=11&sub_region=11",
  "prver" : "0",
  "isUik" : true,
  "selected" : false,
  "load_on_demand" : false
}, {
  "id" : 4114018332528,
  "text" : "УИК №476",
  "href" : "region/izbirkom?action=show&root=112000005&tvd=4114018332528&vrn=100100225883172&prver=0&pronetvd=null&region=11&sub_region=11",
  "prver" : "0",
  "isUik" : true,
  "selected" : false,
  "load_on_demand" : false
} ]