[ {
  "id" : 4124001221581,
  "text" : "УИК №117",
  "href" : "region/izbirkom?action=show&root=122000018&tvd=4124001221581&vrn=100100225883172&prver=0&pronetvd=null&region=12&sub_region=12",
  "prver" : "0",
  "isUik" : true,
  "selected" : false,
  "load_on_demand" : false
}, {
  "id" : 4124001221582,
  "text" : "УИК №118",
  "href" : "region/izbirkom?action=show&root=122000018&tvd=4124001221582&vrn=100100225883172&prver=0&pronetvd=null&region=12&sub_region=12",
  "prver" : "0",
  "isUik" : true,
  "selected" : false,
  "load_on_demand" : false
}, {
  "id" : 4124001221583,
  "text" : "УИК №119",
  "href" : "region/izbirkom?action=show&root=122000018&tvd=4124001221583&vrn=100100225883172&prver=0&pronetvd=null&region=12&sub_region=12",
  "prver" : "0",
  "isUik" : true,
  "selected" : false,
  "load_on_demand" : false
}, {
  "id" : 4124001221584,
  "text" : "УИК №120",
  "href" : "region/izbirkom?action=show&root=122000018&tvd=4124001221584&vrn=100100225883172&prver=0&pronetvd=null&region=12&sub_region=12",
  "prver" : "0",
  "isUik" : true,
  "selected" : false,
  "load_on_demand" : false
}, {
  "id" : 4124001221585,
  "text" : "УИК №121",
  "href" : "region/izbirkom?action=show&root=122000018&tvd=4124001221585&vrn=100100225883172&prver=0&pronetvd=null&region=12&sub_region=12",
  "prver" : "0",
  "isUik" : true,
  "selected" : false,
  "load_on_demand" : false
}, {
  "id" : 4124001221586,
  "text" : "УИК №122",
  "href" : "region/izbirkom?action=show&root=122000018&tvd=4124001221586&vrn=100100225883172&prver=0&pronetvd=null&region=12&sub_region=12",
  "prver" : "0",
  "isUik" : true,
  "selected" : false,
  "load_on_demand" : false
}, {
  "id" : 4124001221587,
  "text" : "УИК №123",
  "href" : "region/izbirkom?action=show&root=122000018&tvd=4124001221587&vrn=100100225883172&prver=0&pronetvd=null&region=12&sub_region=12",
  "prver" : "0",
  "isUik" : true,
  "selected" : false,
  "load_on_demand" : false
}, {
  "id" : 4124001221588,
  "text" : "УИК №124",
  "href" : "region/izbirkom?action=show&root=122000018&tvd=4124001221588&vrn=100100225883172&prver=0&pronetvd=null&region=12&sub_region=12",
  "prver" : "0",
  "isUik" : true,
  "selected" : false,
  "load_on_demand" : false
}, {
  "id" : 4124001221589,
  "text" : "УИК №125",
  "href" : "region/izbirkom?action=show&root=122000018&tvd=4124001221589&vrn=100100225883172&prver=0&pronetvd=null&region=12&sub_region=12",
  "prver" : "0",
  "isUik" : true,
  "selected" : false,
  "load_on_demand" : false
}, {
  "id" : 4124001221590,
  "text" : "УИК №126",
  "href" : "region/izbirkom?action=show&root=122000018&tvd=4124001221590&vrn=100100225883172&prver=0&pronetvd=null&region=12&sub_region=12",
  "prver" : "0",
  "isUik" : true,
  "selected" : false,
  "load_on_demand" : false
}, {
  "id" : 4124001221591,
  "text" : "УИК №127",
  "href" : "region/izbirkom?action=show&root=122000018&tvd=4124001221591&vrn=100100225883172&prver=0&pronetvd=null&region=12&sub_region=12",
  "prver" : "0",
  "isUik" : true,
  "selected" : false,
  "load_on_demand" : false
}, {
  "id" : 4124001221592,
  "text" : "УИК №128",
  "href" : "region/izbirkom?action=show&root=122000018&tvd=4124001221592&vrn=100100225883172&prver=0&pronetvd=null&region=12&sub_region=12",
  "prver" : "0",
  "isUik" : true,
  "selected" : false,
  "load_on_demand" : false
}, {
  "id" : 4124001221593,
  "text" : "УИК №129",
  "href" : "region/izbirkom?action=show&root=122000018&tvd=4124001221593&vrn=100100225883172&prver=0&pronetvd=null&region=12&sub_region=12",
  "prver" : "0",
  "isUik" : true,
  "selected" : false,
  "load_on_demand" : false
}, {
  "id" : 4124001221594,
  "text" : "УИК №130",
  "href" : "region/izbirkom?action=show&root=122000018&tvd=4124001221594&vrn=100100225883172&prver=0&pronetvd=null&region=12&sub_region=12",
  "prver" : "0",
  "isUik" : true,
  "selected" : false,
  "load_on_demand" : false
}, {
  "id" : 4124001221595,
  "text" : "УИК №131",
  "href" : "region/izbirkom?action=show&root=122000018&tvd=4124001221595&vrn=100100225883172&prver=0&pronetvd=null&region=12&sub_region=12",
  "prver" : "0",
  "isUik" : true,
  "selected" : false,
  "load_on_demand" : false
}, {
  "id" : 4124001221596,
  "text" : "УИК №132",
  "href" : "region/izbirkom?action=show&root=122000018&tvd=4124001221596&vrn=100100225883172&prver=0&pronetvd=null&region=12&sub_region=12",
  "prver" : "0",
  "isUik" : true,
  "selected" : false,
  "load_on_demand" : false
}, {
  "id" : 4124001221597,
  "text" : "УИК №133",
  "href" : "region/izbirkom?action=show&root=122000018&tvd=4124001221597&vrn=100100225883172&prver=0&pronetvd=null&region=12&sub_region=12",
  "prver" : "0",
  "isUik" : true,
  "selected" : false,
  "load_on_demand" : false
}, {
  "id" : 4124001221598,
  "text" : "УИК №134",
  "href" : "region/izbirkom?action=show&root=122000018&tvd=4124001221598&vrn=100100225883172&prver=0&pronetvd=null&region=12&sub_region=12",
  "prver" : "0",
  "isUik" : true,
  "selected" : false,
  "load_on_demand" : false
}, {
  "id" : 4124001221599,
  "text" : "УИК №135",
  "href" : "region/izbirkom?action=show&root=122000018&tvd=4124001221599&vrn=100100225883172&prver=0&pronetvd=null&region=12&sub_region=12",
  "prver" : "0",
  "isUik" : true,
  "selected" : false,
  "load_on_demand" : false
}, {
  "id" : 4124001221600,
  "text" : "УИК №136",
  "href" : "region/izbirkom?action=show&root=122000018&tvd=4124001221600&vrn=100100225883172&prver=0&pronetvd=null&region=12&sub_region=12",
  "prver" : "0",
  "isUik" : true,
  "selected" : false,
  "load_on_demand" : false
}, {
  "id" : 4124001221601,
  "text" : "УИК №137",
  "href" : "region/izbirkom?action=show&root=122000018&tvd=4124001221601&vrn=100100225883172&prver=0&pronetvd=null&region=12&sub_region=12",
  "prver" : "0",
  "isUik" : true,
  "selected" : false,
  "load_on_demand" : false
}, {
  "id" : 4124001221602,
  "text" : "УИК №138",
  "href" : "region/izbirkom?action=show&root=122000018&tvd=4124001221602&vrn=100100225883172&prver=0&pronetvd=null&region=12&sub_region=12",
  "prver" : "0",
  "isUik" : true,
  "selected" : false,
  "load_on_demand" : false
}, {
  "id" : 4124001221603,
  "text" : "УИК №139",
  "href" : "region/izbirkom?action=show&root=122000018&tvd=4124001221603&vrn=100100225883172&prver=0&pronetvd=null&region=12&sub_region=12",
  "prver" : "0",
  "isUik" : true,
  "selected" : false,
  "load_on_demand" : false
}, {
  "id" : 4124001221604,
  "text" : "УИК №140",
  "href" : "region/izbirkom?action=show&root=122000018&tvd=4124001221604&vrn=100100225883172&prver=0&pronetvd=null&region=12&sub_region=12",
  "prver" : "0",
  "isUik" : true,
  "selected" : false,
  "load_on_demand" : false
}, {
  "id" : 4124001221605,
  "text" : "УИК №141",
  "href" : "region/izbirkom?action=show&root=122000018&tvd=4124001221605&vrn=100100225883172&prver=0&pronetvd=null&region=12&sub_region=12",
  "prver" : "0",
  "isUik" : true,
  "selected" : false,
  "load_on_demand" : false
}, {
  "id" : 4124001221606,
  "text" : "УИК №142",
  "href" : "region/izbirkom?action=show&root=122000018&tvd=4124001221606&vrn=100100225883172&prver=0&pronetvd=null&region=12&sub_region=12",
  "prver" : "0",
  "isUik" : true,
  "selected" : false,
  "load_on_demand" : false
}, {
  "id" : 4124001221607,
  "text" : "УИК №143",
  "href" : "region/izbirkom?action=show&root=122000018&tvd=4124001221607&vrn=100100225883172&prver=0&pronetvd=null&region=12&sub_region=12",
  "prver" : "0",
  "isUik" : true,
  "selected" : false,
  "load_on_demand" : false
}, {
  "id" : 4124001221608,
  "text" : "УИК №144",
  "href" : "region/izbirkom?action=show&root=122000018&tvd=4124001221608&vrn=100100225883172&prver=0&pronetvd=null&region=12&sub_region=12",
  "prver" : "0",
  "isUik" : true,
  "selected" : false,
  "load_on_demand" : false
}, {
  "id" : 4124001221609,
  "text" : "УИК №145",
  "href" : "region/izbirkom?action=show&root=122000018&tvd=4124001221609&vrn=100100225883172&prver=0&pronetvd=null&region=12&sub_region=12",
  "prver" : "0",
  "isUik" : true,
  "selected" : false,
  "load_on_demand" : false
}, {
  "id" : 4124001221610,
  "text" : "УИК №146",
  "href" : "region/izbirkom?action=show&root=122000018&tvd=4124001221610&vrn=100100225883172&prver=0&pronetvd=null&region=12&sub_region=12",
  "prver" : "0",
  "isUik" : true,
  "selected" : false,
  "load_on_demand" : false
} ]