[ {
  "id" : 4124007201903,
  "text" : "УИК №308",
  "href" : "region/izbirkom?action=show&root=122000012&tvd=4124007201903&vrn=100100225883172&prver=0&pronetvd=null&region=12&sub_region=12",
  "prver" : "0",
  "isUik" : true,
  "selected" : false,
  "load_on_demand" : false
}, {
  "id" : 4124007201904,
  "text" : "УИК №309",
  "href" : "region/izbirkom?action=show&root=122000012&tvd=4124007201904&vrn=100100225883172&prver=0&pronetvd=null&region=12&sub_region=12",
  "prver" : "0",
  "isUik" : true,
  "selected" : false,
  "load_on_demand" : false
}, {
  "id" : 4124007201905,
  "text" : "УИК №311",
  "href" : "region/izbirkom?action=show&root=122000012&tvd=4124007201905&vrn=100100225883172&prver=0&pronetvd=null&region=12&sub_region=12",
  "prver" : "0",
  "isUik" : true,
  "selected" : false,
  "load_on_demand" : false
}, {
  "id" : 4124007201906,
  "text" : "УИК №312",
  "href" : "region/izbirkom?action=show&root=122000012&tvd=4124007201906&vrn=100100225883172&prver=0&pronetvd=null&region=12&sub_region=12",
  "prver" : "0",
  "isUik" : true,
  "selected" : false,
  "load_on_demand" : false
}, {
  "id" : 4124007201907,
  "text" : "УИК №313",
  "href" : "region/izbirkom?action=show&root=122000012&tvd=4124007201907&vrn=100100225883172&prver=0&pronetvd=null&region=12&sub_region=12",
  "prver" : "0",
  "isUik" : true,
  "selected" : false,
  "load_on_demand" : false
}, {
  "id" : 4124007201908,
  "text" : "УИК №314",
  "href" : "region/izbirkom?action=show&root=122000012&tvd=4124007201908&vrn=100100225883172&prver=0&pronetvd=null&region=12&sub_region=12",
  "prver" : "0",
  "isUik" : true,
  "selected" : false,
  "load_on_demand" : false
}, {
  "id" : 4124007201909,
  "text" : "УИК №315",
  "href" : "region/izbirkom?action=show&root=122000012&tvd=4124007201909&vrn=100100225883172&prver=0&pronetvd=null&region=12&sub_region=12",
  "prver" : "0",
  "isUik" : true,
  "selected" : false,
  "load_on_demand" : false
}, {
  "id" : 4124007201910,
  "text" : "УИК №316",
  "href" : "region/izbirkom?action=show&root=122000012&tvd=4124007201910&vrn=100100225883172&prver=0&pronetvd=null&region=12&sub_region=12",
  "prver" : "0",
  "isUik" : true,
  "selected" : false,
  "load_on_demand" : false
}, {
  "id" : 4124007201911,
  "text" : "УИК №317",
  "href" : "region/izbirkom?action=show&root=122000012&tvd=4124007201911&vrn=100100225883172&prver=0&pronetvd=null&region=12&sub_region=12",
  "prver" : "0",
  "isUik" : true,
  "selected" : false,
  "load_on_demand" : false
}, {
  "id" : 4124007201912,
  "text" : "УИК №318",
  "href" : "region/izbirkom?action=show&root=122000012&tvd=4124007201912&vrn=100100225883172&prver=0&pronetvd=null&region=12&sub_region=12",
  "prver" : "0",
  "isUik" : true,
  "selected" : false,
  "load_on_demand" : false
}, {
  "id" : 4124007201913,
  "text" : "УИК №319",
  "href" : "region/izbirkom?action=show&root=122000012&tvd=4124007201913&vrn=100100225883172&prver=0&pronetvd=null&region=12&sub_region=12",
  "prver" : "0",
  "isUik" : true,
  "selected" : false,
  "load_on_demand" : false
}, {
  "id" : 4124007201914,
  "text" : "УИК №320",
  "href" : "region/izbirkom?action=show&root=122000012&tvd=4124007201914&vrn=100100225883172&prver=0&pronetvd=null&region=12&sub_region=12",
  "prver" : "0",
  "isUik" : true,
  "selected" : false,
  "load_on_demand" : false
}, {
  "id" : 4124007201915,
  "text" : "УИК №321",
  "href" : "region/izbirkom?action=show&root=122000012&tvd=4124007201915&vrn=100100225883172&prver=0&pronetvd=null&region=12&sub_region=12",
  "prver" : "0",
  "isUik" : true,
  "selected" : false,
  "load_on_demand" : false
}, {
  "id" : 4124007201916,
  "text" : "УИК №322",
  "href" : "region/izbirkom?action=show&root=122000012&tvd=4124007201916&vrn=100100225883172&prver=0&pronetvd=null&region=12&sub_region=12",
  "prver" : "0",
  "isUik" : true,
  "selected" : false,
  "load_on_demand" : false
}, {
  "id" : 4124007201917,
  "text" : "УИК №323",
  "href" : "region/izbirkom?action=show&root=122000012&tvd=4124007201917&vrn=100100225883172&prver=0&pronetvd=null&region=12&sub_region=12",
  "prver" : "0",
  "isUik" : true,
  "selected" : false,
  "load_on_demand" : false
}, {
  "id" : 4124007201918,
  "text" : "УИК №324",
  "href" : "region/izbirkom?action=show&root=122000012&tvd=4124007201918&vrn=100100225883172&prver=0&pronetvd=null&region=12&sub_region=12",
  "prver" : "0",
  "isUik" : true,
  "selected" : false,
  "load_on_demand" : false
}, {
  "id" : 4124007201919,
  "text" : "УИК №325",
  "href" : "region/izbirkom?action=show&root=122000012&tvd=4124007201919&vrn=100100225883172&prver=0&pronetvd=null&region=12&sub_region=12",
  "prver" : "0",
  "isUik" : true,
  "selected" : false,
  "load_on_demand" : false
}, {
  "id" : 4124007201920,
  "text" : "УИК №326",
  "href" : "region/izbirkom?action=show&root=122000012&tvd=4124007201920&vrn=100100225883172&prver=0&pronetvd=null&region=12&sub_region=12",
  "prver" : "0",
  "isUik" : true,
  "selected" : false,
  "load_on_demand" : false
}, {
  "id" : 4124007201921,
  "text" : "УИК №328",
  "href" : "region/izbirkom?action=show&root=122000012&tvd=4124007201921&vrn=100100225883172&prver=0&pronetvd=null&region=12&sub_region=12",
  "prver" : "0",
  "isUik" : true,
  "selected" : false,
  "load_on_demand" : false
}, {
  "id" : 4124007201922,
  "text" : "УИК №329",
  "href" : "region/izbirkom?action=show&root=122000012&tvd=4124007201922&vrn=100100225883172&prver=0&pronetvd=null&region=12&sub_region=12",
  "prver" : "0",
  "isUik" : true,
  "selected" : false,
  "load_on_demand" : false
} ]