[ {
  "id" : 4124018334211,
  "text" : "УИК №62",
  "href" : "region/izbirkom?action=show&root=122000001&tvd=4124018334211&vrn=100100225883172&prver=0&pronetvd=null&region=12&sub_region=12",
  "prver" : "0",
  "isUik" : true,
  "selected" : false,
  "load_on_demand" : false
}, {
  "id" : 4124018334212,
  "text" : "УИК №63",
  "href" : "region/izbirkom?action=show&root=122000001&tvd=4124018334212&vrn=100100225883172&prver=0&pronetvd=null&region=12&sub_region=12",
  "prver" : "0",
  "isUik" : true,
  "selected" : false,
  "load_on_demand" : false
}, {
  "id" : 4124018334213,
  "text" : "УИК №64",
  "href" : "region/izbirkom?action=show&root=122000001&tvd=4124018334213&vrn=100100225883172&prver=0&pronetvd=null&region=12&sub_region=12",
  "prver" : "0",
  "isUik" : true,
  "selected" : false,
  "load_on_demand" : false
}, {
  "id" : 4124018334214,
  "text" : "УИК №65",
  "href" : "region/izbirkom?action=show&root=122000001&tvd=4124018334214&vrn=100100225883172&prver=0&pronetvd=null&region=12&sub_region=12",
  "prver" : "0",
  "isUik" : true,
  "selected" : false,
  "load_on_demand" : false
}, {
  "id" : 4124018334215,
  "text" : "УИК №66",
  "href" : "region/izbirkom?action=show&root=122000001&tvd=4124018334215&vrn=100100225883172&prver=0&pronetvd=null&region=12&sub_region=12",
  "prver" : "0",
  "isUik" : true,
  "selected" : false,
  "load_on_demand" : false
}, {
  "id" : 4124018334216,
  "text" : "УИК №67",
  "href" : "region/izbirkom?action=show&root=122000001&tvd=4124018334216&vrn=100100225883172&prver=0&pronetvd=null&region=12&sub_region=12",
  "prver" : "0",
  "isUik" : true,
  "selected" : false,
  "load_on_demand" : false
}, {
  "id" : 4124018334217,
  "text" : "УИК №68",
  "href" : "region/izbirkom?action=show&root=122000001&tvd=4124018334217&vrn=100100225883172&prver=0&pronetvd=null&region=12&sub_region=12",
  "prver" : "0",
  "isUik" : true,
  "selected" : false,
  "load_on_demand" : false
}, {
  "id" : 4124018334218,
  "text" : "УИК №69",
  "href" : "region/izbirkom?action=show&root=122000001&tvd=4124018334218&vrn=100100225883172&prver=0&pronetvd=null&region=12&sub_region=12",
  "prver" : "0",
  "isUik" : true,
  "selected" : false,
  "load_on_demand" : false
}, {
  "id" : 4124018334219,
  "text" : "УИК №70",
  "href" : "region/izbirkom?action=show&root=122000001&tvd=4124018334219&vrn=100100225883172&prver=0&pronetvd=null&region=12&sub_region=12",
  "prver" : "0",
  "isUik" : true,
  "selected" : false,
  "load_on_demand" : false
}, {
  "id" : 4124018334220,
  "text" : "УИК №71",
  "href" : "region/izbirkom?action=show&root=122000001&tvd=4124018334220&vrn=100100225883172&prver=0&pronetvd=null&region=12&sub_region=12",
  "prver" : "0",
  "isUik" : true,
  "selected" : false,
  "load_on_demand" : false
}, {
  "id" : 4124018334221,
  "text" : "УИК №72",
  "href" : "region/izbirkom?action=show&root=122000001&tvd=4124018334221&vrn=100100225883172&prver=0&pronetvd=null&region=12&sub_region=12",
  "prver" : "0",
  "isUik" : true,
  "selected" : false,
  "load_on_demand" : false
}, {
  "id" : 4124018334222,
  "text" : "УИК №73",
  "href" : "region/izbirkom?action=show&root=122000001&tvd=4124018334222&vrn=100100225883172&prver=0&pronetvd=null&region=12&sub_region=12",
  "prver" : "0",
  "isUik" : true,
  "selected" : false,
  "load_on_demand" : false
}, {
  "id" : 4124018334223,
  "text" : "УИК №74",
  "href" : "region/izbirkom?action=show&root=122000001&tvd=4124018334223&vrn=100100225883172&prver=0&pronetvd=null&region=12&sub_region=12",
  "prver" : "0",
  "isUik" : true,
  "selected" : false,
  "load_on_demand" : false
}, {
  "id" : 4124018334224,
  "text" : "УИК №75",
  "href" : "region/izbirkom?action=show&root=122000001&tvd=4124018334224&vrn=100100225883172&prver=0&pronetvd=null&region=12&sub_region=12",
  "prver" : "0",
  "isUik" : true,
  "selected" : false,
  "load_on_demand" : false
}, {
  "id" : 4124018334225,
  "text" : "УИК №76",
  "href" : "region/izbirkom?action=show&root=122000001&tvd=4124018334225&vrn=100100225883172&prver=0&pronetvd=null&region=12&sub_region=12",
  "prver" : "0",
  "isUik" : true,
  "selected" : false,
  "load_on_demand" : false
}, {
  "id" : 4124018334226,
  "text" : "УИК №77",
  "href" : "region/izbirkom?action=show&root=122000001&tvd=4124018334226&vrn=100100225883172&prver=0&pronetvd=null&region=12&sub_region=12",
  "prver" : "0",
  "isUik" : true,
  "selected" : false,
  "load_on_demand" : false
}, {
  "id" : 4124018334227,
  "text" : "УИК №78",
  "href" : "region/izbirkom?action=show&root=122000001&tvd=4124018334227&vrn=100100225883172&prver=0&pronetvd=null&region=12&sub_region=12",
  "prver" : "0",
  "isUik" : true,
  "selected" : false,
  "load_on_demand" : false
}, {
  "id" : 4124018334228,
  "text" : "УИК №79",
  "href" : "region/izbirkom?action=show&root=122000001&tvd=4124018334228&vrn=100100225883172&prver=0&pronetvd=null&region=12&sub_region=12",
  "prver" : "0",
  "isUik" : true,
  "selected" : false,
  "load_on_demand" : false
}, {
  "id" : 4124018334229,
  "text" : "УИК №80",
  "href" : "region/izbirkom?action=show&root=122000001&tvd=4124018334229&vrn=100100225883172&prver=0&pronetvd=null&region=12&sub_region=12",
  "prver" : "0",
  "isUik" : true,
  "selected" : false,
  "load_on_demand" : false
}, {
  "id" : 4124018334230,
  "text" : "УИК №81",
  "href" : "region/izbirkom?action=show&root=122000001&tvd=4124018334230&vrn=100100225883172&prver=0&pronetvd=null&region=12&sub_region=12",
  "prver" : "0",
  "isUik" : true,
  "selected" : false,
  "load_on_demand" : false
}, {
  "id" : 4124018334231,
  "text" : "УИК №82",
  "href" : "region/izbirkom?action=show&root=122000001&tvd=4124018334231&vrn=100100225883172&prver=0&pronetvd=null&region=12&sub_region=12",
  "prver" : "0",
  "isUik" : true,
  "selected" : false,
  "load_on_demand" : false
}, {
  "id" : 4124018334232,
  "text" : "УИК №83",
  "href" : "region/izbirkom?action=show&root=122000001&tvd=4124018334232&vrn=100100225883172&prver=0&pronetvd=null&region=12&sub_region=12",
  "prver" : "0",
  "isUik" : true,
  "selected" : false,
  "load_on_demand" : false
}, {
  "id" : 4124018334233,
  "text" : "УИК №84",
  "href" : "region/izbirkom?action=show&root=122000001&tvd=4124018334233&vrn=100100225883172&prver=0&pronetvd=null&region=12&sub_region=12",
  "prver" : "0",
  "isUik" : true,
  "selected" : false,
  "load_on_demand" : false
}, {
  "id" : 4124018334234,
  "text" : "УИК №85",
  "href" : "region/izbirkom?action=show&root=122000001&tvd=4124018334234&vrn=100100225883172&prver=0&pronetvd=null&region=12&sub_region=12",
  "prver" : "0",
  "isUik" : true,
  "selected" : false,
  "load_on_demand" : false
}, {
  "id" : 4124018334235,
  "text" : "УИК №86",
  "href" : "region/izbirkom?action=show&root=122000001&tvd=4124018334235&vrn=100100225883172&prver=0&pronetvd=null&region=12&sub_region=12",
  "prver" : "0",
  "isUik" : true,
  "selected" : false,
  "load_on_demand" : false
}, {
  "id" : 4124018334236,
  "text" : "УИК №87",
  "href" : "region/izbirkom?action=show&root=122000001&tvd=4124018334236&vrn=100100225883172&prver=0&pronetvd=null&region=12&sub_region=12",
  "prver" : "0",
  "isUik" : true,
  "selected" : false,
  "load_on_demand" : false
}, {
  "id" : 4124018334237,
  "text" : "УИК №88",
  "href" : "region/izbirkom?action=show&root=122000001&tvd=4124018334237&vrn=100100225883172&prver=0&pronetvd=null&region=12&sub_region=12",
  "prver" : "0",
  "isUik" : true,
  "selected" : false,
  "load_on_demand" : false
}, {
  "id" : 4124018334238,
  "text" : "УИК №89",
  "href" : "region/izbirkom?action=show&root=122000001&tvd=4124018334238&vrn=100100225883172&prver=0&pronetvd=null&region=12&sub_region=12",
  "prver" : "0",
  "isUik" : true,
  "selected" : false,
  "load_on_demand" : false
}, {
  "id" : 4124018334239,
  "text" : "УИК №90",
  "href" : "region/izbirkom?action=show&root=122000001&tvd=4124018334239&vrn=100100225883172&prver=0&pronetvd=null&region=12&sub_region=12",
  "prver" : "0",
  "isUik" : true,
  "selected" : false,
  "load_on_demand" : false
}, {
  "id" : 4124018334240,
  "text" : "УИК №91",
  "href" : "region/izbirkom?action=show&root=122000001&tvd=4124018334240&vrn=100100225883172&prver=0&pronetvd=null&region=12&sub_region=12",
  "prver" : "0",
  "isUik" : true,
  "selected" : false,
  "load_on_demand" : false
}, {
  "id" : 4124018334241,
  "text" : "УИК №92",
  "href" : "region/izbirkom?action=show&root=122000001&tvd=4124018334241&vrn=100100225883172&prver=0&pronetvd=null&region=12&sub_region=12",
  "prver" : "0",
  "isUik" : true,
  "selected" : false,
  "load_on_demand" : false
}, {
  "id" : 4124018334242,
  "text" : "УИК №93",
  "href" : "region/izbirkom?action=show&root=122000001&tvd=4124018334242&vrn=100100225883172&prver=0&pronetvd=null&region=12&sub_region=12",
  "prver" : "0",
  "isUik" : true,
  "selected" : false,
  "load_on_demand" : false
}, {
  "id" : 4124018334243,
  "text" : "УИК №94",
  "href" : "region/izbirkom?action=show&root=122000001&tvd=4124018334243&vrn=100100225883172&prver=0&pronetvd=null&region=12&sub_region=12",
  "prver" : "0",
  "isUik" : true,
  "selected" : false,
  "load_on_demand" : false
}, {
  "id" : 4124018334244,
  "text" : "УИК №95",
  "href" : "region/izbirkom?action=show&root=122000001&tvd=4124018334244&vrn=100100225883172&prver=0&pronetvd=null&region=12&sub_region=12",
  "prver" : "0",
  "isUik" : true,
  "selected" : false,
  "load_on_demand" : false
}, {
  "id" : 4124018334245,
  "text" : "УИК №96",
  "href" : "region/izbirkom?action=show&root=122000001&tvd=4124018334245&vrn=100100225883172&prver=0&pronetvd=null&region=12&sub_region=12",
  "prver" : "0",
  "isUik" : true,
  "selected" : false,
  "load_on_demand" : false
}, {
  "id" : 4124018334246,
  "text" : "УИК №97",
  "href" : "region/izbirkom?action=show&root=122000001&tvd=4124018334246&vrn=100100225883172&prver=0&pronetvd=null&region=12&sub_region=12",
  "prver" : "0",
  "isUik" : true,
  "selected" : false,
  "load_on_demand" : false
}, {
  "id" : 4124018334247,
  "text" : "УИК №98",
  "href" : "region/izbirkom?action=show&root=122000001&tvd=4124018334247&vrn=100100225883172&prver=0&pronetvd=null&region=12&sub_region=12",
  "prver" : "0",
  "isUik" : true,
  "selected" : false,
  "load_on_demand" : false
}, {
  "id" : 4124018334248,
  "text" : "УИК №99",
  "href" : "region/izbirkom?action=show&root=122000001&tvd=4124018334248&vrn=100100225883172&prver=0&pronetvd=null&region=12&sub_region=12",
  "prver" : "0",
  "isUik" : true,
  "selected" : false,
  "load_on_demand" : false
}, {
  "id" : 4124018334249,
  "text" : "УИК №100",
  "href" : "region/izbirkom?action=show&root=122000001&tvd=4124018334249&vrn=100100225883172&prver=0&pronetvd=null&region=12&sub_region=12",
  "prver" : "0",
  "isUik" : true,
  "selected" : false,
  "load_on_demand" : false
}, {
  "id" : 4124018334250,
  "text" : "УИК №101",
  "href" : "region/izbirkom?action=show&root=122000001&tvd=4124018334250&vrn=100100225883172&prver=0&pronetvd=null&region=12&sub_region=12",
  "prver" : "0",
  "isUik" : true,
  "selected" : false,
  "load_on_demand" : false
}, {
  "id" : 4124018334251,
  "text" : "УИК №102",
  "href" : "region/izbirkom?action=show&root=122000001&tvd=4124018334251&vrn=100100225883172&prver=0&pronetvd=null&region=12&sub_region=12",
  "prver" : "0",
  "isUik" : true,
  "selected" : false,
  "load_on_demand" : false
}, {
  "id" : 4124018334252,
  "text" : "УИК №103",
  "href" : "region/izbirkom?action=show&root=122000001&tvd=4124018334252&vrn=100100225883172&prver=0&pronetvd=null&region=12&sub_region=12",
  "prver" : "0",
  "isUik" : true,
  "selected" : false,
  "load_on_demand" : false
}, {
  "id" : 4124018334253,
  "text" : "УИК №104",
  "href" : "region/izbirkom?action=show&root=122000001&tvd=4124018334253&vrn=100100225883172&prver=0&pronetvd=null&region=12&sub_region=12",
  "prver" : "0",
  "isUik" : true,
  "selected" : false,
  "load_on_demand" : false
}, {
  "id" : 4124018334254,
  "text" : "УИК №105",
  "href" : "region/izbirkom?action=show&root=122000001&tvd=4124018334254&vrn=100100225883172&prver=0&pronetvd=null&region=12&sub_region=12",
  "prver" : "0",
  "isUik" : true,
  "selected" : false,
  "load_on_demand" : false
}, {
  "id" : 4124018334255,
  "text" : "УИК №106",
  "href" : "region/izbirkom?action=show&root=122000001&tvd=4124018334255&vrn=100100225883172&prver=0&pronetvd=null&region=12&sub_region=12",
  "prver" : "0",
  "isUik" : true,
  "selected" : false,
  "load_on_demand" : false
}, {
  "id" : 4124018334256,
  "text" : "УИК №107",
  "href" : "region/izbirkom?action=show&root=122000001&tvd=4124018334256&vrn=100100225883172&prver=0&pronetvd=null&region=12&sub_region=12",
  "prver" : "0",
  "isUik" : true,
  "selected" : false,
  "load_on_demand" : false
}, {
  "id" : 4124018334257,
  "text" : "УИК №108",
  "href" : "region/izbirkom?action=show&root=122000001&tvd=4124018334257&vrn=100100225883172&prver=0&pronetvd=null&region=12&sub_region=12",
  "prver" : "0",
  "isUik" : true,
  "selected" : false,
  "load_on_demand" : false
}, {
  "id" : 4124018334258,
  "text" : "УИК №109",
  "href" : "region/izbirkom?action=show&root=122000001&tvd=4124018334258&vrn=100100225883172&prver=0&pronetvd=null&region=12&sub_region=12",
  "prver" : "0",
  "isUik" : true,
  "selected" : false,
  "load_on_demand" : false
}, {
  "id" : 4124018334259,
  "text" : "УИК №110",
  "href" : "region/izbirkom?action=show&root=122000001&tvd=4124018334259&vrn=100100225883172&prver=0&pronetvd=null&region=12&sub_region=12",
  "prver" : "0",
  "isUik" : true,
  "selected" : false,
  "load_on_demand" : false
}, {
  "id" : 4124018334260,
  "text" : "УИК №111",
  "href" : "region/izbirkom?action=show&root=122000001&tvd=4124018334260&vrn=100100225883172&prver=0&pronetvd=null&region=12&sub_region=12",
  "prver" : "0",
  "isUik" : true,
  "selected" : false,
  "load_on_demand" : false
}, {
  "id" : 4124018334261,
  "text" : "УИК №112",
  "href" : "region/izbirkom?action=show&root=122000001&tvd=4124018334261&vrn=100100225883172&prver=0&pronetvd=null&region=12&sub_region=12",
  "prver" : "0",
  "isUik" : true,
  "selected" : false,
  "load_on_demand" : false
}, {
  "id" : 4124018334262,
  "text" : "УИК №113",
  "href" : "region/izbirkom?action=show&root=122000001&tvd=4124018334262&vrn=100100225883172&prver=0&pronetvd=null&region=12&sub_region=12",
  "prver" : "0",
  "isUik" : true,
  "selected" : false,
  "load_on_demand" : false
}, {
  "id" : 4124018334263,
  "text" : "УИК №114",
  "href" : "region/izbirkom?action=show&root=122000001&tvd=4124018334263&vrn=100100225883172&prver=0&pronetvd=null&region=12&sub_region=12",
  "prver" : "0",
  "isUik" : true,
  "selected" : false,
  "load_on_demand" : false
}, {
  "id" : 4124018334264,
  "text" : "УИК №115",
  "href" : "region/izbirkom?action=show&root=122000001&tvd=4124018334264&vrn=100100225883172&prver=0&pronetvd=null&region=12&sub_region=12",
  "prver" : "0",
  "isUik" : true,
  "selected" : false,
  "load_on_demand" : false
}, {
  "id" : 4124018334265,
  "text" : "УИК №116",
  "href" : "region/izbirkom?action=show&root=122000001&tvd=4124018334265&vrn=100100225883172&prver=0&pronetvd=null&region=12&sub_region=12",
  "prver" : "0",
  "isUik" : true,
  "selected" : false,
  "load_on_demand" : false
}, {
  "id" : 4124018334266,
  "text" : "УИК №526",
  "href" : "region/izbirkom?action=show&root=122000001&tvd=4124018334266&vrn=100100225883172&prver=0&pronetvd=null&region=12&sub_region=12",
  "prver" : "0",
  "isUik" : true,
  "selected" : false,
  "load_on_demand" : false
} ]