[ {
  "id" : 4124006196979,
  "text" : "УИК №290",
  "href" : "region/izbirkom?action=show&root=122000013&tvd=4124006196979&vrn=100100225883172&prver=0&pronetvd=null&region=12&sub_region=12",
  "prver" : "0",
  "isUik" : true,
  "selected" : false,
  "load_on_demand" : false
}, {
  "id" : 4124006196980,
  "text" : "УИК №291",
  "href" : "region/izbirkom?action=show&root=122000013&tvd=4124006196980&vrn=100100225883172&prver=0&pronetvd=null&region=12&sub_region=12",
  "prver" : "0",
  "isUik" : true,
  "selected" : false,
  "load_on_demand" : false
}, {
  "id" : 4124006196981,
  "text" : "УИК №292",
  "href" : "region/izbirkom?action=show&root=122000013&tvd=4124006196981&vrn=100100225883172&prver=0&pronetvd=null&region=12&sub_region=12",
  "prver" : "0",
  "isUik" : true,
  "selected" : false,
  "load_on_demand" : false
}, {
  "id" : 4124006196982,
  "text" : "УИК №293",
  "href" : "region/izbirkom?action=show&root=122000013&tvd=4124006196982&vrn=100100225883172&prver=0&pronetvd=null&region=12&sub_region=12",
  "prver" : "0",
  "isUik" : true,
  "selected" : false,
  "load_on_demand" : false
}, {
  "id" : 4124006196983,
  "text" : "УИК №294",
  "href" : "region/izbirkom?action=show&root=122000013&tvd=4124006196983&vrn=100100225883172&prver=0&pronetvd=null&region=12&sub_region=12",
  "prver" : "0",
  "isUik" : true,
  "selected" : false,
  "load_on_demand" : false
}, {
  "id" : 4124006196984,
  "text" : "УИК №295",
  "href" : "region/izbirkom?action=show&root=122000013&tvd=4124006196984&vrn=100100225883172&prver=0&pronetvd=null&region=12&sub_region=12",
  "prver" : "0",
  "isUik" : true,
  "selected" : false,
  "load_on_demand" : false
}, {
  "id" : 4124006196985,
  "text" : "УИК №296",
  "href" : "region/izbirkom?action=show&root=122000013&tvd=4124006196985&vrn=100100225883172&prver=0&pronetvd=null&region=12&sub_region=12",
  "prver" : "0",
  "isUik" : true,
  "selected" : false,
  "load_on_demand" : false
}, {
  "id" : 4124006196986,
  "text" : "УИК №297",
  "href" : "region/izbirkom?action=show&root=122000013&tvd=4124006196986&vrn=100100225883172&prver=0&pronetvd=null&region=12&sub_region=12",
  "prver" : "0",
  "isUik" : true,
  "selected" : false,
  "load_on_demand" : false
}, {
  "id" : 4124006196987,
  "text" : "УИК №298",
  "href" : "region/izbirkom?action=show&root=122000013&tvd=4124006196987&vrn=100100225883172&prver=0&pronetvd=null&region=12&sub_region=12",
  "prver" : "0",
  "isUik" : true,
  "selected" : false,
  "load_on_demand" : false
}, {
  "id" : 4124006196988,
  "text" : "УИК №299",
  "href" : "region/izbirkom?action=show&root=122000013&tvd=4124006196988&vrn=100100225883172&prver=0&pronetvd=null&region=12&sub_region=12",
  "prver" : "0",
  "isUik" : true,
  "selected" : false,
  "load_on_demand" : false
}, {
  "id" : 4124006196989,
  "text" : "УИК №300",
  "href" : "region/izbirkom?action=show&root=122000013&tvd=4124006196989&vrn=100100225883172&prver=0&pronetvd=null&region=12&sub_region=12",
  "prver" : "0",
  "isUik" : true,
  "selected" : false,
  "load_on_demand" : false
}, {
  "id" : 4124006196990,
  "text" : "УИК №301",
  "href" : "region/izbirkom?action=show&root=122000013&tvd=4124006196990&vrn=100100225883172&prver=0&pronetvd=null&region=12&sub_region=12",
  "prver" : "0",
  "isUik" : true,
  "selected" : false,
  "load_on_demand" : false
}, {
  "id" : 4124006196991,
  "text" : "УИК №302",
  "href" : "region/izbirkom?action=show&root=122000013&tvd=4124006196991&vrn=100100225883172&prver=0&pronetvd=null&region=12&sub_region=12",
  "prver" : "0",
  "isUik" : true,
  "selected" : false,
  "load_on_demand" : false
}, {
  "id" : 4124006196992,
  "text" : "УИК №303",
  "href" : "region/izbirkom?action=show&root=122000013&tvd=4124006196992&vrn=100100225883172&prver=0&pronetvd=null&region=12&sub_region=12",
  "prver" : "0",
  "isUik" : true,
  "selected" : false,
  "load_on_demand" : false
}, {
  "id" : 4124006196993,
  "text" : "УИК №304",
  "href" : "region/izbirkom?action=show&root=122000013&tvd=4124006196993&vrn=100100225883172&prver=0&pronetvd=null&region=12&sub_region=12",
  "prver" : "0",
  "isUik" : true,
  "selected" : false,
  "load_on_demand" : false
}, {
  "id" : 4124006196994,
  "text" : "УИК №305",
  "href" : "region/izbirkom?action=show&root=122000013&tvd=4124006196994&vrn=100100225883172&prver=0&pronetvd=null&region=12&sub_region=12",
  "prver" : "0",
  "isUik" : true,
  "selected" : false,
  "load_on_demand" : false
}, {
  "id" : 4124006196995,
  "text" : "УИК №306",
  "href" : "region/izbirkom?action=show&root=122000013&tvd=4124006196995&vrn=100100225883172&prver=0&pronetvd=null&region=12&sub_region=12",
  "prver" : "0",
  "isUik" : true,
  "selected" : false,
  "load_on_demand" : false
}, {
  "id" : 4124006196996,
  "text" : "УИК №307",
  "href" : "region/izbirkom?action=show&root=122000013&tvd=4124006196996&vrn=100100225883172&prver=0&pronetvd=null&region=12&sub_region=12",
  "prver" : "0",
  "isUik" : true,
  "selected" : false,
  "load_on_demand" : false
} ]