[ {
  "id" : 4124011206698,
  "text" : "УИК №432",
  "href" : "region/izbirkom?action=show&root=122000008&tvd=4124011206698&vrn=100100225883172&prver=0&pronetvd=null&region=12&sub_region=12",
  "prver" : "0",
  "isUik" : true,
  "selected" : false,
  "load_on_demand" : false
}, {
  "id" : 4124011206699,
  "text" : "УИК №433",
  "href" : "region/izbirkom?action=show&root=122000008&tvd=4124011206699&vrn=100100225883172&prver=0&pronetvd=null&region=12&sub_region=12",
  "prver" : "0",
  "isUik" : true,
  "selected" : false,
  "load_on_demand" : false
}, {
  "id" : 4124011206700,
  "text" : "УИК №434",
  "href" : "region/izbirkom?action=show&root=122000008&tvd=4124011206700&vrn=100100225883172&prver=0&pronetvd=null&region=12&sub_region=12",
  "prver" : "0",
  "isUik" : true,
  "selected" : false,
  "load_on_demand" : false
}, {
  "id" : 4124011206701,
  "text" : "УИК №435",
  "href" : "region/izbirkom?action=show&root=122000008&tvd=4124011206701&vrn=100100225883172&prver=0&pronetvd=null&region=12&sub_region=12",
  "prver" : "0",
  "isUik" : true,
  "selected" : false,
  "load_on_demand" : false
}, {
  "id" : 4124011206702,
  "text" : "УИК №436",
  "href" : "region/izbirkom?action=show&root=122000008&tvd=4124011206702&vrn=100100225883172&prver=0&pronetvd=null&region=12&sub_region=12",
  "prver" : "0",
  "isUik" : true,
  "selected" : false,
  "load_on_demand" : false
}, {
  "id" : 4124011206703,
  "text" : "УИК №437",
  "href" : "region/izbirkom?action=show&root=122000008&tvd=4124011206703&vrn=100100225883172&prver=0&pronetvd=null&region=12&sub_region=12",
  "prver" : "0",
  "isUik" : true,
  "selected" : false,
  "load_on_demand" : false
}, {
  "id" : 4124011206704,
  "text" : "УИК №438",
  "href" : "region/izbirkom?action=show&root=122000008&tvd=4124011206704&vrn=100100225883172&prver=0&pronetvd=null&region=12&sub_region=12",
  "prver" : "0",
  "isUik" : true,
  "selected" : false,
  "load_on_demand" : false
}, {
  "id" : 4124011206705,
  "text" : "УИК №439",
  "href" : "region/izbirkom?action=show&root=122000008&tvd=4124011206705&vrn=100100225883172&prver=0&pronetvd=null&region=12&sub_region=12",
  "prver" : "0",
  "isUik" : true,
  "selected" : false,
  "load_on_demand" : false
}, {
  "id" : 4124011206706,
  "text" : "УИК №440",
  "href" : "region/izbirkom?action=show&root=122000008&tvd=4124011206706&vrn=100100225883172&prver=0&pronetvd=null&region=12&sub_region=12",
  "prver" : "0",
  "isUik" : true,
  "selected" : false,
  "load_on_demand" : false
}, {
  "id" : 4124011206707,
  "text" : "УИК №441",
  "href" : "region/izbirkom?action=show&root=122000008&tvd=4124011206707&vrn=100100225883172&prver=0&pronetvd=null&region=12&sub_region=12",
  "prver" : "0",
  "isUik" : true,
  "selected" : false,
  "load_on_demand" : false
}, {
  "id" : 4124011206708,
  "text" : "УИК №442",
  "href" : "region/izbirkom?action=show&root=122000008&tvd=4124011206708&vrn=100100225883172&prver=0&pronetvd=null&region=12&sub_region=12",
  "prver" : "0",
  "isUik" : true,
  "selected" : false,
  "load_on_demand" : false
}, {
  "id" : 4124011206709,
  "text" : "УИК №443",
  "href" : "region/izbirkom?action=show&root=122000008&tvd=4124011206709&vrn=100100225883172&prver=0&pronetvd=null&region=12&sub_region=12",
  "prver" : "0",
  "isUik" : true,
  "selected" : false,
  "load_on_demand" : false
}, {
  "id" : 4124011206710,
  "text" : "УИК №444",
  "href" : "region/izbirkom?action=show&root=122000008&tvd=4124011206710&vrn=100100225883172&prver=0&pronetvd=null&region=12&sub_region=12",
  "prver" : "0",
  "isUik" : true,
  "selected" : false,
  "load_on_demand" : false
}, {
  "id" : 4124011206711,
  "text" : "УИК №445",
  "href" : "region/izbirkom?action=show&root=122000008&tvd=4124011206711&vrn=100100225883172&prver=0&pronetvd=null&region=12&sub_region=12",
  "prver" : "0",
  "isUik" : true,
  "selected" : false,
  "load_on_demand" : false
}, {
  "id" : 4124011206712,
  "text" : "УИК №446",
  "href" : "region/izbirkom?action=show&root=122000008&tvd=4124011206712&vrn=100100225883172&prver=0&pronetvd=null&region=12&sub_region=12",
  "prver" : "0",
  "isUik" : true,
  "selected" : false,
  "load_on_demand" : false
}, {
  "id" : 4124011206713,
  "text" : "УИК №447",
  "href" : "region/izbirkom?action=show&root=122000008&tvd=4124011206713&vrn=100100225883172&prver=0&pronetvd=null&region=12&sub_region=12",
  "prver" : "0",
  "isUik" : true,
  "selected" : false,
  "load_on_demand" : false
}, {
  "id" : 4124011206714,
  "text" : "УИК №448",
  "href" : "region/izbirkom?action=show&root=122000008&tvd=4124011206714&vrn=100100225883172&prver=0&pronetvd=null&region=12&sub_region=12",
  "prver" : "0",
  "isUik" : true,
  "selected" : false,
  "load_on_demand" : false
} ]