[ {
  "id" : 4124012199329,
  "text" : "УИК №449",
  "href" : "region/izbirkom?action=show&root=122000007&tvd=4124012199329&vrn=100100225883172&prver=0&pronetvd=null&region=12&sub_region=12",
  "prver" : "0",
  "isUik" : true,
  "selected" : false,
  "load_on_demand" : false
}, {
  "id" : 4124012199330,
  "text" : "УИК №450",
  "href" : "region/izbirkom?action=show&root=122000007&tvd=4124012199330&vrn=100100225883172&prver=0&pronetvd=null&region=12&sub_region=12",
  "prver" : "0",
  "isUik" : true,
  "selected" : false,
  "load_on_demand" : false
}, {
  "id" : 4124012199331,
  "text" : "УИК №451",
  "href" : "region/izbirkom?action=show&root=122000007&tvd=4124012199331&vrn=100100225883172&prver=0&pronetvd=null&region=12&sub_region=12",
  "prver" : "0",
  "isUik" : true,
  "selected" : false,
  "load_on_demand" : false
}, {
  "id" : 4124012199332,
  "text" : "УИК №452",
  "href" : "region/izbirkom?action=show&root=122000007&tvd=4124012199332&vrn=100100225883172&prver=0&pronetvd=null&region=12&sub_region=12",
  "prver" : "0",
  "isUik" : true,
  "selected" : false,
  "load_on_demand" : false
}, {
  "id" : 4124012199333,
  "text" : "УИК №453",
  "href" : "region/izbirkom?action=show&root=122000007&tvd=4124012199333&vrn=100100225883172&prver=0&pronetvd=null&region=12&sub_region=12",
  "prver" : "0",
  "isUik" : true,
  "selected" : false,
  "load_on_demand" : false
}, {
  "id" : 4124012199334,
  "text" : "УИК №454",
  "href" : "region/izbirkom?action=show&root=122000007&tvd=4124012199334&vrn=100100225883172&prver=0&pronetvd=null&region=12&sub_region=12",
  "prver" : "0",
  "isUik" : true,
  "selected" : false,
  "load_on_demand" : false
}, {
  "id" : 4124012199335,
  "text" : "УИК №455",
  "href" : "region/izbirkom?action=show&root=122000007&tvd=4124012199335&vrn=100100225883172&prver=0&pronetvd=null&region=12&sub_region=12",
  "prver" : "0",
  "isUik" : true,
  "selected" : false,
  "load_on_demand" : false
}, {
  "id" : 4124012199336,
  "text" : "УИК №456",
  "href" : "region/izbirkom?action=show&root=122000007&tvd=4124012199336&vrn=100100225883172&prver=0&pronetvd=null&region=12&sub_region=12",
  "prver" : "0",
  "isUik" : true,
  "selected" : false,
  "load_on_demand" : false
}, {
  "id" : 4124012199337,
  "text" : "УИК №457",
  "href" : "region/izbirkom?action=show&root=122000007&tvd=4124012199337&vrn=100100225883172&prver=0&pronetvd=null&region=12&sub_region=12",
  "prver" : "0",
  "isUik" : true,
  "selected" : false,
  "load_on_demand" : false
}, {
  "id" : 4124012199338,
  "text" : "УИК №458",
  "href" : "region/izbirkom?action=show&root=122000007&tvd=4124012199338&vrn=100100225883172&prver=0&pronetvd=null&region=12&sub_region=12",
  "prver" : "0",
  "isUik" : true,
  "selected" : false,
  "load_on_demand" : false
}, {
  "id" : 4124012199339,
  "text" : "УИК №459",
  "href" : "region/izbirkom?action=show&root=122000007&tvd=4124012199339&vrn=100100225883172&prver=0&pronetvd=null&region=12&sub_region=12",
  "prver" : "0",
  "isUik" : true,
  "selected" : false,
  "load_on_demand" : false
}, {
  "id" : 4124012199340,
  "text" : "УИК №460",
  "href" : "region/izbirkom?action=show&root=122000007&tvd=4124012199340&vrn=100100225883172&prver=0&pronetvd=null&region=12&sub_region=12",
  "prver" : "0",
  "isUik" : true,
  "selected" : false,
  "load_on_demand" : false
}, {
  "id" : 4124012199341,
  "text" : "УИК №461",
  "href" : "region/izbirkom?action=show&root=122000007&tvd=4124012199341&vrn=100100225883172&prver=0&pronetvd=null&region=12&sub_region=12",
  "prver" : "0",
  "isUik" : true,
  "selected" : false,
  "load_on_demand" : false
}, {
  "id" : 4124012199342,
  "text" : "УИК №462",
  "href" : "region/izbirkom?action=show&root=122000007&tvd=4124012199342&vrn=100100225883172&prver=0&pronetvd=null&region=12&sub_region=12",
  "prver" : "0",
  "isUik" : true,
  "selected" : false,
  "load_on_demand" : false
}, {
  "id" : 4124012199343,
  "text" : "УИК №463",
  "href" : "region/izbirkom?action=show&root=122000007&tvd=4124012199343&vrn=100100225883172&prver=0&pronetvd=null&region=12&sub_region=12",
  "prver" : "0",
  "isUik" : true,
  "selected" : false,
  "load_on_demand" : false
}, {
  "id" : 4124012199344,
  "text" : "УИК №464",
  "href" : "region/izbirkom?action=show&root=122000007&tvd=4124012199344&vrn=100100225883172&prver=0&pronetvd=null&region=12&sub_region=12",
  "prver" : "0",
  "isUik" : true,
  "selected" : false,
  "load_on_demand" : false
} ]