[ {
  "id" : 4124014223934,
  "text" : "УИК №491",
  "href" : "region/izbirkom?action=show&root=122000005&tvd=4124014223934&vrn=100100225883172&prver=0&pronetvd=null&region=12&sub_region=12",
  "prver" : "0",
  "isUik" : true,
  "selected" : false,
  "load_on_demand" : false
}, {
  "id" : 4124014223935,
  "text" : "УИК №492",
  "href" : "region/izbirkom?action=show&root=122000005&tvd=4124014223935&vrn=100100225883172&prver=0&pronetvd=null&region=12&sub_region=12",
  "prver" : "0",
  "isUik" : true,
  "selected" : false,
  "load_on_demand" : false
}, {
  "id" : 4124014223936,
  "text" : "УИК №493",
  "href" : "region/izbirkom?action=show&root=122000005&tvd=4124014223936&vrn=100100225883172&prver=0&pronetvd=null&region=12&sub_region=12",
  "prver" : "0",
  "isUik" : true,
  "selected" : false,
  "load_on_demand" : false
}, {
  "id" : 4124014223937,
  "text" : "УИК №494",
  "href" : "region/izbirkom?action=show&root=122000005&tvd=4124014223937&vrn=100100225883172&prver=0&pronetvd=null&region=12&sub_region=12",
  "prver" : "0",
  "isUik" : true,
  "selected" : false,
  "load_on_demand" : false
}, {
  "id" : 4124014223938,
  "text" : "УИК №495",
  "href" : "region/izbirkom?action=show&root=122000005&tvd=4124014223938&vrn=100100225883172&prver=0&pronetvd=null&region=12&sub_region=12",
  "prver" : "0",
  "isUik" : true,
  "selected" : false,
  "load_on_demand" : false
}, {
  "id" : 4124014223939,
  "text" : "УИК №496",
  "href" : "region/izbirkom?action=show&root=122000005&tvd=4124014223939&vrn=100100225883172&prver=0&pronetvd=null&region=12&sub_region=12",
  "prver" : "0",
  "isUik" : true,
  "selected" : false,
  "load_on_demand" : false
}, {
  "id" : 4124014223940,
  "text" : "УИК №497",
  "href" : "region/izbirkom?action=show&root=122000005&tvd=4124014223940&vrn=100100225883172&prver=0&pronetvd=null&region=12&sub_region=12",
  "prver" : "0",
  "isUik" : true,
  "selected" : false,
  "load_on_demand" : false
}, {
  "id" : 4124014223941,
  "text" : "УИК №498",
  "href" : "region/izbirkom?action=show&root=122000005&tvd=4124014223941&vrn=100100225883172&prver=0&pronetvd=null&region=12&sub_region=12",
  "prver" : "0",
  "isUik" : true,
  "selected" : false,
  "load_on_demand" : false
}, {
  "id" : 4124014223942,
  "text" : "УИК №499",
  "href" : "region/izbirkom?action=show&root=122000005&tvd=4124014223942&vrn=100100225883172&prver=0&pronetvd=null&region=12&sub_region=12",
  "prver" : "0",
  "isUik" : true,
  "selected" : false,
  "load_on_demand" : false
}, {
  "id" : 4124014223943,
  "text" : "УИК №500",
  "href" : "region/izbirkom?action=show&root=122000005&tvd=4124014223943&vrn=100100225883172&prver=0&pronetvd=null&region=12&sub_region=12",
  "prver" : "0",
  "isUik" : true,
  "selected" : false,
  "load_on_demand" : false
}, {
  "id" : 4124014223944,
  "text" : "УИК №501",
  "href" : "region/izbirkom?action=show&root=122000005&tvd=4124014223944&vrn=100100225883172&prver=0&pronetvd=null&region=12&sub_region=12",
  "prver" : "0",
  "isUik" : true,
  "selected" : false,
  "load_on_demand" : false
}, {
  "id" : 4124014223945,
  "text" : "УИК №502",
  "href" : "region/izbirkom?action=show&root=122000005&tvd=4124014223945&vrn=100100225883172&prver=0&pronetvd=null&region=12&sub_region=12",
  "prver" : "0",
  "isUik" : true,
  "selected" : false,
  "load_on_demand" : false
}, {
  "id" : 4124014223946,
  "text" : "УИК №503",
  "href" : "region/izbirkom?action=show&root=122000005&tvd=4124014223946&vrn=100100225883172&prver=0&pronetvd=null&region=12&sub_region=12",
  "prver" : "0",
  "isUik" : true,
  "selected" : false,
  "load_on_demand" : false
}, {
  "id" : 4124014223947,
  "text" : "УИК №504",
  "href" : "region/izbirkom?action=show&root=122000005&tvd=4124014223947&vrn=100100225883172&prver=0&pronetvd=null&region=12&sub_region=12",
  "prver" : "0",
  "isUik" : true,
  "selected" : false,
  "load_on_demand" : false
}, {
  "id" : 4124014223948,
  "text" : "УИК №505",
  "href" : "region/izbirkom?action=show&root=122000005&tvd=4124014223948&vrn=100100225883172&prver=0&pronetvd=null&region=12&sub_region=12",
  "prver" : "0",
  "isUik" : true,
  "selected" : false,
  "load_on_demand" : false
}, {
  "id" : 4124014223949,
  "text" : "УИК №506",
  "href" : "region/izbirkom?action=show&root=122000005&tvd=4124014223949&vrn=100100225883172&prver=0&pronetvd=null&region=12&sub_region=12",
  "prver" : "0",
  "isUik" : true,
  "selected" : false,
  "load_on_demand" : false
}, {
  "id" : 4124014223950,
  "text" : "УИК №507",
  "href" : "region/izbirkom?action=show&root=122000005&tvd=4124014223950&vrn=100100225883172&prver=0&pronetvd=null&region=12&sub_region=12",
  "prver" : "0",
  "isUik" : true,
  "selected" : false,
  "load_on_demand" : false
}, {
  "id" : 4124014223951,
  "text" : "УИК №508",
  "href" : "region/izbirkom?action=show&root=122000005&tvd=4124014223951&vrn=100100225883172&prver=0&pronetvd=null&region=12&sub_region=12",
  "prver" : "0",
  "isUik" : true,
  "selected" : false,
  "load_on_demand" : false
}, {
  "id" : 4124014223952,
  "text" : "УИК №509",
  "href" : "region/izbirkom?action=show&root=122000005&tvd=4124014223952&vrn=100100225883172&prver=0&pronetvd=null&region=12&sub_region=12",
  "prver" : "0",
  "isUik" : true,
  "selected" : false,
  "load_on_demand" : false
}, {
  "id" : 4124014223953,
  "text" : "УИК №510",
  "href" : "region/izbirkom?action=show&root=122000005&tvd=4124014223953&vrn=100100225883172&prver=0&pronetvd=null&region=12&sub_region=12",
  "prver" : "0",
  "isUik" : true,
  "selected" : false,
  "load_on_demand" : false
}, {
  "id" : 4124014223954,
  "text" : "УИК №511",
  "href" : "region/izbirkom?action=show&root=122000005&tvd=4124014223954&vrn=100100225883172&prver=0&pronetvd=null&region=12&sub_region=12",
  "prver" : "0",
  "isUik" : true,
  "selected" : false,
  "load_on_demand" : false
} ]