[ {
  "id" : 4134021273872,
  "text" : "УИК №644",
  "href" : "region/izbirkom?action=show&root=132000006&tvd=4134021273872&vrn=100100225883172&prver=0&pronetvd=null&region=13&sub_region=13",
  "prver" : "0",
  "isUik" : true,
  "selected" : false,
  "load_on_demand" : false
}, {
  "id" : 4134021273873,
  "text" : "УИК №645",
  "href" : "region/izbirkom?action=show&root=132000006&tvd=4134021273873&vrn=100100225883172&prver=0&pronetvd=null&region=13&sub_region=13",
  "prver" : "0",
  "isUik" : true,
  "selected" : false,
  "load_on_demand" : false
}, {
  "id" : 4134021273874,
  "text" : "УИК №646",
  "href" : "region/izbirkom?action=show&root=132000006&tvd=4134021273874&vrn=100100225883172&prver=0&pronetvd=null&region=13&sub_region=13",
  "prver" : "0",
  "isUik" : true,
  "selected" : false,
  "load_on_demand" : false
}, {
  "id" : 4134021273875,
  "text" : "УИК №647",
  "href" : "region/izbirkom?action=show&root=132000006&tvd=4134021273875&vrn=100100225883172&prver=0&pronetvd=null&region=13&sub_region=13",
  "prver" : "0",
  "isUik" : true,
  "selected" : false,
  "load_on_demand" : false
}, {
  "id" : 4134021273876,
  "text" : "УИК №648",
  "href" : "region/izbirkom?action=show&root=132000006&tvd=4134021273876&vrn=100100225883172&prver=0&pronetvd=null&region=13&sub_region=13",
  "prver" : "0",
  "isUik" : true,
  "selected" : false,
  "load_on_demand" : false
}, {
  "id" : 4134021273877,
  "text" : "УИК №649",
  "href" : "region/izbirkom?action=show&root=132000006&tvd=4134021273877&vrn=100100225883172&prver=0&pronetvd=null&region=13&sub_region=13",
  "prver" : "0",
  "isUik" : true,
  "selected" : false,
  "load_on_demand" : false
}, {
  "id" : 4134021273878,
  "text" : "УИК №650",
  "href" : "region/izbirkom?action=show&root=132000006&tvd=4134021273878&vrn=100100225883172&prver=0&pronetvd=null&region=13&sub_region=13",
  "prver" : "0",
  "isUik" : true,
  "selected" : false,
  "load_on_demand" : false
}, {
  "id" : 4134021273879,
  "text" : "УИК №651",
  "href" : "region/izbirkom?action=show&root=132000006&tvd=4134021273879&vrn=100100225883172&prver=0&pronetvd=null&region=13&sub_region=13",
  "prver" : "0",
  "isUik" : true,
  "selected" : false,
  "load_on_demand" : false
}, {
  "id" : 4134021273880,
  "text" : "УИК №652",
  "href" : "region/izbirkom?action=show&root=132000006&tvd=4134021273880&vrn=100100225883172&prver=0&pronetvd=null&region=13&sub_region=13",
  "prver" : "0",
  "isUik" : true,
  "selected" : false,
  "load_on_demand" : false
}, {
  "id" : 4134021273881,
  "text" : "УИК №653",
  "href" : "region/izbirkom?action=show&root=132000006&tvd=4134021273881&vrn=100100225883172&prver=0&pronetvd=null&region=13&sub_region=13",
  "prver" : "0",
  "isUik" : true,
  "selected" : false,
  "load_on_demand" : false
}, {
  "id" : 4134021273882,
  "text" : "УИК №654",
  "href" : "region/izbirkom?action=show&root=132000006&tvd=4134021273882&vrn=100100225883172&prver=0&pronetvd=null&region=13&sub_region=13",
  "prver" : "0",
  "isUik" : true,
  "selected" : false,
  "load_on_demand" : false
}, {
  "id" : 4134021273883,
  "text" : "УИК №655",
  "href" : "region/izbirkom?action=show&root=132000006&tvd=4134021273883&vrn=100100225883172&prver=0&pronetvd=null&region=13&sub_region=13",
  "prver" : "0",
  "isUik" : true,
  "selected" : false,
  "load_on_demand" : false
}, {
  "id" : 4134021273884,
  "text" : "УИК №656",
  "href" : "region/izbirkom?action=show&root=132000006&tvd=4134021273884&vrn=100100225883172&prver=0&pronetvd=null&region=13&sub_region=13",
  "prver" : "0",
  "isUik" : true,
  "selected" : false,
  "load_on_demand" : false
}, {
  "id" : 4134021273885,
  "text" : "УИК №657",
  "href" : "region/izbirkom?action=show&root=132000006&tvd=4134021273885&vrn=100100225883172&prver=0&pronetvd=null&region=13&sub_region=13",
  "prver" : "0",
  "isUik" : true,
  "selected" : false,
  "load_on_demand" : false
}, {
  "id" : 4134021273886,
  "text" : "УИК №658",
  "href" : "region/izbirkom?action=show&root=132000006&tvd=4134021273886&vrn=100100225883172&prver=0&pronetvd=null&region=13&sub_region=13",
  "prver" : "0",
  "isUik" : true,
  "selected" : false,
  "load_on_demand" : false
}, {
  "id" : 4134021273887,
  "text" : "УИК №659",
  "href" : "region/izbirkom?action=show&root=132000006&tvd=4134021273887&vrn=100100225883172&prver=0&pronetvd=null&region=13&sub_region=13",
  "prver" : "0",
  "isUik" : true,
  "selected" : false,
  "load_on_demand" : false
}, {
  "id" : 4134021273888,
  "text" : "УИК №660",
  "href" : "region/izbirkom?action=show&root=132000006&tvd=4134021273888&vrn=100100225883172&prver=0&pronetvd=null&region=13&sub_region=13",
  "prver" : "0",
  "isUik" : true,
  "selected" : false,
  "load_on_demand" : false
}, {
  "id" : 4134021273889,
  "text" : "УИК №661",
  "href" : "region/izbirkom?action=show&root=132000006&tvd=4134021273889&vrn=100100225883172&prver=0&pronetvd=null&region=13&sub_region=13",
  "prver" : "0",
  "isUik" : true,
  "selected" : false,
  "load_on_demand" : false
}, {
  "id" : 4134021273890,
  "text" : "УИК №662",
  "href" : "region/izbirkom?action=show&root=132000006&tvd=4134021273890&vrn=100100225883172&prver=0&pronetvd=null&region=13&sub_region=13",
  "prver" : "0",
  "isUik" : true,
  "selected" : false,
  "load_on_demand" : false
}, {
  "id" : 4134021273891,
  "text" : "УИК №663",
  "href" : "region/izbirkom?action=show&root=132000006&tvd=4134021273891&vrn=100100225883172&prver=0&pronetvd=null&region=13&sub_region=13",
  "prver" : "0",
  "isUik" : true,
  "selected" : false,
  "load_on_demand" : false
}, {
  "id" : 4134021273892,
  "text" : "УИК №664",
  "href" : "region/izbirkom?action=show&root=132000006&tvd=4134021273892&vrn=100100225883172&prver=0&pronetvd=null&region=13&sub_region=13",
  "prver" : "0",
  "isUik" : true,
  "selected" : false,
  "load_on_demand" : false
}, {
  "id" : 4134021273893,
  "text" : "УИК №665",
  "href" : "region/izbirkom?action=show&root=132000006&tvd=4134021273893&vrn=100100225883172&prver=0&pronetvd=null&region=13&sub_region=13",
  "prver" : "0",
  "isUik" : true,
  "selected" : false,
  "load_on_demand" : false
}, {
  "id" : 4134021273894,
  "text" : "УИК №666",
  "href" : "region/izbirkom?action=show&root=132000006&tvd=4134021273894&vrn=100100225883172&prver=0&pronetvd=null&region=13&sub_region=13",
  "prver" : "0",
  "isUik" : true,
  "selected" : false,
  "load_on_demand" : false
} ]