[ {
  "id" : 4134002235981,
  "text" : "УИК №42",
  "href" : "region/izbirkom?action=show&root=132000025&tvd=4134002235981&vrn=100100225883172&prver=0&pronetvd=null&region=13&sub_region=13",
  "prver" : "0",
  "isUik" : true,
  "selected" : false,
  "load_on_demand" : false
}, {
  "id" : 4134002235982,
  "text" : "УИК №43",
  "href" : "region/izbirkom?action=show&root=132000025&tvd=4134002235982&vrn=100100225883172&prver=0&pronetvd=null&region=13&sub_region=13",
  "prver" : "0",
  "isUik" : true,
  "selected" : false,
  "load_on_demand" : false
}, {
  "id" : 4134002235983,
  "text" : "УИК №44",
  "href" : "region/izbirkom?action=show&root=132000025&tvd=4134002235983&vrn=100100225883172&prver=0&pronetvd=null&region=13&sub_region=13",
  "prver" : "0",
  "isUik" : true,
  "selected" : false,
  "load_on_demand" : false
}, {
  "id" : 4134002235984,
  "text" : "УИК №45",
  "href" : "region/izbirkom?action=show&root=132000025&tvd=4134002235984&vrn=100100225883172&prver=0&pronetvd=null&region=13&sub_region=13",
  "prver" : "0",
  "isUik" : true,
  "selected" : false,
  "load_on_demand" : false
}, {
  "id" : 4134002235985,
  "text" : "УИК №46",
  "href" : "region/izbirkom?action=show&root=132000025&tvd=4134002235985&vrn=100100225883172&prver=0&pronetvd=null&region=13&sub_region=13",
  "prver" : "0",
  "isUik" : true,
  "selected" : false,
  "load_on_demand" : false
}, {
  "id" : 4134002235986,
  "text" : "УИК №47",
  "href" : "region/izbirkom?action=show&root=132000025&tvd=4134002235986&vrn=100100225883172&prver=0&pronetvd=null&region=13&sub_region=13",
  "prver" : "0",
  "isUik" : true,
  "selected" : false,
  "load_on_demand" : false
}, {
  "id" : 4134002235987,
  "text" : "УИК №48",
  "href" : "region/izbirkom?action=show&root=132000025&tvd=4134002235987&vrn=100100225883172&prver=0&pronetvd=null&region=13&sub_region=13",
  "prver" : "0",
  "isUik" : true,
  "selected" : false,
  "load_on_demand" : false
}, {
  "id" : 4134002235988,
  "text" : "УИК №49",
  "href" : "region/izbirkom?action=show&root=132000025&tvd=4134002235988&vrn=100100225883172&prver=0&pronetvd=null&region=13&sub_region=13",
  "prver" : "0",
  "isUik" : true,
  "selected" : false,
  "load_on_demand" : false
}, {
  "id" : 4134002235989,
  "text" : "УИК №50",
  "href" : "region/izbirkom?action=show&root=132000025&tvd=4134002235989&vrn=100100225883172&prver=0&pronetvd=null&region=13&sub_region=13",
  "prver" : "0",
  "isUik" : true,
  "selected" : false,
  "load_on_demand" : false
}, {
  "id" : 4134002235990,
  "text" : "УИК №51",
  "href" : "region/izbirkom?action=show&root=132000025&tvd=4134002235990&vrn=100100225883172&prver=0&pronetvd=null&region=13&sub_region=13",
  "prver" : "0",
  "isUik" : true,
  "selected" : false,
  "load_on_demand" : false
}, {
  "id" : 4134002235991,
  "text" : "УИК №52",
  "href" : "region/izbirkom?action=show&root=132000025&tvd=4134002235991&vrn=100100225883172&prver=0&pronetvd=null&region=13&sub_region=13",
  "prver" : "0",
  "isUik" : true,
  "selected" : false,
  "load_on_demand" : false
}, {
  "id" : 4134002235992,
  "text" : "УИК №53",
  "href" : "region/izbirkom?action=show&root=132000025&tvd=4134002235992&vrn=100100225883172&prver=0&pronetvd=null&region=13&sub_region=13",
  "prver" : "0",
  "isUik" : true,
  "selected" : false,
  "load_on_demand" : false
}, {
  "id" : 4134002235993,
  "text" : "УИК №54",
  "href" : "region/izbirkom?action=show&root=132000025&tvd=4134002235993&vrn=100100225883172&prver=0&pronetvd=null&region=13&sub_region=13",
  "prver" : "0",
  "isUik" : true,
  "selected" : false,
  "load_on_demand" : false
}, {
  "id" : 4134002235994,
  "text" : "УИК №55",
  "href" : "region/izbirkom?action=show&root=132000025&tvd=4134002235994&vrn=100100225883172&prver=0&pronetvd=null&region=13&sub_region=13",
  "prver" : "0",
  "isUik" : true,
  "selected" : false,
  "load_on_demand" : false
}, {
  "id" : 4134002235995,
  "text" : "УИК №56",
  "href" : "region/izbirkom?action=show&root=132000025&tvd=4134002235995&vrn=100100225883172&prver=0&pronetvd=null&region=13&sub_region=13",
  "prver" : "0",
  "isUik" : true,
  "selected" : false,
  "load_on_demand" : false
}, {
  "id" : 4134002235996,
  "text" : "УИК №57",
  "href" : "region/izbirkom?action=show&root=132000025&tvd=4134002235996&vrn=100100225883172&prver=0&pronetvd=null&region=13&sub_region=13",
  "prver" : "0",
  "isUik" : true,
  "selected" : false,
  "load_on_demand" : false
}, {
  "id" : 4134002235997,
  "text" : "УИК №58",
  "href" : "region/izbirkom?action=show&root=132000025&tvd=4134002235997&vrn=100100225883172&prver=0&pronetvd=null&region=13&sub_region=13",
  "prver" : "0",
  "isUik" : true,
  "selected" : false,
  "load_on_demand" : false
}, {
  "id" : 4134002235998,
  "text" : "УИК №59",
  "href" : "region/izbirkom?action=show&root=132000025&tvd=4134002235998&vrn=100100225883172&prver=0&pronetvd=null&region=13&sub_region=13",
  "prver" : "0",
  "isUik" : true,
  "selected" : false,
  "load_on_demand" : false
}, {
  "id" : 4134002235999,
  "text" : "УИК №60",
  "href" : "region/izbirkom?action=show&root=132000025&tvd=4134002235999&vrn=100100225883172&prver=0&pronetvd=null&region=13&sub_region=13",
  "prver" : "0",
  "isUik" : true,
  "selected" : false,
  "load_on_demand" : false
}, {
  "id" : 4134002236000,
  "text" : "УИК №61",
  "href" : "region/izbirkom?action=show&root=132000025&tvd=4134002236000&vrn=100100225883172&prver=0&pronetvd=null&region=13&sub_region=13",
  "prver" : "0",
  "isUik" : true,
  "selected" : false,
  "load_on_demand" : false
}, {
  "id" : 4134002236001,
  "text" : "УИК №62",
  "href" : "region/izbirkom?action=show&root=132000025&tvd=4134002236001&vrn=100100225883172&prver=0&pronetvd=null&region=13&sub_region=13",
  "prver" : "0",
  "isUik" : true,
  "selected" : false,
  "load_on_demand" : false
} ]