[ {
  "id" : 4134022255599,
  "text" : "УИК №667",
  "href" : "region/izbirkom?action=show&root=132000005&tvd=4134022255599&vrn=100100225883172&prver=0&pronetvd=null&region=13&sub_region=13",
  "prver" : "0",
  "isUik" : true,
  "selected" : false,
  "load_on_demand" : false
}, {
  "id" : 4134022255600,
  "text" : "УИК №668",
  "href" : "region/izbirkom?action=show&root=132000005&tvd=4134022255600&vrn=100100225883172&prver=0&pronetvd=null&region=13&sub_region=13",
  "prver" : "0",
  "isUik" : true,
  "selected" : false,
  "load_on_demand" : false
}, {
  "id" : 4134022255601,
  "text" : "УИК №669",
  "href" : "region/izbirkom?action=show&root=132000005&tvd=4134022255601&vrn=100100225883172&prver=0&pronetvd=null&region=13&sub_region=13",
  "prver" : "0",
  "isUik" : true,
  "selected" : false,
  "load_on_demand" : false
}, {
  "id" : 4134022255602,
  "text" : "УИК №670",
  "href" : "region/izbirkom?action=show&root=132000005&tvd=4134022255602&vrn=100100225883172&prver=0&pronetvd=null&region=13&sub_region=13",
  "prver" : "0",
  "isUik" : true,
  "selected" : false,
  "load_on_demand" : false
}, {
  "id" : 4134022255603,
  "text" : "УИК №671",
  "href" : "region/izbirkom?action=show&root=132000005&tvd=4134022255603&vrn=100100225883172&prver=0&pronetvd=null&region=13&sub_region=13",
  "prver" : "0",
  "isUik" : true,
  "selected" : false,
  "load_on_demand" : false
}, {
  "id" : 4134022255604,
  "text" : "УИК №672",
  "href" : "region/izbirkom?action=show&root=132000005&tvd=4134022255604&vrn=100100225883172&prver=0&pronetvd=null&region=13&sub_region=13",
  "prver" : "0",
  "isUik" : true,
  "selected" : false,
  "load_on_demand" : false
}, {
  "id" : 4134022255605,
  "text" : "УИК №673",
  "href" : "region/izbirkom?action=show&root=132000005&tvd=4134022255605&vrn=100100225883172&prver=0&pronetvd=null&region=13&sub_region=13",
  "prver" : "0",
  "isUik" : true,
  "selected" : false,
  "load_on_demand" : false
}, {
  "id" : 4134022255606,
  "text" : "УИК №674",
  "href" : "region/izbirkom?action=show&root=132000005&tvd=4134022255606&vrn=100100225883172&prver=0&pronetvd=null&region=13&sub_region=13",
  "prver" : "0",
  "isUik" : true,
  "selected" : false,
  "load_on_demand" : false
}, {
  "id" : 4134022255607,
  "text" : "УИК №675",
  "href" : "region/izbirkom?action=show&root=132000005&tvd=4134022255607&vrn=100100225883172&prver=0&pronetvd=null&region=13&sub_region=13",
  "prver" : "0",
  "isUik" : true,
  "selected" : false,
  "load_on_demand" : false
}, {
  "id" : 4134022255608,
  "text" : "УИК №676",
  "href" : "region/izbirkom?action=show&root=132000005&tvd=4134022255608&vrn=100100225883172&prver=0&pronetvd=null&region=13&sub_region=13",
  "prver" : "0",
  "isUik" : true,
  "selected" : false,
  "load_on_demand" : false
}, {
  "id" : 4134022255609,
  "text" : "УИК №677",
  "href" : "region/izbirkom?action=show&root=132000005&tvd=4134022255609&vrn=100100225883172&prver=0&pronetvd=null&region=13&sub_region=13",
  "prver" : "0",
  "isUik" : true,
  "selected" : false,
  "load_on_demand" : false
}, {
  "id" : 4134022255610,
  "text" : "УИК №678",
  "href" : "region/izbirkom?action=show&root=132000005&tvd=4134022255610&vrn=100100225883172&prver=0&pronetvd=null&region=13&sub_region=13",
  "prver" : "0",
  "isUik" : true,
  "selected" : false,
  "load_on_demand" : false
}, {
  "id" : 4134022255611,
  "text" : "УИК №679",
  "href" : "region/izbirkom?action=show&root=132000005&tvd=4134022255611&vrn=100100225883172&prver=0&pronetvd=null&region=13&sub_region=13",
  "prver" : "0",
  "isUik" : true,
  "selected" : false,
  "load_on_demand" : false
}, {
  "id" : 4134022255612,
  "text" : "УИК №680",
  "href" : "region/izbirkom?action=show&root=132000005&tvd=4134022255612&vrn=100100225883172&prver=0&pronetvd=null&region=13&sub_region=13",
  "prver" : "0",
  "isUik" : true,
  "selected" : false,
  "load_on_demand" : false
}, {
  "id" : 4134022255613,
  "text" : "УИК №681",
  "href" : "region/izbirkom?action=show&root=132000005&tvd=4134022255613&vrn=100100225883172&prver=0&pronetvd=null&region=13&sub_region=13",
  "prver" : "0",
  "isUik" : true,
  "selected" : false,
  "load_on_demand" : false
}, {
  "id" : 4134022255614,
  "text" : "УИК №682",
  "href" : "region/izbirkom?action=show&root=132000005&tvd=4134022255614&vrn=100100225883172&prver=0&pronetvd=null&region=13&sub_region=13",
  "prver" : "0",
  "isUik" : true,
  "selected" : false,
  "load_on_demand" : false
}, {
  "id" : 4134022255615,
  "text" : "УИК №683",
  "href" : "region/izbirkom?action=show&root=132000005&tvd=4134022255615&vrn=100100225883172&prver=0&pronetvd=null&region=13&sub_region=13",
  "prver" : "0",
  "isUik" : true,
  "selected" : false,
  "load_on_demand" : false
}, {
  "id" : 4134022255616,
  "text" : "УИК №684",
  "href" : "region/izbirkom?action=show&root=132000005&tvd=4134022255616&vrn=100100225883172&prver=0&pronetvd=null&region=13&sub_region=13",
  "prver" : "0",
  "isUik" : true,
  "selected" : false,
  "load_on_demand" : false
}, {
  "id" : 4134022255617,
  "text" : "УИК №685",
  "href" : "region/izbirkom?action=show&root=132000005&tvd=4134022255617&vrn=100100225883172&prver=0&pronetvd=null&region=13&sub_region=13",
  "prver" : "0",
  "isUik" : true,
  "selected" : false,
  "load_on_demand" : false
}, {
  "id" : 4134022255618,
  "text" : "УИК №686",
  "href" : "region/izbirkom?action=show&root=132000005&tvd=4134022255618&vrn=100100225883172&prver=0&pronetvd=null&region=13&sub_region=13",
  "prver" : "0",
  "isUik" : true,
  "selected" : false,
  "load_on_demand" : false
}, {
  "id" : 4134022255619,
  "text" : "УИК №687",
  "href" : "region/izbirkom?action=show&root=132000005&tvd=4134022255619&vrn=100100225883172&prver=0&pronetvd=null&region=13&sub_region=13",
  "prver" : "0",
  "isUik" : true,
  "selected" : false,
  "load_on_demand" : false
}, {
  "id" : 4134022255620,
  "text" : "УИК №688",
  "href" : "region/izbirkom?action=show&root=132000005&tvd=4134022255620&vrn=100100225883172&prver=0&pronetvd=null&region=13&sub_region=13",
  "prver" : "0",
  "isUik" : true,
  "selected" : false,
  "load_on_demand" : false
}, {
  "id" : 4134022255621,
  "text" : "УИК №689",
  "href" : "region/izbirkom?action=show&root=132000005&tvd=4134022255621&vrn=100100225883172&prver=0&pronetvd=null&region=13&sub_region=13",
  "prver" : "0",
  "isUik" : true,
  "selected" : false,
  "load_on_demand" : false
}, {
  "id" : 4134022255622,
  "text" : "УИК №690",
  "href" : "region/izbirkom?action=show&root=132000005&tvd=4134022255622&vrn=100100225883172&prver=0&pronetvd=null&region=13&sub_region=13",
  "prver" : "0",
  "isUik" : true,
  "selected" : false,
  "load_on_demand" : false
}, {
  "id" : 4134022255623,
  "text" : "УИК №691",
  "href" : "region/izbirkom?action=show&root=132000005&tvd=4134022255623&vrn=100100225883172&prver=0&pronetvd=null&region=13&sub_region=13",
  "prver" : "0",
  "isUik" : true,
  "selected" : false,
  "load_on_demand" : false
}, {
  "id" : 4134022255624,
  "text" : "УИК №692",
  "href" : "region/izbirkom?action=show&root=132000005&tvd=4134022255624&vrn=100100225883172&prver=0&pronetvd=null&region=13&sub_region=13",
  "prver" : "0",
  "isUik" : true,
  "selected" : false,
  "load_on_demand" : false
}, {
  "id" : 4134022255625,
  "text" : "УИК №693",
  "href" : "region/izbirkom?action=show&root=132000005&tvd=4134022255625&vrn=100100225883172&prver=0&pronetvd=null&region=13&sub_region=13",
  "prver" : "0",
  "isUik" : true,
  "selected" : false,
  "load_on_demand" : false
}, {
  "id" : 4134022255626,
  "text" : "УИК №694",
  "href" : "region/izbirkom?action=show&root=132000005&tvd=4134022255626&vrn=100100225883172&prver=0&pronetvd=null&region=13&sub_region=13",
  "prver" : "0",
  "isUik" : true,
  "selected" : false,
  "load_on_demand" : false
}, {
  "id" : 4134022255627,
  "text" : "УИК №695",
  "href" : "region/izbirkom?action=show&root=132000005&tvd=4134022255627&vrn=100100225883172&prver=0&pronetvd=null&region=13&sub_region=13",
  "prver" : "0",
  "isUik" : true,
  "selected" : false,
  "load_on_demand" : false
} ]