[ {
  "id" : 4134010284042,
  "text" : "УИК №256",
  "href" : "region/izbirkom?action=show&root=132000017&tvd=4134010284042&vrn=100100225883172&prver=0&pronetvd=null&region=13&sub_region=13",
  "prver" : "0",
  "isUik" : true,
  "selected" : false,
  "load_on_demand" : false
}, {
  "id" : 4134010284043,
  "text" : "УИК №257",
  "href" : "region/izbirkom?action=show&root=132000017&tvd=4134010284043&vrn=100100225883172&prver=0&pronetvd=null&region=13&sub_region=13",
  "prver" : "0",
  "isUik" : true,
  "selected" : false,
  "load_on_demand" : false
}, {
  "id" : 4134010284044,
  "text" : "УИК №258",
  "href" : "region/izbirkom?action=show&root=132000017&tvd=4134010284044&vrn=100100225883172&prver=0&pronetvd=null&region=13&sub_region=13",
  "prver" : "0",
  "isUik" : true,
  "selected" : false,
  "load_on_demand" : false
}, {
  "id" : 4134010284045,
  "text" : "УИК №259",
  "href" : "region/izbirkom?action=show&root=132000017&tvd=4134010284045&vrn=100100225883172&prver=0&pronetvd=null&region=13&sub_region=13",
  "prver" : "0",
  "isUik" : true,
  "selected" : false,
  "load_on_demand" : false
}, {
  "id" : 4134010284046,
  "text" : "УИК №260",
  "href" : "region/izbirkom?action=show&root=132000017&tvd=4134010284046&vrn=100100225883172&prver=0&pronetvd=null&region=13&sub_region=13",
  "prver" : "0",
  "isUik" : true,
  "selected" : false,
  "load_on_demand" : false
}, {
  "id" : 4134010284047,
  "text" : "УИК №261",
  "href" : "region/izbirkom?action=show&root=132000017&tvd=4134010284047&vrn=100100225883172&prver=0&pronetvd=null&region=13&sub_region=13",
  "prver" : "0",
  "isUik" : true,
  "selected" : false,
  "load_on_demand" : false
}, {
  "id" : 4134010284048,
  "text" : "УИК №262",
  "href" : "region/izbirkom?action=show&root=132000017&tvd=4134010284048&vrn=100100225883172&prver=0&pronetvd=null&region=13&sub_region=13",
  "prver" : "0",
  "isUik" : true,
  "selected" : false,
  "load_on_demand" : false
}, {
  "id" : 4134010284049,
  "text" : "УИК №263",
  "href" : "region/izbirkom?action=show&root=132000017&tvd=4134010284049&vrn=100100225883172&prver=0&pronetvd=null&region=13&sub_region=13",
  "prver" : "0",
  "isUik" : true,
  "selected" : false,
  "load_on_demand" : false
}, {
  "id" : 4134010284050,
  "text" : "УИК №264",
  "href" : "region/izbirkom?action=show&root=132000017&tvd=4134010284050&vrn=100100225883172&prver=0&pronetvd=null&region=13&sub_region=13",
  "prver" : "0",
  "isUik" : true,
  "selected" : false,
  "load_on_demand" : false
}, {
  "id" : 4134010284051,
  "text" : "УИК №265",
  "href" : "region/izbirkom?action=show&root=132000017&tvd=4134010284051&vrn=100100225883172&prver=0&pronetvd=null&region=13&sub_region=13",
  "prver" : "0",
  "isUik" : true,
  "selected" : false,
  "load_on_demand" : false
}, {
  "id" : 4134010284052,
  "text" : "УИК №266",
  "href" : "region/izbirkom?action=show&root=132000017&tvd=4134010284052&vrn=100100225883172&prver=0&pronetvd=null&region=13&sub_region=13",
  "prver" : "0",
  "isUik" : true,
  "selected" : false,
  "load_on_demand" : false
}, {
  "id" : 4134010284053,
  "text" : "УИК №267",
  "href" : "region/izbirkom?action=show&root=132000017&tvd=4134010284053&vrn=100100225883172&prver=0&pronetvd=null&region=13&sub_region=13",
  "prver" : "0",
  "isUik" : true,
  "selected" : false,
  "load_on_demand" : false
}, {
  "id" : 4134010284054,
  "text" : "УИК №268",
  "href" : "region/izbirkom?action=show&root=132000017&tvd=4134010284054&vrn=100100225883172&prver=0&pronetvd=null&region=13&sub_region=13",
  "prver" : "0",
  "isUik" : true,
  "selected" : false,
  "load_on_demand" : false
}, {
  "id" : 4134010284055,
  "text" : "УИК №269",
  "href" : "region/izbirkom?action=show&root=132000017&tvd=4134010284055&vrn=100100225883172&prver=0&pronetvd=null&region=13&sub_region=13",
  "prver" : "0",
  "isUik" : true,
  "selected" : false,
  "load_on_demand" : false
}, {
  "id" : 4134010284056,
  "text" : "УИК №270",
  "href" : "region/izbirkom?action=show&root=132000017&tvd=4134010284056&vrn=100100225883172&prver=0&pronetvd=null&region=13&sub_region=13",
  "prver" : "0",
  "isUik" : true,
  "selected" : false,
  "load_on_demand" : false
}, {
  "id" : 4134010284057,
  "text" : "УИК №271",
  "href" : "region/izbirkom?action=show&root=132000017&tvd=4134010284057&vrn=100100225883172&prver=0&pronetvd=null&region=13&sub_region=13",
  "prver" : "0",
  "isUik" : true,
  "selected" : false,
  "load_on_demand" : false
}, {
  "id" : 4134010284058,
  "text" : "УИК №272",
  "href" : "region/izbirkom?action=show&root=132000017&tvd=4134010284058&vrn=100100225883172&prver=0&pronetvd=null&region=13&sub_region=13",
  "prver" : "0",
  "isUik" : true,
  "selected" : false,
  "load_on_demand" : false
}, {
  "id" : 4134010284059,
  "text" : "УИК №273",
  "href" : "region/izbirkom?action=show&root=132000017&tvd=4134010284059&vrn=100100225883172&prver=0&pronetvd=null&region=13&sub_region=13",
  "prver" : "0",
  "isUik" : true,
  "selected" : false,
  "load_on_demand" : false
}, {
  "id" : 4134010284060,
  "text" : "УИК №274",
  "href" : "region/izbirkom?action=show&root=132000017&tvd=4134010284060&vrn=100100225883172&prver=0&pronetvd=null&region=13&sub_region=13",
  "prver" : "0",
  "isUik" : true,
  "selected" : false,
  "load_on_demand" : false
}, {
  "id" : 4134010284061,
  "text" : "УИК №275",
  "href" : "region/izbirkom?action=show&root=132000017&tvd=4134010284061&vrn=100100225883172&prver=0&pronetvd=null&region=13&sub_region=13",
  "prver" : "0",
  "isUik" : true,
  "selected" : false,
  "load_on_demand" : false
}, {
  "id" : 4134010284062,
  "text" : "УИК №276",
  "href" : "region/izbirkom?action=show&root=132000017&tvd=4134010284062&vrn=100100225883172&prver=0&pronetvd=null&region=13&sub_region=13",
  "prver" : "0",
  "isUik" : true,
  "selected" : false,
  "load_on_demand" : false
}, {
  "id" : 4134010284063,
  "text" : "УИК №277",
  "href" : "region/izbirkom?action=show&root=132000017&tvd=4134010284063&vrn=100100225883172&prver=0&pronetvd=null&region=13&sub_region=13",
  "prver" : "0",
  "isUik" : true,
  "selected" : false,
  "load_on_demand" : false
}, {
  "id" : 4134010284064,
  "text" : "УИК №278",
  "href" : "region/izbirkom?action=show&root=132000017&tvd=4134010284064&vrn=100100225883172&prver=0&pronetvd=null&region=13&sub_region=13",
  "prver" : "0",
  "isUik" : true,
  "selected" : false,
  "load_on_demand" : false
}, {
  "id" : 4134010284065,
  "text" : "УИК №279",
  "href" : "region/izbirkom?action=show&root=132000017&tvd=4134010284065&vrn=100100225883172&prver=0&pronetvd=null&region=13&sub_region=13",
  "prver" : "0",
  "isUik" : true,
  "selected" : false,
  "load_on_demand" : false
}, {
  "id" : 4134010284066,
  "text" : "УИК №280",
  "href" : "region/izbirkom?action=show&root=132000017&tvd=4134010284066&vrn=100100225883172&prver=0&pronetvd=null&region=13&sub_region=13",
  "prver" : "0",
  "isUik" : true,
  "selected" : false,
  "load_on_demand" : false
}, {
  "id" : 4134010284067,
  "text" : "УИК №281",
  "href" : "region/izbirkom?action=show&root=132000017&tvd=4134010284067&vrn=100100225883172&prver=0&pronetvd=null&region=13&sub_region=13",
  "prver" : "0",
  "isUik" : true,
  "selected" : false,
  "load_on_demand" : false
}, {
  "id" : 4134010284068,
  "text" : "УИК №282",
  "href" : "region/izbirkom?action=show&root=132000017&tvd=4134010284068&vrn=100100225883172&prver=0&pronetvd=null&region=13&sub_region=13",
  "prver" : "0",
  "isUik" : true,
  "selected" : false,
  "load_on_demand" : false
}, {
  "id" : 4134010284069,
  "text" : "УИК №283",
  "href" : "region/izbirkom?action=show&root=132000017&tvd=4134010284069&vrn=100100225883172&prver=0&pronetvd=null&region=13&sub_region=13",
  "prver" : "0",
  "isUik" : true,
  "selected" : false,
  "load_on_demand" : false
}, {
  "id" : 4134010284070,
  "text" : "УИК №284",
  "href" : "region/izbirkom?action=show&root=132000017&tvd=4134010284070&vrn=100100225883172&prver=0&pronetvd=null&region=13&sub_region=13",
  "prver" : "0",
  "isUik" : true,
  "selected" : false,
  "load_on_demand" : false
}, {
  "id" : 4134010284071,
  "text" : "УИК №285",
  "href" : "region/izbirkom?action=show&root=132000017&tvd=4134010284071&vrn=100100225883172&prver=0&pronetvd=null&region=13&sub_region=13",
  "prver" : "0",
  "isUik" : true,
  "selected" : false,
  "load_on_demand" : false
}, {
  "id" : 4134010284072,
  "text" : "УИК №286",
  "href" : "region/izbirkom?action=show&root=132000017&tvd=4134010284072&vrn=100100225883172&prver=0&pronetvd=null&region=13&sub_region=13",
  "prver" : "0",
  "isUik" : true,
  "selected" : false,
  "load_on_demand" : false
}, {
  "id" : 4134010284073,
  "text" : "УИК №287",
  "href" : "region/izbirkom?action=show&root=132000017&tvd=4134010284073&vrn=100100225883172&prver=0&pronetvd=null&region=13&sub_region=13",
  "prver" : "0",
  "isUik" : true,
  "selected" : false,
  "load_on_demand" : false
}, {
  "id" : 4134010284074,
  "text" : "УИК №288",
  "href" : "region/izbirkom?action=show&root=132000017&tvd=4134010284074&vrn=100100225883172&prver=0&pronetvd=null&region=13&sub_region=13",
  "prver" : "0",
  "isUik" : true,
  "selected" : false,
  "load_on_demand" : false
} ]