[ {
  "id" : 4134020332889,
  "text" : "УИК №610",
  "href" : "region/izbirkom?action=show&root=132000007&tvd=4134020332889&vrn=100100225883172&prver=0&pronetvd=null&region=13&sub_region=13",
  "prver" : "0",
  "isUik" : true,
  "selected" : false,
  "load_on_demand" : false
}, {
  "id" : 4134020332893,
  "text" : "УИК №611",
  "href" : "region/izbirkom?action=show&root=132000007&tvd=4134020332893&vrn=100100225883172&prver=0&pronetvd=null&region=13&sub_region=13",
  "prver" : "0",
  "isUik" : true,
  "selected" : false,
  "load_on_demand" : false
}, {
  "id" : 4134020332894,
  "text" : "УИК №612",
  "href" : "region/izbirkom?action=show&root=132000007&tvd=4134020332894&vrn=100100225883172&prver=0&pronetvd=null&region=13&sub_region=13",
  "prver" : "0",
  "isUik" : true,
  "selected" : false,
  "load_on_demand" : false
}, {
  "id" : 4134020332895,
  "text" : "УИК №613",
  "href" : "region/izbirkom?action=show&root=132000007&tvd=4134020332895&vrn=100100225883172&prver=0&pronetvd=null&region=13&sub_region=13",
  "prver" : "0",
  "isUik" : true,
  "selected" : false,
  "load_on_demand" : false
}, {
  "id" : 4134020332896,
  "text" : "УИК №614",
  "href" : "region/izbirkom?action=show&root=132000007&tvd=4134020332896&vrn=100100225883172&prver=0&pronetvd=null&region=13&sub_region=13",
  "prver" : "0",
  "isUik" : true,
  "selected" : false,
  "load_on_demand" : false
}, {
  "id" : 4134020332897,
  "text" : "УИК №615",
  "href" : "region/izbirkom?action=show&root=132000007&tvd=4134020332897&vrn=100100225883172&prver=0&pronetvd=null&region=13&sub_region=13",
  "prver" : "0",
  "isUik" : true,
  "selected" : false,
  "load_on_demand" : false
}, {
  "id" : 4134020332898,
  "text" : "УИК №616",
  "href" : "region/izbirkom?action=show&root=132000007&tvd=4134020332898&vrn=100100225883172&prver=0&pronetvd=null&region=13&sub_region=13",
  "prver" : "0",
  "isUik" : true,
  "selected" : false,
  "load_on_demand" : false
}, {
  "id" : 4134020332899,
  "text" : "УИК №617",
  "href" : "region/izbirkom?action=show&root=132000007&tvd=4134020332899&vrn=100100225883172&prver=0&pronetvd=null&region=13&sub_region=13",
  "prver" : "0",
  "isUik" : true,
  "selected" : false,
  "load_on_demand" : false
}, {
  "id" : 4134020332900,
  "text" : "УИК №618",
  "href" : "region/izbirkom?action=show&root=132000007&tvd=4134020332900&vrn=100100225883172&prver=0&pronetvd=null&region=13&sub_region=13",
  "prver" : "0",
  "isUik" : true,
  "selected" : false,
  "load_on_demand" : false
}, {
  "id" : 4134020332901,
  "text" : "УИК №619",
  "href" : "region/izbirkom?action=show&root=132000007&tvd=4134020332901&vrn=100100225883172&prver=0&pronetvd=null&region=13&sub_region=13",
  "prver" : "0",
  "isUik" : true,
  "selected" : false,
  "load_on_demand" : false
}, {
  "id" : 4134020332902,
  "text" : "УИК №620",
  "href" : "region/izbirkom?action=show&root=132000007&tvd=4134020332902&vrn=100100225883172&prver=0&pronetvd=null&region=13&sub_region=13",
  "prver" : "0",
  "isUik" : true,
  "selected" : false,
  "load_on_demand" : false
}, {
  "id" : 4134020332903,
  "text" : "УИК №621",
  "href" : "region/izbirkom?action=show&root=132000007&tvd=4134020332903&vrn=100100225883172&prver=0&pronetvd=null&region=13&sub_region=13",
  "prver" : "0",
  "isUik" : true,
  "selected" : false,
  "load_on_demand" : false
}, {
  "id" : 4134020332904,
  "text" : "УИК №622",
  "href" : "region/izbirkom?action=show&root=132000007&tvd=4134020332904&vrn=100100225883172&prver=0&pronetvd=null&region=13&sub_region=13",
  "prver" : "0",
  "isUik" : true,
  "selected" : false,
  "load_on_demand" : false
}, {
  "id" : 4134020332905,
  "text" : "УИК №623",
  "href" : "region/izbirkom?action=show&root=132000007&tvd=4134020332905&vrn=100100225883172&prver=0&pronetvd=null&region=13&sub_region=13",
  "prver" : "0",
  "isUik" : true,
  "selected" : false,
  "load_on_demand" : false
}, {
  "id" : 4134020332906,
  "text" : "УИК №624",
  "href" : "region/izbirkom?action=show&root=132000007&tvd=4134020332906&vrn=100100225883172&prver=0&pronetvd=null&region=13&sub_region=13",
  "prver" : "0",
  "isUik" : true,
  "selected" : false,
  "load_on_demand" : false
}, {
  "id" : 4134020332907,
  "text" : "УИК №625",
  "href" : "region/izbirkom?action=show&root=132000007&tvd=4134020332907&vrn=100100225883172&prver=0&pronetvd=null&region=13&sub_region=13",
  "prver" : "0",
  "isUik" : true,
  "selected" : false,
  "load_on_demand" : false
}, {
  "id" : 4134020332908,
  "text" : "УИК №626",
  "href" : "region/izbirkom?action=show&root=132000007&tvd=4134020332908&vrn=100100225883172&prver=0&pronetvd=null&region=13&sub_region=13",
  "prver" : "0",
  "isUik" : true,
  "selected" : false,
  "load_on_demand" : false
}, {
  "id" : 4134020332909,
  "text" : "УИК №627",
  "href" : "region/izbirkom?action=show&root=132000007&tvd=4134020332909&vrn=100100225883172&prver=0&pronetvd=null&region=13&sub_region=13",
  "prver" : "0",
  "isUik" : true,
  "selected" : false,
  "load_on_demand" : false
}, {
  "id" : 4134020332910,
  "text" : "УИК №628",
  "href" : "region/izbirkom?action=show&root=132000007&tvd=4134020332910&vrn=100100225883172&prver=0&pronetvd=null&region=13&sub_region=13",
  "prver" : "0",
  "isUik" : true,
  "selected" : false,
  "load_on_demand" : false
}, {
  "id" : 4134020332911,
  "text" : "УИК №629",
  "href" : "region/izbirkom?action=show&root=132000007&tvd=4134020332911&vrn=100100225883172&prver=0&pronetvd=null&region=13&sub_region=13",
  "prver" : "0",
  "isUik" : true,
  "selected" : false,
  "load_on_demand" : false
}, {
  "id" : 4134020332912,
  "text" : "УИК №630",
  "href" : "region/izbirkom?action=show&root=132000007&tvd=4134020332912&vrn=100100225883172&prver=0&pronetvd=null&region=13&sub_region=13",
  "prver" : "0",
  "isUik" : true,
  "selected" : false,
  "load_on_demand" : false
}, {
  "id" : 4134020332913,
  "text" : "УИК №631",
  "href" : "region/izbirkom?action=show&root=132000007&tvd=4134020332913&vrn=100100225883172&prver=0&pronetvd=null&region=13&sub_region=13",
  "prver" : "0",
  "isUik" : true,
  "selected" : false,
  "load_on_demand" : false
}, {
  "id" : 4134020332914,
  "text" : "УИК №632",
  "href" : "region/izbirkom?action=show&root=132000007&tvd=4134020332914&vrn=100100225883172&prver=0&pronetvd=null&region=13&sub_region=13",
  "prver" : "0",
  "isUik" : true,
  "selected" : false,
  "load_on_demand" : false
}, {
  "id" : 4134020332915,
  "text" : "УИК №633",
  "href" : "region/izbirkom?action=show&root=132000007&tvd=4134020332915&vrn=100100225883172&prver=0&pronetvd=null&region=13&sub_region=13",
  "prver" : "0",
  "isUik" : true,
  "selected" : false,
  "load_on_demand" : false
}, {
  "id" : 4134020332916,
  "text" : "УИК №634",
  "href" : "region/izbirkom?action=show&root=132000007&tvd=4134020332916&vrn=100100225883172&prver=0&pronetvd=null&region=13&sub_region=13",
  "prver" : "0",
  "isUik" : true,
  "selected" : false,
  "load_on_demand" : false
}, {
  "id" : 4134020332917,
  "text" : "УИК №635",
  "href" : "region/izbirkom?action=show&root=132000007&tvd=4134020332917&vrn=100100225883172&prver=0&pronetvd=null&region=13&sub_region=13",
  "prver" : "0",
  "isUik" : true,
  "selected" : false,
  "load_on_demand" : false
}, {
  "id" : 4134020332918,
  "text" : "УИК №636",
  "href" : "region/izbirkom?action=show&root=132000007&tvd=4134020332918&vrn=100100225883172&prver=0&pronetvd=null&region=13&sub_region=13",
  "prver" : "0",
  "isUik" : true,
  "selected" : false,
  "load_on_demand" : false
}, {
  "id" : 4134020332919,
  "text" : "УИК №637",
  "href" : "region/izbirkom?action=show&root=132000007&tvd=4134020332919&vrn=100100225883172&prver=0&pronetvd=null&region=13&sub_region=13",
  "prver" : "0",
  "isUik" : true,
  "selected" : false,
  "load_on_demand" : false
}, {
  "id" : 4134020332920,
  "text" : "УИК №638",
  "href" : "region/izbirkom?action=show&root=132000007&tvd=4134020332920&vrn=100100225883172&prver=0&pronetvd=null&region=13&sub_region=13",
  "prver" : "0",
  "isUik" : true,
  "selected" : false,
  "load_on_demand" : false
}, {
  "id" : 4134020332921,
  "text" : "УИК №639",
  "href" : "region/izbirkom?action=show&root=132000007&tvd=4134020332921&vrn=100100225883172&prver=0&pronetvd=null&region=13&sub_region=13",
  "prver" : "0",
  "isUik" : true,
  "selected" : false,
  "load_on_demand" : false
}, {
  "id" : 4134020332922,
  "text" : "УИК №640",
  "href" : "region/izbirkom?action=show&root=132000007&tvd=4134020332922&vrn=100100225883172&prver=0&pronetvd=null&region=13&sub_region=13",
  "prver" : "0",
  "isUik" : true,
  "selected" : false,
  "load_on_demand" : false
}, {
  "id" : 4134020332923,
  "text" : "УИК №641",
  "href" : "region/izbirkom?action=show&root=132000007&tvd=4134020332923&vrn=100100225883172&prver=0&pronetvd=null&region=13&sub_region=13",
  "prver" : "0",
  "isUik" : true,
  "selected" : false,
  "load_on_demand" : false
}, {
  "id" : 4134020332924,
  "text" : "УИК №642",
  "href" : "region/izbirkom?action=show&root=132000007&tvd=4134020332924&vrn=100100225883172&prver=0&pronetvd=null&region=13&sub_region=13",
  "prver" : "0",
  "isUik" : true,
  "selected" : false,
  "load_on_demand" : false
}, {
  "id" : 4134020332925,
  "text" : "УИК №643",
  "href" : "region/izbirkom?action=show&root=132000007&tvd=4134020332925&vrn=100100225883172&prver=0&pronetvd=null&region=13&sub_region=13",
  "prver" : "0",
  "isUik" : true,
  "selected" : false,
  "load_on_demand" : false
} ]