[ {
  "id" : 4134025312866,
  "text" : "УИК №744",
  "href" : "region/izbirkom?action=show&root=132000002&tvd=4134025312866&vrn=100100225883172&prver=0&pronetvd=null&region=13&sub_region=13",
  "prver" : "0",
  "isUik" : true,
  "selected" : false,
  "load_on_demand" : false
}, {
  "id" : 4134025312867,
  "text" : "УИК №745",
  "href" : "region/izbirkom?action=show&root=132000002&tvd=4134025312867&vrn=100100225883172&prver=0&pronetvd=null&region=13&sub_region=13",
  "prver" : "0",
  "isUik" : true,
  "selected" : false,
  "load_on_demand" : false
}, {
  "id" : 4134025312868,
  "text" : "УИК №746",
  "href" : "region/izbirkom?action=show&root=132000002&tvd=4134025312868&vrn=100100225883172&prver=0&pronetvd=null&region=13&sub_region=13",
  "prver" : "0",
  "isUik" : true,
  "selected" : false,
  "load_on_demand" : false
}, {
  "id" : 4134025312869,
  "text" : "УИК №747",
  "href" : "region/izbirkom?action=show&root=132000002&tvd=4134025312869&vrn=100100225883172&prver=0&pronetvd=null&region=13&sub_region=13",
  "prver" : "0",
  "isUik" : true,
  "selected" : false,
  "load_on_demand" : false
}, {
  "id" : 4134025312870,
  "text" : "УИК №748",
  "href" : "region/izbirkom?action=show&root=132000002&tvd=4134025312870&vrn=100100225883172&prver=0&pronetvd=null&region=13&sub_region=13",
  "prver" : "0",
  "isUik" : true,
  "selected" : false,
  "load_on_demand" : false
}, {
  "id" : 4134025312871,
  "text" : "УИК №749",
  "href" : "region/izbirkom?action=show&root=132000002&tvd=4134025312871&vrn=100100225883172&prver=0&pronetvd=null&region=13&sub_region=13",
  "prver" : "0",
  "isUik" : true,
  "selected" : false,
  "load_on_demand" : false
}, {
  "id" : 4134025312872,
  "text" : "УИК №750",
  "href" : "region/izbirkom?action=show&root=132000002&tvd=4134025312872&vrn=100100225883172&prver=0&pronetvd=null&region=13&sub_region=13",
  "prver" : "0",
  "isUik" : true,
  "selected" : false,
  "load_on_demand" : false
}, {
  "id" : 4134025312873,
  "text" : "УИК №751",
  "href" : "region/izbirkom?action=show&root=132000002&tvd=4134025312873&vrn=100100225883172&prver=0&pronetvd=null&region=13&sub_region=13",
  "prver" : "0",
  "isUik" : true,
  "selected" : false,
  "load_on_demand" : false
}, {
  "id" : 4134025312874,
  "text" : "УИК №752",
  "href" : "region/izbirkom?action=show&root=132000002&tvd=4134025312874&vrn=100100225883172&prver=0&pronetvd=null&region=13&sub_region=13",
  "prver" : "0",
  "isUik" : true,
  "selected" : false,
  "load_on_demand" : false
}, {
  "id" : 4134025312875,
  "text" : "УИК №753",
  "href" : "region/izbirkom?action=show&root=132000002&tvd=4134025312875&vrn=100100225883172&prver=0&pronetvd=null&region=13&sub_region=13",
  "prver" : "0",
  "isUik" : true,
  "selected" : false,
  "load_on_demand" : false
}, {
  "id" : 4134025312876,
  "text" : "УИК №754",
  "href" : "region/izbirkom?action=show&root=132000002&tvd=4134025312876&vrn=100100225883172&prver=0&pronetvd=null&region=13&sub_region=13",
  "prver" : "0",
  "isUik" : true,
  "selected" : false,
  "load_on_demand" : false
}, {
  "id" : 4134025312877,
  "text" : "УИК №755",
  "href" : "region/izbirkom?action=show&root=132000002&tvd=4134025312877&vrn=100100225883172&prver=0&pronetvd=null&region=13&sub_region=13",
  "prver" : "0",
  "isUik" : true,
  "selected" : false,
  "load_on_demand" : false
}, {
  "id" : 4134025312878,
  "text" : "УИК №756",
  "href" : "region/izbirkom?action=show&root=132000002&tvd=4134025312878&vrn=100100225883172&prver=0&pronetvd=null&region=13&sub_region=13",
  "prver" : "0",
  "isUik" : true,
  "selected" : false,
  "load_on_demand" : false
}, {
  "id" : 4134025312879,
  "text" : "УИК №757",
  "href" : "region/izbirkom?action=show&root=132000002&tvd=4134025312879&vrn=100100225883172&prver=0&pronetvd=null&region=13&sub_region=13",
  "prver" : "0",
  "isUik" : true,
  "selected" : false,
  "load_on_demand" : false
}, {
  "id" : 4134025312880,
  "text" : "УИК №758",
  "href" : "region/izbirkom?action=show&root=132000002&tvd=4134025312880&vrn=100100225883172&prver=0&pronetvd=null&region=13&sub_region=13",
  "prver" : "0",
  "isUik" : true,
  "selected" : false,
  "load_on_demand" : false
}, {
  "id" : 4134025312881,
  "text" : "УИК №759",
  "href" : "region/izbirkom?action=show&root=132000002&tvd=4134025312881&vrn=100100225883172&prver=0&pronetvd=null&region=13&sub_region=13",
  "prver" : "0",
  "isUik" : true,
  "selected" : false,
  "load_on_demand" : false
}, {
  "id" : 4134025312882,
  "text" : "УИК №760",
  "href" : "region/izbirkom?action=show&root=132000002&tvd=4134025312882&vrn=100100225883172&prver=0&pronetvd=null&region=13&sub_region=13",
  "prver" : "0",
  "isUik" : true,
  "selected" : false,
  "load_on_demand" : false
}, {
  "id" : 4134025312883,
  "text" : "УИК №761",
  "href" : "region/izbirkom?action=show&root=132000002&tvd=4134025312883&vrn=100100225883172&prver=0&pronetvd=null&region=13&sub_region=13",
  "prver" : "0",
  "isUik" : true,
  "selected" : false,
  "load_on_demand" : false
}, {
  "id" : 4134025312884,
  "text" : "УИК №762",
  "href" : "region/izbirkom?action=show&root=132000002&tvd=4134025312884&vrn=100100225883172&prver=0&pronetvd=null&region=13&sub_region=13",
  "prver" : "0",
  "isUik" : true,
  "selected" : false,
  "load_on_demand" : false
}, {
  "id" : 4134025312885,
  "text" : "УИК №763",
  "href" : "region/izbirkom?action=show&root=132000002&tvd=4134025312885&vrn=100100225883172&prver=0&pronetvd=null&region=13&sub_region=13",
  "prver" : "0",
  "isUik" : true,
  "selected" : false,
  "load_on_demand" : false
}, {
  "id" : 4134025312886,
  "text" : "УИК №764",
  "href" : "region/izbirkom?action=show&root=132000002&tvd=4134025312886&vrn=100100225883172&prver=0&pronetvd=null&region=13&sub_region=13",
  "prver" : "0",
  "isUik" : true,
  "selected" : false,
  "load_on_demand" : false
}, {
  "id" : 4134025312887,
  "text" : "УИК №765",
  "href" : "region/izbirkom?action=show&root=132000002&tvd=4134025312887&vrn=100100225883172&prver=0&pronetvd=null&region=13&sub_region=13",
  "prver" : "0",
  "isUik" : true,
  "selected" : false,
  "load_on_demand" : false
}, {
  "id" : 4134025312888,
  "text" : "УИК №766",
  "href" : "region/izbirkom?action=show&root=132000002&tvd=4134025312888&vrn=100100225883172&prver=0&pronetvd=null&region=13&sub_region=13",
  "prver" : "0",
  "isUik" : true,
  "selected" : false,
  "load_on_demand" : false
}, {
  "id" : 4134025312889,
  "text" : "УИК №767",
  "href" : "region/izbirkom?action=show&root=132000002&tvd=4134025312889&vrn=100100225883172&prver=0&pronetvd=null&region=13&sub_region=13",
  "prver" : "0",
  "isUik" : true,
  "selected" : false,
  "load_on_demand" : false
}, {
  "id" : 4134025312890,
  "text" : "УИК №768",
  "href" : "region/izbirkom?action=show&root=132000002&tvd=4134025312890&vrn=100100225883172&prver=0&pronetvd=null&region=13&sub_region=13",
  "prver" : "0",
  "isUik" : true,
  "selected" : false,
  "load_on_demand" : false
}, {
  "id" : 4134025312891,
  "text" : "УИК №769",
  "href" : "region/izbirkom?action=show&root=132000002&tvd=4134025312891&vrn=100100225883172&prver=0&pronetvd=null&region=13&sub_region=13",
  "prver" : "0",
  "isUik" : true,
  "selected" : false,
  "load_on_demand" : false
}, {
  "id" : 4134025312892,
  "text" : "УИК №770",
  "href" : "region/izbirkom?action=show&root=132000002&tvd=4134025312892&vrn=100100225883172&prver=0&pronetvd=null&region=13&sub_region=13",
  "prver" : "0",
  "isUik" : true,
  "selected" : false,
  "load_on_demand" : false
}, {
  "id" : 4134025312893,
  "text" : "УИК №771",
  "href" : "region/izbirkom?action=show&root=132000002&tvd=4134025312893&vrn=100100225883172&prver=0&pronetvd=null&region=13&sub_region=13",
  "prver" : "0",
  "isUik" : true,
  "selected" : false,
  "load_on_demand" : false
}, {
  "id" : 4134025312894,
  "text" : "УИК №772",
  "href" : "region/izbirkom?action=show&root=132000002&tvd=4134025312894&vrn=100100225883172&prver=0&pronetvd=null&region=13&sub_region=13",
  "prver" : "0",
  "isUik" : true,
  "selected" : false,
  "load_on_demand" : false
}, {
  "id" : 4134025312895,
  "text" : "УИК №773",
  "href" : "region/izbirkom?action=show&root=132000002&tvd=4134025312895&vrn=100100225883172&prver=0&pronetvd=null&region=13&sub_region=13",
  "prver" : "0",
  "isUik" : true,
  "selected" : false,
  "load_on_demand" : false
}, {
  "id" : 4134025312896,
  "text" : "УИК №774",
  "href" : "region/izbirkom?action=show&root=132000002&tvd=4134025312896&vrn=100100225883172&prver=0&pronetvd=null&region=13&sub_region=13",
  "prver" : "0",
  "isUik" : true,
  "selected" : false,
  "load_on_demand" : false
} ]