[ {
  "id" : 4134005229206,
  "text" : "УИК №123",
  "href" : "region/izbirkom?action=show&root=132000022&tvd=4134005229206&vrn=100100225883172&prver=0&pronetvd=null&region=13&sub_region=13",
  "prver" : "0",
  "isUik" : true,
  "selected" : false,
  "load_on_demand" : false
}, {
  "id" : 4134005229207,
  "text" : "УИК №124",
  "href" : "region/izbirkom?action=show&root=132000022&tvd=4134005229207&vrn=100100225883172&prver=0&pronetvd=null&region=13&sub_region=13",
  "prver" : "0",
  "isUik" : true,
  "selected" : false,
  "load_on_demand" : false
}, {
  "id" : 4134005229208,
  "text" : "УИК №125",
  "href" : "region/izbirkom?action=show&root=132000022&tvd=4134005229208&vrn=100100225883172&prver=0&pronetvd=null&region=13&sub_region=13",
  "prver" : "0",
  "isUik" : true,
  "selected" : false,
  "load_on_demand" : false
}, {
  "id" : 4134005229209,
  "text" : "УИК №126",
  "href" : "region/izbirkom?action=show&root=132000022&tvd=4134005229209&vrn=100100225883172&prver=0&pronetvd=null&region=13&sub_region=13",
  "prver" : "0",
  "isUik" : true,
  "selected" : false,
  "load_on_demand" : false
}, {
  "id" : 4134005229210,
  "text" : "УИК №127",
  "href" : "region/izbirkom?action=show&root=132000022&tvd=4134005229210&vrn=100100225883172&prver=0&pronetvd=null&region=13&sub_region=13",
  "prver" : "0",
  "isUik" : true,
  "selected" : false,
  "load_on_demand" : false
}, {
  "id" : 4134005229211,
  "text" : "УИК №128",
  "href" : "region/izbirkom?action=show&root=132000022&tvd=4134005229211&vrn=100100225883172&prver=0&pronetvd=null&region=13&sub_region=13",
  "prver" : "0",
  "isUik" : true,
  "selected" : false,
  "load_on_demand" : false
}, {
  "id" : 4134005229212,
  "text" : "УИК №129",
  "href" : "region/izbirkom?action=show&root=132000022&tvd=4134005229212&vrn=100100225883172&prver=0&pronetvd=null&region=13&sub_region=13",
  "prver" : "0",
  "isUik" : true,
  "selected" : false,
  "load_on_demand" : false
}, {
  "id" : 4134005229213,
  "text" : "УИК №130",
  "href" : "region/izbirkom?action=show&root=132000022&tvd=4134005229213&vrn=100100225883172&prver=0&pronetvd=null&region=13&sub_region=13",
  "prver" : "0",
  "isUik" : true,
  "selected" : false,
  "load_on_demand" : false
}, {
  "id" : 4134005229214,
  "text" : "УИК №131",
  "href" : "region/izbirkom?action=show&root=132000022&tvd=4134005229214&vrn=100100225883172&prver=0&pronetvd=null&region=13&sub_region=13",
  "prver" : "0",
  "isUik" : true,
  "selected" : false,
  "load_on_demand" : false
}, {
  "id" : 4134005229215,
  "text" : "УИК №132",
  "href" : "region/izbirkom?action=show&root=132000022&tvd=4134005229215&vrn=100100225883172&prver=0&pronetvd=null&region=13&sub_region=13",
  "prver" : "0",
  "isUik" : true,
  "selected" : false,
  "load_on_demand" : false
}, {
  "id" : 4134005229216,
  "text" : "УИК №133",
  "href" : "region/izbirkom?action=show&root=132000022&tvd=4134005229216&vrn=100100225883172&prver=0&pronetvd=null&region=13&sub_region=13",
  "prver" : "0",
  "isUik" : true,
  "selected" : false,
  "load_on_demand" : false
}, {
  "id" : 4134005229217,
  "text" : "УИК №134",
  "href" : "region/izbirkom?action=show&root=132000022&tvd=4134005229217&vrn=100100225883172&prver=0&pronetvd=null&region=13&sub_region=13",
  "prver" : "0",
  "isUik" : true,
  "selected" : false,
  "load_on_demand" : false
}, {
  "id" : 4134005229218,
  "text" : "УИК №135",
  "href" : "region/izbirkom?action=show&root=132000022&tvd=4134005229218&vrn=100100225883172&prver=0&pronetvd=null&region=13&sub_region=13",
  "prver" : "0",
  "isUik" : true,
  "selected" : false,
  "load_on_demand" : false
}, {
  "id" : 4134005229219,
  "text" : "УИК №136",
  "href" : "region/izbirkom?action=show&root=132000022&tvd=4134005229219&vrn=100100225883172&prver=0&pronetvd=null&region=13&sub_region=13",
  "prver" : "0",
  "isUik" : true,
  "selected" : false,
  "load_on_demand" : false
}, {
  "id" : 4134005229220,
  "text" : "УИК №137",
  "href" : "region/izbirkom?action=show&root=132000022&tvd=4134005229220&vrn=100100225883172&prver=0&pronetvd=null&region=13&sub_region=13",
  "prver" : "0",
  "isUik" : true,
  "selected" : false,
  "load_on_demand" : false
}, {
  "id" : 4134005229221,
  "text" : "УИК №138",
  "href" : "region/izbirkom?action=show&root=132000022&tvd=4134005229221&vrn=100100225883172&prver=0&pronetvd=null&region=13&sub_region=13",
  "prver" : "0",
  "isUik" : true,
  "selected" : false,
  "load_on_demand" : false
}, {
  "id" : 4134005229222,
  "text" : "УИК №139",
  "href" : "region/izbirkom?action=show&root=132000022&tvd=4134005229222&vrn=100100225883172&prver=0&pronetvd=null&region=13&sub_region=13",
  "prver" : "0",
  "isUik" : true,
  "selected" : false,
  "load_on_demand" : false
}, {
  "id" : 4134005229223,
  "text" : "УИК №140",
  "href" : "region/izbirkom?action=show&root=132000022&tvd=4134005229223&vrn=100100225883172&prver=0&pronetvd=null&region=13&sub_region=13",
  "prver" : "0",
  "isUik" : true,
  "selected" : false,
  "load_on_demand" : false
} ]