[ {
  "id" : 4134003341976,
  "text" : "УИК №63",
  "href" : "region/izbirkom?action=show&root=132000024&tvd=4134003341976&vrn=100100225883172&prver=0&pronetvd=null&region=13&sub_region=13",
  "prver" : "0",
  "isUik" : true,
  "selected" : false,
  "load_on_demand" : false
}, {
  "id" : 4134003341977,
  "text" : "УИК №64",
  "href" : "region/izbirkom?action=show&root=132000024&tvd=4134003341977&vrn=100100225883172&prver=0&pronetvd=null&region=13&sub_region=13",
  "prver" : "0",
  "isUik" : true,
  "selected" : false,
  "load_on_demand" : false
}, {
  "id" : 4134003341978,
  "text" : "УИК №65",
  "href" : "region/izbirkom?action=show&root=132000024&tvd=4134003341978&vrn=100100225883172&prver=0&pronetvd=null&region=13&sub_region=13",
  "prver" : "0",
  "isUik" : true,
  "selected" : false,
  "load_on_demand" : false
}, {
  "id" : 4134003341979,
  "text" : "УИК №66",
  "href" : "region/izbirkom?action=show&root=132000024&tvd=4134003341979&vrn=100100225883172&prver=0&pronetvd=null&region=13&sub_region=13",
  "prver" : "0",
  "isUik" : true,
  "selected" : false,
  "load_on_demand" : false
}, {
  "id" : 4134003341980,
  "text" : "УИК №67",
  "href" : "region/izbirkom?action=show&root=132000024&tvd=4134003341980&vrn=100100225883172&prver=0&pronetvd=null&region=13&sub_region=13",
  "prver" : "0",
  "isUik" : true,
  "selected" : false,
  "load_on_demand" : false
}, {
  "id" : 4134003341981,
  "text" : "УИК №68",
  "href" : "region/izbirkom?action=show&root=132000024&tvd=4134003341981&vrn=100100225883172&prver=0&pronetvd=null&region=13&sub_region=13",
  "prver" : "0",
  "isUik" : true,
  "selected" : false,
  "load_on_demand" : false
}, {
  "id" : 4134003341982,
  "text" : "УИК №69",
  "href" : "region/izbirkom?action=show&root=132000024&tvd=4134003341982&vrn=100100225883172&prver=0&pronetvd=null&region=13&sub_region=13",
  "prver" : "0",
  "isUik" : true,
  "selected" : false,
  "load_on_demand" : false
}, {
  "id" : 4134003341983,
  "text" : "УИК №70",
  "href" : "region/izbirkom?action=show&root=132000024&tvd=4134003341983&vrn=100100225883172&prver=0&pronetvd=null&region=13&sub_region=13",
  "prver" : "0",
  "isUik" : true,
  "selected" : false,
  "load_on_demand" : false
}, {
  "id" : 4134003341984,
  "text" : "УИК №71",
  "href" : "region/izbirkom?action=show&root=132000024&tvd=4134003341984&vrn=100100225883172&prver=0&pronetvd=null&region=13&sub_region=13",
  "prver" : "0",
  "isUik" : true,
  "selected" : false,
  "load_on_demand" : false
}, {
  "id" : 4134003341985,
  "text" : "УИК №72",
  "href" : "region/izbirkom?action=show&root=132000024&tvd=4134003341985&vrn=100100225883172&prver=0&pronetvd=null&region=13&sub_region=13",
  "prver" : "0",
  "isUik" : true,
  "selected" : false,
  "load_on_demand" : false
}, {
  "id" : 4134003341986,
  "text" : "УИК №73",
  "href" : "region/izbirkom?action=show&root=132000024&tvd=4134003341986&vrn=100100225883172&prver=0&pronetvd=null&region=13&sub_region=13",
  "prver" : "0",
  "isUik" : true,
  "selected" : false,
  "load_on_demand" : false
}, {
  "id" : 4134003341987,
  "text" : "УИК №74",
  "href" : "region/izbirkom?action=show&root=132000024&tvd=4134003341987&vrn=100100225883172&prver=0&pronetvd=null&region=13&sub_region=13",
  "prver" : "0",
  "isUik" : true,
  "selected" : false,
  "load_on_demand" : false
}, {
  "id" : 4134003341988,
  "text" : "УИК №75",
  "href" : "region/izbirkom?action=show&root=132000024&tvd=4134003341988&vrn=100100225883172&prver=0&pronetvd=null&region=13&sub_region=13",
  "prver" : "0",
  "isUik" : true,
  "selected" : false,
  "load_on_demand" : false
}, {
  "id" : 4134003341989,
  "text" : "УИК №76",
  "href" : "region/izbirkom?action=show&root=132000024&tvd=4134003341989&vrn=100100225883172&prver=0&pronetvd=null&region=13&sub_region=13",
  "prver" : "0",
  "isUik" : true,
  "selected" : false,
  "load_on_demand" : false
}, {
  "id" : 4134003341990,
  "text" : "УИК №77",
  "href" : "region/izbirkom?action=show&root=132000024&tvd=4134003341990&vrn=100100225883172&prver=0&pronetvd=null&region=13&sub_region=13",
  "prver" : "0",
  "isUik" : true,
  "selected" : false,
  "load_on_demand" : false
}, {
  "id" : 4134003341991,
  "text" : "УИК №78",
  "href" : "region/izbirkom?action=show&root=132000024&tvd=4134003341991&vrn=100100225883172&prver=0&pronetvd=null&region=13&sub_region=13",
  "prver" : "0",
  "isUik" : true,
  "selected" : false,
  "load_on_demand" : false
}, {
  "id" : 4134003341992,
  "text" : "УИК №79",
  "href" : "region/izbirkom?action=show&root=132000024&tvd=4134003341992&vrn=100100225883172&prver=0&pronetvd=null&region=13&sub_region=13",
  "prver" : "0",
  "isUik" : true,
  "selected" : false,
  "load_on_demand" : false
}, {
  "id" : 4134003341993,
  "text" : "УИК №80",
  "href" : "region/izbirkom?action=show&root=132000024&tvd=4134003341993&vrn=100100225883172&prver=0&pronetvd=null&region=13&sub_region=13",
  "prver" : "0",
  "isUik" : true,
  "selected" : false,
  "load_on_demand" : false
}, {
  "id" : 4134003341994,
  "text" : "УИК №81",
  "href" : "region/izbirkom?action=show&root=132000024&tvd=4134003341994&vrn=100100225883172&prver=0&pronetvd=null&region=13&sub_region=13",
  "prver" : "0",
  "isUik" : true,
  "selected" : false,
  "load_on_demand" : false
}, {
  "id" : 4134003341995,
  "text" : "УИК №82",
  "href" : "region/izbirkom?action=show&root=132000024&tvd=4134003341995&vrn=100100225883172&prver=0&pronetvd=null&region=13&sub_region=13",
  "prver" : "0",
  "isUik" : true,
  "selected" : false,
  "load_on_demand" : false
}, {
  "id" : 4134003341996,
  "text" : "УИК №83",
  "href" : "region/izbirkom?action=show&root=132000024&tvd=4134003341996&vrn=100100225883172&prver=0&pronetvd=null&region=13&sub_region=13",
  "prver" : "0",
  "isUik" : true,
  "selected" : false,
  "load_on_demand" : false
}, {
  "id" : 4134003341997,
  "text" : "УИК №84",
  "href" : "region/izbirkom?action=show&root=132000024&tvd=4134003341997&vrn=100100225883172&prver=0&pronetvd=null&region=13&sub_region=13",
  "prver" : "0",
  "isUik" : true,
  "selected" : false,
  "load_on_demand" : false
}, {
  "id" : 4134003341998,
  "text" : "УИК №85",
  "href" : "region/izbirkom?action=show&root=132000024&tvd=4134003341998&vrn=100100225883172&prver=0&pronetvd=null&region=13&sub_region=13",
  "prver" : "0",
  "isUik" : true,
  "selected" : false,
  "load_on_demand" : false
}, {
  "id" : 4134003341999,
  "text" : "УИК №86",
  "href" : "region/izbirkom?action=show&root=132000024&tvd=4134003341999&vrn=100100225883172&prver=0&pronetvd=null&region=13&sub_region=13",
  "prver" : "0",
  "isUik" : true,
  "selected" : false,
  "load_on_demand" : false
}, {
  "id" : 4134003342000,
  "text" : "УИК №87",
  "href" : "region/izbirkom?action=show&root=132000024&tvd=4134003342000&vrn=100100225883172&prver=0&pronetvd=null&region=13&sub_region=13",
  "prver" : "0",
  "isUik" : true,
  "selected" : false,
  "load_on_demand" : false
}, {
  "id" : 4134003342001,
  "text" : "УИК №88",
  "href" : "region/izbirkom?action=show&root=132000024&tvd=4134003342001&vrn=100100225883172&prver=0&pronetvd=null&region=13&sub_region=13",
  "prver" : "0",
  "isUik" : true,
  "selected" : false,
  "load_on_demand" : false
}, {
  "id" : 4134003342002,
  "text" : "УИК №89",
  "href" : "region/izbirkom?action=show&root=132000024&tvd=4134003342002&vrn=100100225883172&prver=0&pronetvd=null&region=13&sub_region=13",
  "prver" : "0",
  "isUik" : true,
  "selected" : false,
  "load_on_demand" : false
}, {
  "id" : 4134003342003,
  "text" : "УИК №90",
  "href" : "region/izbirkom?action=show&root=132000024&tvd=4134003342003&vrn=100100225883172&prver=0&pronetvd=null&region=13&sub_region=13",
  "prver" : "0",
  "isUik" : true,
  "selected" : false,
  "load_on_demand" : false
}, {
  "id" : 4134003342004,
  "text" : "УИК №91",
  "href" : "region/izbirkom?action=show&root=132000024&tvd=4134003342004&vrn=100100225883172&prver=0&pronetvd=null&region=13&sub_region=13",
  "prver" : "0",
  "isUik" : true,
  "selected" : false,
  "load_on_demand" : false
}, {
  "id" : 4134003342005,
  "text" : "УИК №92",
  "href" : "region/izbirkom?action=show&root=132000024&tvd=4134003342005&vrn=100100225883172&prver=0&pronetvd=null&region=13&sub_region=13",
  "prver" : "0",
  "isUik" : true,
  "selected" : false,
  "load_on_demand" : false
}, {
  "id" : 4134003342006,
  "text" : "УИК №93",
  "href" : "region/izbirkom?action=show&root=132000024&tvd=4134003342006&vrn=100100225883172&prver=0&pronetvd=null&region=13&sub_region=13",
  "prver" : "0",
  "isUik" : true,
  "selected" : false,
  "load_on_demand" : false
}, {
  "id" : 4134003342007,
  "text" : "УИК №94",
  "href" : "region/izbirkom?action=show&root=132000024&tvd=4134003342007&vrn=100100225883172&prver=0&pronetvd=null&region=13&sub_region=13",
  "prver" : "0",
  "isUik" : true,
  "selected" : false,
  "load_on_demand" : false
}, {
  "id" : 4134003342008,
  "text" : "УИК №95",
  "href" : "region/izbirkom?action=show&root=132000024&tvd=4134003342008&vrn=100100225883172&prver=0&pronetvd=null&region=13&sub_region=13",
  "prver" : "0",
  "isUik" : true,
  "selected" : false,
  "load_on_demand" : false
}, {
  "id" : 4134003342009,
  "text" : "УИК №96",
  "href" : "region/izbirkom?action=show&root=132000024&tvd=4134003342009&vrn=100100225883172&prver=0&pronetvd=null&region=13&sub_region=13",
  "prver" : "0",
  "isUik" : true,
  "selected" : false,
  "load_on_demand" : false
}, {
  "id" : 4134003342010,
  "text" : "УИК №97",
  "href" : "region/izbirkom?action=show&root=132000024&tvd=4134003342010&vrn=100100225883172&prver=0&pronetvd=null&region=13&sub_region=13",
  "prver" : "0",
  "isUik" : true,
  "selected" : false,
  "load_on_demand" : false
} ]