[ {
  "id" : 4144023295752,
  "text" : "УИК №445",
  "href" : "region/izbirkom?action=show&root=142000042&tvd=4144023295752&vrn=100100225883172&prver=0&pronetvd=null&region=14&sub_region=14",
  "prver" : "0",
  "isUik" : true,
  "selected" : false,
  "load_on_demand" : false
}, {
  "id" : 4144023295753,
  "text" : "УИК №446",
  "href" : "region/izbirkom?action=show&root=142000042&tvd=4144023295753&vrn=100100225883172&prver=0&pronetvd=null&region=14&sub_region=14",
  "prver" : "0",
  "isUik" : true,
  "selected" : false,
  "load_on_demand" : false
}, {
  "id" : 4144023295754,
  "text" : "УИК №447",
  "href" : "region/izbirkom?action=show&root=142000042&tvd=4144023295754&vrn=100100225883172&prver=0&pronetvd=null&region=14&sub_region=14",
  "prver" : "0",
  "isUik" : true,
  "selected" : false,
  "load_on_demand" : false
}, {
  "id" : 4144023295755,
  "text" : "УИК №448",
  "href" : "region/izbirkom?action=show&root=142000042&tvd=4144023295755&vrn=100100225883172&prver=0&pronetvd=null&region=14&sub_region=14",
  "prver" : "0",
  "isUik" : true,
  "selected" : false,
  "load_on_demand" : false
}, {
  "id" : 4144023295756,
  "text" : "УИК №449",
  "href" : "region/izbirkom?action=show&root=142000042&tvd=4144023295756&vrn=100100225883172&prver=0&pronetvd=null&region=14&sub_region=14",
  "prver" : "0",
  "isUik" : true,
  "selected" : false,
  "load_on_demand" : false
}, {
  "id" : 4144023295757,
  "text" : "УИК №450",
  "href" : "region/izbirkom?action=show&root=142000042&tvd=4144023295757&vrn=100100225883172&prver=0&pronetvd=null&region=14&sub_region=14",
  "prver" : "0",
  "isUik" : true,
  "selected" : false,
  "load_on_demand" : false
}, {
  "id" : 4144023295758,
  "text" : "УИК №451",
  "href" : "region/izbirkom?action=show&root=142000042&tvd=4144023295758&vrn=100100225883172&prver=0&pronetvd=null&region=14&sub_region=14",
  "prver" : "0",
  "isUik" : true,
  "selected" : false,
  "load_on_demand" : false
}, {
  "id" : 4144023295759,
  "text" : "УИК №452",
  "href" : "region/izbirkom?action=show&root=142000042&tvd=4144023295759&vrn=100100225883172&prver=0&pronetvd=null&region=14&sub_region=14",
  "prver" : "0",
  "isUik" : true,
  "selected" : false,
  "load_on_demand" : false
}, {
  "id" : 4144023295760,
  "text" : "УИК №453",
  "href" : "region/izbirkom?action=show&root=142000042&tvd=4144023295760&vrn=100100225883172&prver=0&pronetvd=null&region=14&sub_region=14",
  "prver" : "0",
  "isUik" : true,
  "selected" : false,
  "load_on_demand" : false
}, {
  "id" : 4144023295761,
  "text" : "УИК №454",
  "href" : "region/izbirkom?action=show&root=142000042&tvd=4144023295761&vrn=100100225883172&prver=0&pronetvd=null&region=14&sub_region=14",
  "prver" : "0",
  "isUik" : true,
  "selected" : false,
  "load_on_demand" : false
}, {
  "id" : 4144023295762,
  "text" : "УИК №455",
  "href" : "region/izbirkom?action=show&root=142000042&tvd=4144023295762&vrn=100100225883172&prver=0&pronetvd=null&region=14&sub_region=14",
  "prver" : "0",
  "isUik" : true,
  "selected" : false,
  "load_on_demand" : false
}, {
  "id" : 4144023295763,
  "text" : "УИК №456",
  "href" : "region/izbirkom?action=show&root=142000042&tvd=4144023295763&vrn=100100225883172&prver=0&pronetvd=null&region=14&sub_region=14",
  "prver" : "0",
  "isUik" : true,
  "selected" : false,
  "load_on_demand" : false
}, {
  "id" : 4144023295764,
  "text" : "УИК №457",
  "href" : "region/izbirkom?action=show&root=142000042&tvd=4144023295764&vrn=100100225883172&prver=0&pronetvd=null&region=14&sub_region=14",
  "prver" : "0",
  "isUik" : true,
  "selected" : false,
  "load_on_demand" : false
}, {
  "id" : 4144023295765,
  "text" : "УИК №458",
  "href" : "region/izbirkom?action=show&root=142000042&tvd=4144023295765&vrn=100100225883172&prver=0&pronetvd=null&region=14&sub_region=14",
  "prver" : "0",
  "isUik" : true,
  "selected" : false,
  "load_on_demand" : false
}, {
  "id" : 4144023295766,
  "text" : "УИК №459",
  "href" : "region/izbirkom?action=show&root=142000042&tvd=4144023295766&vrn=100100225883172&prver=0&pronetvd=null&region=14&sub_region=14",
  "prver" : "0",
  "isUik" : true,
  "selected" : false,
  "load_on_demand" : false
}, {
  "id" : 4144023295767,
  "text" : "УИК №460",
  "href" : "region/izbirkom?action=show&root=142000042&tvd=4144023295767&vrn=100100225883172&prver=0&pronetvd=null&region=14&sub_region=14",
  "prver" : "0",
  "isUik" : true,
  "selected" : false,
  "load_on_demand" : false
}, {
  "id" : 4144023295768,
  "text" : "УИК №461",
  "href" : "region/izbirkom?action=show&root=142000042&tvd=4144023295768&vrn=100100225883172&prver=0&pronetvd=null&region=14&sub_region=14",
  "prver" : "0",
  "isUik" : true,
  "selected" : false,
  "load_on_demand" : false
}, {
  "id" : 4144023295769,
  "text" : "УИК №462",
  "href" : "region/izbirkom?action=show&root=142000042&tvd=4144023295769&vrn=100100225883172&prver=0&pronetvd=null&region=14&sub_region=14",
  "prver" : "0",
  "isUik" : true,
  "selected" : false,
  "load_on_demand" : false
}, {
  "id" : 4144023295770,
  "text" : "УИК №463",
  "href" : "region/izbirkom?action=show&root=142000042&tvd=4144023295770&vrn=100100225883172&prver=0&pronetvd=null&region=14&sub_region=14",
  "prver" : "0",
  "isUik" : true,
  "selected" : false,
  "load_on_demand" : false
}, {
  "id" : 4144023295771,
  "text" : "УИК №464",
  "href" : "region/izbirkom?action=show&root=142000042&tvd=4144023295771&vrn=100100225883172&prver=0&pronetvd=null&region=14&sub_region=14",
  "prver" : "0",
  "isUik" : true,
  "selected" : false,
  "load_on_demand" : false
}, {
  "id" : 4144023295772,
  "text" : "УИК №465",
  "href" : "region/izbirkom?action=show&root=142000042&tvd=4144023295772&vrn=100100225883172&prver=0&pronetvd=null&region=14&sub_region=14",
  "prver" : "0",
  "isUik" : true,
  "selected" : false,
  "load_on_demand" : false
}, {
  "id" : 4144023295773,
  "text" : "УИК №466",
  "href" : "region/izbirkom?action=show&root=142000042&tvd=4144023295773&vrn=100100225883172&prver=0&pronetvd=null&region=14&sub_region=14",
  "prver" : "0",
  "isUik" : true,
  "selected" : false,
  "load_on_demand" : false
}, {
  "id" : 4144023295774,
  "text" : "УИК №467",
  "href" : "region/izbirkom?action=show&root=142000042&tvd=4144023295774&vrn=100100225883172&prver=0&pronetvd=null&region=14&sub_region=14",
  "prver" : "0",
  "isUik" : true,
  "selected" : false,
  "load_on_demand" : false
}, {
  "id" : 4144023295775,
  "text" : "УИК №468",
  "href" : "region/izbirkom?action=show&root=142000042&tvd=4144023295775&vrn=100100225883172&prver=0&pronetvd=null&region=14&sub_region=14",
  "prver" : "0",
  "isUik" : true,
  "selected" : false,
  "load_on_demand" : false
}, {
  "id" : 4144023295776,
  "text" : "УИК №469",
  "href" : "region/izbirkom?action=show&root=142000042&tvd=4144023295776&vrn=100100225883172&prver=0&pronetvd=null&region=14&sub_region=14",
  "prver" : "0",
  "isUik" : true,
  "selected" : false,
  "load_on_demand" : false
}, {
  "id" : 4144023295777,
  "text" : "УИК №470",
  "href" : "region/izbirkom?action=show&root=142000042&tvd=4144023295777&vrn=100100225883172&prver=0&pronetvd=null&region=14&sub_region=14",
  "prver" : "0",
  "isUik" : true,
  "selected" : false,
  "load_on_demand" : false
}, {
  "id" : 4144023295778,
  "text" : "УИК №471",
  "href" : "region/izbirkom?action=show&root=142000042&tvd=4144023295778&vrn=100100225883172&prver=0&pronetvd=null&region=14&sub_region=14",
  "prver" : "0",
  "isUik" : true,
  "selected" : false,
  "load_on_demand" : false
}, {
  "id" : 4144023295779,
  "text" : "УИК №472",
  "href" : "region/izbirkom?action=show&root=142000042&tvd=4144023295779&vrn=100100225883172&prver=0&pronetvd=null&region=14&sub_region=14",
  "prver" : "0",
  "isUik" : true,
  "selected" : false,
  "load_on_demand" : false
}, {
  "id" : 4144023295780,
  "text" : "УИК №473",
  "href" : "region/izbirkom?action=show&root=142000042&tvd=4144023295780&vrn=100100225883172&prver=0&pronetvd=null&region=14&sub_region=14",
  "prver" : "0",
  "isUik" : true,
  "selected" : false,
  "load_on_demand" : false
}, {
  "id" : 4144023295781,
  "text" : "УИК №474",
  "href" : "region/izbirkom?action=show&root=142000042&tvd=4144023295781&vrn=100100225883172&prver=0&pronetvd=null&region=14&sub_region=14",
  "prver" : "0",
  "isUik" : true,
  "selected" : false,
  "load_on_demand" : false
}, {
  "id" : 4144023295782,
  "text" : "УИК №475",
  "href" : "region/izbirkom?action=show&root=142000042&tvd=4144023295782&vrn=100100225883172&prver=0&pronetvd=null&region=14&sub_region=14",
  "prver" : "0",
  "isUik" : true,
  "selected" : false,
  "load_on_demand" : false
}, {
  "id" : 4144023295783,
  "text" : "УИК №476",
  "href" : "region/izbirkom?action=show&root=142000042&tvd=4144023295783&vrn=100100225883172&prver=0&pronetvd=null&region=14&sub_region=14",
  "prver" : "0",
  "isUik" : true,
  "selected" : false,
  "load_on_demand" : false
}, {
  "id" : 4144023295784,
  "text" : "УИК №477",
  "href" : "region/izbirkom?action=show&root=142000042&tvd=4144023295784&vrn=100100225883172&prver=0&pronetvd=null&region=14&sub_region=14",
  "prver" : "0",
  "isUik" : true,
  "selected" : false,
  "load_on_demand" : false
}, {
  "id" : 4144023295785,
  "text" : "УИК №478",
  "href" : "region/izbirkom?action=show&root=142000042&tvd=4144023295785&vrn=100100225883172&prver=0&pronetvd=null&region=14&sub_region=14",
  "prver" : "0",
  "isUik" : true,
  "selected" : false,
  "load_on_demand" : false
}, {
  "id" : 4144023295786,
  "text" : "УИК №479",
  "href" : "region/izbirkom?action=show&root=142000042&tvd=4144023295786&vrn=100100225883172&prver=0&pronetvd=null&region=14&sub_region=14",
  "prver" : "0",
  "isUik" : true,
  "selected" : false,
  "load_on_demand" : false
}, {
  "id" : 4144023295787,
  "text" : "УИК №480",
  "href" : "region/izbirkom?action=show&root=142000042&tvd=4144023295787&vrn=100100225883172&prver=0&pronetvd=null&region=14&sub_region=14",
  "prver" : "0",
  "isUik" : true,
  "selected" : false,
  "load_on_demand" : false
}, {
  "id" : 4144023295788,
  "text" : "УИК №481",
  "href" : "region/izbirkom?action=show&root=142000042&tvd=4144023295788&vrn=100100225883172&prver=0&pronetvd=null&region=14&sub_region=14",
  "prver" : "0",
  "isUik" : true,
  "selected" : false,
  "load_on_demand" : false
}, {
  "id" : 4144023295789,
  "text" : "УИК №482",
  "href" : "region/izbirkom?action=show&root=142000042&tvd=4144023295789&vrn=100100225883172&prver=0&pronetvd=null&region=14&sub_region=14",
  "prver" : "0",
  "isUik" : true,
  "selected" : false,
  "load_on_demand" : false
}, {
  "id" : 4144023295790,
  "text" : "УИК №483",
  "href" : "region/izbirkom?action=show&root=142000042&tvd=4144023295790&vrn=100100225883172&prver=0&pronetvd=null&region=14&sub_region=14",
  "prver" : "0",
  "isUik" : true,
  "selected" : false,
  "load_on_demand" : false
}, {
  "id" : 4144023295791,
  "text" : "УИК №484",
  "href" : "region/izbirkom?action=show&root=142000042&tvd=4144023295791&vrn=100100225883172&prver=0&pronetvd=null&region=14&sub_region=14",
  "prver" : "0",
  "isUik" : true,
  "selected" : false,
  "load_on_demand" : false
}, {
  "id" : 4144023297376,
  "text" : "УИК №834",
  "href" : "region/izbirkom?action=show&root=142000042&tvd=4144023297376&vrn=100100225883172&prver=0&pronetvd=null&region=14&sub_region=14",
  "prver" : "0",
  "isUik" : true,
  "selected" : false,
  "load_on_demand" : false
}, {
  "id" : 4144023297377,
  "text" : "УИК №835",
  "href" : "region/izbirkom?action=show&root=142000042&tvd=4144023297377&vrn=100100225883172&prver=0&pronetvd=null&region=14&sub_region=14",
  "prver" : "0",
  "isUik" : true,
  "selected" : false,
  "load_on_demand" : false
}, {
  "id" : 4144023297404,
  "text" : "УИК №836",
  "href" : "region/izbirkom?action=show&root=142000042&tvd=4144023297404&vrn=100100225883172&prver=0&pronetvd=null&region=14&sub_region=14",
  "prver" : "0",
  "isUik" : true,
  "selected" : false,
  "load_on_demand" : false
} ]