[ {
  "id" : 4144025198008,
  "text" : "УИК №489",
  "href" : "region/izbirkom?action=show&root=142000002&tvd=4144025198008&vrn=100100225883172&prver=0&pronetvd=null&region=14&sub_region=14",
  "prver" : "0",
  "isUik" : true,
  "selected" : false,
  "load_on_demand" : false
}, {
  "id" : 4144025198009,
  "text" : "УИК №490",
  "href" : "region/izbirkom?action=show&root=142000002&tvd=4144025198009&vrn=100100225883172&prver=0&pronetvd=null&region=14&sub_region=14",
  "prver" : "0",
  "isUik" : true,
  "selected" : false,
  "load_on_demand" : false
}, {
  "id" : 4144025198010,
  "text" : "УИК №491",
  "href" : "region/izbirkom?action=show&root=142000002&tvd=4144025198010&vrn=100100225883172&prver=0&pronetvd=null&region=14&sub_region=14",
  "prver" : "0",
  "isUik" : true,
  "selected" : false,
  "load_on_demand" : false
}, {
  "id" : 4144025198011,
  "text" : "УИК №492",
  "href" : "region/izbirkom?action=show&root=142000002&tvd=4144025198011&vrn=100100225883172&prver=0&pronetvd=null&region=14&sub_region=14",
  "prver" : "0",
  "isUik" : true,
  "selected" : false,
  "load_on_demand" : false
}, {
  "id" : 4144025198012,
  "text" : "УИК №493",
  "href" : "region/izbirkom?action=show&root=142000002&tvd=4144025198012&vrn=100100225883172&prver=0&pronetvd=null&region=14&sub_region=14",
  "prver" : "0",
  "isUik" : true,
  "selected" : false,
  "load_on_demand" : false
}, {
  "id" : 4144025198013,
  "text" : "УИК №494",
  "href" : "region/izbirkom?action=show&root=142000002&tvd=4144025198013&vrn=100100225883172&prver=0&pronetvd=null&region=14&sub_region=14",
  "prver" : "0",
  "isUik" : true,
  "selected" : false,
  "load_on_demand" : false
}, {
  "id" : 4144025198014,
  "text" : "УИК №495",
  "href" : "region/izbirkom?action=show&root=142000002&tvd=4144025198014&vrn=100100225883172&prver=0&pronetvd=null&region=14&sub_region=14",
  "prver" : "0",
  "isUik" : true,
  "selected" : false,
  "load_on_demand" : false
}, {
  "id" : 4144025198015,
  "text" : "УИК №496",
  "href" : "region/izbirkom?action=show&root=142000002&tvd=4144025198015&vrn=100100225883172&prver=0&pronetvd=null&region=14&sub_region=14",
  "prver" : "0",
  "isUik" : true,
  "selected" : false,
  "load_on_demand" : false
}, {
  "id" : 4144025198016,
  "text" : "УИК №497",
  "href" : "region/izbirkom?action=show&root=142000002&tvd=4144025198016&vrn=100100225883172&prver=0&pronetvd=null&region=14&sub_region=14",
  "prver" : "0",
  "isUik" : true,
  "selected" : false,
  "load_on_demand" : false
}, {
  "id" : 4144025198017,
  "text" : "УИК №498",
  "href" : "region/izbirkom?action=show&root=142000002&tvd=4144025198017&vrn=100100225883172&prver=0&pronetvd=null&region=14&sub_region=14",
  "prver" : "0",
  "isUik" : true,
  "selected" : false,
  "load_on_demand" : false
}, {
  "id" : 4144025198018,
  "text" : "УИК №499",
  "href" : "region/izbirkom?action=show&root=142000002&tvd=4144025198018&vrn=100100225883172&prver=0&pronetvd=null&region=14&sub_region=14",
  "prver" : "0",
  "isUik" : true,
  "selected" : false,
  "load_on_demand" : false
} ]