[ {
  "id" : 4144032379124,
  "text" : "УИК №627",
  "href" : "region/izbirkom?action=show&root=142000011&tvd=4144032379124&vrn=100100225883172&prver=0&pronetvd=null&region=14&sub_region=14",
  "prver" : "0",
  "isUik" : true,
  "selected" : false,
  "load_on_demand" : false
}, {
  "id" : 4144032379125,
  "text" : "УИК №628",
  "href" : "region/izbirkom?action=show&root=142000011&tvd=4144032379125&vrn=100100225883172&prver=0&pronetvd=null&region=14&sub_region=14",
  "prver" : "0",
  "isUik" : true,
  "selected" : false,
  "load_on_demand" : false
}, {
  "id" : 4144032379126,
  "text" : "УИК №629",
  "href" : "region/izbirkom?action=show&root=142000011&tvd=4144032379126&vrn=100100225883172&prver=0&pronetvd=null&region=14&sub_region=14",
  "prver" : "0",
  "isUik" : true,
  "selected" : false,
  "load_on_demand" : false
}, {
  "id" : 4144032379127,
  "text" : "УИК №630",
  "href" : "region/izbirkom?action=show&root=142000011&tvd=4144032379127&vrn=100100225883172&prver=0&pronetvd=null&region=14&sub_region=14",
  "prver" : "0",
  "isUik" : true,
  "selected" : false,
  "load_on_demand" : false
}, {
  "id" : 4144032379128,
  "text" : "УИК №631",
  "href" : "region/izbirkom?action=show&root=142000011&tvd=4144032379128&vrn=100100225883172&prver=0&pronetvd=null&region=14&sub_region=14",
  "prver" : "0",
  "isUik" : true,
  "selected" : false,
  "load_on_demand" : false
}, {
  "id" : 4144032379129,
  "text" : "УИК №632",
  "href" : "region/izbirkom?action=show&root=142000011&tvd=4144032379129&vrn=100100225883172&prver=0&pronetvd=null&region=14&sub_region=14",
  "prver" : "0",
  "isUik" : true,
  "selected" : false,
  "load_on_demand" : false
}, {
  "id" : 4144032379130,
  "text" : "УИК №633",
  "href" : "region/izbirkom?action=show&root=142000011&tvd=4144032379130&vrn=100100225883172&prver=0&pronetvd=null&region=14&sub_region=14",
  "prver" : "0",
  "isUik" : true,
  "selected" : false,
  "load_on_demand" : false
}, {
  "id" : 4144032379131,
  "text" : "УИК №634",
  "href" : "region/izbirkom?action=show&root=142000011&tvd=4144032379131&vrn=100100225883172&prver=0&pronetvd=null&region=14&sub_region=14",
  "prver" : "0",
  "isUik" : true,
  "selected" : false,
  "load_on_demand" : false
}, {
  "id" : 4144032379132,
  "text" : "УИК №635",
  "href" : "region/izbirkom?action=show&root=142000011&tvd=4144032379132&vrn=100100225883172&prver=0&pronetvd=null&region=14&sub_region=14",
  "prver" : "0",
  "isUik" : true,
  "selected" : false,
  "load_on_demand" : false
}, {
  "id" : 4144032379133,
  "text" : "УИК №636",
  "href" : "region/izbirkom?action=show&root=142000011&tvd=4144032379133&vrn=100100225883172&prver=0&pronetvd=null&region=14&sub_region=14",
  "prver" : "0",
  "isUik" : true,
  "selected" : false,
  "load_on_demand" : false
}, {
  "id" : 4144032379134,
  "text" : "УИК №637",
  "href" : "region/izbirkom?action=show&root=142000011&tvd=4144032379134&vrn=100100225883172&prver=0&pronetvd=null&region=14&sub_region=14",
  "prver" : "0",
  "isUik" : true,
  "selected" : false,
  "load_on_demand" : false
}, {
  "id" : 4144032379135,
  "text" : "УИК №638",
  "href" : "region/izbirkom?action=show&root=142000011&tvd=4144032379135&vrn=100100225883172&prver=0&pronetvd=null&region=14&sub_region=14",
  "prver" : "0",
  "isUik" : true,
  "selected" : false,
  "load_on_demand" : false
}, {
  "id" : 4144032379136,
  "text" : "УИК №639",
  "href" : "region/izbirkom?action=show&root=142000011&tvd=4144032379136&vrn=100100225883172&prver=0&pronetvd=null&region=14&sub_region=14",
  "prver" : "0",
  "isUik" : true,
  "selected" : false,
  "load_on_demand" : false
}, {
  "id" : 4144032379137,
  "text" : "УИК №640",
  "href" : "region/izbirkom?action=show&root=142000011&tvd=4144032379137&vrn=100100225883172&prver=0&pronetvd=null&region=14&sub_region=14",
  "prver" : "0",
  "isUik" : true,
  "selected" : false,
  "load_on_demand" : false
}, {
  "id" : 4144032379138,
  "text" : "УИК №641",
  "href" : "region/izbirkom?action=show&root=142000011&tvd=4144032379138&vrn=100100225883172&prver=0&pronetvd=null&region=14&sub_region=14",
  "prver" : "0",
  "isUik" : true,
  "selected" : false,
  "load_on_demand" : false
}, {
  "id" : 4144032379139,
  "text" : "УИК №642",
  "href" : "region/izbirkom?action=show&root=142000011&tvd=4144032379139&vrn=100100225883172&prver=0&pronetvd=null&region=14&sub_region=14",
  "prver" : "0",
  "isUik" : true,
  "selected" : false,
  "load_on_demand" : false
}, {
  "id" : 4144032379140,
  "text" : "УИК №643",
  "href" : "region/izbirkom?action=show&root=142000011&tvd=4144032379140&vrn=100100225883172&prver=0&pronetvd=null&region=14&sub_region=14",
  "prver" : "0",
  "isUik" : true,
  "selected" : false,
  "load_on_demand" : false
}, {
  "id" : 4144032379141,
  "text" : "УИК №644",
  "href" : "region/izbirkom?action=show&root=142000011&tvd=4144032379141&vrn=100100225883172&prver=0&pronetvd=null&region=14&sub_region=14",
  "prver" : "0",
  "isUik" : true,
  "selected" : false,
  "load_on_demand" : false
}, {
  "id" : 4144032379142,
  "text" : "УИК №645",
  "href" : "region/izbirkom?action=show&root=142000011&tvd=4144032379142&vrn=100100225883172&prver=0&pronetvd=null&region=14&sub_region=14",
  "prver" : "0",
  "isUik" : true,
  "selected" : false,
  "load_on_demand" : false
}, {
  "id" : 4144032379143,
  "text" : "УИК №646",
  "href" : "region/izbirkom?action=show&root=142000011&tvd=4144032379143&vrn=100100225883172&prver=0&pronetvd=null&region=14&sub_region=14",
  "prver" : "0",
  "isUik" : true,
  "selected" : false,
  "load_on_demand" : false
}, {
  "id" : 4144032379144,
  "text" : "УИК №647",
  "href" : "region/izbirkom?action=show&root=142000011&tvd=4144032379144&vrn=100100225883172&prver=0&pronetvd=null&region=14&sub_region=14",
  "prver" : "0",
  "isUik" : true,
  "selected" : false,
  "load_on_demand" : false
}, {
  "id" : 4144032379145,
  "text" : "УИК №648",
  "href" : "region/izbirkom?action=show&root=142000011&tvd=4144032379145&vrn=100100225883172&prver=0&pronetvd=null&region=14&sub_region=14",
  "prver" : "0",
  "isUik" : true,
  "selected" : false,
  "load_on_demand" : false
}, {
  "id" : 4144032379146,
  "text" : "УИК №649",
  "href" : "region/izbirkom?action=show&root=142000011&tvd=4144032379146&vrn=100100225883172&prver=0&pronetvd=null&region=14&sub_region=14",
  "prver" : "0",
  "isUik" : true,
  "selected" : false,
  "load_on_demand" : false
}, {
  "id" : 4144032379147,
  "text" : "УИК №650",
  "href" : "region/izbirkom?action=show&root=142000011&tvd=4144032379147&vrn=100100225883172&prver=0&pronetvd=null&region=14&sub_region=14",
  "prver" : "0",
  "isUik" : true,
  "selected" : false,
  "load_on_demand" : false
}, {
  "id" : 4144032379148,
  "text" : "УИК №651",
  "href" : "region/izbirkom?action=show&root=142000011&tvd=4144032379148&vrn=100100225883172&prver=0&pronetvd=null&region=14&sub_region=14",
  "prver" : "0",
  "isUik" : true,
  "selected" : false,
  "load_on_demand" : false
}, {
  "id" : 4144032379149,
  "text" : "УИК №652",
  "href" : "region/izbirkom?action=show&root=142000011&tvd=4144032379149&vrn=100100225883172&prver=0&pronetvd=null&region=14&sub_region=14",
  "prver" : "0",
  "isUik" : true,
  "selected" : false,
  "load_on_demand" : false
}, {
  "id" : 4144032379150,
  "text" : "УИК №653",
  "href" : "region/izbirkom?action=show&root=142000011&tvd=4144032379150&vrn=100100225883172&prver=0&pronetvd=null&region=14&sub_region=14",
  "prver" : "0",
  "isUik" : true,
  "selected" : false,
  "load_on_demand" : false
}, {
  "id" : 4144032379151,
  "text" : "УИК №654",
  "href" : "region/izbirkom?action=show&root=142000011&tvd=4144032379151&vrn=100100225883172&prver=0&pronetvd=null&region=14&sub_region=14",
  "prver" : "0",
  "isUik" : true,
  "selected" : false,
  "load_on_demand" : false
}, {
  "id" : 4144032379152,
  "text" : "УИК №655",
  "href" : "region/izbirkom?action=show&root=142000011&tvd=4144032379152&vrn=100100225883172&prver=0&pronetvd=null&region=14&sub_region=14",
  "prver" : "0",
  "isUik" : true,
  "selected" : false,
  "load_on_demand" : false
}, {
  "id" : 4144032379153,
  "text" : "УИК №656",
  "href" : "region/izbirkom?action=show&root=142000011&tvd=4144032379153&vrn=100100225883172&prver=0&pronetvd=null&region=14&sub_region=14",
  "prver" : "0",
  "isUik" : true,
  "selected" : false,
  "load_on_demand" : false
} ]