[ {
  "id" : 4144024174607,
  "text" : "УИК №485",
  "href" : "region/izbirkom?action=show&root=142000004&tvd=4144024174607&vrn=100100225883172&prver=0&pronetvd=null&region=14&sub_region=14",
  "prver" : "0",
  "isUik" : true,
  "selected" : false,
  "load_on_demand" : false
}, {
  "id" : 4144024174608,
  "text" : "УИК №486",
  "href" : "region/izbirkom?action=show&root=142000004&tvd=4144024174608&vrn=100100225883172&prver=0&pronetvd=null&region=14&sub_region=14",
  "prver" : "0",
  "isUik" : true,
  "selected" : false,
  "load_on_demand" : false
}, {
  "id" : 4144024174609,
  "text" : "УИК №487",
  "href" : "region/izbirkom?action=show&root=142000004&tvd=4144024174609&vrn=100100225883172&prver=0&pronetvd=null&region=14&sub_region=14",
  "prver" : "0",
  "isUik" : true,
  "selected" : false,
  "load_on_demand" : false
}, {
  "id" : 4144024174610,
  "text" : "УИК №488",
  "href" : "region/izbirkom?action=show&root=142000004&tvd=4144024174610&vrn=100100225883172&prver=0&pronetvd=null&region=14&sub_region=14",
  "prver" : "0",
  "isUik" : true,
  "selected" : false,
  "load_on_demand" : false
} ]