[ {
  "id" : 4144018254661,
  "text" : "УИК №330",
  "href" : "region/izbirkom?action=show&root=142000035&tvd=4144018254661&vrn=100100225883172&prver=0&pronetvd=null&region=14&sub_region=14",
  "prver" : "0",
  "isUik" : true,
  "selected" : false,
  "load_on_demand" : false
}, {
  "id" : 4144018254662,
  "text" : "УИК №331",
  "href" : "region/izbirkom?action=show&root=142000035&tvd=4144018254662&vrn=100100225883172&prver=0&pronetvd=null&region=14&sub_region=14",
  "prver" : "0",
  "isUik" : true,
  "selected" : false,
  "load_on_demand" : false
}, {
  "id" : 4144018254663,
  "text" : "УИК №332",
  "href" : "region/izbirkom?action=show&root=142000035&tvd=4144018254663&vrn=100100225883172&prver=0&pronetvd=null&region=14&sub_region=14",
  "prver" : "0",
  "isUik" : true,
  "selected" : false,
  "load_on_demand" : false
}, {
  "id" : 4144018254664,
  "text" : "УИК №333",
  "href" : "region/izbirkom?action=show&root=142000035&tvd=4144018254664&vrn=100100225883172&prver=0&pronetvd=null&region=14&sub_region=14",
  "prver" : "0",
  "isUik" : true,
  "selected" : false,
  "load_on_demand" : false
}, {
  "id" : 4144018254665,
  "text" : "УИК №334",
  "href" : "region/izbirkom?action=show&root=142000035&tvd=4144018254665&vrn=100100225883172&prver=0&pronetvd=null&region=14&sub_region=14",
  "prver" : "0",
  "isUik" : true,
  "selected" : false,
  "load_on_demand" : false
}, {
  "id" : 4144018254666,
  "text" : "УИК №335",
  "href" : "region/izbirkom?action=show&root=142000035&tvd=4144018254666&vrn=100100225883172&prver=0&pronetvd=null&region=14&sub_region=14",
  "prver" : "0",
  "isUik" : true,
  "selected" : false,
  "load_on_demand" : false
}, {
  "id" : 4144018254667,
  "text" : "УИК №336",
  "href" : "region/izbirkom?action=show&root=142000035&tvd=4144018254667&vrn=100100225883172&prver=0&pronetvd=null&region=14&sub_region=14",
  "prver" : "0",
  "isUik" : true,
  "selected" : false,
  "load_on_demand" : false
}, {
  "id" : 4144018254668,
  "text" : "УИК №337",
  "href" : "region/izbirkom?action=show&root=142000035&tvd=4144018254668&vrn=100100225883172&prver=0&pronetvd=null&region=14&sub_region=14",
  "prver" : "0",
  "isUik" : true,
  "selected" : false,
  "load_on_demand" : false
}, {
  "id" : 4144018254669,
  "text" : "УИК №338",
  "href" : "region/izbirkom?action=show&root=142000035&tvd=4144018254669&vrn=100100225883172&prver=0&pronetvd=null&region=14&sub_region=14",
  "prver" : "0",
  "isUik" : true,
  "selected" : false,
  "load_on_demand" : false
}, {
  "id" : 4144018254670,
  "text" : "УИК №339",
  "href" : "region/izbirkom?action=show&root=142000035&tvd=4144018254670&vrn=100100225883172&prver=0&pronetvd=null&region=14&sub_region=14",
  "prver" : "0",
  "isUik" : true,
  "selected" : false,
  "load_on_demand" : false
}, {
  "id" : 4144018254671,
  "text" : "УИК №340",
  "href" : "region/izbirkom?action=show&root=142000035&tvd=4144018254671&vrn=100100225883172&prver=0&pronetvd=null&region=14&sub_region=14",
  "prver" : "0",
  "isUik" : true,
  "selected" : false,
  "load_on_demand" : false
}, {
  "id" : 4144018254672,
  "text" : "УИК №341",
  "href" : "region/izbirkom?action=show&root=142000035&tvd=4144018254672&vrn=100100225883172&prver=0&pronetvd=null&region=14&sub_region=14",
  "prver" : "0",
  "isUik" : true,
  "selected" : false,
  "load_on_demand" : false
}, {
  "id" : 4144018254673,
  "text" : "УИК №342",
  "href" : "region/izbirkom?action=show&root=142000035&tvd=4144018254673&vrn=100100225883172&prver=0&pronetvd=null&region=14&sub_region=14",
  "prver" : "0",
  "isUik" : true,
  "selected" : false,
  "load_on_demand" : false
}, {
  "id" : 4144018254674,
  "text" : "УИК №343",
  "href" : "region/izbirkom?action=show&root=142000035&tvd=4144018254674&vrn=100100225883172&prver=0&pronetvd=null&region=14&sub_region=14",
  "prver" : "0",
  "isUik" : true,
  "selected" : false,
  "load_on_demand" : false
}, {
  "id" : 4144018254675,
  "text" : "УИК №344",
  "href" : "region/izbirkom?action=show&root=142000035&tvd=4144018254675&vrn=100100225883172&prver=0&pronetvd=null&region=14&sub_region=14",
  "prver" : "0",
  "isUik" : true,
  "selected" : false,
  "load_on_demand" : false
}, {
  "id" : 4144018254676,
  "text" : "УИК №345",
  "href" : "region/izbirkom?action=show&root=142000035&tvd=4144018254676&vrn=100100225883172&prver=0&pronetvd=null&region=14&sub_region=14",
  "prver" : "0",
  "isUik" : true,
  "selected" : false,
  "load_on_demand" : false
}, {
  "id" : 4144018254677,
  "text" : "УИК №346",
  "href" : "region/izbirkom?action=show&root=142000035&tvd=4144018254677&vrn=100100225883172&prver=0&pronetvd=null&region=14&sub_region=14",
  "prver" : "0",
  "isUik" : true,
  "selected" : false,
  "load_on_demand" : false
}, {
  "id" : 4144018254678,
  "text" : "УИК №347",
  "href" : "region/izbirkom?action=show&root=142000035&tvd=4144018254678&vrn=100100225883172&prver=0&pronetvd=null&region=14&sub_region=14",
  "prver" : "0",
  "isUik" : true,
  "selected" : false,
  "load_on_demand" : false
}, {
  "id" : 4144018254679,
  "text" : "УИК №348",
  "href" : "region/izbirkom?action=show&root=142000035&tvd=4144018254679&vrn=100100225883172&prver=0&pronetvd=null&region=14&sub_region=14",
  "prver" : "0",
  "isUik" : true,
  "selected" : false,
  "load_on_demand" : false
}, {
  "id" : 4144018254680,
  "text" : "УИК №349",
  "href" : "region/izbirkom?action=show&root=142000035&tvd=4144018254680&vrn=100100225883172&prver=0&pronetvd=null&region=14&sub_region=14",
  "prver" : "0",
  "isUik" : true,
  "selected" : false,
  "load_on_demand" : false
}, {
  "id" : 4144018254681,
  "text" : "УИК №350",
  "href" : "region/izbirkom?action=show&root=142000035&tvd=4144018254681&vrn=100100225883172&prver=0&pronetvd=null&region=14&sub_region=14",
  "prver" : "0",
  "isUik" : true,
  "selected" : false,
  "load_on_demand" : false
}, {
  "id" : 4144018254682,
  "text" : "УИК №351",
  "href" : "region/izbirkom?action=show&root=142000035&tvd=4144018254682&vrn=100100225883172&prver=0&pronetvd=null&region=14&sub_region=14",
  "prver" : "0",
  "isUik" : true,
  "selected" : false,
  "load_on_demand" : false
}, {
  "id" : 4144018254683,
  "text" : "УИК №352",
  "href" : "region/izbirkom?action=show&root=142000035&tvd=4144018254683&vrn=100100225883172&prver=0&pronetvd=null&region=14&sub_region=14",
  "prver" : "0",
  "isUik" : true,
  "selected" : false,
  "load_on_demand" : false
}, {
  "id" : 4144018254684,
  "text" : "УИК №353",
  "href" : "region/izbirkom?action=show&root=142000035&tvd=4144018254684&vrn=100100225883172&prver=0&pronetvd=null&region=14&sub_region=14",
  "prver" : "0",
  "isUik" : true,
  "selected" : false,
  "load_on_demand" : false
}, {
  "id" : 4144018254685,
  "text" : "УИК №354",
  "href" : "region/izbirkom?action=show&root=142000035&tvd=4144018254685&vrn=100100225883172&prver=0&pronetvd=null&region=14&sub_region=14",
  "prver" : "0",
  "isUik" : true,
  "selected" : false,
  "load_on_demand" : false
}, {
  "id" : 4144018254686,
  "text" : "УИК №355",
  "href" : "region/izbirkom?action=show&root=142000035&tvd=4144018254686&vrn=100100225883172&prver=0&pronetvd=null&region=14&sub_region=14",
  "prver" : "0",
  "isUik" : true,
  "selected" : false,
  "load_on_demand" : false
}, {
  "id" : 4144018254687,
  "text" : "УИК №356",
  "href" : "region/izbirkom?action=show&root=142000035&tvd=4144018254687&vrn=100100225883172&prver=0&pronetvd=null&region=14&sub_region=14",
  "prver" : "0",
  "isUik" : true,
  "selected" : false,
  "load_on_demand" : false
} ]