[ {
  "id" : 4144033254853,
  "text" : "УИК №657",
  "href" : "region/izbirkom?action=show&root=142000016&tvd=4144033254853&vrn=100100225883172&prver=0&pronetvd=null&region=14&sub_region=14",
  "prver" : "0",
  "isUik" : true,
  "selected" : false,
  "load_on_demand" : false
}, {
  "id" : 4144033254854,
  "text" : "УИК №658",
  "href" : "region/izbirkom?action=show&root=142000016&tvd=4144033254854&vrn=100100225883172&prver=0&pronetvd=null&region=14&sub_region=14",
  "prver" : "0",
  "isUik" : true,
  "selected" : false,
  "load_on_demand" : false
}, {
  "id" : 4144033254855,
  "text" : "УИК №659",
  "href" : "region/izbirkom?action=show&root=142000016&tvd=4144033254855&vrn=100100225883172&prver=0&pronetvd=null&region=14&sub_region=14",
  "prver" : "0",
  "isUik" : true,
  "selected" : false,
  "load_on_demand" : false
}, {
  "id" : 4144033254856,
  "text" : "УИК №660",
  "href" : "region/izbirkom?action=show&root=142000016&tvd=4144033254856&vrn=100100225883172&prver=0&pronetvd=null&region=14&sub_region=14",
  "prver" : "0",
  "isUik" : true,
  "selected" : false,
  "load_on_demand" : false
}, {
  "id" : 4144033254857,
  "text" : "УИК №661",
  "href" : "region/izbirkom?action=show&root=142000016&tvd=4144033254857&vrn=100100225883172&prver=0&pronetvd=null&region=14&sub_region=14",
  "prver" : "0",
  "isUik" : true,
  "selected" : false,
  "load_on_demand" : false
}, {
  "id" : 4144033254858,
  "text" : "УИК №662",
  "href" : "region/izbirkom?action=show&root=142000016&tvd=4144033254858&vrn=100100225883172&prver=0&pronetvd=null&region=14&sub_region=14",
  "prver" : "0",
  "isUik" : true,
  "selected" : false,
  "load_on_demand" : false
}, {
  "id" : 4144033254859,
  "text" : "УИК №663",
  "href" : "region/izbirkom?action=show&root=142000016&tvd=4144033254859&vrn=100100225883172&prver=0&pronetvd=null&region=14&sub_region=14",
  "prver" : "0",
  "isUik" : true,
  "selected" : false,
  "load_on_demand" : false
}, {
  "id" : 4144033254860,
  "text" : "УИК №664",
  "href" : "region/izbirkom?action=show&root=142000016&tvd=4144033254860&vrn=100100225883172&prver=0&pronetvd=null&region=14&sub_region=14",
  "prver" : "0",
  "isUik" : true,
  "selected" : false,
  "load_on_demand" : false
}, {
  "id" : 4144033254861,
  "text" : "УИК №665",
  "href" : "region/izbirkom?action=show&root=142000016&tvd=4144033254861&vrn=100100225883172&prver=0&pronetvd=null&region=14&sub_region=14",
  "prver" : "0",
  "isUik" : true,
  "selected" : false,
  "load_on_demand" : false
}, {
  "id" : 4144033254862,
  "text" : "УИК №666",
  "href" : "region/izbirkom?action=show&root=142000016&tvd=4144033254862&vrn=100100225883172&prver=0&pronetvd=null&region=14&sub_region=14",
  "prver" : "0",
  "isUik" : true,
  "selected" : false,
  "load_on_demand" : false
}, {
  "id" : 4144033254863,
  "text" : "УИК №667",
  "href" : "region/izbirkom?action=show&root=142000016&tvd=4144033254863&vrn=100100225883172&prver=0&pronetvd=null&region=14&sub_region=14",
  "prver" : "0",
  "isUik" : true,
  "selected" : false,
  "load_on_demand" : false
}, {
  "id" : 4144033254864,
  "text" : "УИК №668",
  "href" : "region/izbirkom?action=show&root=142000016&tvd=4144033254864&vrn=100100225883172&prver=0&pronetvd=null&region=14&sub_region=14",
  "prver" : "0",
  "isUik" : true,
  "selected" : false,
  "load_on_demand" : false
}, {
  "id" : 4144033254865,
  "text" : "УИК №669",
  "href" : "region/izbirkom?action=show&root=142000016&tvd=4144033254865&vrn=100100225883172&prver=0&pronetvd=null&region=14&sub_region=14",
  "prver" : "0",
  "isUik" : true,
  "selected" : false,
  "load_on_demand" : false
}, {
  "id" : 4144033254866,
  "text" : "УИК №670",
  "href" : "region/izbirkom?action=show&root=142000016&tvd=4144033254866&vrn=100100225883172&prver=0&pronetvd=null&region=14&sub_region=14",
  "prver" : "0",
  "isUik" : true,
  "selected" : false,
  "load_on_demand" : false
}, {
  "id" : 4144033254867,
  "text" : "УИК №671",
  "href" : "region/izbirkom?action=show&root=142000016&tvd=4144033254867&vrn=100100225883172&prver=0&pronetvd=null&region=14&sub_region=14",
  "prver" : "0",
  "isUik" : true,
  "selected" : false,
  "load_on_demand" : false
}, {
  "id" : 4144033254868,
  "text" : "УИК №672",
  "href" : "region/izbirkom?action=show&root=142000016&tvd=4144033254868&vrn=100100225883172&prver=0&pronetvd=null&region=14&sub_region=14",
  "prver" : "0",
  "isUik" : true,
  "selected" : false,
  "load_on_demand" : false
}, {
  "id" : 4144033254869,
  "text" : "УИК №673",
  "href" : "region/izbirkom?action=show&root=142000016&tvd=4144033254869&vrn=100100225883172&prver=0&pronetvd=null&region=14&sub_region=14",
  "prver" : "0",
  "isUik" : true,
  "selected" : false,
  "load_on_demand" : false
}, {
  "id" : 4144033254870,
  "text" : "УИК №674",
  "href" : "region/izbirkom?action=show&root=142000016&tvd=4144033254870&vrn=100100225883172&prver=0&pronetvd=null&region=14&sub_region=14",
  "prver" : "0",
  "isUik" : true,
  "selected" : false,
  "load_on_demand" : false
}, {
  "id" : 4144033254871,
  "text" : "УИК №675",
  "href" : "region/izbirkom?action=show&root=142000016&tvd=4144033254871&vrn=100100225883172&prver=0&pronetvd=null&region=14&sub_region=14",
  "prver" : "0",
  "isUik" : true,
  "selected" : false,
  "load_on_demand" : false
}, {
  "id" : 4144033254872,
  "text" : "УИК №676",
  "href" : "region/izbirkom?action=show&root=142000016&tvd=4144033254872&vrn=100100225883172&prver=0&pronetvd=null&region=14&sub_region=14",
  "prver" : "0",
  "isUik" : true,
  "selected" : false,
  "load_on_demand" : false
}, {
  "id" : 4144033254873,
  "text" : "УИК №677",
  "href" : "region/izbirkom?action=show&root=142000016&tvd=4144033254873&vrn=100100225883172&prver=0&pronetvd=null&region=14&sub_region=14",
  "prver" : "0",
  "isUik" : true,
  "selected" : false,
  "load_on_demand" : false
}, {
  "id" : 4144033254874,
  "text" : "УИК №678",
  "href" : "region/izbirkom?action=show&root=142000016&tvd=4144033254874&vrn=100100225883172&prver=0&pronetvd=null&region=14&sub_region=14",
  "prver" : "0",
  "isUik" : true,
  "selected" : false,
  "load_on_demand" : false
}, {
  "id" : 4144033254875,
  "text" : "УИК №679",
  "href" : "region/izbirkom?action=show&root=142000016&tvd=4144033254875&vrn=100100225883172&prver=0&pronetvd=null&region=14&sub_region=14",
  "prver" : "0",
  "isUik" : true,
  "selected" : false,
  "load_on_demand" : false
}, {
  "id" : 4144033254876,
  "text" : "УИК №680",
  "href" : "region/izbirkom?action=show&root=142000016&tvd=4144033254876&vrn=100100225883172&prver=0&pronetvd=null&region=14&sub_region=14",
  "prver" : "0",
  "isUik" : true,
  "selected" : false,
  "load_on_demand" : false
}, {
  "id" : 4144033254877,
  "text" : "УИК №681",
  "href" : "region/izbirkom?action=show&root=142000016&tvd=4144033254877&vrn=100100225883172&prver=0&pronetvd=null&region=14&sub_region=14",
  "prver" : "0",
  "isUik" : true,
  "selected" : false,
  "load_on_demand" : false
}, {
  "id" : 4144033254878,
  "text" : "УИК №682",
  "href" : "region/izbirkom?action=show&root=142000016&tvd=4144033254878&vrn=100100225883172&prver=0&pronetvd=null&region=14&sub_region=14",
  "prver" : "0",
  "isUik" : true,
  "selected" : false,
  "load_on_demand" : false
}, {
  "id" : 4144033254879,
  "text" : "УИК №683",
  "href" : "region/izbirkom?action=show&root=142000016&tvd=4144033254879&vrn=100100225883172&prver=0&pronetvd=null&region=14&sub_region=14",
  "prver" : "0",
  "isUik" : true,
  "selected" : false,
  "load_on_demand" : false
}, {
  "id" : 4144033254880,
  "text" : "УИК №684",
  "href" : "region/izbirkom?action=show&root=142000016&tvd=4144033254880&vrn=100100225883172&prver=0&pronetvd=null&region=14&sub_region=14",
  "prver" : "0",
  "isUik" : true,
  "selected" : false,
  "load_on_demand" : false
}, {
  "id" : 4144033254881,
  "text" : "УИК №685",
  "href" : "region/izbirkom?action=show&root=142000016&tvd=4144033254881&vrn=100100225883172&prver=0&pronetvd=null&region=14&sub_region=14",
  "prver" : "0",
  "isUik" : true,
  "selected" : false,
  "load_on_demand" : false
} ]