[ {
  "id" : 4144011301085,
  "text" : "УИК №174",
  "href" : "region/izbirkom?action=show&root=142000020&tvd=4144011301085&vrn=100100225883172&prver=0&pronetvd=null&region=14&sub_region=14",
  "prver" : "0",
  "isUik" : true,
  "selected" : false,
  "load_on_demand" : false
}, {
  "id" : 4144011301086,
  "text" : "УИК №175",
  "href" : "region/izbirkom?action=show&root=142000020&tvd=4144011301086&vrn=100100225883172&prver=0&pronetvd=null&region=14&sub_region=14",
  "prver" : "0",
  "isUik" : true,
  "selected" : false,
  "load_on_demand" : false
}, {
  "id" : 4144011301087,
  "text" : "УИК №176",
  "href" : "region/izbirkom?action=show&root=142000020&tvd=4144011301087&vrn=100100225883172&prver=0&pronetvd=null&region=14&sub_region=14",
  "prver" : "0",
  "isUik" : true,
  "selected" : false,
  "load_on_demand" : false
}, {
  "id" : 4144011301088,
  "text" : "УИК №177",
  "href" : "region/izbirkom?action=show&root=142000020&tvd=4144011301088&vrn=100100225883172&prver=0&pronetvd=null&region=14&sub_region=14",
  "prver" : "0",
  "isUik" : true,
  "selected" : false,
  "load_on_demand" : false
}, {
  "id" : 4144011301089,
  "text" : "УИК №178",
  "href" : "region/izbirkom?action=show&root=142000020&tvd=4144011301089&vrn=100100225883172&prver=0&pronetvd=null&region=14&sub_region=14",
  "prver" : "0",
  "isUik" : true,
  "selected" : false,
  "load_on_demand" : false
}, {
  "id" : 4144011301090,
  "text" : "УИК №179",
  "href" : "region/izbirkom?action=show&root=142000020&tvd=4144011301090&vrn=100100225883172&prver=0&pronetvd=null&region=14&sub_region=14",
  "prver" : "0",
  "isUik" : true,
  "selected" : false,
  "load_on_demand" : false
}, {
  "id" : 4144011301091,
  "text" : "УИК №180",
  "href" : "region/izbirkom?action=show&root=142000020&tvd=4144011301091&vrn=100100225883172&prver=0&pronetvd=null&region=14&sub_region=14",
  "prver" : "0",
  "isUik" : true,
  "selected" : false,
  "load_on_demand" : false
}, {
  "id" : 4144011301092,
  "text" : "УИК №181",
  "href" : "region/izbirkom?action=show&root=142000020&tvd=4144011301092&vrn=100100225883172&prver=0&pronetvd=null&region=14&sub_region=14",
  "prver" : "0",
  "isUik" : true,
  "selected" : false,
  "load_on_demand" : false
}, {
  "id" : 4144011301093,
  "text" : "УИК №182",
  "href" : "region/izbirkom?action=show&root=142000020&tvd=4144011301093&vrn=100100225883172&prver=0&pronetvd=null&region=14&sub_region=14",
  "prver" : "0",
  "isUik" : true,
  "selected" : false,
  "load_on_demand" : false
}, {
  "id" : 4144011301094,
  "text" : "УИК №183",
  "href" : "region/izbirkom?action=show&root=142000020&tvd=4144011301094&vrn=100100225883172&prver=0&pronetvd=null&region=14&sub_region=14",
  "prver" : "0",
  "isUik" : true,
  "selected" : false,
  "load_on_demand" : false
}, {
  "id" : 4144011301095,
  "text" : "УИК №184",
  "href" : "region/izbirkom?action=show&root=142000020&tvd=4144011301095&vrn=100100225883172&prver=0&pronetvd=null&region=14&sub_region=14",
  "prver" : "0",
  "isUik" : true,
  "selected" : false,
  "load_on_demand" : false
} ]