[ {
  "id" : 4144027309626,
  "text" : "УИК №531",
  "href" : "region/izbirkom?action=show&root=142000025&tvd=4144027309626&vrn=100100225883172&prver=0&pronetvd=null&region=14&sub_region=14",
  "prver" : "0",
  "isUik" : true,
  "selected" : false,
  "load_on_demand" : false
}, {
  "id" : 4144027309627,
  "text" : "УИК №532",
  "href" : "region/izbirkom?action=show&root=142000025&tvd=4144027309627&vrn=100100225883172&prver=0&pronetvd=null&region=14&sub_region=14",
  "prver" : "0",
  "isUik" : true,
  "selected" : false,
  "load_on_demand" : false
}, {
  "id" : 4144027309628,
  "text" : "УИК №533",
  "href" : "region/izbirkom?action=show&root=142000025&tvd=4144027309628&vrn=100100225883172&prver=0&pronetvd=null&region=14&sub_region=14",
  "prver" : "0",
  "isUik" : true,
  "selected" : false,
  "load_on_demand" : false
}, {
  "id" : 4144027309629,
  "text" : "УИК №534",
  "href" : "region/izbirkom?action=show&root=142000025&tvd=4144027309629&vrn=100100225883172&prver=0&pronetvd=null&region=14&sub_region=14",
  "prver" : "0",
  "isUik" : true,
  "selected" : false,
  "load_on_demand" : false
}, {
  "id" : 4144027309630,
  "text" : "УИК №535",
  "href" : "region/izbirkom?action=show&root=142000025&tvd=4144027309630&vrn=100100225883172&prver=0&pronetvd=null&region=14&sub_region=14",
  "prver" : "0",
  "isUik" : true,
  "selected" : false,
  "load_on_demand" : false
}, {
  "id" : 4144027309631,
  "text" : "УИК №536",
  "href" : "region/izbirkom?action=show&root=142000025&tvd=4144027309631&vrn=100100225883172&prver=0&pronetvd=null&region=14&sub_region=14",
  "prver" : "0",
  "isUik" : true,
  "selected" : false,
  "load_on_demand" : false
}, {
  "id" : 4144027309632,
  "text" : "УИК №537",
  "href" : "region/izbirkom?action=show&root=142000025&tvd=4144027309632&vrn=100100225883172&prver=0&pronetvd=null&region=14&sub_region=14",
  "prver" : "0",
  "isUik" : true,
  "selected" : false,
  "load_on_demand" : false
}, {
  "id" : 4144027309633,
  "text" : "УИК №538",
  "href" : "region/izbirkom?action=show&root=142000025&tvd=4144027309633&vrn=100100225883172&prver=0&pronetvd=null&region=14&sub_region=14",
  "prver" : "0",
  "isUik" : true,
  "selected" : false,
  "load_on_demand" : false
}, {
  "id" : 4144027309634,
  "text" : "УИК №539",
  "href" : "region/izbirkom?action=show&root=142000025&tvd=4144027309634&vrn=100100225883172&prver=0&pronetvd=null&region=14&sub_region=14",
  "prver" : "0",
  "isUik" : true,
  "selected" : false,
  "load_on_demand" : false
}, {
  "id" : 4144027309635,
  "text" : "УИК №540",
  "href" : "region/izbirkom?action=show&root=142000025&tvd=4144027309635&vrn=100100225883172&prver=0&pronetvd=null&region=14&sub_region=14",
  "prver" : "0",
  "isUik" : true,
  "selected" : false,
  "load_on_demand" : false
}, {
  "id" : 4144027309636,
  "text" : "УИК №541",
  "href" : "region/izbirkom?action=show&root=142000025&tvd=4144027309636&vrn=100100225883172&prver=0&pronetvd=null&region=14&sub_region=14",
  "prver" : "0",
  "isUik" : true,
  "selected" : false,
  "load_on_demand" : false
}, {
  "id" : 4144027309637,
  "text" : "УИК №542",
  "href" : "region/izbirkom?action=show&root=142000025&tvd=4144027309637&vrn=100100225883172&prver=0&pronetvd=null&region=14&sub_region=14",
  "prver" : "0",
  "isUik" : true,
  "selected" : false,
  "load_on_demand" : false
}, {
  "id" : 4144027309638,
  "text" : "УИК №543",
  "href" : "region/izbirkom?action=show&root=142000025&tvd=4144027309638&vrn=100100225883172&prver=0&pronetvd=null&region=14&sub_region=14",
  "prver" : "0",
  "isUik" : true,
  "selected" : false,
  "load_on_demand" : false
}, {
  "id" : 4144027309639,
  "text" : "УИК №544",
  "href" : "region/izbirkom?action=show&root=142000025&tvd=4144027309639&vrn=100100225883172&prver=0&pronetvd=null&region=14&sub_region=14",
  "prver" : "0",
  "isUik" : true,
  "selected" : false,
  "load_on_demand" : false
}, {
  "id" : 4144027309640,
  "text" : "УИК №545",
  "href" : "region/izbirkom?action=show&root=142000025&tvd=4144027309640&vrn=100100225883172&prver=0&pronetvd=null&region=14&sub_region=14",
  "prver" : "0",
  "isUik" : true,
  "selected" : false,
  "load_on_demand" : false
}, {
  "id" : 4144027309641,
  "text" : "УИК №546",
  "href" : "region/izbirkom?action=show&root=142000025&tvd=4144027309641&vrn=100100225883172&prver=0&pronetvd=null&region=14&sub_region=14",
  "prver" : "0",
  "isUik" : true,
  "selected" : false,
  "load_on_demand" : false
} ]