[ {
  "id" : 4144006203597,
  "text" : "УИК №65",
  "href" : "region/izbirkom?action=show&root=142000019&tvd=4144006203597&vrn=100100225883172&prver=0&pronetvd=null&region=14&sub_region=14",
  "prver" : "0",
  "isUik" : true,
  "selected" : false,
  "load_on_demand" : false
}, {
  "id" : 4144006203598,
  "text" : "УИК №66",
  "href" : "region/izbirkom?action=show&root=142000019&tvd=4144006203598&vrn=100100225883172&prver=0&pronetvd=null&region=14&sub_region=14",
  "prver" : "0",
  "isUik" : true,
  "selected" : false,
  "load_on_demand" : false
}, {
  "id" : 4144006203599,
  "text" : "УИК №67",
  "href" : "region/izbirkom?action=show&root=142000019&tvd=4144006203599&vrn=100100225883172&prver=0&pronetvd=null&region=14&sub_region=14",
  "prver" : "0",
  "isUik" : true,
  "selected" : false,
  "load_on_demand" : false
}, {
  "id" : 4144006203600,
  "text" : "УИК №68",
  "href" : "region/izbirkom?action=show&root=142000019&tvd=4144006203600&vrn=100100225883172&prver=0&pronetvd=null&region=14&sub_region=14",
  "prver" : "0",
  "isUik" : true,
  "selected" : false,
  "load_on_demand" : false
}, {
  "id" : 4144006203601,
  "text" : "УИК №69",
  "href" : "region/izbirkom?action=show&root=142000019&tvd=4144006203601&vrn=100100225883172&prver=0&pronetvd=null&region=14&sub_region=14",
  "prver" : "0",
  "isUik" : true,
  "selected" : false,
  "load_on_demand" : false
}, {
  "id" : 4144006203602,
  "text" : "УИК №70",
  "href" : "region/izbirkom?action=show&root=142000019&tvd=4144006203602&vrn=100100225883172&prver=0&pronetvd=null&region=14&sub_region=14",
  "prver" : "0",
  "isUik" : true,
  "selected" : false,
  "load_on_demand" : false
}, {
  "id" : 4144006203603,
  "text" : "УИК №71",
  "href" : "region/izbirkom?action=show&root=142000019&tvd=4144006203603&vrn=100100225883172&prver=0&pronetvd=null&region=14&sub_region=14",
  "prver" : "0",
  "isUik" : true,
  "selected" : false,
  "load_on_demand" : false
}, {
  "id" : 4144006203604,
  "text" : "УИК №72",
  "href" : "region/izbirkom?action=show&root=142000019&tvd=4144006203604&vrn=100100225883172&prver=0&pronetvd=null&region=14&sub_region=14",
  "prver" : "0",
  "isUik" : true,
  "selected" : false,
  "load_on_demand" : false
}, {
  "id" : 4144006203605,
  "text" : "УИК №73",
  "href" : "region/izbirkom?action=show&root=142000019&tvd=4144006203605&vrn=100100225883172&prver=0&pronetvd=null&region=14&sub_region=14",
  "prver" : "0",
  "isUik" : true,
  "selected" : false,
  "load_on_demand" : false
}, {
  "id" : 4144006203606,
  "text" : "УИК №74",
  "href" : "region/izbirkom?action=show&root=142000019&tvd=4144006203606&vrn=100100225883172&prver=0&pronetvd=null&region=14&sub_region=14",
  "prver" : "0",
  "isUik" : true,
  "selected" : false,
  "load_on_demand" : false
}, {
  "id" : 4144006204841,
  "text" : "УИК №815",
  "href" : "region/izbirkom?action=show&root=142000019&tvd=4144006204841&vrn=100100225883172&prver=0&pronetvd=null&region=14&sub_region=14",
  "prver" : "0",
  "isUik" : true,
  "selected" : false,
  "load_on_demand" : false
}, {
  "id" : 4144006204843,
  "text" : "УИК №816",
  "href" : "region/izbirkom?action=show&root=142000019&tvd=4144006204843&vrn=100100225883172&prver=0&pronetvd=null&region=14&sub_region=14",
  "prver" : "0",
  "isUik" : true,
  "selected" : false,
  "load_on_demand" : false
}, {
  "id" : 4144006204845,
  "text" : "УИК №817",
  "href" : "region/izbirkom?action=show&root=142000019&tvd=4144006204845&vrn=100100225883172&prver=0&pronetvd=null&region=14&sub_region=14",
  "prver" : "0",
  "isUik" : true,
  "selected" : false,
  "load_on_demand" : false
} ]