[ {
  "id" : 4144015378919,
  "text" : "УИК №255",
  "href" : "region/izbirkom?action=show&root=142000030&tvd=4144015378919&vrn=100100225883172&prver=0&pronetvd=null&region=14&sub_region=14",
  "prver" : "0",
  "isUik" : true,
  "selected" : false,
  "load_on_demand" : false
}, {
  "id" : 4144015378920,
  "text" : "УИК №256",
  "href" : "region/izbirkom?action=show&root=142000030&tvd=4144015378920&vrn=100100225883172&prver=0&pronetvd=null&region=14&sub_region=14",
  "prver" : "0",
  "isUik" : true,
  "selected" : false,
  "load_on_demand" : false
}, {
  "id" : 4144015378921,
  "text" : "УИК №257",
  "href" : "region/izbirkom?action=show&root=142000030&tvd=4144015378921&vrn=100100225883172&prver=0&pronetvd=null&region=14&sub_region=14",
  "prver" : "0",
  "isUik" : true,
  "selected" : false,
  "load_on_demand" : false
}, {
  "id" : 4144015378922,
  "text" : "УИК №258",
  "href" : "region/izbirkom?action=show&root=142000030&tvd=4144015378922&vrn=100100225883172&prver=0&pronetvd=null&region=14&sub_region=14",
  "prver" : "0",
  "isUik" : true,
  "selected" : false,
  "load_on_demand" : false
}, {
  "id" : 4144015378923,
  "text" : "УИК №259",
  "href" : "region/izbirkom?action=show&root=142000030&tvd=4144015378923&vrn=100100225883172&prver=0&pronetvd=null&region=14&sub_region=14",
  "prver" : "0",
  "isUik" : true,
  "selected" : false,
  "load_on_demand" : false
}, {
  "id" : 4144015378924,
  "text" : "УИК №260",
  "href" : "region/izbirkom?action=show&root=142000030&tvd=4144015378924&vrn=100100225883172&prver=0&pronetvd=null&region=14&sub_region=14",
  "prver" : "0",
  "isUik" : true,
  "selected" : false,
  "load_on_demand" : false
}, {
  "id" : 4144015378925,
  "text" : "УИК №261",
  "href" : "region/izbirkom?action=show&root=142000030&tvd=4144015378925&vrn=100100225883172&prver=0&pronetvd=null&region=14&sub_region=14",
  "prver" : "0",
  "isUik" : true,
  "selected" : false,
  "load_on_demand" : false
}, {
  "id" : 4144015378926,
  "text" : "УИК №262",
  "href" : "region/izbirkom?action=show&root=142000030&tvd=4144015378926&vrn=100100225883172&prver=0&pronetvd=null&region=14&sub_region=14",
  "prver" : "0",
  "isUik" : true,
  "selected" : false,
  "load_on_demand" : false
}, {
  "id" : 4144015378927,
  "text" : "УИК №263",
  "href" : "region/izbirkom?action=show&root=142000030&tvd=4144015378927&vrn=100100225883172&prver=0&pronetvd=null&region=14&sub_region=14",
  "prver" : "0",
  "isUik" : true,
  "selected" : false,
  "load_on_demand" : false
}, {
  "id" : 4144015378928,
  "text" : "УИК №264",
  "href" : "region/izbirkom?action=show&root=142000030&tvd=4144015378928&vrn=100100225883172&prver=0&pronetvd=null&region=14&sub_region=14",
  "prver" : "0",
  "isUik" : true,
  "selected" : false,
  "load_on_demand" : false
}, {
  "id" : 4144015378929,
  "text" : "УИК №265",
  "href" : "region/izbirkom?action=show&root=142000030&tvd=4144015378929&vrn=100100225883172&prver=0&pronetvd=null&region=14&sub_region=14",
  "prver" : "0",
  "isUik" : true,
  "selected" : false,
  "load_on_demand" : false
}, {
  "id" : 4144015378930,
  "text" : "УИК №266",
  "href" : "region/izbirkom?action=show&root=142000030&tvd=4144015378930&vrn=100100225883172&prver=0&pronetvd=null&region=14&sub_region=14",
  "prver" : "0",
  "isUik" : true,
  "selected" : false,
  "load_on_demand" : false
}, {
  "id" : 4144015378931,
  "text" : "УИК №267",
  "href" : "region/izbirkom?action=show&root=142000030&tvd=4144015378931&vrn=100100225883172&prver=0&pronetvd=null&region=14&sub_region=14",
  "prver" : "0",
  "isUik" : true,
  "selected" : false,
  "load_on_demand" : false
}, {
  "id" : 4144015378932,
  "text" : "УИК №268",
  "href" : "region/izbirkom?action=show&root=142000030&tvd=4144015378932&vrn=100100225883172&prver=0&pronetvd=null&region=14&sub_region=14",
  "prver" : "0",
  "isUik" : true,
  "selected" : false,
  "load_on_demand" : false
}, {
  "id" : 4144015378933,
  "text" : "УИК №269",
  "href" : "region/izbirkom?action=show&root=142000030&tvd=4144015378933&vrn=100100225883172&prver=0&pronetvd=null&region=14&sub_region=14",
  "prver" : "0",
  "isUik" : true,
  "selected" : false,
  "load_on_demand" : false
}, {
  "id" : 4144015378934,
  "text" : "УИК №270",
  "href" : "region/izbirkom?action=show&root=142000030&tvd=4144015378934&vrn=100100225883172&prver=0&pronetvd=null&region=14&sub_region=14",
  "prver" : "0",
  "isUik" : true,
  "selected" : false,
  "load_on_demand" : false
}, {
  "id" : 4144015378935,
  "text" : "УИК №271",
  "href" : "region/izbirkom?action=show&root=142000030&tvd=4144015378935&vrn=100100225883172&prver=0&pronetvd=null&region=14&sub_region=14",
  "prver" : "0",
  "isUik" : true,
  "selected" : false,
  "load_on_demand" : false
}, {
  "id" : 4144015378936,
  "text" : "УИК №272",
  "href" : "region/izbirkom?action=show&root=142000030&tvd=4144015378936&vrn=100100225883172&prver=0&pronetvd=null&region=14&sub_region=14",
  "prver" : "0",
  "isUik" : true,
  "selected" : false,
  "load_on_demand" : false
}, {
  "id" : 4144015378937,
  "text" : "УИК №273",
  "href" : "region/izbirkom?action=show&root=142000030&tvd=4144015378937&vrn=100100225883172&prver=0&pronetvd=null&region=14&sub_region=14",
  "prver" : "0",
  "isUik" : true,
  "selected" : false,
  "load_on_demand" : false
}, {
  "id" : 4144015378938,
  "text" : "УИК №274",
  "href" : "region/izbirkom?action=show&root=142000030&tvd=4144015378938&vrn=100100225883172&prver=0&pronetvd=null&region=14&sub_region=14",
  "prver" : "0",
  "isUik" : true,
  "selected" : false,
  "load_on_demand" : false
}, {
  "id" : 4144015378939,
  "text" : "УИК №275",
  "href" : "region/izbirkom?action=show&root=142000030&tvd=4144015378939&vrn=100100225883172&prver=0&pronetvd=null&region=14&sub_region=14",
  "prver" : "0",
  "isUik" : true,
  "selected" : false,
  "load_on_demand" : false
}, {
  "id" : 4144015378940,
  "text" : "УИК №276",
  "href" : "region/izbirkom?action=show&root=142000030&tvd=4144015378940&vrn=100100225883172&prver=0&pronetvd=null&region=14&sub_region=14",
  "prver" : "0",
  "isUik" : true,
  "selected" : false,
  "load_on_demand" : false
}, {
  "id" : 4144015378941,
  "text" : "УИК №277",
  "href" : "region/izbirkom?action=show&root=142000030&tvd=4144015378941&vrn=100100225883172&prver=0&pronetvd=null&region=14&sub_region=14",
  "prver" : "0",
  "isUik" : true,
  "selected" : false,
  "load_on_demand" : false
}, {
  "id" : 4144015378942,
  "text" : "УИК №278",
  "href" : "region/izbirkom?action=show&root=142000030&tvd=4144015378942&vrn=100100225883172&prver=0&pronetvd=null&region=14&sub_region=14",
  "prver" : "0",
  "isUik" : true,
  "selected" : false,
  "load_on_demand" : false
}, {
  "id" : 4144015378943,
  "text" : "УИК №279",
  "href" : "region/izbirkom?action=show&root=142000030&tvd=4144015378943&vrn=100100225883172&prver=0&pronetvd=null&region=14&sub_region=14",
  "prver" : "0",
  "isUik" : true,
  "selected" : false,
  "load_on_demand" : false
}, {
  "id" : 4144015378944,
  "text" : "УИК №280",
  "href" : "region/izbirkom?action=show&root=142000030&tvd=4144015378944&vrn=100100225883172&prver=0&pronetvd=null&region=14&sub_region=14",
  "prver" : "0",
  "isUik" : true,
  "selected" : false,
  "load_on_demand" : false
}, {
  "id" : 4144015378945,
  "text" : "УИК №281",
  "href" : "region/izbirkom?action=show&root=142000030&tvd=4144015378945&vrn=100100225883172&prver=0&pronetvd=null&region=14&sub_region=14",
  "prver" : "0",
  "isUik" : true,
  "selected" : false,
  "load_on_demand" : false
}, {
  "id" : 4144015378946,
  "text" : "УИК №282",
  "href" : "region/izbirkom?action=show&root=142000030&tvd=4144015378946&vrn=100100225883172&prver=0&pronetvd=null&region=14&sub_region=14",
  "prver" : "0",
  "isUik" : true,
  "selected" : false,
  "load_on_demand" : false
}, {
  "id" : 4144015378947,
  "text" : "УИК №283",
  "href" : "region/izbirkom?action=show&root=142000030&tvd=4144015378947&vrn=100100225883172&prver=0&pronetvd=null&region=14&sub_region=14",
  "prver" : "0",
  "isUik" : true,
  "selected" : false,
  "load_on_demand" : false
}, {
  "id" : 4144015378948,
  "text" : "УИК №284",
  "href" : "region/izbirkom?action=show&root=142000030&tvd=4144015378948&vrn=100100225883172&prver=0&pronetvd=null&region=14&sub_region=14",
  "prver" : "0",
  "isUik" : true,
  "selected" : false,
  "load_on_demand" : false
}, {
  "id" : 4144015378949,
  "text" : "УИК №285",
  "href" : "region/izbirkom?action=show&root=142000030&tvd=4144015378949&vrn=100100225883172&prver=0&pronetvd=null&region=14&sub_region=14",
  "prver" : "0",
  "isUik" : true,
  "selected" : false,
  "load_on_demand" : false
}, {
  "id" : 4144015378950,
  "text" : "УИК №286",
  "href" : "region/izbirkom?action=show&root=142000030&tvd=4144015378950&vrn=100100225883172&prver=0&pronetvd=null&region=14&sub_region=14",
  "prver" : "0",
  "isUik" : true,
  "selected" : false,
  "load_on_demand" : false
}, {
  "id" : 4144015378951,
  "text" : "УИК №287",
  "href" : "region/izbirkom?action=show&root=142000030&tvd=4144015378951&vrn=100100225883172&prver=0&pronetvd=null&region=14&sub_region=14",
  "prver" : "0",
  "isUik" : true,
  "selected" : false,
  "load_on_demand" : false
}, {
  "id" : 4144015378952,
  "text" : "УИК №288",
  "href" : "region/izbirkom?action=show&root=142000030&tvd=4144015378952&vrn=100100225883172&prver=0&pronetvd=null&region=14&sub_region=14",
  "prver" : "0",
  "isUik" : true,
  "selected" : false,
  "load_on_demand" : false
} ]