[ {
  "id" : 4144029309719,
  "text" : "УИК №564",
  "href" : "region/izbirkom?action=show&root=142000022&tvd=4144029309719&vrn=100100225883172&prver=0&pronetvd=null&region=14&sub_region=14",
  "prver" : "0",
  "isUik" : true,
  "selected" : false,
  "load_on_demand" : false
}, {
  "id" : 4144029309720,
  "text" : "УИК №565",
  "href" : "region/izbirkom?action=show&root=142000022&tvd=4144029309720&vrn=100100225883172&prver=0&pronetvd=null&region=14&sub_region=14",
  "prver" : "0",
  "isUik" : true,
  "selected" : false,
  "load_on_demand" : false
}, {
  "id" : 4144029309721,
  "text" : "УИК №566",
  "href" : "region/izbirkom?action=show&root=142000022&tvd=4144029309721&vrn=100100225883172&prver=0&pronetvd=null&region=14&sub_region=14",
  "prver" : "0",
  "isUik" : true,
  "selected" : false,
  "load_on_demand" : false
}, {
  "id" : 4144029309722,
  "text" : "УИК №567",
  "href" : "region/izbirkom?action=show&root=142000022&tvd=4144029309722&vrn=100100225883172&prver=0&pronetvd=null&region=14&sub_region=14",
  "prver" : "0",
  "isUik" : true,
  "selected" : false,
  "load_on_demand" : false
}, {
  "id" : 4144029309723,
  "text" : "УИК №568",
  "href" : "region/izbirkom?action=show&root=142000022&tvd=4144029309723&vrn=100100225883172&prver=0&pronetvd=null&region=14&sub_region=14",
  "prver" : "0",
  "isUik" : true,
  "selected" : false,
  "load_on_demand" : false
}, {
  "id" : 4144029309724,
  "text" : "УИК №569",
  "href" : "region/izbirkom?action=show&root=142000022&tvd=4144029309724&vrn=100100225883172&prver=0&pronetvd=null&region=14&sub_region=14",
  "prver" : "0",
  "isUik" : true,
  "selected" : false,
  "load_on_demand" : false
}, {
  "id" : 4144029309725,
  "text" : "УИК №570",
  "href" : "region/izbirkom?action=show&root=142000022&tvd=4144029309725&vrn=100100225883172&prver=0&pronetvd=null&region=14&sub_region=14",
  "prver" : "0",
  "isUik" : true,
  "selected" : false,
  "load_on_demand" : false
}, {
  "id" : 4144029309726,
  "text" : "УИК №571",
  "href" : "region/izbirkom?action=show&root=142000022&tvd=4144029309726&vrn=100100225883172&prver=0&pronetvd=null&region=14&sub_region=14",
  "prver" : "0",
  "isUik" : true,
  "selected" : false,
  "load_on_demand" : false
}, {
  "id" : 4144029309727,
  "text" : "УИК №572",
  "href" : "region/izbirkom?action=show&root=142000022&tvd=4144029309727&vrn=100100225883172&prver=0&pronetvd=null&region=14&sub_region=14",
  "prver" : "0",
  "isUik" : true,
  "selected" : false,
  "load_on_demand" : false
}, {
  "id" : 4144029309728,
  "text" : "УИК №573",
  "href" : "region/izbirkom?action=show&root=142000022&tvd=4144029309728&vrn=100100225883172&prver=0&pronetvd=null&region=14&sub_region=14",
  "prver" : "0",
  "isUik" : true,
  "selected" : false,
  "load_on_demand" : false
}, {
  "id" : 4144029309729,
  "text" : "УИК №574",
  "href" : "region/izbirkom?action=show&root=142000022&tvd=4144029309729&vrn=100100225883172&prver=0&pronetvd=null&region=14&sub_region=14",
  "prver" : "0",
  "isUik" : true,
  "selected" : false,
  "load_on_demand" : false
}, {
  "id" : 4144029309730,
  "text" : "УИК №575",
  "href" : "region/izbirkom?action=show&root=142000022&tvd=4144029309730&vrn=100100225883172&prver=0&pronetvd=null&region=14&sub_region=14",
  "prver" : "0",
  "isUik" : true,
  "selected" : false,
  "load_on_demand" : false
}, {
  "id" : 4144029309731,
  "text" : "УИК №576",
  "href" : "region/izbirkom?action=show&root=142000022&tvd=4144029309731&vrn=100100225883172&prver=0&pronetvd=null&region=14&sub_region=14",
  "prver" : "0",
  "isUik" : true,
  "selected" : false,
  "load_on_demand" : false
}, {
  "id" : 4144029309732,
  "text" : "УИК №577",
  "href" : "region/izbirkom?action=show&root=142000022&tvd=4144029309732&vrn=100100225883172&prver=0&pronetvd=null&region=14&sub_region=14",
  "prver" : "0",
  "isUik" : true,
  "selected" : false,
  "load_on_demand" : false
}, {
  "id" : 4144029309733,
  "text" : "УИК №578",
  "href" : "region/izbirkom?action=show&root=142000022&tvd=4144029309733&vrn=100100225883172&prver=0&pronetvd=null&region=14&sub_region=14",
  "prver" : "0",
  "isUik" : true,
  "selected" : false,
  "load_on_demand" : false
}, {
  "id" : 4144029309734,
  "text" : "УИК №579",
  "href" : "region/izbirkom?action=show&root=142000022&tvd=4144029309734&vrn=100100225883172&prver=0&pronetvd=null&region=14&sub_region=14",
  "prver" : "0",
  "isUik" : true,
  "selected" : false,
  "load_on_demand" : false
}, {
  "id" : 4144029309735,
  "text" : "УИК №580",
  "href" : "region/izbirkom?action=show&root=142000022&tvd=4144029309735&vrn=100100225883172&prver=0&pronetvd=null&region=14&sub_region=14",
  "prver" : "0",
  "isUik" : true,
  "selected" : false,
  "load_on_demand" : false
}, {
  "id" : 4144029309736,
  "text" : "УИК №581",
  "href" : "region/izbirkom?action=show&root=142000022&tvd=4144029309736&vrn=100100225883172&prver=0&pronetvd=null&region=14&sub_region=14",
  "prver" : "0",
  "isUik" : true,
  "selected" : false,
  "load_on_demand" : false
}, {
  "id" : 4144029309737,
  "text" : "УИК №582",
  "href" : "region/izbirkom?action=show&root=142000022&tvd=4144029309737&vrn=100100225883172&prver=0&pronetvd=null&region=14&sub_region=14",
  "prver" : "0",
  "isUik" : true,
  "selected" : false,
  "load_on_demand" : false
}, {
  "id" : 4144029309738,
  "text" : "УИК №583",
  "href" : "region/izbirkom?action=show&root=142000022&tvd=4144029309738&vrn=100100225883172&prver=0&pronetvd=null&region=14&sub_region=14",
  "prver" : "0",
  "isUik" : true,
  "selected" : false,
  "load_on_demand" : false
}, {
  "id" : 4144029309739,
  "text" : "УИК №584",
  "href" : "region/izbirkom?action=show&root=142000022&tvd=4144029309739&vrn=100100225883172&prver=0&pronetvd=null&region=14&sub_region=14",
  "prver" : "0",
  "isUik" : true,
  "selected" : false,
  "load_on_demand" : false
}, {
  "id" : 4144029309740,
  "text" : "УИК №585",
  "href" : "region/izbirkom?action=show&root=142000022&tvd=4144029309740&vrn=100100225883172&prver=0&pronetvd=null&region=14&sub_region=14",
  "prver" : "0",
  "isUik" : true,
  "selected" : false,
  "load_on_demand" : false
}, {
  "id" : 4144029309741,
  "text" : "УИК №586",
  "href" : "region/izbirkom?action=show&root=142000022&tvd=4144029309741&vrn=100100225883172&prver=0&pronetvd=null&region=14&sub_region=14",
  "prver" : "0",
  "isUik" : true,
  "selected" : false,
  "load_on_demand" : false
}, {
  "id" : 4144029309742,
  "text" : "УИК №587",
  "href" : "region/izbirkom?action=show&root=142000022&tvd=4144029309742&vrn=100100225883172&prver=0&pronetvd=null&region=14&sub_region=14",
  "prver" : "0",
  "isUik" : true,
  "selected" : false,
  "load_on_demand" : false
}, {
  "id" : 4144029309743,
  "text" : "УИК №588",
  "href" : "region/izbirkom?action=show&root=142000022&tvd=4144029309743&vrn=100100225883172&prver=0&pronetvd=null&region=14&sub_region=14",
  "prver" : "0",
  "isUik" : true,
  "selected" : false,
  "load_on_demand" : false
}, {
  "id" : 4144029309744,
  "text" : "УИК №589",
  "href" : "region/izbirkom?action=show&root=142000022&tvd=4144029309744&vrn=100100225883172&prver=0&pronetvd=null&region=14&sub_region=14",
  "prver" : "0",
  "isUik" : true,
  "selected" : false,
  "load_on_demand" : false
}, {
  "id" : 4144029309745,
  "text" : "УИК №590",
  "href" : "region/izbirkom?action=show&root=142000022&tvd=4144029309745&vrn=100100225883172&prver=0&pronetvd=null&region=14&sub_region=14",
  "prver" : "0",
  "isUik" : true,
  "selected" : false,
  "load_on_demand" : false
}, {
  "id" : 4144029309746,
  "text" : "УИК №591",
  "href" : "region/izbirkom?action=show&root=142000022&tvd=4144029309746&vrn=100100225883172&prver=0&pronetvd=null&region=14&sub_region=14",
  "prver" : "0",
  "isUik" : true,
  "selected" : false,
  "load_on_demand" : false
}, {
  "id" : 4144029309747,
  "text" : "УИК №592",
  "href" : "region/izbirkom?action=show&root=142000022&tvd=4144029309747&vrn=100100225883172&prver=0&pronetvd=null&region=14&sub_region=14",
  "prver" : "0",
  "isUik" : true,
  "selected" : false,
  "load_on_demand" : false
}, {
  "id" : 4144029309748,
  "text" : "УИК №593",
  "href" : "region/izbirkom?action=show&root=142000022&tvd=4144029309748&vrn=100100225883172&prver=0&pronetvd=null&region=14&sub_region=14",
  "prver" : "0",
  "isUik" : true,
  "selected" : false,
  "load_on_demand" : false
}, {
  "id" : 4144029309749,
  "text" : "УИК №594",
  "href" : "region/izbirkom?action=show&root=142000022&tvd=4144029309749&vrn=100100225883172&prver=0&pronetvd=null&region=14&sub_region=14",
  "prver" : "0",
  "isUik" : true,
  "selected" : false,
  "load_on_demand" : false
}, {
  "id" : 4144029309750,
  "text" : "УИК №595",
  "href" : "region/izbirkom?action=show&root=142000022&tvd=4144029309750&vrn=100100225883172&prver=0&pronetvd=null&region=14&sub_region=14",
  "prver" : "0",
  "isUik" : true,
  "selected" : false,
  "load_on_demand" : false
}, {
  "id" : 4144029309751,
  "text" : "УИК №596",
  "href" : "region/izbirkom?action=show&root=142000022&tvd=4144029309751&vrn=100100225883172&prver=0&pronetvd=null&region=14&sub_region=14",
  "prver" : "0",
  "isUik" : true,
  "selected" : false,
  "load_on_demand" : false
}, {
  "id" : 4144029309752,
  "text" : "УИК №597",
  "href" : "region/izbirkom?action=show&root=142000022&tvd=4144029309752&vrn=100100225883172&prver=0&pronetvd=null&region=14&sub_region=14",
  "prver" : "0",
  "isUik" : true,
  "selected" : false,
  "load_on_demand" : false
}, {
  "id" : 4144029309753,
  "text" : "УИК №598",
  "href" : "region/izbirkom?action=show&root=142000022&tvd=4144029309753&vrn=100100225883172&prver=0&pronetvd=null&region=14&sub_region=14",
  "prver" : "0",
  "isUik" : true,
  "selected" : false,
  "load_on_demand" : false
}, {
  "id" : 4144029309754,
  "text" : "УИК №599",
  "href" : "region/izbirkom?action=show&root=142000022&tvd=4144029309754&vrn=100100225883172&prver=0&pronetvd=null&region=14&sub_region=14",
  "prver" : "0",
  "isUik" : true,
  "selected" : false,
  "load_on_demand" : false
} ]