[ {
  "id" : 4144009340984,
  "text" : "УИК №118",
  "href" : "region/izbirkom?action=show&root=142000060&tvd=4144009340984&vrn=100100225883172&prver=0&pronetvd=null&region=14&sub_region=14",
  "prver" : "0",
  "isUik" : true,
  "selected" : false,
  "load_on_demand" : false
}, {
  "id" : 4144009340985,
  "text" : "УИК №119",
  "href" : "region/izbirkom?action=show&root=142000060&tvd=4144009340985&vrn=100100225883172&prver=0&pronetvd=null&region=14&sub_region=14",
  "prver" : "0",
  "isUik" : true,
  "selected" : false,
  "load_on_demand" : false
}, {
  "id" : 4144009340986,
  "text" : "УИК №120",
  "href" : "region/izbirkom?action=show&root=142000060&tvd=4144009340986&vrn=100100225883172&prver=0&pronetvd=null&region=14&sub_region=14",
  "prver" : "0",
  "isUik" : true,
  "selected" : false,
  "load_on_demand" : false
}, {
  "id" : 4144009340987,
  "text" : "УИК №121",
  "href" : "region/izbirkom?action=show&root=142000060&tvd=4144009340987&vrn=100100225883172&prver=0&pronetvd=null&region=14&sub_region=14",
  "prver" : "0",
  "isUik" : true,
  "selected" : false,
  "load_on_demand" : false
}, {
  "id" : 4144009340988,
  "text" : "УИК №122",
  "href" : "region/izbirkom?action=show&root=142000060&tvd=4144009340988&vrn=100100225883172&prver=0&pronetvd=null&region=14&sub_region=14",
  "prver" : "0",
  "isUik" : true,
  "selected" : false,
  "load_on_demand" : false
}, {
  "id" : 4144009340989,
  "text" : "УИК №123",
  "href" : "region/izbirkom?action=show&root=142000060&tvd=4144009340989&vrn=100100225883172&prver=0&pronetvd=null&region=14&sub_region=14",
  "prver" : "0",
  "isUik" : true,
  "selected" : false,
  "load_on_demand" : false
}, {
  "id" : 4144009340990,
  "text" : "УИК №124",
  "href" : "region/izbirkom?action=show&root=142000060&tvd=4144009340990&vrn=100100225883172&prver=0&pronetvd=null&region=14&sub_region=14",
  "prver" : "0",
  "isUik" : true,
  "selected" : false,
  "load_on_demand" : false
}, {
  "id" : 4144009340991,
  "text" : "УИК №125",
  "href" : "region/izbirkom?action=show&root=142000060&tvd=4144009340991&vrn=100100225883172&prver=0&pronetvd=null&region=14&sub_region=14",
  "prver" : "0",
  "isUik" : true,
  "selected" : false,
  "load_on_demand" : false
}, {
  "id" : 4144009340992,
  "text" : "УИК №126",
  "href" : "region/izbirkom?action=show&root=142000060&tvd=4144009340992&vrn=100100225883172&prver=0&pronetvd=null&region=14&sub_region=14",
  "prver" : "0",
  "isUik" : true,
  "selected" : false,
  "load_on_demand" : false
}, {
  "id" : 4144009340993,
  "text" : "УИК №127",
  "href" : "region/izbirkom?action=show&root=142000060&tvd=4144009340993&vrn=100100225883172&prver=0&pronetvd=null&region=14&sub_region=14",
  "prver" : "0",
  "isUik" : true,
  "selected" : false,
  "load_on_demand" : false
}, {
  "id" : 4144009340994,
  "text" : "УИК №128",
  "href" : "region/izbirkom?action=show&root=142000060&tvd=4144009340994&vrn=100100225883172&prver=0&pronetvd=null&region=14&sub_region=14",
  "prver" : "0",
  "isUik" : true,
  "selected" : false,
  "load_on_demand" : false
}, {
  "id" : 4144009340995,
  "text" : "УИК №129",
  "href" : "region/izbirkom?action=show&root=142000060&tvd=4144009340995&vrn=100100225883172&prver=0&pronetvd=null&region=14&sub_region=14",
  "prver" : "0",
  "isUik" : true,
  "selected" : false,
  "load_on_demand" : false
}, {
  "id" : 4144009340996,
  "text" : "УИК №130",
  "href" : "region/izbirkom?action=show&root=142000060&tvd=4144009340996&vrn=100100225883172&prver=0&pronetvd=null&region=14&sub_region=14",
  "prver" : "0",
  "isUik" : true,
  "selected" : false,
  "load_on_demand" : false
}, {
  "id" : 4144009340997,
  "text" : "УИК №131",
  "href" : "region/izbirkom?action=show&root=142000060&tvd=4144009340997&vrn=100100225883172&prver=0&pronetvd=null&region=14&sub_region=14",
  "prver" : "0",
  "isUik" : true,
  "selected" : false,
  "load_on_demand" : false
}, {
  "id" : 4144009340998,
  "text" : "УИК №132",
  "href" : "region/izbirkom?action=show&root=142000060&tvd=4144009340998&vrn=100100225883172&prver=0&pronetvd=null&region=14&sub_region=14",
  "prver" : "0",
  "isUik" : true,
  "selected" : false,
  "load_on_demand" : false
}, {
  "id" : 4144009340999,
  "text" : "УИК №133",
  "href" : "region/izbirkom?action=show&root=142000060&tvd=4144009340999&vrn=100100225883172&prver=0&pronetvd=null&region=14&sub_region=14",
  "prver" : "0",
  "isUik" : true,
  "selected" : false,
  "load_on_demand" : false
}, {
  "id" : 4144009341000,
  "text" : "УИК №134",
  "href" : "region/izbirkom?action=show&root=142000060&tvd=4144009341000&vrn=100100225883172&prver=0&pronetvd=null&region=14&sub_region=14",
  "prver" : "0",
  "isUik" : true,
  "selected" : false,
  "load_on_demand" : false
}, {
  "id" : 4144009341001,
  "text" : "УИК №135",
  "href" : "region/izbirkom?action=show&root=142000060&tvd=4144009341001&vrn=100100225883172&prver=0&pronetvd=null&region=14&sub_region=14",
  "prver" : "0",
  "isUik" : true,
  "selected" : false,
  "load_on_demand" : false
}, {
  "id" : 4144009341002,
  "text" : "УИК №136",
  "href" : "region/izbirkom?action=show&root=142000060&tvd=4144009341002&vrn=100100225883172&prver=0&pronetvd=null&region=14&sub_region=14",
  "prver" : "0",
  "isUik" : true,
  "selected" : false,
  "load_on_demand" : false
}, {
  "id" : 4144009341003,
  "text" : "УИК №137",
  "href" : "region/izbirkom?action=show&root=142000060&tvd=4144009341003&vrn=100100225883172&prver=0&pronetvd=null&region=14&sub_region=14",
  "prver" : "0",
  "isUik" : true,
  "selected" : false,
  "load_on_demand" : false
}, {
  "id" : 4144009341004,
  "text" : "УИК №138",
  "href" : "region/izbirkom?action=show&root=142000060&tvd=4144009341004&vrn=100100225883172&prver=0&pronetvd=null&region=14&sub_region=14",
  "prver" : "0",
  "isUik" : true,
  "selected" : false,
  "load_on_demand" : false
}, {
  "id" : 4144009341005,
  "text" : "УИК №139",
  "href" : "region/izbirkom?action=show&root=142000060&tvd=4144009341005&vrn=100100225883172&prver=0&pronetvd=null&region=14&sub_region=14",
  "prver" : "0",
  "isUik" : true,
  "selected" : false,
  "load_on_demand" : false
}, {
  "id" : 4144009342184,
  "text" : "УИК №825",
  "href" : "region/izbirkom?action=show&root=142000060&tvd=4144009342184&vrn=100100225883172&prver=0&pronetvd=null&region=14&sub_region=14",
  "prver" : "0",
  "isUik" : true,
  "selected" : false,
  "load_on_demand" : false
} ]