[ {
  "id" : 4144035571515,
  "text" : "УИК №689",
  "href" : "region/izbirkom?action=show&root=142000064&tvd=4144035571515&vrn=100100225883172&prver=0&pronetvd=null&region=14&sub_region=14",
  "prver" : "0",
  "isUik" : true,
  "selected" : false,
  "load_on_demand" : false
}, {
  "id" : 4144035571516,
  "text" : "УИК №690",
  "href" : "region/izbirkom?action=show&root=142000064&tvd=4144035571516&vrn=100100225883172&prver=0&pronetvd=null&region=14&sub_region=14",
  "prver" : "0",
  "isUik" : true,
  "selected" : false,
  "load_on_demand" : false
}, {
  "id" : 4144035571517,
  "text" : "УИК №691",
  "href" : "region/izbirkom?action=show&root=142000064&tvd=4144035571517&vrn=100100225883172&prver=0&pronetvd=null&region=14&sub_region=14",
  "prver" : "0",
  "isUik" : true,
  "selected" : false,
  "load_on_demand" : false
}, {
  "id" : 4144035571518,
  "text" : "УИК №692",
  "href" : "region/izbirkom?action=show&root=142000064&tvd=4144035571518&vrn=100100225883172&prver=0&pronetvd=null&region=14&sub_region=14",
  "prver" : "0",
  "isUik" : true,
  "selected" : false,
  "load_on_demand" : false
}, {
  "id" : 4144035571519,
  "text" : "УИК №693",
  "href" : "region/izbirkom?action=show&root=142000064&tvd=4144035571519&vrn=100100225883172&prver=0&pronetvd=null&region=14&sub_region=14",
  "prver" : "0",
  "isUik" : true,
  "selected" : false,
  "load_on_demand" : false
}, {
  "id" : 4144035571520,
  "text" : "УИК №694",
  "href" : "region/izbirkom?action=show&root=142000064&tvd=4144035571520&vrn=100100225883172&prver=0&pronetvd=null&region=14&sub_region=14",
  "prver" : "0",
  "isUik" : true,
  "selected" : false,
  "load_on_demand" : false
}, {
  "id" : 4144035571521,
  "text" : "УИК №695",
  "href" : "region/izbirkom?action=show&root=142000064&tvd=4144035571521&vrn=100100225883172&prver=0&pronetvd=null&region=14&sub_region=14",
  "prver" : "0",
  "isUik" : true,
  "selected" : false,
  "load_on_demand" : false
}, {
  "id" : 4144035571522,
  "text" : "УИК №696",
  "href" : "region/izbirkom?action=show&root=142000064&tvd=4144035571522&vrn=100100225883172&prver=0&pronetvd=null&region=14&sub_region=14",
  "prver" : "0",
  "isUik" : true,
  "selected" : false,
  "load_on_demand" : false
}, {
  "id" : 4144035571523,
  "text" : "УИК №697",
  "href" : "region/izbirkom?action=show&root=142000064&tvd=4144035571523&vrn=100100225883172&prver=0&pronetvd=null&region=14&sub_region=14",
  "prver" : "0",
  "isUik" : true,
  "selected" : false,
  "load_on_demand" : false
}, {
  "id" : 4144035571524,
  "text" : "УИК №698",
  "href" : "region/izbirkom?action=show&root=142000064&tvd=4144035571524&vrn=100100225883172&prver=0&pronetvd=null&region=14&sub_region=14",
  "prver" : "0",
  "isUik" : true,
  "selected" : false,
  "load_on_demand" : false
}, {
  "id" : 4144035571525,
  "text" : "УИК №699",
  "href" : "region/izbirkom?action=show&root=142000064&tvd=4144035571525&vrn=100100225883172&prver=0&pronetvd=null&region=14&sub_region=14",
  "prver" : "0",
  "isUik" : true,
  "selected" : false,
  "load_on_demand" : false
}, {
  "id" : 4144035571526,
  "text" : "УИК №700",
  "href" : "region/izbirkom?action=show&root=142000064&tvd=4144035571526&vrn=100100225883172&prver=0&pronetvd=null&region=14&sub_region=14",
  "prver" : "0",
  "isUik" : true,
  "selected" : false,
  "load_on_demand" : false
}, {
  "id" : 4144035571527,
  "text" : "УИК №701",
  "href" : "region/izbirkom?action=show&root=142000064&tvd=4144035571527&vrn=100100225883172&prver=0&pronetvd=null&region=14&sub_region=14",
  "prver" : "0",
  "isUik" : true,
  "selected" : false,
  "load_on_demand" : false
}, {
  "id" : 4144035571528,
  "text" : "УИК №702",
  "href" : "region/izbirkom?action=show&root=142000064&tvd=4144035571528&vrn=100100225883172&prver=0&pronetvd=null&region=14&sub_region=14",
  "prver" : "0",
  "isUik" : true,
  "selected" : false,
  "load_on_demand" : false
}, {
  "id" : 4144035571529,
  "text" : "УИК №703",
  "href" : "region/izbirkom?action=show&root=142000064&tvd=4144035571529&vrn=100100225883172&prver=0&pronetvd=null&region=14&sub_region=14",
  "prver" : "0",
  "isUik" : true,
  "selected" : false,
  "load_on_demand" : false
}, {
  "id" : 4144035571530,
  "text" : "УИК №704",
  "href" : "region/izbirkom?action=show&root=142000064&tvd=4144035571530&vrn=100100225883172&prver=0&pronetvd=null&region=14&sub_region=14",
  "prver" : "0",
  "isUik" : true,
  "selected" : false,
  "load_on_demand" : false
}, {
  "id" : 4144035571531,
  "text" : "УИК №705",
  "href" : "region/izbirkom?action=show&root=142000064&tvd=4144035571531&vrn=100100225883172&prver=0&pronetvd=null&region=14&sub_region=14",
  "prver" : "0",
  "isUik" : true,
  "selected" : false,
  "load_on_demand" : false
}, {
  "id" : 4144035571532,
  "text" : "УИК №706",
  "href" : "region/izbirkom?action=show&root=142000064&tvd=4144035571532&vrn=100100225883172&prver=0&pronetvd=null&region=14&sub_region=14",
  "prver" : "0",
  "isUik" : true,
  "selected" : false,
  "load_on_demand" : false
}, {
  "id" : 4144035571533,
  "text" : "УИК №707",
  "href" : "region/izbirkom?action=show&root=142000064&tvd=4144035571533&vrn=100100225883172&prver=0&pronetvd=null&region=14&sub_region=14",
  "prver" : "0",
  "isUik" : true,
  "selected" : false,
  "load_on_demand" : false
}, {
  "id" : 4144035571534,
  "text" : "УИК №708",
  "href" : "region/izbirkom?action=show&root=142000064&tvd=4144035571534&vrn=100100225883172&prver=0&pronetvd=null&region=14&sub_region=14",
  "prver" : "0",
  "isUik" : true,
  "selected" : false,
  "load_on_demand" : false
}, {
  "id" : 4144035571535,
  "text" : "УИК №709",
  "href" : "region/izbirkom?action=show&root=142000064&tvd=4144035571535&vrn=100100225883172&prver=0&pronetvd=null&region=14&sub_region=14",
  "prver" : "0",
  "isUik" : true,
  "selected" : false,
  "load_on_demand" : false
}, {
  "id" : 4144035571536,
  "text" : "УИК №710",
  "href" : "region/izbirkom?action=show&root=142000064&tvd=4144035571536&vrn=100100225883172&prver=0&pronetvd=null&region=14&sub_region=14",
  "prver" : "0",
  "isUik" : true,
  "selected" : false,
  "load_on_demand" : false
}, {
  "id" : 4144035571537,
  "text" : "УИК №711",
  "href" : "region/izbirkom?action=show&root=142000064&tvd=4144035571537&vrn=100100225883172&prver=0&pronetvd=null&region=14&sub_region=14",
  "prver" : "0",
  "isUik" : true,
  "selected" : false,
  "load_on_demand" : false
}, {
  "id" : 4144035571538,
  "text" : "УИК №712",
  "href" : "region/izbirkom?action=show&root=142000064&tvd=4144035571538&vrn=100100225883172&prver=0&pronetvd=null&region=14&sub_region=14",
  "prver" : "0",
  "isUik" : true,
  "selected" : false,
  "load_on_demand" : false
}, {
  "id" : 4144035571539,
  "text" : "УИК №713",
  "href" : "region/izbirkom?action=show&root=142000064&tvd=4144035571539&vrn=100100225883172&prver=0&pronetvd=null&region=14&sub_region=14",
  "prver" : "0",
  "isUik" : true,
  "selected" : false,
  "load_on_demand" : false
}, {
  "id" : 4144035571540,
  "text" : "УИК №714",
  "href" : "region/izbirkom?action=show&root=142000064&tvd=4144035571540&vrn=100100225883172&prver=0&pronetvd=null&region=14&sub_region=14",
  "prver" : "0",
  "isUik" : true,
  "selected" : false,
  "load_on_demand" : false
}, {
  "id" : 4144035571541,
  "text" : "УИК №715",
  "href" : "region/izbirkom?action=show&root=142000064&tvd=4144035571541&vrn=100100225883172&prver=0&pronetvd=null&region=14&sub_region=14",
  "prver" : "0",
  "isUik" : true,
  "selected" : false,
  "load_on_demand" : false
}, {
  "id" : 4144035571542,
  "text" : "УИК №716",
  "href" : "region/izbirkom?action=show&root=142000064&tvd=4144035571542&vrn=100100225883172&prver=0&pronetvd=null&region=14&sub_region=14",
  "prver" : "0",
  "isUik" : true,
  "selected" : false,
  "load_on_demand" : false
}, {
  "id" : 4144035571543,
  "text" : "УИК №717",
  "href" : "region/izbirkom?action=show&root=142000064&tvd=4144035571543&vrn=100100225883172&prver=0&pronetvd=null&region=14&sub_region=14",
  "prver" : "0",
  "isUik" : true,
  "selected" : false,
  "load_on_demand" : false
}, {
  "id" : 4144035571544,
  "text" : "УИК №718",
  "href" : "region/izbirkom?action=show&root=142000064&tvd=4144035571544&vrn=100100225883172&prver=0&pronetvd=null&region=14&sub_region=14",
  "prver" : "0",
  "isUik" : true,
  "selected" : false,
  "load_on_demand" : false
}, {
  "id" : 4144035571545,
  "text" : "УИК №719",
  "href" : "region/izbirkom?action=show&root=142000064&tvd=4144035571545&vrn=100100225883172&prver=0&pronetvd=null&region=14&sub_region=14",
  "prver" : "0",
  "isUik" : true,
  "selected" : false,
  "load_on_demand" : false
}, {
  "id" : 4144035571546,
  "text" : "УИК №720",
  "href" : "region/izbirkom?action=show&root=142000064&tvd=4144035571546&vrn=100100225883172&prver=0&pronetvd=null&region=14&sub_region=14",
  "prver" : "0",
  "isUik" : true,
  "selected" : false,
  "load_on_demand" : false
}, {
  "id" : 4144035571547,
  "text" : "УИК №721",
  "href" : "region/izbirkom?action=show&root=142000064&tvd=4144035571547&vrn=100100225883172&prver=0&pronetvd=null&region=14&sub_region=14",
  "prver" : "0",
  "isUik" : true,
  "selected" : false,
  "load_on_demand" : false
}, {
  "id" : 4144035571548,
  "text" : "УИК №722",
  "href" : "region/izbirkom?action=show&root=142000064&tvd=4144035571548&vrn=100100225883172&prver=0&pronetvd=null&region=14&sub_region=14",
  "prver" : "0",
  "isUik" : true,
  "selected" : false,
  "load_on_demand" : false
}, {
  "id" : 4144035571549,
  "text" : "УИК №723",
  "href" : "region/izbirkom?action=show&root=142000064&tvd=4144035571549&vrn=100100225883172&prver=0&pronetvd=null&region=14&sub_region=14",
  "prver" : "0",
  "isUik" : true,
  "selected" : false,
  "load_on_demand" : false
}, {
  "id" : 4144035571550,
  "text" : "УИК №724",
  "href" : "region/izbirkom?action=show&root=142000064&tvd=4144035571550&vrn=100100225883172&prver=0&pronetvd=null&region=14&sub_region=14",
  "prver" : "0",
  "isUik" : true,
  "selected" : false,
  "load_on_demand" : false
}, {
  "id" : 4144035571551,
  "text" : "УИК №725",
  "href" : "region/izbirkom?action=show&root=142000064&tvd=4144035571551&vrn=100100225883172&prver=0&pronetvd=null&region=14&sub_region=14",
  "prver" : "0",
  "isUik" : true,
  "selected" : false,
  "load_on_demand" : false
}, {
  "id" : 4144035571552,
  "text" : "УИК №726",
  "href" : "region/izbirkom?action=show&root=142000064&tvd=4144035571552&vrn=100100225883172&prver=0&pronetvd=null&region=14&sub_region=14",
  "prver" : "0",
  "isUik" : true,
  "selected" : false,
  "load_on_demand" : false
}, {
  "id" : 4144035571553,
  "text" : "УИК №727",
  "href" : "region/izbirkom?action=show&root=142000064&tvd=4144035571553&vrn=100100225883172&prver=0&pronetvd=null&region=14&sub_region=14",
  "prver" : "0",
  "isUik" : true,
  "selected" : false,
  "load_on_demand" : false
}, {
  "id" : 4144035571554,
  "text" : "УИК №728",
  "href" : "region/izbirkom?action=show&root=142000064&tvd=4144035571554&vrn=100100225883172&prver=0&pronetvd=null&region=14&sub_region=14",
  "prver" : "0",
  "isUik" : true,
  "selected" : false,
  "load_on_demand" : false
}, {
  "id" : 4144035571555,
  "text" : "УИК №729",
  "href" : "region/izbirkom?action=show&root=142000064&tvd=4144035571555&vrn=100100225883172&prver=0&pronetvd=null&region=14&sub_region=14",
  "prver" : "0",
  "isUik" : true,
  "selected" : false,
  "load_on_demand" : false
}, {
  "id" : 4144035571556,
  "text" : "УИК №730",
  "href" : "region/izbirkom?action=show&root=142000064&tvd=4144035571556&vrn=100100225883172&prver=0&pronetvd=null&region=14&sub_region=14",
  "prver" : "0",
  "isUik" : true,
  "selected" : false,
  "load_on_demand" : false
}, {
  "id" : 4144035571557,
  "text" : "УИК №731",
  "href" : "region/izbirkom?action=show&root=142000064&tvd=4144035571557&vrn=100100225883172&prver=0&pronetvd=null&region=14&sub_region=14",
  "prver" : "0",
  "isUik" : true,
  "selected" : false,
  "load_on_demand" : false
}, {
  "id" : 4144035571558,
  "text" : "УИК №732",
  "href" : "region/izbirkom?action=show&root=142000064&tvd=4144035571558&vrn=100100225883172&prver=0&pronetvd=null&region=14&sub_region=14",
  "prver" : "0",
  "isUik" : true,
  "selected" : false,
  "load_on_demand" : false
}, {
  "id" : 4144035571559,
  "text" : "УИК №733",
  "href" : "region/izbirkom?action=show&root=142000064&tvd=4144035571559&vrn=100100225883172&prver=0&pronetvd=null&region=14&sub_region=14",
  "prver" : "0",
  "isUik" : true,
  "selected" : false,
  "load_on_demand" : false
}, {
  "id" : 4144035571560,
  "text" : "УИК №734",
  "href" : "region/izbirkom?action=show&root=142000064&tvd=4144035571560&vrn=100100225883172&prver=0&pronetvd=null&region=14&sub_region=14",
  "prver" : "0",
  "isUik" : true,
  "selected" : false,
  "load_on_demand" : false
}, {
  "id" : 4144035571561,
  "text" : "УИК №735",
  "href" : "region/izbirkom?action=show&root=142000064&tvd=4144035571561&vrn=100100225883172&prver=0&pronetvd=null&region=14&sub_region=14",
  "prver" : "0",
  "isUik" : true,
  "selected" : false,
  "load_on_demand" : false
}, {
  "id" : 4144035571562,
  "text" : "УИК №736",
  "href" : "region/izbirkom?action=show&root=142000064&tvd=4144035571562&vrn=100100225883172&prver=0&pronetvd=null&region=14&sub_region=14",
  "prver" : "0",
  "isUik" : true,
  "selected" : false,
  "load_on_demand" : false
}, {
  "id" : 4144035571563,
  "text" : "УИК №737",
  "href" : "region/izbirkom?action=show&root=142000064&tvd=4144035571563&vrn=100100225883172&prver=0&pronetvd=null&region=14&sub_region=14",
  "prver" : "0",
  "isUik" : true,
  "selected" : false,
  "load_on_demand" : false
}, {
  "id" : 4144035571564,
  "text" : "УИК №738",
  "href" : "region/izbirkom?action=show&root=142000064&tvd=4144035571564&vrn=100100225883172&prver=0&pronetvd=null&region=14&sub_region=14",
  "prver" : "0",
  "isUik" : true,
  "selected" : false,
  "load_on_demand" : false
}, {
  "id" : 4144035571565,
  "text" : "УИК №739",
  "href" : "region/izbirkom?action=show&root=142000064&tvd=4144035571565&vrn=100100225883172&prver=0&pronetvd=null&region=14&sub_region=14",
  "prver" : "0",
  "isUik" : true,
  "selected" : false,
  "load_on_demand" : false
}, {
  "id" : 4144035571566,
  "text" : "УИК №740",
  "href" : "region/izbirkom?action=show&root=142000064&tvd=4144035571566&vrn=100100225883172&prver=0&pronetvd=null&region=14&sub_region=14",
  "prver" : "0",
  "isUik" : true,
  "selected" : false,
  "load_on_demand" : false
}, {
  "id" : 4144035571567,
  "text" : "УИК №741",
  "href" : "region/izbirkom?action=show&root=142000064&tvd=4144035571567&vrn=100100225883172&prver=0&pronetvd=null&region=14&sub_region=14",
  "prver" : "0",
  "isUik" : true,
  "selected" : false,
  "load_on_demand" : false
}, {
  "id" : 4144035571568,
  "text" : "УИК №742",
  "href" : "region/izbirkom?action=show&root=142000064&tvd=4144035571568&vrn=100100225883172&prver=0&pronetvd=null&region=14&sub_region=14",
  "prver" : "0",
  "isUik" : true,
  "selected" : false,
  "load_on_demand" : false
}, {
  "id" : 4144035571569,
  "text" : "УИК №743",
  "href" : "region/izbirkom?action=show&root=142000064&tvd=4144035571569&vrn=100100225883172&prver=0&pronetvd=null&region=14&sub_region=14",
  "prver" : "0",
  "isUik" : true,
  "selected" : false,
  "load_on_demand" : false
}, {
  "id" : 4144035571570,
  "text" : "УИК №744",
  "href" : "region/izbirkom?action=show&root=142000064&tvd=4144035571570&vrn=100100225883172&prver=0&pronetvd=null&region=14&sub_region=14",
  "prver" : "0",
  "isUik" : true,
  "selected" : false,
  "load_on_demand" : false
}, {
  "id" : 4144035571571,
  "text" : "УИК №745",
  "href" : "region/izbirkom?action=show&root=142000064&tvd=4144035571571&vrn=100100225883172&prver=0&pronetvd=null&region=14&sub_region=14",
  "prver" : "0",
  "isUik" : true,
  "selected" : false,
  "load_on_demand" : false
}, {
  "id" : 4144035571572,
  "text" : "УИК №746",
  "href" : "region/izbirkom?action=show&root=142000064&tvd=4144035571572&vrn=100100225883172&prver=0&pronetvd=null&region=14&sub_region=14",
  "prver" : "0",
  "isUik" : true,
  "selected" : false,
  "load_on_demand" : false
}, {
  "id" : 4144035571573,
  "text" : "УИК №747",
  "href" : "region/izbirkom?action=show&root=142000064&tvd=4144035571573&vrn=100100225883172&prver=0&pronetvd=null&region=14&sub_region=14",
  "prver" : "0",
  "isUik" : true,
  "selected" : false,
  "load_on_demand" : false
}, {
  "id" : 4144035571574,
  "text" : "УИК №748",
  "href" : "region/izbirkom?action=show&root=142000064&tvd=4144035571574&vrn=100100225883172&prver=0&pronetvd=null&region=14&sub_region=14",
  "prver" : "0",
  "isUik" : true,
  "selected" : false,
  "load_on_demand" : false
}, {
  "id" : 4144035571575,
  "text" : "УИК №749",
  "href" : "region/izbirkom?action=show&root=142000064&tvd=4144035571575&vrn=100100225883172&prver=0&pronetvd=null&region=14&sub_region=14",
  "prver" : "0",
  "isUik" : true,
  "selected" : false,
  "load_on_demand" : false
}, {
  "id" : 4144035571576,
  "text" : "УИК №750",
  "href" : "region/izbirkom?action=show&root=142000064&tvd=4144035571576&vrn=100100225883172&prver=0&pronetvd=null&region=14&sub_region=14",
  "prver" : "0",
  "isUik" : true,
  "selected" : false,
  "load_on_demand" : false
}, {
  "id" : 4144035571577,
  "text" : "УИК №751",
  "href" : "region/izbirkom?action=show&root=142000064&tvd=4144035571577&vrn=100100225883172&prver=0&pronetvd=null&region=14&sub_region=14",
  "prver" : "0",
  "isUik" : true,
  "selected" : false,
  "load_on_demand" : false
}, {
  "id" : 4144035571578,
  "text" : "УИК №752",
  "href" : "region/izbirkom?action=show&root=142000064&tvd=4144035571578&vrn=100100225883172&prver=0&pronetvd=null&region=14&sub_region=14",
  "prver" : "0",
  "isUik" : true,
  "selected" : false,
  "load_on_demand" : false
}, {
  "id" : 4144035571579,
  "text" : "УИК №753",
  "href" : "region/izbirkom?action=show&root=142000064&tvd=4144035571579&vrn=100100225883172&prver=0&pronetvd=null&region=14&sub_region=14",
  "prver" : "0",
  "isUik" : true,
  "selected" : false,
  "load_on_demand" : false
}, {
  "id" : 4144035571580,
  "text" : "УИК №754",
  "href" : "region/izbirkom?action=show&root=142000064&tvd=4144035571580&vrn=100100225883172&prver=0&pronetvd=null&region=14&sub_region=14",
  "prver" : "0",
  "isUik" : true,
  "selected" : false,
  "load_on_demand" : false
}, {
  "id" : 4144035571581,
  "text" : "УИК №755",
  "href" : "region/izbirkom?action=show&root=142000064&tvd=4144035571581&vrn=100100225883172&prver=0&pronetvd=null&region=14&sub_region=14",
  "prver" : "0",
  "isUik" : true,
  "selected" : false,
  "load_on_demand" : false
}, {
  "id" : 4144035571582,
  "text" : "УИК №756",
  "href" : "region/izbirkom?action=show&root=142000064&tvd=4144035571582&vrn=100100225883172&prver=0&pronetvd=null&region=14&sub_region=14",
  "prver" : "0",
  "isUik" : true,
  "selected" : false,
  "load_on_demand" : false
}, {
  "id" : 4144035571583,
  "text" : "УИК №757",
  "href" : "region/izbirkom?action=show&root=142000064&tvd=4144035571583&vrn=100100225883172&prver=0&pronetvd=null&region=14&sub_region=14",
  "prver" : "0",
  "isUik" : true,
  "selected" : false,
  "load_on_demand" : false
}, {
  "id" : 4144035571584,
  "text" : "УИК №758",
  "href" : "region/izbirkom?action=show&root=142000064&tvd=4144035571584&vrn=100100225883172&prver=0&pronetvd=null&region=14&sub_region=14",
  "prver" : "0",
  "isUik" : true,
  "selected" : false,
  "load_on_demand" : false
}, {
  "id" : 4144035571585,
  "text" : "УИК №759",
  "href" : "region/izbirkom?action=show&root=142000064&tvd=4144035571585&vrn=100100225883172&prver=0&pronetvd=null&region=14&sub_region=14",
  "prver" : "0",
  "isUik" : true,
  "selected" : false,
  "load_on_demand" : false
}, {
  "id" : 4144035571586,
  "text" : "УИК №760",
  "href" : "region/izbirkom?action=show&root=142000064&tvd=4144035571586&vrn=100100225883172&prver=0&pronetvd=null&region=14&sub_region=14",
  "prver" : "0",
  "isUik" : true,
  "selected" : false,
  "load_on_demand" : false
}, {
  "id" : 4144035571587,
  "text" : "УИК №761",
  "href" : "region/izbirkom?action=show&root=142000064&tvd=4144035571587&vrn=100100225883172&prver=0&pronetvd=null&region=14&sub_region=14",
  "prver" : "0",
  "isUik" : true,
  "selected" : false,
  "load_on_demand" : false
}, {
  "id" : 4144035571588,
  "text" : "УИК №762",
  "href" : "region/izbirkom?action=show&root=142000064&tvd=4144035571588&vrn=100100225883172&prver=0&pronetvd=null&region=14&sub_region=14",
  "prver" : "0",
  "isUik" : true,
  "selected" : false,
  "load_on_demand" : false
}, {
  "id" : 4144035571589,
  "text" : "УИК №763",
  "href" : "region/izbirkom?action=show&root=142000064&tvd=4144035571589&vrn=100100225883172&prver=0&pronetvd=null&region=14&sub_region=14",
  "prver" : "0",
  "isUik" : true,
  "selected" : false,
  "load_on_demand" : false
}, {
  "id" : 4144035571590,
  "text" : "УИК №764",
  "href" : "region/izbirkom?action=show&root=142000064&tvd=4144035571590&vrn=100100225883172&prver=0&pronetvd=null&region=14&sub_region=14",
  "prver" : "0",
  "isUik" : true,
  "selected" : false,
  "load_on_demand" : false
}, {
  "id" : 4144035571591,
  "text" : "УИК №765",
  "href" : "region/izbirkom?action=show&root=142000064&tvd=4144035571591&vrn=100100225883172&prver=0&pronetvd=null&region=14&sub_region=14",
  "prver" : "0",
  "isUik" : true,
  "selected" : false,
  "load_on_demand" : false
}, {
  "id" : 4144035571592,
  "text" : "УИК №766",
  "href" : "region/izbirkom?action=show&root=142000064&tvd=4144035571592&vrn=100100225883172&prver=0&pronetvd=null&region=14&sub_region=14",
  "prver" : "0",
  "isUik" : true,
  "selected" : false,
  "load_on_demand" : false
}, {
  "id" : 4144035571593,
  "text" : "УИК №767",
  "href" : "region/izbirkom?action=show&root=142000064&tvd=4144035571593&vrn=100100225883172&prver=0&pronetvd=null&region=14&sub_region=14",
  "prver" : "0",
  "isUik" : true,
  "selected" : false,
  "load_on_demand" : false
}, {
  "id" : 4144035571594,
  "text" : "УИК №768",
  "href" : "region/izbirkom?action=show&root=142000064&tvd=4144035571594&vrn=100100225883172&prver=0&pronetvd=null&region=14&sub_region=14",
  "prver" : "0",
  "isUik" : true,
  "selected" : false,
  "load_on_demand" : false
}, {
  "id" : 4144035571595,
  "text" : "УИК №769",
  "href" : "region/izbirkom?action=show&root=142000064&tvd=4144035571595&vrn=100100225883172&prver=0&pronetvd=null&region=14&sub_region=14",
  "prver" : "0",
  "isUik" : true,
  "selected" : false,
  "load_on_demand" : false
}, {
  "id" : 4144035571596,
  "text" : "УИК №770",
  "href" : "region/izbirkom?action=show&root=142000064&tvd=4144035571596&vrn=100100225883172&prver=0&pronetvd=null&region=14&sub_region=14",
  "prver" : "0",
  "isUik" : true,
  "selected" : false,
  "load_on_demand" : false
}, {
  "id" : 4144035571597,
  "text" : "УИК №771",
  "href" : "region/izbirkom?action=show&root=142000064&tvd=4144035571597&vrn=100100225883172&prver=0&pronetvd=null&region=14&sub_region=14",
  "prver" : "0",
  "isUik" : true,
  "selected" : false,
  "load_on_demand" : false
}, {
  "id" : 4144035571598,
  "text" : "УИК №772",
  "href" : "region/izbirkom?action=show&root=142000064&tvd=4144035571598&vrn=100100225883172&prver=0&pronetvd=null&region=14&sub_region=14",
  "prver" : "0",
  "isUik" : true,
  "selected" : false,
  "load_on_demand" : false
}, {
  "id" : 4144035571599,
  "text" : "УИК №773",
  "href" : "region/izbirkom?action=show&root=142000064&tvd=4144035571599&vrn=100100225883172&prver=0&pronetvd=null&region=14&sub_region=14",
  "prver" : "0",
  "isUik" : true,
  "selected" : false,
  "load_on_demand" : false
}, {
  "id" : 4144035571600,
  "text" : "УИК №774",
  "href" : "region/izbirkom?action=show&root=142000064&tvd=4144035571600&vrn=100100225883172&prver=0&pronetvd=null&region=14&sub_region=14",
  "prver" : "0",
  "isUik" : true,
  "selected" : false,
  "load_on_demand" : false
}, {
  "id" : 4144035571601,
  "text" : "УИК №775",
  "href" : "region/izbirkom?action=show&root=142000064&tvd=4144035571601&vrn=100100225883172&prver=0&pronetvd=null&region=14&sub_region=14",
  "prver" : "0",
  "isUik" : true,
  "selected" : false,
  "load_on_demand" : false
}, {
  "id" : 4144035571602,
  "text" : "УИК №776",
  "href" : "region/izbirkom?action=show&root=142000064&tvd=4144035571602&vrn=100100225883172&prver=0&pronetvd=null&region=14&sub_region=14",
  "prver" : "0",
  "isUik" : true,
  "selected" : false,
  "load_on_demand" : false
}, {
  "id" : 4144035571603,
  "text" : "УИК №777",
  "href" : "region/izbirkom?action=show&root=142000064&tvd=4144035571603&vrn=100100225883172&prver=0&pronetvd=null&region=14&sub_region=14",
  "prver" : "0",
  "isUik" : true,
  "selected" : false,
  "load_on_demand" : false
}, {
  "id" : 4144035571604,
  "text" : "УИК №778",
  "href" : "region/izbirkom?action=show&root=142000064&tvd=4144035571604&vrn=100100225883172&prver=0&pronetvd=null&region=14&sub_region=14",
  "prver" : "0",
  "isUik" : true,
  "selected" : false,
  "load_on_demand" : false
}, {
  "id" : 4144035571605,
  "text" : "УИК №779",
  "href" : "region/izbirkom?action=show&root=142000064&tvd=4144035571605&vrn=100100225883172&prver=0&pronetvd=null&region=14&sub_region=14",
  "prver" : "0",
  "isUik" : true,
  "selected" : false,
  "load_on_demand" : false
}, {
  "id" : 4144035571606,
  "text" : "УИК №780",
  "href" : "region/izbirkom?action=show&root=142000064&tvd=4144035571606&vrn=100100225883172&prver=0&pronetvd=null&region=14&sub_region=14",
  "prver" : "0",
  "isUik" : true,
  "selected" : false,
  "load_on_demand" : false
}, {
  "id" : 4144035571607,
  "text" : "УИК №781",
  "href" : "region/izbirkom?action=show&root=142000064&tvd=4144035571607&vrn=100100225883172&prver=0&pronetvd=null&region=14&sub_region=14",
  "prver" : "0",
  "isUik" : true,
  "selected" : false,
  "load_on_demand" : false
}, {
  "id" : 4144035571608,
  "text" : "УИК №782",
  "href" : "region/izbirkom?action=show&root=142000064&tvd=4144035571608&vrn=100100225883172&prver=0&pronetvd=null&region=14&sub_region=14",
  "prver" : "0",
  "isUik" : true,
  "selected" : false,
  "load_on_demand" : false
}, {
  "id" : 4144035571609,
  "text" : "УИК №783",
  "href" : "region/izbirkom?action=show&root=142000064&tvd=4144035571609&vrn=100100225883172&prver=0&pronetvd=null&region=14&sub_region=14",
  "prver" : "0",
  "isUik" : true,
  "selected" : false,
  "load_on_demand" : false
}, {
  "id" : 4144035571610,
  "text" : "УИК №784",
  "href" : "region/izbirkom?action=show&root=142000064&tvd=4144035571610&vrn=100100225883172&prver=0&pronetvd=null&region=14&sub_region=14",
  "prver" : "0",
  "isUik" : true,
  "selected" : false,
  "load_on_demand" : false
}, {
  "id" : 4144035571611,
  "text" : "УИК №785",
  "href" : "region/izbirkom?action=show&root=142000064&tvd=4144035571611&vrn=100100225883172&prver=0&pronetvd=null&region=14&sub_region=14",
  "prver" : "0",
  "isUik" : true,
  "selected" : false,
  "load_on_demand" : false
}, {
  "id" : 4144035571612,
  "text" : "УИК №786",
  "href" : "region/izbirkom?action=show&root=142000064&tvd=4144035571612&vrn=100100225883172&prver=0&pronetvd=null&region=14&sub_region=14",
  "prver" : "0",
  "isUik" : true,
  "selected" : false,
  "load_on_demand" : false
}, {
  "id" : 4144035571613,
  "text" : "УИК №787",
  "href" : "region/izbirkom?action=show&root=142000064&tvd=4144035571613&vrn=100100225883172&prver=0&pronetvd=null&region=14&sub_region=14",
  "prver" : "0",
  "isUik" : true,
  "selected" : false,
  "load_on_demand" : false
}, {
  "id" : 4144035571614,
  "text" : "УИК №788",
  "href" : "region/izbirkom?action=show&root=142000064&tvd=4144035571614&vrn=100100225883172&prver=0&pronetvd=null&region=14&sub_region=14",
  "prver" : "0",
  "isUik" : true,
  "selected" : false,
  "load_on_demand" : false
}, {
  "id" : 4144035571615,
  "text" : "УИК №789",
  "href" : "region/izbirkom?action=show&root=142000064&tvd=4144035571615&vrn=100100225883172&prver=0&pronetvd=null&region=14&sub_region=14",
  "prver" : "0",
  "isUik" : true,
  "selected" : false,
  "load_on_demand" : false
}, {
  "id" : 4144035571616,
  "text" : "УИК №790",
  "href" : "region/izbirkom?action=show&root=142000064&tvd=4144035571616&vrn=100100225883172&prver=0&pronetvd=null&region=14&sub_region=14",
  "prver" : "0",
  "isUik" : true,
  "selected" : false,
  "load_on_demand" : false
}, {
  "id" : 4144035571617,
  "text" : "УИК №791",
  "href" : "region/izbirkom?action=show&root=142000064&tvd=4144035571617&vrn=100100225883172&prver=0&pronetvd=null&region=14&sub_region=14",
  "prver" : "0",
  "isUik" : true,
  "selected" : false,
  "load_on_demand" : false
}, {
  "id" : 4144035571618,
  "text" : "УИК №792",
  "href" : "region/izbirkom?action=show&root=142000064&tvd=4144035571618&vrn=100100225883172&prver=0&pronetvd=null&region=14&sub_region=14",
  "prver" : "0",
  "isUik" : true,
  "selected" : false,
  "load_on_demand" : false
}, {
  "id" : 4144035571619,
  "text" : "УИК №793",
  "href" : "region/izbirkom?action=show&root=142000064&tvd=4144035571619&vrn=100100225883172&prver=0&pronetvd=null&region=14&sub_region=14",
  "prver" : "0",
  "isUik" : true,
  "selected" : false,
  "load_on_demand" : false
}, {
  "id" : 4144035571620,
  "text" : "УИК №794",
  "href" : "region/izbirkom?action=show&root=142000064&tvd=4144035571620&vrn=100100225883172&prver=0&pronetvd=null&region=14&sub_region=14",
  "prver" : "0",
  "isUik" : true,
  "selected" : false,
  "load_on_demand" : false
}, {
  "id" : 4144035571621,
  "text" : "УИК №795",
  "href" : "region/izbirkom?action=show&root=142000064&tvd=4144035571621&vrn=100100225883172&prver=0&pronetvd=null&region=14&sub_region=14",
  "prver" : "0",
  "isUik" : true,
  "selected" : false,
  "load_on_demand" : false
}, {
  "id" : 4144035571622,
  "text" : "УИК №796",
  "href" : "region/izbirkom?action=show&root=142000064&tvd=4144035571622&vrn=100100225883172&prver=0&pronetvd=null&region=14&sub_region=14",
  "prver" : "0",
  "isUik" : true,
  "selected" : false,
  "load_on_demand" : false
}, {
  "id" : 4144035571623,
  "text" : "УИК №797",
  "href" : "region/izbirkom?action=show&root=142000064&tvd=4144035571623&vrn=100100225883172&prver=0&pronetvd=null&region=14&sub_region=14",
  "prver" : "0",
  "isUik" : true,
  "selected" : false,
  "load_on_demand" : false
}, {
  "id" : 4144035571624,
  "text" : "УИК №798",
  "href" : "region/izbirkom?action=show&root=142000064&tvd=4144035571624&vrn=100100225883172&prver=0&pronetvd=null&region=14&sub_region=14",
  "prver" : "0",
  "isUik" : true,
  "selected" : false,
  "load_on_demand" : false
}, {
  "id" : 4144035571625,
  "text" : "УИК №799",
  "href" : "region/izbirkom?action=show&root=142000064&tvd=4144035571625&vrn=100100225883172&prver=0&pronetvd=null&region=14&sub_region=14",
  "prver" : "0",
  "isUik" : true,
  "selected" : false,
  "load_on_demand" : false
}, {
  "id" : 4144035571626,
  "text" : "УИК №800",
  "href" : "region/izbirkom?action=show&root=142000064&tvd=4144035571626&vrn=100100225883172&prver=0&pronetvd=null&region=14&sub_region=14",
  "prver" : "0",
  "isUik" : true,
  "selected" : false,
  "load_on_demand" : false
}, {
  "id" : 4144035571627,
  "text" : "УИК №801",
  "href" : "region/izbirkom?action=show&root=142000064&tvd=4144035571627&vrn=100100225883172&prver=0&pronetvd=null&region=14&sub_region=14",
  "prver" : "0",
  "isUik" : true,
  "selected" : false,
  "load_on_demand" : false
}, {
  "id" : 4144035571628,
  "text" : "УИК №802",
  "href" : "region/izbirkom?action=show&root=142000064&tvd=4144035571628&vrn=100100225883172&prver=0&pronetvd=null&region=14&sub_region=14",
  "prver" : "0",
  "isUik" : true,
  "selected" : false,
  "load_on_demand" : false
}, {
  "id" : 4144035571629,
  "text" : "УИК №803",
  "href" : "region/izbirkom?action=show&root=142000064&tvd=4144035571629&vrn=100100225883172&prver=0&pronetvd=null&region=14&sub_region=14",
  "prver" : "0",
  "isUik" : true,
  "selected" : false,
  "load_on_demand" : false
}, {
  "id" : 4144035571630,
  "text" : "УИК №804",
  "href" : "region/izbirkom?action=show&root=142000064&tvd=4144035571630&vrn=100100225883172&prver=0&pronetvd=null&region=14&sub_region=14",
  "prver" : "0",
  "isUik" : true,
  "selected" : false,
  "load_on_demand" : false
}, {
  "id" : 4144035571631,
  "text" : "УИК №805",
  "href" : "region/izbirkom?action=show&root=142000064&tvd=4144035571631&vrn=100100225883172&prver=0&pronetvd=null&region=14&sub_region=14",
  "prver" : "0",
  "isUik" : true,
  "selected" : false,
  "load_on_demand" : false
}, {
  "id" : 4144035571632,
  "text" : "УИК №806",
  "href" : "region/izbirkom?action=show&root=142000064&tvd=4144035571632&vrn=100100225883172&prver=0&pronetvd=null&region=14&sub_region=14",
  "prver" : "0",
  "isUik" : true,
  "selected" : false,
  "load_on_demand" : false
}, {
  "id" : 4144035571633,
  "text" : "УИК №807",
  "href" : "region/izbirkom?action=show&root=142000064&tvd=4144035571633&vrn=100100225883172&prver=0&pronetvd=null&region=14&sub_region=14",
  "prver" : "0",
  "isUik" : true,
  "selected" : false,
  "load_on_demand" : false
}, {
  "id" : 4144035571634,
  "text" : "УИК №808",
  "href" : "region/izbirkom?action=show&root=142000064&tvd=4144035571634&vrn=100100225883172&prver=0&pronetvd=null&region=14&sub_region=14",
  "prver" : "0",
  "isUik" : true,
  "selected" : false,
  "load_on_demand" : false
}, {
  "id" : 4144035571635,
  "text" : "УИК №809",
  "href" : "region/izbirkom?action=show&root=142000064&tvd=4144035571635&vrn=100100225883172&prver=0&pronetvd=null&region=14&sub_region=14",
  "prver" : "0",
  "isUik" : true,
  "selected" : false,
  "load_on_demand" : false
}, {
  "id" : 4144035571636,
  "text" : "УИК №810",
  "href" : "region/izbirkom?action=show&root=142000064&tvd=4144035571636&vrn=100100225883172&prver=0&pronetvd=null&region=14&sub_region=14",
  "prver" : "0",
  "isUik" : true,
  "selected" : false,
  "load_on_demand" : false
}, {
  "id" : 4144035579170,
  "text" : "УИК №830",
  "href" : "region/izbirkom?action=show&root=142000064&tvd=4144035579170&vrn=100100225883172&prver=0&pronetvd=null&region=14&sub_region=14",
  "prver" : "0",
  "isUik" : true,
  "selected" : false,
  "load_on_demand" : false
}, {
  "id" : 4144035579171,
  "text" : "УИК №831",
  "href" : "region/izbirkom?action=show&root=142000064&tvd=4144035579171&vrn=100100225883172&prver=0&pronetvd=null&region=14&sub_region=14",
  "prver" : "0",
  "isUik" : true,
  "selected" : false,
  "load_on_demand" : false
}, {
  "id" : 4144035579172,
  "text" : "УИК №832",
  "href" : "region/izbirkom?action=show&root=142000064&tvd=4144035579172&vrn=100100225883172&prver=0&pronetvd=null&region=14&sub_region=14",
  "prver" : "0",
  "isUik" : true,
  "selected" : false,
  "load_on_demand" : false
}, {
  "id" : 4144035579173,
  "text" : "УИК №833",
  "href" : "region/izbirkom?action=show&root=142000064&tvd=4144035579173&vrn=100100225883172&prver=0&pronetvd=null&region=14&sub_region=14",
  "prver" : "0",
  "isUik" : true,
  "selected" : false,
  "load_on_demand" : false
} ]