[ {
  "id" : 4144003147824,
  "text" : "УИК №39",
  "href" : "region/izbirkom?action=show&root=142000028&tvd=4144003147824&vrn=100100225883172&prver=0&pronetvd=null&region=14&sub_region=14",
  "prver" : "0",
  "isUik" : true,
  "selected" : false,
  "load_on_demand" : false
}, {
  "id" : 4144003147825,
  "text" : "УИК №40",
  "href" : "region/izbirkom?action=show&root=142000028&tvd=4144003147825&vrn=100100225883172&prver=0&pronetvd=null&region=14&sub_region=14",
  "prver" : "0",
  "isUik" : true,
  "selected" : false,
  "load_on_demand" : false
}, {
  "id" : 4144003147826,
  "text" : "УИК №41",
  "href" : "region/izbirkom?action=show&root=142000028&tvd=4144003147826&vrn=100100225883172&prver=0&pronetvd=null&region=14&sub_region=14",
  "prver" : "0",
  "isUik" : true,
  "selected" : false,
  "load_on_demand" : false
}, {
  "id" : 4144003147827,
  "text" : "УИК №42",
  "href" : "region/izbirkom?action=show&root=142000028&tvd=4144003147827&vrn=100100225883172&prver=0&pronetvd=null&region=14&sub_region=14",
  "prver" : "0",
  "isUik" : true,
  "selected" : false,
  "load_on_demand" : false
}, {
  "id" : 4144003147828,
  "text" : "УИК №43",
  "href" : "region/izbirkom?action=show&root=142000028&tvd=4144003147828&vrn=100100225883172&prver=0&pronetvd=null&region=14&sub_region=14",
  "prver" : "0",
  "isUik" : true,
  "selected" : false,
  "load_on_demand" : false
} ]