[ {
  "id" : 4154004218899,
  "text" : "УИК №46",
  "href" : "region/izbirkom?action=show&root=152000001&tvd=4154004218899&vrn=100100225883172&prver=0&pronetvd=null&region=15&sub_region=15",
  "prver" : "0",
  "isUik" : true,
  "selected" : false,
  "load_on_demand" : false
}, {
  "id" : 4154004218900,
  "text" : "УИК №47",
  "href" : "region/izbirkom?action=show&root=152000001&tvd=4154004218900&vrn=100100225883172&prver=0&pronetvd=null&region=15&sub_region=15",
  "prver" : "0",
  "isUik" : true,
  "selected" : false,
  "load_on_demand" : false
}, {
  "id" : 4154004218901,
  "text" : "УИК №48",
  "href" : "region/izbirkom?action=show&root=152000001&tvd=4154004218901&vrn=100100225883172&prver=0&pronetvd=null&region=15&sub_region=15",
  "prver" : "0",
  "isUik" : true,
  "selected" : false,
  "load_on_demand" : false
}, {
  "id" : 4154004218902,
  "text" : "УИК №49",
  "href" : "region/izbirkom?action=show&root=152000001&tvd=4154004218902&vrn=100100225883172&prver=0&pronetvd=null&region=15&sub_region=15",
  "prver" : "0",
  "isUik" : true,
  "selected" : false,
  "load_on_demand" : false
}, {
  "id" : 4154004218903,
  "text" : "УИК №50",
  "href" : "region/izbirkom?action=show&root=152000001&tvd=4154004218903&vrn=100100225883172&prver=0&pronetvd=null&region=15&sub_region=15",
  "prver" : "0",
  "isUik" : true,
  "selected" : false,
  "load_on_demand" : false
}, {
  "id" : 4154004218904,
  "text" : "УИК №51",
  "href" : "region/izbirkom?action=show&root=152000001&tvd=4154004218904&vrn=100100225883172&prver=0&pronetvd=null&region=15&sub_region=15",
  "prver" : "0",
  "isUik" : true,
  "selected" : false,
  "load_on_demand" : false
}, {
  "id" : 4154004218905,
  "text" : "УИК №52",
  "href" : "region/izbirkom?action=show&root=152000001&tvd=4154004218905&vrn=100100225883172&prver=0&pronetvd=null&region=15&sub_region=15",
  "prver" : "0",
  "isUik" : true,
  "selected" : false,
  "load_on_demand" : false
}, {
  "id" : 4154004218906,
  "text" : "УИК №53",
  "href" : "region/izbirkom?action=show&root=152000001&tvd=4154004218906&vrn=100100225883172&prver=0&pronetvd=null&region=15&sub_region=15",
  "prver" : "0",
  "isUik" : true,
  "selected" : false,
  "load_on_demand" : false
}, {
  "id" : 4154004218907,
  "text" : "УИК №54",
  "href" : "region/izbirkom?action=show&root=152000001&tvd=4154004218907&vrn=100100225883172&prver=0&pronetvd=null&region=15&sub_region=15",
  "prver" : "0",
  "isUik" : true,
  "selected" : false,
  "load_on_demand" : false
}, {
  "id" : 4154004218908,
  "text" : "УИК №55",
  "href" : "region/izbirkom?action=show&root=152000001&tvd=4154004218908&vrn=100100225883172&prver=0&pronetvd=null&region=15&sub_region=15",
  "prver" : "0",
  "isUik" : true,
  "selected" : false,
  "load_on_demand" : false
}, {
  "id" : 4154004218909,
  "text" : "УИК №56",
  "href" : "region/izbirkom?action=show&root=152000001&tvd=4154004218909&vrn=100100225883172&prver=0&pronetvd=null&region=15&sub_region=15",
  "prver" : "0",
  "isUik" : true,
  "selected" : false,
  "load_on_demand" : false
}, {
  "id" : 4154004218910,
  "text" : "УИК №57",
  "href" : "region/izbirkom?action=show&root=152000001&tvd=4154004218910&vrn=100100225883172&prver=0&pronetvd=null&region=15&sub_region=15",
  "prver" : "0",
  "isUik" : true,
  "selected" : false,
  "load_on_demand" : false
} ]