[ {
  "id" : 4154005330104,
  "text" : "УИК №58",
  "href" : "region/izbirkom?action=show&root=152000007&tvd=4154005330104&vrn=100100225883172&prver=0&pronetvd=null&region=15&sub_region=15",
  "prver" : "0",
  "isUik" : true,
  "selected" : false,
  "load_on_demand" : false
}, {
  "id" : 4154005330106,
  "text" : "УИК №59",
  "href" : "region/izbirkom?action=show&root=152000007&tvd=4154005330106&vrn=100100225883172&prver=0&pronetvd=null&region=15&sub_region=15",
  "prver" : "0",
  "isUik" : true,
  "selected" : false,
  "load_on_demand" : false
}, {
  "id" : 4154005330108,
  "text" : "УИК №60",
  "href" : "region/izbirkom?action=show&root=152000007&tvd=4154005330108&vrn=100100225883172&prver=0&pronetvd=null&region=15&sub_region=15",
  "prver" : "0",
  "isUik" : true,
  "selected" : false,
  "load_on_demand" : false
}, {
  "id" : 4154005330110,
  "text" : "УИК №61",
  "href" : "region/izbirkom?action=show&root=152000007&tvd=4154005330110&vrn=100100225883172&prver=0&pronetvd=null&region=15&sub_region=15",
  "prver" : "0",
  "isUik" : true,
  "selected" : false,
  "load_on_demand" : false
}, {
  "id" : 4154005330112,
  "text" : "УИК №62",
  "href" : "region/izbirkom?action=show&root=152000007&tvd=4154005330112&vrn=100100225883172&prver=0&pronetvd=null&region=15&sub_region=15",
  "prver" : "0",
  "isUik" : true,
  "selected" : false,
  "load_on_demand" : false
}, {
  "id" : 4154005330114,
  "text" : "УИК №63",
  "href" : "region/izbirkom?action=show&root=152000007&tvd=4154005330114&vrn=100100225883172&prver=0&pronetvd=null&region=15&sub_region=15",
  "prver" : "0",
  "isUik" : true,
  "selected" : false,
  "load_on_demand" : false
}, {
  "id" : 4154005330116,
  "text" : "УИК №64",
  "href" : "region/izbirkom?action=show&root=152000007&tvd=4154005330116&vrn=100100225883172&prver=0&pronetvd=null&region=15&sub_region=15",
  "prver" : "0",
  "isUik" : true,
  "selected" : false,
  "load_on_demand" : false
}, {
  "id" : 4154005330118,
  "text" : "УИК №65",
  "href" : "region/izbirkom?action=show&root=152000007&tvd=4154005330118&vrn=100100225883172&prver=0&pronetvd=null&region=15&sub_region=15",
  "prver" : "0",
  "isUik" : true,
  "selected" : false,
  "load_on_demand" : false
}, {
  "id" : 4154005330120,
  "text" : "УИК №66",
  "href" : "region/izbirkom?action=show&root=152000007&tvd=4154005330120&vrn=100100225883172&prver=0&pronetvd=null&region=15&sub_region=15",
  "prver" : "0",
  "isUik" : true,
  "selected" : false,
  "load_on_demand" : false
}, {
  "id" : 4154005330122,
  "text" : "УИК №67",
  "href" : "region/izbirkom?action=show&root=152000007&tvd=4154005330122&vrn=100100225883172&prver=0&pronetvd=null&region=15&sub_region=15",
  "prver" : "0",
  "isUik" : true,
  "selected" : false,
  "load_on_demand" : false
}, {
  "id" : 4154005330124,
  "text" : "УИК №68",
  "href" : "region/izbirkom?action=show&root=152000007&tvd=4154005330124&vrn=100100225883172&prver=0&pronetvd=null&region=15&sub_region=15",
  "prver" : "0",
  "isUik" : true,
  "selected" : false,
  "load_on_demand" : false
}, {
  "id" : 4154005330126,
  "text" : "УИК №69",
  "href" : "region/izbirkom?action=show&root=152000007&tvd=4154005330126&vrn=100100225883172&prver=0&pronetvd=null&region=15&sub_region=15",
  "prver" : "0",
  "isUik" : true,
  "selected" : false,
  "load_on_demand" : false
}, {
  "id" : 4154005330128,
  "text" : "УИК №70",
  "href" : "region/izbirkom?action=show&root=152000007&tvd=4154005330128&vrn=100100225883172&prver=0&pronetvd=null&region=15&sub_region=15",
  "prver" : "0",
  "isUik" : true,
  "selected" : false,
  "load_on_demand" : false
}, {
  "id" : 4154005330130,
  "text" : "УИК №71",
  "href" : "region/izbirkom?action=show&root=152000007&tvd=4154005330130&vrn=100100225883172&prver=0&pronetvd=null&region=15&sub_region=15",
  "prver" : "0",
  "isUik" : true,
  "selected" : false,
  "load_on_demand" : false
}, {
  "id" : 4154005330132,
  "text" : "УИК №72",
  "href" : "region/izbirkom?action=show&root=152000007&tvd=4154005330132&vrn=100100225883172&prver=0&pronetvd=null&region=15&sub_region=15",
  "prver" : "0",
  "isUik" : true,
  "selected" : false,
  "load_on_demand" : false
}, {
  "id" : 4154005330134,
  "text" : "УИК №73",
  "href" : "region/izbirkom?action=show&root=152000007&tvd=4154005330134&vrn=100100225883172&prver=0&pronetvd=null&region=15&sub_region=15",
  "prver" : "0",
  "isUik" : true,
  "selected" : false,
  "load_on_demand" : false
}, {
  "id" : 4154005330136,
  "text" : "УИК №74",
  "href" : "region/izbirkom?action=show&root=152000007&tvd=4154005330136&vrn=100100225883172&prver=0&pronetvd=null&region=15&sub_region=15",
  "prver" : "0",
  "isUik" : true,
  "selected" : false,
  "load_on_demand" : false
}, {
  "id" : 4154005330138,
  "text" : "УИК №75",
  "href" : "region/izbirkom?action=show&root=152000007&tvd=4154005330138&vrn=100100225883172&prver=0&pronetvd=null&region=15&sub_region=15",
  "prver" : "0",
  "isUik" : true,
  "selected" : false,
  "load_on_demand" : false
}, {
  "id" : 4154005330140,
  "text" : "УИК №76",
  "href" : "region/izbirkom?action=show&root=152000007&tvd=4154005330140&vrn=100100225883172&prver=0&pronetvd=null&region=15&sub_region=15",
  "prver" : "0",
  "isUik" : true,
  "selected" : false,
  "load_on_demand" : false
}, {
  "id" : 4154005330142,
  "text" : "УИК №77",
  "href" : "region/izbirkom?action=show&root=152000007&tvd=4154005330142&vrn=100100225883172&prver=0&pronetvd=null&region=15&sub_region=15",
  "prver" : "0",
  "isUik" : true,
  "selected" : false,
  "load_on_demand" : false
}, {
  "id" : 4154005330144,
  "text" : "УИК №78",
  "href" : "region/izbirkom?action=show&root=152000007&tvd=4154005330144&vrn=100100225883172&prver=0&pronetvd=null&region=15&sub_region=15",
  "prver" : "0",
  "isUik" : true,
  "selected" : false,
  "load_on_demand" : false
}, {
  "id" : 4154005330146,
  "text" : "УИК №79",
  "href" : "region/izbirkom?action=show&root=152000007&tvd=4154005330146&vrn=100100225883172&prver=0&pronetvd=null&region=15&sub_region=15",
  "prver" : "0",
  "isUik" : true,
  "selected" : false,
  "load_on_demand" : false
} ]