[ {
  "id" : 4154001315206,
  "text" : "УИК №1",
  "href" : "region/izbirkom?action=show&root=152000004&tvd=4154001315206&vrn=100100225883172&prver=0&pronetvd=null&region=15&sub_region=15",
  "prver" : "0",
  "isUik" : true,
  "selected" : false,
  "load_on_demand" : false
}, {
  "id" : 4154001315207,
  "text" : "УИК №2",
  "href" : "region/izbirkom?action=show&root=152000004&tvd=4154001315207&vrn=100100225883172&prver=0&pronetvd=null&region=15&sub_region=15",
  "prver" : "0",
  "isUik" : true,
  "selected" : false,
  "load_on_demand" : false
}, {
  "id" : 4154001315208,
  "text" : "УИК №3",
  "href" : "region/izbirkom?action=show&root=152000004&tvd=4154001315208&vrn=100100225883172&prver=0&pronetvd=null&region=15&sub_region=15",
  "prver" : "0",
  "isUik" : true,
  "selected" : false,
  "load_on_demand" : false
}, {
  "id" : 4154001315209,
  "text" : "УИК №4",
  "href" : "region/izbirkom?action=show&root=152000004&tvd=4154001315209&vrn=100100225883172&prver=0&pronetvd=null&region=15&sub_region=15",
  "prver" : "0",
  "isUik" : true,
  "selected" : false,
  "load_on_demand" : false
}, {
  "id" : 4154001315210,
  "text" : "УИК №5",
  "href" : "region/izbirkom?action=show&root=152000004&tvd=4154001315210&vrn=100100225883172&prver=0&pronetvd=null&region=15&sub_region=15",
  "prver" : "0",
  "isUik" : true,
  "selected" : false,
  "load_on_demand" : false
}, {
  "id" : 4154001315211,
  "text" : "УИК №6",
  "href" : "region/izbirkom?action=show&root=152000004&tvd=4154001315211&vrn=100100225883172&prver=0&pronetvd=null&region=15&sub_region=15",
  "prver" : "0",
  "isUik" : true,
  "selected" : false,
  "load_on_demand" : false
}, {
  "id" : 4154001315212,
  "text" : "УИК №7",
  "href" : "region/izbirkom?action=show&root=152000004&tvd=4154001315212&vrn=100100225883172&prver=0&pronetvd=null&region=15&sub_region=15",
  "prver" : "0",
  "isUik" : true,
  "selected" : false,
  "load_on_demand" : false
}, {
  "id" : 4154001315213,
  "text" : "УИК №8",
  "href" : "region/izbirkom?action=show&root=152000004&tvd=4154001315213&vrn=100100225883172&prver=0&pronetvd=null&region=15&sub_region=15",
  "prver" : "0",
  "isUik" : true,
  "selected" : false,
  "load_on_demand" : false
}, {
  "id" : 4154001315214,
  "text" : "УИК №9",
  "href" : "region/izbirkom?action=show&root=152000004&tvd=4154001315214&vrn=100100225883172&prver=0&pronetvd=null&region=15&sub_region=15",
  "prver" : "0",
  "isUik" : true,
  "selected" : false,
  "load_on_demand" : false
}, {
  "id" : 4154001315215,
  "text" : "УИК №10",
  "href" : "region/izbirkom?action=show&root=152000004&tvd=4154001315215&vrn=100100225883172&prver=0&pronetvd=null&region=15&sub_region=15",
  "prver" : "0",
  "isUik" : true,
  "selected" : false,
  "load_on_demand" : false
}, {
  "id" : 4154001315216,
  "text" : "УИК №11",
  "href" : "region/izbirkom?action=show&root=152000004&tvd=4154001315216&vrn=100100225883172&prver=0&pronetvd=null&region=15&sub_region=15",
  "prver" : "0",
  "isUik" : true,
  "selected" : false,
  "load_on_demand" : false
}, {
  "id" : 4154001315217,
  "text" : "УИК №12",
  "href" : "region/izbirkom?action=show&root=152000004&tvd=4154001315217&vrn=100100225883172&prver=0&pronetvd=null&region=15&sub_region=15",
  "prver" : "0",
  "isUik" : true,
  "selected" : false,
  "load_on_demand" : false
}, {
  "id" : 4154001315218,
  "text" : "УИК №13",
  "href" : "region/izbirkom?action=show&root=152000004&tvd=4154001315218&vrn=100100225883172&prver=0&pronetvd=null&region=15&sub_region=15",
  "prver" : "0",
  "isUik" : true,
  "selected" : false,
  "load_on_demand" : false
}, {
  "id" : 4154001315219,
  "text" : "УИК №14",
  "href" : "region/izbirkom?action=show&root=152000004&tvd=4154001315219&vrn=100100225883172&prver=0&pronetvd=null&region=15&sub_region=15",
  "prver" : "0",
  "isUik" : true,
  "selected" : false,
  "load_on_demand" : false
}, {
  "id" : 4154001315220,
  "text" : "УИК №15",
  "href" : "region/izbirkom?action=show&root=152000004&tvd=4154001315220&vrn=100100225883172&prver=0&pronetvd=null&region=15&sub_region=15",
  "prver" : "0",
  "isUik" : true,
  "selected" : false,
  "load_on_demand" : false
}, {
  "id" : 4154001315221,
  "text" : "УИК №16",
  "href" : "region/izbirkom?action=show&root=152000004&tvd=4154001315221&vrn=100100225883172&prver=0&pronetvd=null&region=15&sub_region=15",
  "prver" : "0",
  "isUik" : true,
  "selected" : false,
  "load_on_demand" : false
}, {
  "id" : 4154001315222,
  "text" : "УИК №17",
  "href" : "region/izbirkom?action=show&root=152000004&tvd=4154001315222&vrn=100100225883172&prver=0&pronetvd=null&region=15&sub_region=15",
  "prver" : "0",
  "isUik" : true,
  "selected" : false,
  "load_on_demand" : false
}, {
  "id" : 4154001315223,
  "text" : "УИК №18",
  "href" : "region/izbirkom?action=show&root=152000004&tvd=4154001315223&vrn=100100225883172&prver=0&pronetvd=null&region=15&sub_region=15",
  "prver" : "0",
  "isUik" : true,
  "selected" : false,
  "load_on_demand" : false
}, {
  "id" : 4154001315224,
  "text" : "УИК №19",
  "href" : "region/izbirkom?action=show&root=152000004&tvd=4154001315224&vrn=100100225883172&prver=0&pronetvd=null&region=15&sub_region=15",
  "prver" : "0",
  "isUik" : true,
  "selected" : false,
  "load_on_demand" : false
}, {
  "id" : 4154001315225,
  "text" : "УИК №20",
  "href" : "region/izbirkom?action=show&root=152000004&tvd=4154001315225&vrn=100100225883172&prver=0&pronetvd=null&region=15&sub_region=15",
  "prver" : "0",
  "isUik" : true,
  "selected" : false,
  "load_on_demand" : false
}, {
  "id" : 4154001315226,
  "text" : "УИК №21",
  "href" : "region/izbirkom?action=show&root=152000004&tvd=4154001315226&vrn=100100225883172&prver=0&pronetvd=null&region=15&sub_region=15",
  "prver" : "0",
  "isUik" : true,
  "selected" : false,
  "load_on_demand" : false
}, {
  "id" : 4154001315227,
  "text" : "УИК №22",
  "href" : "region/izbirkom?action=show&root=152000004&tvd=4154001315227&vrn=100100225883172&prver=0&pronetvd=null&region=15&sub_region=15",
  "prver" : "0",
  "isUik" : true,
  "selected" : false,
  "load_on_demand" : false
}, {
  "id" : 4154001315228,
  "text" : "УИК №23",
  "href" : "region/izbirkom?action=show&root=152000004&tvd=4154001315228&vrn=100100225883172&prver=0&pronetvd=null&region=15&sub_region=15",
  "prver" : "0",
  "isUik" : true,
  "selected" : false,
  "load_on_demand" : false
}, {
  "id" : 4154001315229,
  "text" : "УИК №24",
  "href" : "region/izbirkom?action=show&root=152000004&tvd=4154001315229&vrn=100100225883172&prver=0&pronetvd=null&region=15&sub_region=15",
  "prver" : "0",
  "isUik" : true,
  "selected" : false,
  "load_on_demand" : false
}, {
  "id" : 4154001315230,
  "text" : "УИК №25",
  "href" : "region/izbirkom?action=show&root=152000004&tvd=4154001315230&vrn=100100225883172&prver=0&pronetvd=null&region=15&sub_region=15",
  "prver" : "0",
  "isUik" : true,
  "selected" : false,
  "load_on_demand" : false
}, {
  "id" : 4154001315231,
  "text" : "УИК №26",
  "href" : "region/izbirkom?action=show&root=152000004&tvd=4154001315231&vrn=100100225883172&prver=0&pronetvd=null&region=15&sub_region=15",
  "prver" : "0",
  "isUik" : true,
  "selected" : false,
  "load_on_demand" : false
}, {
  "id" : 4154001315232,
  "text" : "УИК №27",
  "href" : "region/izbirkom?action=show&root=152000004&tvd=4154001315232&vrn=100100225883172&prver=0&pronetvd=null&region=15&sub_region=15",
  "prver" : "0",
  "isUik" : true,
  "selected" : false,
  "load_on_demand" : false
}, {
  "id" : 4154001315233,
  "text" : "УИК №28",
  "href" : "region/izbirkom?action=show&root=152000004&tvd=4154001315233&vrn=100100225883172&prver=0&pronetvd=null&region=15&sub_region=15",
  "prver" : "0",
  "isUik" : true,
  "selected" : false,
  "load_on_demand" : false
}, {
  "id" : 4154001315234,
  "text" : "УИК №29",
  "href" : "region/izbirkom?action=show&root=152000004&tvd=4154001315234&vrn=100100225883172&prver=0&pronetvd=null&region=15&sub_region=15",
  "prver" : "0",
  "isUik" : true,
  "selected" : false,
  "load_on_demand" : false
}, {
  "id" : 4154001320503,
  "text" : "УИК №336",
  "href" : "region/izbirkom?action=show&root=152000004&tvd=4154001320503&vrn=100100225883172&prver=0&pronetvd=null&region=15&sub_region=15",
  "prver" : "0",
  "isUik" : true,
  "selected" : false,
  "load_on_demand" : false
} ]