[ {
  "id" : 4164009433848,
  "text" : "УИК №935",
  "href" : "region/izbirkom?action=show&root=162000024&tvd=4164009433848&vrn=100100225883172&prver=0&pronetvd=null&region=16&sub_region=16",
  "prver" : "0",
  "isUik" : true,
  "selected" : false,
  "load_on_demand" : false
}, {
  "id" : 4164009433849,
  "text" : "УИК №936",
  "href" : "region/izbirkom?action=show&root=162000024&tvd=4164009433849&vrn=100100225883172&prver=0&pronetvd=null&region=16&sub_region=16",
  "prver" : "0",
  "isUik" : true,
  "selected" : false,
  "load_on_demand" : false
}, {
  "id" : 4164009433850,
  "text" : "УИК №937",
  "href" : "region/izbirkom?action=show&root=162000024&tvd=4164009433850&vrn=100100225883172&prver=0&pronetvd=null&region=16&sub_region=16",
  "prver" : "0",
  "isUik" : true,
  "selected" : false,
  "load_on_demand" : false
}, {
  "id" : 4164009433851,
  "text" : "УИК №938",
  "href" : "region/izbirkom?action=show&root=162000024&tvd=4164009433851&vrn=100100225883172&prver=0&pronetvd=null&region=16&sub_region=16",
  "prver" : "0",
  "isUik" : true,
  "selected" : false,
  "load_on_demand" : false
}, {
  "id" : 4164009433852,
  "text" : "УИК №939",
  "href" : "region/izbirkom?action=show&root=162000024&tvd=4164009433852&vrn=100100225883172&prver=0&pronetvd=null&region=16&sub_region=16",
  "prver" : "0",
  "isUik" : true,
  "selected" : false,
  "load_on_demand" : false
}, {
  "id" : 4164009433853,
  "text" : "УИК №940",
  "href" : "region/izbirkom?action=show&root=162000024&tvd=4164009433853&vrn=100100225883172&prver=0&pronetvd=null&region=16&sub_region=16",
  "prver" : "0",
  "isUik" : true,
  "selected" : false,
  "load_on_demand" : false
}, {
  "id" : 4164009433854,
  "text" : "УИК №941",
  "href" : "region/izbirkom?action=show&root=162000024&tvd=4164009433854&vrn=100100225883172&prver=0&pronetvd=null&region=16&sub_region=16",
  "prver" : "0",
  "isUik" : true,
  "selected" : false,
  "load_on_demand" : false
}, {
  "id" : 4164009433855,
  "text" : "УИК №942",
  "href" : "region/izbirkom?action=show&root=162000024&tvd=4164009433855&vrn=100100225883172&prver=0&pronetvd=null&region=16&sub_region=16",
  "prver" : "0",
  "isUik" : true,
  "selected" : false,
  "load_on_demand" : false
}, {
  "id" : 4164009433856,
  "text" : "УИК №943",
  "href" : "region/izbirkom?action=show&root=162000024&tvd=4164009433856&vrn=100100225883172&prver=0&pronetvd=null&region=16&sub_region=16",
  "prver" : "0",
  "isUik" : true,
  "selected" : false,
  "load_on_demand" : false
}, {
  "id" : 4164009433857,
  "text" : "УИК №944",
  "href" : "region/izbirkom?action=show&root=162000024&tvd=4164009433857&vrn=100100225883172&prver=0&pronetvd=null&region=16&sub_region=16",
  "prver" : "0",
  "isUik" : true,
  "selected" : false,
  "load_on_demand" : false
}, {
  "id" : 4164009433858,
  "text" : "УИК №945",
  "href" : "region/izbirkom?action=show&root=162000024&tvd=4164009433858&vrn=100100225883172&prver=0&pronetvd=null&region=16&sub_region=16",
  "prver" : "0",
  "isUik" : true,
  "selected" : false,
  "load_on_demand" : false
}, {
  "id" : 4164009433859,
  "text" : "УИК №946",
  "href" : "region/izbirkom?action=show&root=162000024&tvd=4164009433859&vrn=100100225883172&prver=0&pronetvd=null&region=16&sub_region=16",
  "prver" : "0",
  "isUik" : true,
  "selected" : false,
  "load_on_demand" : false
}, {
  "id" : 4164009433860,
  "text" : "УИК №947",
  "href" : "region/izbirkom?action=show&root=162000024&tvd=4164009433860&vrn=100100225883172&prver=0&pronetvd=null&region=16&sub_region=16",
  "prver" : "0",
  "isUik" : true,
  "selected" : false,
  "load_on_demand" : false
}, {
  "id" : 4164009433861,
  "text" : "УИК №948",
  "href" : "region/izbirkom?action=show&root=162000024&tvd=4164009433861&vrn=100100225883172&prver=0&pronetvd=null&region=16&sub_region=16",
  "prver" : "0",
  "isUik" : true,
  "selected" : false,
  "load_on_demand" : false
}, {
  "id" : 4164009433862,
  "text" : "УИК №949",
  "href" : "region/izbirkom?action=show&root=162000024&tvd=4164009433862&vrn=100100225883172&prver=0&pronetvd=null&region=16&sub_region=16",
  "prver" : "0",
  "isUik" : true,
  "selected" : false,
  "load_on_demand" : false
}, {
  "id" : 4164009433863,
  "text" : "УИК №950",
  "href" : "region/izbirkom?action=show&root=162000024&tvd=4164009433863&vrn=100100225883172&prver=0&pronetvd=null&region=16&sub_region=16",
  "prver" : "0",
  "isUik" : true,
  "selected" : false,
  "load_on_demand" : false
}, {
  "id" : 4164009433864,
  "text" : "УИК №951",
  "href" : "region/izbirkom?action=show&root=162000024&tvd=4164009433864&vrn=100100225883172&prver=0&pronetvd=null&region=16&sub_region=16",
  "prver" : "0",
  "isUik" : true,
  "selected" : false,
  "load_on_demand" : false
}, {
  "id" : 4164009433865,
  "text" : "УИК №952",
  "href" : "region/izbirkom?action=show&root=162000024&tvd=4164009433865&vrn=100100225883172&prver=0&pronetvd=null&region=16&sub_region=16",
  "prver" : "0",
  "isUik" : true,
  "selected" : false,
  "load_on_demand" : false
}, {
  "id" : 4164009433866,
  "text" : "УИК №953",
  "href" : "region/izbirkom?action=show&root=162000024&tvd=4164009433866&vrn=100100225883172&prver=0&pronetvd=null&region=16&sub_region=16",
  "prver" : "0",
  "isUik" : true,
  "selected" : false,
  "load_on_demand" : false
}, {
  "id" : 4164009433867,
  "text" : "УИК №954",
  "href" : "region/izbirkom?action=show&root=162000024&tvd=4164009433867&vrn=100100225883172&prver=0&pronetvd=null&region=16&sub_region=16",
  "prver" : "0",
  "isUik" : true,
  "selected" : false,
  "load_on_demand" : false
}, {
  "id" : 4164009433868,
  "text" : "УИК №955",
  "href" : "region/izbirkom?action=show&root=162000024&tvd=4164009433868&vrn=100100225883172&prver=0&pronetvd=null&region=16&sub_region=16",
  "prver" : "0",
  "isUik" : true,
  "selected" : false,
  "load_on_demand" : false
}, {
  "id" : 4164009433869,
  "text" : "УИК №956",
  "href" : "region/izbirkom?action=show&root=162000024&tvd=4164009433869&vrn=100100225883172&prver=0&pronetvd=null&region=16&sub_region=16",
  "prver" : "0",
  "isUik" : true,
  "selected" : false,
  "load_on_demand" : false
}, {
  "id" : 4164009433870,
  "text" : "УИК №957",
  "href" : "region/izbirkom?action=show&root=162000024&tvd=4164009433870&vrn=100100225883172&prver=0&pronetvd=null&region=16&sub_region=16",
  "prver" : "0",
  "isUik" : true,
  "selected" : false,
  "load_on_demand" : false
}, {
  "id" : 4164009433871,
  "text" : "УИК №958",
  "href" : "region/izbirkom?action=show&root=162000024&tvd=4164009433871&vrn=100100225883172&prver=0&pronetvd=null&region=16&sub_region=16",
  "prver" : "0",
  "isUik" : true,
  "selected" : false,
  "load_on_demand" : false
}, {
  "id" : 4164009433872,
  "text" : "УИК №959",
  "href" : "region/izbirkom?action=show&root=162000024&tvd=4164009433872&vrn=100100225883172&prver=0&pronetvd=null&region=16&sub_region=16",
  "prver" : "0",
  "isUik" : true,
  "selected" : false,
  "load_on_demand" : false
}, {
  "id" : 4164009433873,
  "text" : "УИК №960",
  "href" : "region/izbirkom?action=show&root=162000024&tvd=4164009433873&vrn=100100225883172&prver=0&pronetvd=null&region=16&sub_region=16",
  "prver" : "0",
  "isUik" : true,
  "selected" : false,
  "load_on_demand" : false
}, {
  "id" : 4164009433874,
  "text" : "УИК №961",
  "href" : "region/izbirkom?action=show&root=162000024&tvd=4164009433874&vrn=100100225883172&prver=0&pronetvd=null&region=16&sub_region=16",
  "prver" : "0",
  "isUik" : true,
  "selected" : false,
  "load_on_demand" : false
}, {
  "id" : 4164009433875,
  "text" : "УИК №962",
  "href" : "region/izbirkom?action=show&root=162000024&tvd=4164009433875&vrn=100100225883172&prver=0&pronetvd=null&region=16&sub_region=16",
  "prver" : "0",
  "isUik" : true,
  "selected" : false,
  "load_on_demand" : false
}, {
  "id" : 4164009433876,
  "text" : "УИК №963",
  "href" : "region/izbirkom?action=show&root=162000024&tvd=4164009433876&vrn=100100225883172&prver=0&pronetvd=null&region=16&sub_region=16",
  "prver" : "0",
  "isUik" : true,
  "selected" : false,
  "load_on_demand" : false
}, {
  "id" : 4164009433877,
  "text" : "УИК №964",
  "href" : "region/izbirkom?action=show&root=162000024&tvd=4164009433877&vrn=100100225883172&prver=0&pronetvd=null&region=16&sub_region=16",
  "prver" : "0",
  "isUik" : true,
  "selected" : false,
  "load_on_demand" : false
}, {
  "id" : 4164009433878,
  "text" : "УИК №965",
  "href" : "region/izbirkom?action=show&root=162000024&tvd=4164009433878&vrn=100100225883172&prver=0&pronetvd=null&region=16&sub_region=16",
  "prver" : "0",
  "isUik" : true,
  "selected" : false,
  "load_on_demand" : false
}, {
  "id" : 4164009433879,
  "text" : "УИК №966",
  "href" : "region/izbirkom?action=show&root=162000024&tvd=4164009433879&vrn=100100225883172&prver=0&pronetvd=null&region=16&sub_region=16",
  "prver" : "0",
  "isUik" : true,
  "selected" : false,
  "load_on_demand" : false
}, {
  "id" : 4164009433880,
  "text" : "УИК №967",
  "href" : "region/izbirkom?action=show&root=162000024&tvd=4164009433880&vrn=100100225883172&prver=0&pronetvd=null&region=16&sub_region=16",
  "prver" : "0",
  "isUik" : true,
  "selected" : false,
  "load_on_demand" : false
}, {
  "id" : 4164009433881,
  "text" : "УИК №968",
  "href" : "region/izbirkom?action=show&root=162000024&tvd=4164009433881&vrn=100100225883172&prver=0&pronetvd=null&region=16&sub_region=16",
  "prver" : "0",
  "isUik" : true,
  "selected" : false,
  "load_on_demand" : false
}, {
  "id" : 4164009433882,
  "text" : "УИК №969",
  "href" : "region/izbirkom?action=show&root=162000024&tvd=4164009433882&vrn=100100225883172&prver=0&pronetvd=null&region=16&sub_region=16",
  "prver" : "0",
  "isUik" : true,
  "selected" : false,
  "load_on_demand" : false
}, {
  "id" : 4164009433883,
  "text" : "УИК №970",
  "href" : "region/izbirkom?action=show&root=162000024&tvd=4164009433883&vrn=100100225883172&prver=0&pronetvd=null&region=16&sub_region=16",
  "prver" : "0",
  "isUik" : true,
  "selected" : false,
  "load_on_demand" : false
}, {
  "id" : 4164009433884,
  "text" : "УИК №971",
  "href" : "region/izbirkom?action=show&root=162000024&tvd=4164009433884&vrn=100100225883172&prver=0&pronetvd=null&region=16&sub_region=16",
  "prver" : "0",
  "isUik" : true,
  "selected" : false,
  "load_on_demand" : false
}, {
  "id" : 4164009433885,
  "text" : "УИК №972",
  "href" : "region/izbirkom?action=show&root=162000024&tvd=4164009433885&vrn=100100225883172&prver=0&pronetvd=null&region=16&sub_region=16",
  "prver" : "0",
  "isUik" : true,
  "selected" : false,
  "load_on_demand" : false
}, {
  "id" : 4164009433886,
  "text" : "УИК №973",
  "href" : "region/izbirkom?action=show&root=162000024&tvd=4164009433886&vrn=100100225883172&prver=0&pronetvd=null&region=16&sub_region=16",
  "prver" : "0",
  "isUik" : true,
  "selected" : false,
  "load_on_demand" : false
}, {
  "id" : 4164009433887,
  "text" : "УИК №974",
  "href" : "region/izbirkom?action=show&root=162000024&tvd=4164009433887&vrn=100100225883172&prver=0&pronetvd=null&region=16&sub_region=16",
  "prver" : "0",
  "isUik" : true,
  "selected" : false,
  "load_on_demand" : false
}, {
  "id" : 4164009433888,
  "text" : "УИК №975",
  "href" : "region/izbirkom?action=show&root=162000024&tvd=4164009433888&vrn=100100225883172&prver=0&pronetvd=null&region=16&sub_region=16",
  "prver" : "0",
  "isUik" : true,
  "selected" : false,
  "load_on_demand" : false
}, {
  "id" : 4164009433889,
  "text" : "УИК №976",
  "href" : "region/izbirkom?action=show&root=162000024&tvd=4164009433889&vrn=100100225883172&prver=0&pronetvd=null&region=16&sub_region=16",
  "prver" : "0",
  "isUik" : true,
  "selected" : false,
  "load_on_demand" : false
}, {
  "id" : 4164009433890,
  "text" : "УИК №977",
  "href" : "region/izbirkom?action=show&root=162000024&tvd=4164009433890&vrn=100100225883172&prver=0&pronetvd=null&region=16&sub_region=16",
  "prver" : "0",
  "isUik" : true,
  "selected" : false,
  "load_on_demand" : false
}, {
  "id" : 4164009433891,
  "text" : "УИК №978",
  "href" : "region/izbirkom?action=show&root=162000024&tvd=4164009433891&vrn=100100225883172&prver=0&pronetvd=null&region=16&sub_region=16",
  "prver" : "0",
  "isUik" : true,
  "selected" : false,
  "load_on_demand" : false
}, {
  "id" : 4164009433892,
  "text" : "УИК №979",
  "href" : "region/izbirkom?action=show&root=162000024&tvd=4164009433892&vrn=100100225883172&prver=0&pronetvd=null&region=16&sub_region=16",
  "prver" : "0",
  "isUik" : true,
  "selected" : false,
  "load_on_demand" : false
}, {
  "id" : 4164009433893,
  "text" : "УИК №980",
  "href" : "region/izbirkom?action=show&root=162000024&tvd=4164009433893&vrn=100100225883172&prver=0&pronetvd=null&region=16&sub_region=16",
  "prver" : "0",
  "isUik" : true,
  "selected" : false,
  "load_on_demand" : false
}, {
  "id" : 4164009433894,
  "text" : "УИК №981",
  "href" : "region/izbirkom?action=show&root=162000024&tvd=4164009433894&vrn=100100225883172&prver=0&pronetvd=null&region=16&sub_region=16",
  "prver" : "0",
  "isUik" : true,
  "selected" : false,
  "load_on_demand" : false
}, {
  "id" : 4164009433895,
  "text" : "УИК №982",
  "href" : "region/izbirkom?action=show&root=162000024&tvd=4164009433895&vrn=100100225883172&prver=0&pronetvd=null&region=16&sub_region=16",
  "prver" : "0",
  "isUik" : true,
  "selected" : false,
  "load_on_demand" : false
}, {
  "id" : 4164009433896,
  "text" : "УИК №983",
  "href" : "region/izbirkom?action=show&root=162000024&tvd=4164009433896&vrn=100100225883172&prver=0&pronetvd=null&region=16&sub_region=16",
  "prver" : "0",
  "isUik" : true,
  "selected" : false,
  "load_on_demand" : false
}, {
  "id" : 4164009433897,
  "text" : "УИК №984",
  "href" : "region/izbirkom?action=show&root=162000024&tvd=4164009433897&vrn=100100225883172&prver=0&pronetvd=null&region=16&sub_region=16",
  "prver" : "0",
  "isUik" : true,
  "selected" : false,
  "load_on_demand" : false
}, {
  "id" : 4164009433898,
  "text" : "УИК №985",
  "href" : "region/izbirkom?action=show&root=162000024&tvd=4164009433898&vrn=100100225883172&prver=0&pronetvd=null&region=16&sub_region=16",
  "prver" : "0",
  "isUik" : true,
  "selected" : false,
  "load_on_demand" : false
}, {
  "id" : 4164009433899,
  "text" : "УИК №986",
  "href" : "region/izbirkom?action=show&root=162000024&tvd=4164009433899&vrn=100100225883172&prver=0&pronetvd=null&region=16&sub_region=16",
  "prver" : "0",
  "isUik" : true,
  "selected" : false,
  "load_on_demand" : false
}, {
  "id" : 4164009433900,
  "text" : "УИК №987",
  "href" : "region/izbirkom?action=show&root=162000024&tvd=4164009433900&vrn=100100225883172&prver=0&pronetvd=null&region=16&sub_region=16",
  "prver" : "0",
  "isUik" : true,
  "selected" : false,
  "load_on_demand" : false
}, {
  "id" : 4164009433901,
  "text" : "УИК №988",
  "href" : "region/izbirkom?action=show&root=162000024&tvd=4164009433901&vrn=100100225883172&prver=0&pronetvd=null&region=16&sub_region=16",
  "prver" : "0",
  "isUik" : true,
  "selected" : false,
  "load_on_demand" : false
}, {
  "id" : 4164009433902,
  "text" : "УИК №989",
  "href" : "region/izbirkom?action=show&root=162000024&tvd=4164009433902&vrn=100100225883172&prver=0&pronetvd=null&region=16&sub_region=16",
  "prver" : "0",
  "isUik" : true,
  "selected" : false,
  "load_on_demand" : false
}, {
  "id" : 4164009433903,
  "text" : "УИК №990",
  "href" : "region/izbirkom?action=show&root=162000024&tvd=4164009433903&vrn=100100225883172&prver=0&pronetvd=null&region=16&sub_region=16",
  "prver" : "0",
  "isUik" : true,
  "selected" : false,
  "load_on_demand" : false
}, {
  "id" : 4164009433904,
  "text" : "УИК №991",
  "href" : "region/izbirkom?action=show&root=162000024&tvd=4164009433904&vrn=100100225883172&prver=0&pronetvd=null&region=16&sub_region=16",
  "prver" : "0",
  "isUik" : true,
  "selected" : false,
  "load_on_demand" : false
}, {
  "id" : 4164009433905,
  "text" : "УИК №992",
  "href" : "region/izbirkom?action=show&root=162000024&tvd=4164009433905&vrn=100100225883172&prver=0&pronetvd=null&region=16&sub_region=16",
  "prver" : "0",
  "isUik" : true,
  "selected" : false,
  "load_on_demand" : false
}, {
  "id" : 4164009433906,
  "text" : "УИК №993",
  "href" : "region/izbirkom?action=show&root=162000024&tvd=4164009433906&vrn=100100225883172&prver=0&pronetvd=null&region=16&sub_region=16",
  "prver" : "0",
  "isUik" : true,
  "selected" : false,
  "load_on_demand" : false
}, {
  "id" : 4164009433907,
  "text" : "УИК №994",
  "href" : "region/izbirkom?action=show&root=162000024&tvd=4164009433907&vrn=100100225883172&prver=0&pronetvd=null&region=16&sub_region=16",
  "prver" : "0",
  "isUik" : true,
  "selected" : false,
  "load_on_demand" : false
}, {
  "id" : 4164009433908,
  "text" : "УИК №995",
  "href" : "region/izbirkom?action=show&root=162000024&tvd=4164009433908&vrn=100100225883172&prver=0&pronetvd=null&region=16&sub_region=16",
  "prver" : "0",
  "isUik" : true,
  "selected" : false,
  "load_on_demand" : false
}, {
  "id" : 4164009433909,
  "text" : "УИК №996",
  "href" : "region/izbirkom?action=show&root=162000024&tvd=4164009433909&vrn=100100225883172&prver=0&pronetvd=null&region=16&sub_region=16",
  "prver" : "0",
  "isUik" : true,
  "selected" : false,
  "load_on_demand" : false
} ]