[ {
  "id" : 4164051255668,
  "text" : "УИК №2797",
  "href" : "region/izbirkom?action=show&root=162000048&tvd=4164051255668&vrn=100100225883172&prver=0&pronetvd=null&region=16&sub_region=16",
  "prver" : "0",
  "isUik" : true,
  "selected" : false,
  "load_on_demand" : false
}, {
  "id" : 4164051255669,
  "text" : "УИК №2798",
  "href" : "region/izbirkom?action=show&root=162000048&tvd=4164051255669&vrn=100100225883172&prver=0&pronetvd=null&region=16&sub_region=16",
  "prver" : "0",
  "isUik" : true,
  "selected" : false,
  "load_on_demand" : false
}, {
  "id" : 4164051255670,
  "text" : "УИК №2799",
  "href" : "region/izbirkom?action=show&root=162000048&tvd=4164051255670&vrn=100100225883172&prver=0&pronetvd=null&region=16&sub_region=16",
  "prver" : "0",
  "isUik" : true,
  "selected" : false,
  "load_on_demand" : false
}, {
  "id" : 4164051255671,
  "text" : "УИК №2800",
  "href" : "region/izbirkom?action=show&root=162000048&tvd=4164051255671&vrn=100100225883172&prver=0&pronetvd=null&region=16&sub_region=16",
  "prver" : "0",
  "isUik" : true,
  "selected" : false,
  "load_on_demand" : false
}, {
  "id" : 4164051255672,
  "text" : "УИК №2801",
  "href" : "region/izbirkom?action=show&root=162000048&tvd=4164051255672&vrn=100100225883172&prver=0&pronetvd=null&region=16&sub_region=16",
  "prver" : "0",
  "isUik" : true,
  "selected" : false,
  "load_on_demand" : false
}, {
  "id" : 4164051255673,
  "text" : "УИК №2802",
  "href" : "region/izbirkom?action=show&root=162000048&tvd=4164051255673&vrn=100100225883172&prver=0&pronetvd=null&region=16&sub_region=16",
  "prver" : "0",
  "isUik" : true,
  "selected" : false,
  "load_on_demand" : false
}, {
  "id" : 4164051255674,
  "text" : "УИК №2803",
  "href" : "region/izbirkom?action=show&root=162000048&tvd=4164051255674&vrn=100100225883172&prver=0&pronetvd=null&region=16&sub_region=16",
  "prver" : "0",
  "isUik" : true,
  "selected" : false,
  "load_on_demand" : false
}, {
  "id" : 4164051255675,
  "text" : "УИК №2804",
  "href" : "region/izbirkom?action=show&root=162000048&tvd=4164051255675&vrn=100100225883172&prver=0&pronetvd=null&region=16&sub_region=16",
  "prver" : "0",
  "isUik" : true,
  "selected" : false,
  "load_on_demand" : false
}, {
  "id" : 4164051255676,
  "text" : "УИК №2805",
  "href" : "region/izbirkom?action=show&root=162000048&tvd=4164051255676&vrn=100100225883172&prver=0&pronetvd=null&region=16&sub_region=16",
  "prver" : "0",
  "isUik" : true,
  "selected" : false,
  "load_on_demand" : false
}, {
  "id" : 4164051255677,
  "text" : "УИК №2806",
  "href" : "region/izbirkom?action=show&root=162000048&tvd=4164051255677&vrn=100100225883172&prver=0&pronetvd=null&region=16&sub_region=16",
  "prver" : "0",
  "isUik" : true,
  "selected" : false,
  "load_on_demand" : false
}, {
  "id" : 4164051255678,
  "text" : "УИК №2807",
  "href" : "region/izbirkom?action=show&root=162000048&tvd=4164051255678&vrn=100100225883172&prver=0&pronetvd=null&region=16&sub_region=16",
  "prver" : "0",
  "isUik" : true,
  "selected" : false,
  "load_on_demand" : false
}, {
  "id" : 4164051255679,
  "text" : "УИК №2808",
  "href" : "region/izbirkom?action=show&root=162000048&tvd=4164051255679&vrn=100100225883172&prver=0&pronetvd=null&region=16&sub_region=16",
  "prver" : "0",
  "isUik" : true,
  "selected" : false,
  "load_on_demand" : false
}, {
  "id" : 4164051255680,
  "text" : "УИК №2809",
  "href" : "region/izbirkom?action=show&root=162000048&tvd=4164051255680&vrn=100100225883172&prver=0&pronetvd=null&region=16&sub_region=16",
  "prver" : "0",
  "isUik" : true,
  "selected" : false,
  "load_on_demand" : false
}, {
  "id" : 4164051255681,
  "text" : "УИК №2810",
  "href" : "region/izbirkom?action=show&root=162000048&tvd=4164051255681&vrn=100100225883172&prver=0&pronetvd=null&region=16&sub_region=16",
  "prver" : "0",
  "isUik" : true,
  "selected" : false,
  "load_on_demand" : false
}, {
  "id" : 4164051255682,
  "text" : "УИК №2811",
  "href" : "region/izbirkom?action=show&root=162000048&tvd=4164051255682&vrn=100100225883172&prver=0&pronetvd=null&region=16&sub_region=16",
  "prver" : "0",
  "isUik" : true,
  "selected" : false,
  "load_on_demand" : false
}, {
  "id" : 4164051255683,
  "text" : "УИК №2812",
  "href" : "region/izbirkom?action=show&root=162000048&tvd=4164051255683&vrn=100100225883172&prver=0&pronetvd=null&region=16&sub_region=16",
  "prver" : "0",
  "isUik" : true,
  "selected" : false,
  "load_on_demand" : false
}, {
  "id" : 4164051255684,
  "text" : "УИК №2813",
  "href" : "region/izbirkom?action=show&root=162000048&tvd=4164051255684&vrn=100100225883172&prver=0&pronetvd=null&region=16&sub_region=16",
  "prver" : "0",
  "isUik" : true,
  "selected" : false,
  "load_on_demand" : false
}, {
  "id" : 4164051255685,
  "text" : "УИК №2814",
  "href" : "region/izbirkom?action=show&root=162000048&tvd=4164051255685&vrn=100100225883172&prver=0&pronetvd=null&region=16&sub_region=16",
  "prver" : "0",
  "isUik" : true,
  "selected" : false,
  "load_on_demand" : false
}, {
  "id" : 4164051255686,
  "text" : "УИК №2815",
  "href" : "region/izbirkom?action=show&root=162000048&tvd=4164051255686&vrn=100100225883172&prver=0&pronetvd=null&region=16&sub_region=16",
  "prver" : "0",
  "isUik" : true,
  "selected" : false,
  "load_on_demand" : false
}, {
  "id" : 4164051255687,
  "text" : "УИК №2816",
  "href" : "region/izbirkom?action=show&root=162000048&tvd=4164051255687&vrn=100100225883172&prver=0&pronetvd=null&region=16&sub_region=16",
  "prver" : "0",
  "isUik" : true,
  "selected" : false,
  "load_on_demand" : false
}, {
  "id" : 4164051255688,
  "text" : "УИК №2817",
  "href" : "region/izbirkom?action=show&root=162000048&tvd=4164051255688&vrn=100100225883172&prver=0&pronetvd=null&region=16&sub_region=16",
  "prver" : "0",
  "isUik" : true,
  "selected" : false,
  "load_on_demand" : false
}, {
  "id" : 4164051255689,
  "text" : "УИК №2818",
  "href" : "region/izbirkom?action=show&root=162000048&tvd=4164051255689&vrn=100100225883172&prver=0&pronetvd=null&region=16&sub_region=16",
  "prver" : "0",
  "isUik" : true,
  "selected" : false,
  "load_on_demand" : false
}, {
  "id" : 4164051255690,
  "text" : "УИК №2819",
  "href" : "region/izbirkom?action=show&root=162000048&tvd=4164051255690&vrn=100100225883172&prver=0&pronetvd=null&region=16&sub_region=16",
  "prver" : "0",
  "isUik" : true,
  "selected" : false,
  "load_on_demand" : false
}, {
  "id" : 4164051255691,
  "text" : "УИК №2820",
  "href" : "region/izbirkom?action=show&root=162000048&tvd=4164051255691&vrn=100100225883172&prver=0&pronetvd=null&region=16&sub_region=16",
  "prver" : "0",
  "isUik" : true,
  "selected" : false,
  "load_on_demand" : false
}, {
  "id" : 4164051255692,
  "text" : "УИК №2821",
  "href" : "region/izbirkom?action=show&root=162000048&tvd=4164051255692&vrn=100100225883172&prver=0&pronetvd=null&region=16&sub_region=16",
  "prver" : "0",
  "isUik" : true,
  "selected" : false,
  "load_on_demand" : false
} ]