[ {
  "id" : 4164025370894,
  "text" : "УИК №186",
  "href" : "region/izbirkom?action=show&root=162000064&tvd=4164025370894&vrn=100100225883172&prver=0&pronetvd=null&region=16&sub_region=16",
  "prver" : "0",
  "isUik" : true,
  "selected" : false,
  "load_on_demand" : false
}, {
  "id" : 4164025370895,
  "text" : "УИК №187",
  "href" : "region/izbirkom?action=show&root=162000064&tvd=4164025370895&vrn=100100225883172&prver=0&pronetvd=null&region=16&sub_region=16",
  "prver" : "0",
  "isUik" : true,
  "selected" : false,
  "load_on_demand" : false
}, {
  "id" : 4164025370896,
  "text" : "УИК №188",
  "href" : "region/izbirkom?action=show&root=162000064&tvd=4164025370896&vrn=100100225883172&prver=0&pronetvd=null&region=16&sub_region=16",
  "prver" : "0",
  "isUik" : true,
  "selected" : false,
  "load_on_demand" : false
}, {
  "id" : 4164025370897,
  "text" : "УИК №189",
  "href" : "region/izbirkom?action=show&root=162000064&tvd=4164025370897&vrn=100100225883172&prver=0&pronetvd=null&region=16&sub_region=16",
  "prver" : "0",
  "isUik" : true,
  "selected" : false,
  "load_on_demand" : false
}, {
  "id" : 4164025370898,
  "text" : "УИК №190",
  "href" : "region/izbirkom?action=show&root=162000064&tvd=4164025370898&vrn=100100225883172&prver=0&pronetvd=null&region=16&sub_region=16",
  "prver" : "0",
  "isUik" : true,
  "selected" : false,
  "load_on_demand" : false
}, {
  "id" : 4164025370899,
  "text" : "УИК №191",
  "href" : "region/izbirkom?action=show&root=162000064&tvd=4164025370899&vrn=100100225883172&prver=0&pronetvd=null&region=16&sub_region=16",
  "prver" : "0",
  "isUik" : true,
  "selected" : false,
  "load_on_demand" : false
}, {
  "id" : 4164025370900,
  "text" : "УИК №192",
  "href" : "region/izbirkom?action=show&root=162000064&tvd=4164025370900&vrn=100100225883172&prver=0&pronetvd=null&region=16&sub_region=16",
  "prver" : "0",
  "isUik" : true,
  "selected" : false,
  "load_on_demand" : false
}, {
  "id" : 4164025370901,
  "text" : "УИК №193",
  "href" : "region/izbirkom?action=show&root=162000064&tvd=4164025370901&vrn=100100225883172&prver=0&pronetvd=null&region=16&sub_region=16",
  "prver" : "0",
  "isUik" : true,
  "selected" : false,
  "load_on_demand" : false
}, {
  "id" : 4164025370902,
  "text" : "УИК №194",
  "href" : "region/izbirkom?action=show&root=162000064&tvd=4164025370902&vrn=100100225883172&prver=0&pronetvd=null&region=16&sub_region=16",
  "prver" : "0",
  "isUik" : true,
  "selected" : false,
  "load_on_demand" : false
}, {
  "id" : 4164025370903,
  "text" : "УИК №195",
  "href" : "region/izbirkom?action=show&root=162000064&tvd=4164025370903&vrn=100100225883172&prver=0&pronetvd=null&region=16&sub_region=16",
  "prver" : "0",
  "isUik" : true,
  "selected" : false,
  "load_on_demand" : false
}, {
  "id" : 4164025370904,
  "text" : "УИК №196",
  "href" : "region/izbirkom?action=show&root=162000064&tvd=4164025370904&vrn=100100225883172&prver=0&pronetvd=null&region=16&sub_region=16",
  "prver" : "0",
  "isUik" : true,
  "selected" : false,
  "load_on_demand" : false
}, {
  "id" : 4164025370905,
  "text" : "УИК №197",
  "href" : "region/izbirkom?action=show&root=162000064&tvd=4164025370905&vrn=100100225883172&prver=0&pronetvd=null&region=16&sub_region=16",
  "prver" : "0",
  "isUik" : true,
  "selected" : false,
  "load_on_demand" : false
}, {
  "id" : 4164025370906,
  "text" : "УИК №198",
  "href" : "region/izbirkom?action=show&root=162000064&tvd=4164025370906&vrn=100100225883172&prver=0&pronetvd=null&region=16&sub_region=16",
  "prver" : "0",
  "isUik" : true,
  "selected" : false,
  "load_on_demand" : false
}, {
  "id" : 4164025370907,
  "text" : "УИК №199",
  "href" : "region/izbirkom?action=show&root=162000064&tvd=4164025370907&vrn=100100225883172&prver=0&pronetvd=null&region=16&sub_region=16",
  "prver" : "0",
  "isUik" : true,
  "selected" : false,
  "load_on_demand" : false
}, {
  "id" : 4164025370908,
  "text" : "УИК №200",
  "href" : "region/izbirkom?action=show&root=162000064&tvd=4164025370908&vrn=100100225883172&prver=0&pronetvd=null&region=16&sub_region=16",
  "prver" : "0",
  "isUik" : true,
  "selected" : false,
  "load_on_demand" : false
}, {
  "id" : 4164025370909,
  "text" : "УИК №201",
  "href" : "region/izbirkom?action=show&root=162000064&tvd=4164025370909&vrn=100100225883172&prver=0&pronetvd=null&region=16&sub_region=16",
  "prver" : "0",
  "isUik" : true,
  "selected" : false,
  "load_on_demand" : false
}, {
  "id" : 4164025370910,
  "text" : "УИК №202",
  "href" : "region/izbirkom?action=show&root=162000064&tvd=4164025370910&vrn=100100225883172&prver=0&pronetvd=null&region=16&sub_region=16",
  "prver" : "0",
  "isUik" : true,
  "selected" : false,
  "load_on_demand" : false
}, {
  "id" : 4164025370911,
  "text" : "УИК №203",
  "href" : "region/izbirkom?action=show&root=162000064&tvd=4164025370911&vrn=100100225883172&prver=0&pronetvd=null&region=16&sub_region=16",
  "prver" : "0",
  "isUik" : true,
  "selected" : false,
  "load_on_demand" : false
}, {
  "id" : 4164025370912,
  "text" : "УИК №204",
  "href" : "region/izbirkom?action=show&root=162000064&tvd=4164025370912&vrn=100100225883172&prver=0&pronetvd=null&region=16&sub_region=16",
  "prver" : "0",
  "isUik" : true,
  "selected" : false,
  "load_on_demand" : false
}, {
  "id" : 4164025370913,
  "text" : "УИК №205",
  "href" : "region/izbirkom?action=show&root=162000064&tvd=4164025370913&vrn=100100225883172&prver=0&pronetvd=null&region=16&sub_region=16",
  "prver" : "0",
  "isUik" : true,
  "selected" : false,
  "load_on_demand" : false
}, {
  "id" : 4164025370914,
  "text" : "УИК №206",
  "href" : "region/izbirkom?action=show&root=162000064&tvd=4164025370914&vrn=100100225883172&prver=0&pronetvd=null&region=16&sub_region=16",
  "prver" : "0",
  "isUik" : true,
  "selected" : false,
  "load_on_demand" : false
}, {
  "id" : 4164025370915,
  "text" : "УИК №207",
  "href" : "region/izbirkom?action=show&root=162000064&tvd=4164025370915&vrn=100100225883172&prver=0&pronetvd=null&region=16&sub_region=16",
  "prver" : "0",
  "isUik" : true,
  "selected" : false,
  "load_on_demand" : false
}, {
  "id" : 4164025370916,
  "text" : "УИК №208",
  "href" : "region/izbirkom?action=show&root=162000064&tvd=4164025370916&vrn=100100225883172&prver=0&pronetvd=null&region=16&sub_region=16",
  "prver" : "0",
  "isUik" : true,
  "selected" : false,
  "load_on_demand" : false
}, {
  "id" : 4164025370917,
  "text" : "УИК №209",
  "href" : "region/izbirkom?action=show&root=162000064&tvd=4164025370917&vrn=100100225883172&prver=0&pronetvd=null&region=16&sub_region=16",
  "prver" : "0",
  "isUik" : true,
  "selected" : false,
  "load_on_demand" : false
}, {
  "id" : 4164025370918,
  "text" : "УИК №210",
  "href" : "region/izbirkom?action=show&root=162000064&tvd=4164025370918&vrn=100100225883172&prver=0&pronetvd=null&region=16&sub_region=16",
  "prver" : "0",
  "isUik" : true,
  "selected" : false,
  "load_on_demand" : false
}, {
  "id" : 4164025370919,
  "text" : "УИК №211",
  "href" : "region/izbirkom?action=show&root=162000064&tvd=4164025370919&vrn=100100225883172&prver=0&pronetvd=null&region=16&sub_region=16",
  "prver" : "0",
  "isUik" : true,
  "selected" : false,
  "load_on_demand" : false
}, {
  "id" : 4164025370920,
  "text" : "УИК №212",
  "href" : "region/izbirkom?action=show&root=162000064&tvd=4164025370920&vrn=100100225883172&prver=0&pronetvd=null&region=16&sub_region=16",
  "prver" : "0",
  "isUik" : true,
  "selected" : false,
  "load_on_demand" : false
}, {
  "id" : 4164025370921,
  "text" : "УИК №213",
  "href" : "region/izbirkom?action=show&root=162000064&tvd=4164025370921&vrn=100100225883172&prver=0&pronetvd=null&region=16&sub_region=16",
  "prver" : "0",
  "isUik" : true,
  "selected" : false,
  "load_on_demand" : false
}, {
  "id" : 4164025370922,
  "text" : "УИК №214",
  "href" : "region/izbirkom?action=show&root=162000064&tvd=4164025370922&vrn=100100225883172&prver=0&pronetvd=null&region=16&sub_region=16",
  "prver" : "0",
  "isUik" : true,
  "selected" : false,
  "load_on_demand" : false
}, {
  "id" : 4164025370923,
  "text" : "УИК №215",
  "href" : "region/izbirkom?action=show&root=162000064&tvd=4164025370923&vrn=100100225883172&prver=0&pronetvd=null&region=16&sub_region=16",
  "prver" : "0",
  "isUik" : true,
  "selected" : false,
  "load_on_demand" : false
}, {
  "id" : 4164025370924,
  "text" : "УИК №216",
  "href" : "region/izbirkom?action=show&root=162000064&tvd=4164025370924&vrn=100100225883172&prver=0&pronetvd=null&region=16&sub_region=16",
  "prver" : "0",
  "isUik" : true,
  "selected" : false,
  "load_on_demand" : false
}, {
  "id" : 4164025370925,
  "text" : "УИК №217",
  "href" : "region/izbirkom?action=show&root=162000064&tvd=4164025370925&vrn=100100225883172&prver=0&pronetvd=null&region=16&sub_region=16",
  "prver" : "0",
  "isUik" : true,
  "selected" : false,
  "load_on_demand" : false
}, {
  "id" : 4164025370926,
  "text" : "УИК №218",
  "href" : "region/izbirkom?action=show&root=162000064&tvd=4164025370926&vrn=100100225883172&prver=0&pronetvd=null&region=16&sub_region=16",
  "prver" : "0",
  "isUik" : true,
  "selected" : false,
  "load_on_demand" : false
}, {
  "id" : 4164025370927,
  "text" : "УИК №219",
  "href" : "region/izbirkom?action=show&root=162000064&tvd=4164025370927&vrn=100100225883172&prver=0&pronetvd=null&region=16&sub_region=16",
  "prver" : "0",
  "isUik" : true,
  "selected" : false,
  "load_on_demand" : false
}, {
  "id" : 4164025370928,
  "text" : "УИК №220",
  "href" : "region/izbirkom?action=show&root=162000064&tvd=4164025370928&vrn=100100225883172&prver=0&pronetvd=null&region=16&sub_region=16",
  "prver" : "0",
  "isUik" : true,
  "selected" : false,
  "load_on_demand" : false
}, {
  "id" : 4164025370929,
  "text" : "УИК №221",
  "href" : "region/izbirkom?action=show&root=162000064&tvd=4164025370929&vrn=100100225883172&prver=0&pronetvd=null&region=16&sub_region=16",
  "prver" : "0",
  "isUik" : true,
  "selected" : false,
  "load_on_demand" : false
}, {
  "id" : 4164025370930,
  "text" : "УИК №222",
  "href" : "region/izbirkom?action=show&root=162000064&tvd=4164025370930&vrn=100100225883172&prver=0&pronetvd=null&region=16&sub_region=16",
  "prver" : "0",
  "isUik" : true,
  "selected" : false,
  "load_on_demand" : false
}, {
  "id" : 4164025370931,
  "text" : "УИК №223",
  "href" : "region/izbirkom?action=show&root=162000064&tvd=4164025370931&vrn=100100225883172&prver=0&pronetvd=null&region=16&sub_region=16",
  "prver" : "0",
  "isUik" : true,
  "selected" : false,
  "load_on_demand" : false
}, {
  "id" : 4164025370932,
  "text" : "УИК №224",
  "href" : "region/izbirkom?action=show&root=162000064&tvd=4164025370932&vrn=100100225883172&prver=0&pronetvd=null&region=16&sub_region=16",
  "prver" : "0",
  "isUik" : true,
  "selected" : false,
  "load_on_demand" : false
}, {
  "id" : 4164025370933,
  "text" : "УИК №225",
  "href" : "region/izbirkom?action=show&root=162000064&tvd=4164025370933&vrn=100100225883172&prver=0&pronetvd=null&region=16&sub_region=16",
  "prver" : "0",
  "isUik" : true,
  "selected" : false,
  "load_on_demand" : false
}, {
  "id" : 4164025370934,
  "text" : "УИК №226",
  "href" : "region/izbirkom?action=show&root=162000064&tvd=4164025370934&vrn=100100225883172&prver=0&pronetvd=null&region=16&sub_region=16",
  "prver" : "0",
  "isUik" : true,
  "selected" : false,
  "load_on_demand" : false
}, {
  "id" : 4164025370935,
  "text" : "УИК №227",
  "href" : "region/izbirkom?action=show&root=162000064&tvd=4164025370935&vrn=100100225883172&prver=0&pronetvd=null&region=16&sub_region=16",
  "prver" : "0",
  "isUik" : true,
  "selected" : false,
  "load_on_demand" : false
}, {
  "id" : 4164025370936,
  "text" : "УИК №228",
  "href" : "region/izbirkom?action=show&root=162000064&tvd=4164025370936&vrn=100100225883172&prver=0&pronetvd=null&region=16&sub_region=16",
  "prver" : "0",
  "isUik" : true,
  "selected" : false,
  "load_on_demand" : false
}, {
  "id" : 4164025370937,
  "text" : "УИК №229",
  "href" : "region/izbirkom?action=show&root=162000064&tvd=4164025370937&vrn=100100225883172&prver=0&pronetvd=null&region=16&sub_region=16",
  "prver" : "0",
  "isUik" : true,
  "selected" : false,
  "load_on_demand" : false
}, {
  "id" : 4164025370938,
  "text" : "УИК №230",
  "href" : "region/izbirkom?action=show&root=162000064&tvd=4164025370938&vrn=100100225883172&prver=0&pronetvd=null&region=16&sub_region=16",
  "prver" : "0",
  "isUik" : true,
  "selected" : false,
  "load_on_demand" : false
}, {
  "id" : 4164025370939,
  "text" : "УИК №231",
  "href" : "region/izbirkom?action=show&root=162000064&tvd=4164025370939&vrn=100100225883172&prver=0&pronetvd=null&region=16&sub_region=16",
  "prver" : "0",
  "isUik" : true,
  "selected" : false,
  "load_on_demand" : false
}, {
  "id" : 4164025370940,
  "text" : "УИК №232",
  "href" : "region/izbirkom?action=show&root=162000064&tvd=4164025370940&vrn=100100225883172&prver=0&pronetvd=null&region=16&sub_region=16",
  "prver" : "0",
  "isUik" : true,
  "selected" : false,
  "load_on_demand" : false
}, {
  "id" : 4164025370941,
  "text" : "УИК №233",
  "href" : "region/izbirkom?action=show&root=162000064&tvd=4164025370941&vrn=100100225883172&prver=0&pronetvd=null&region=16&sub_region=16",
  "prver" : "0",
  "isUik" : true,
  "selected" : false,
  "load_on_demand" : false
}, {
  "id" : 4164025370942,
  "text" : "УИК №234",
  "href" : "region/izbirkom?action=show&root=162000064&tvd=4164025370942&vrn=100100225883172&prver=0&pronetvd=null&region=16&sub_region=16",
  "prver" : "0",
  "isUik" : true,
  "selected" : false,
  "load_on_demand" : false
}, {
  "id" : 4164025370943,
  "text" : "УИК №235",
  "href" : "region/izbirkom?action=show&root=162000064&tvd=4164025370943&vrn=100100225883172&prver=0&pronetvd=null&region=16&sub_region=16",
  "prver" : "0",
  "isUik" : true,
  "selected" : false,
  "load_on_demand" : false
}, {
  "id" : 4164025370944,
  "text" : "УИК №236",
  "href" : "region/izbirkom?action=show&root=162000064&tvd=4164025370944&vrn=100100225883172&prver=0&pronetvd=null&region=16&sub_region=16",
  "prver" : "0",
  "isUik" : true,
  "selected" : false,
  "load_on_demand" : false
}, {
  "id" : 4164025370945,
  "text" : "УИК №237",
  "href" : "region/izbirkom?action=show&root=162000064&tvd=4164025370945&vrn=100100225883172&prver=0&pronetvd=null&region=16&sub_region=16",
  "prver" : "0",
  "isUik" : true,
  "selected" : false,
  "load_on_demand" : false
}, {
  "id" : 4164025370946,
  "text" : "УИК №238",
  "href" : "region/izbirkom?action=show&root=162000064&tvd=4164025370946&vrn=100100225883172&prver=0&pronetvd=null&region=16&sub_region=16",
  "prver" : "0",
  "isUik" : true,
  "selected" : false,
  "load_on_demand" : false
}, {
  "id" : 4164025370947,
  "text" : "УИК №239",
  "href" : "region/izbirkom?action=show&root=162000064&tvd=4164025370947&vrn=100100225883172&prver=0&pronetvd=null&region=16&sub_region=16",
  "prver" : "0",
  "isUik" : true,
  "selected" : false,
  "load_on_demand" : false
}, {
  "id" : 4164025370948,
  "text" : "УИК №240",
  "href" : "region/izbirkom?action=show&root=162000064&tvd=4164025370948&vrn=100100225883172&prver=0&pronetvd=null&region=16&sub_region=16",
  "prver" : "0",
  "isUik" : true,
  "selected" : false,
  "load_on_demand" : false
}, {
  "id" : 4164025370949,
  "text" : "УИК №241",
  "href" : "region/izbirkom?action=show&root=162000064&tvd=4164025370949&vrn=100100225883172&prver=0&pronetvd=null&region=16&sub_region=16",
  "prver" : "0",
  "isUik" : true,
  "selected" : false,
  "load_on_demand" : false
}, {
  "id" : 4164025370950,
  "text" : "УИК №242",
  "href" : "region/izbirkom?action=show&root=162000064&tvd=4164025370950&vrn=100100225883172&prver=0&pronetvd=null&region=16&sub_region=16",
  "prver" : "0",
  "isUik" : true,
  "selected" : false,
  "load_on_demand" : false
}, {
  "id" : 4164025370951,
  "text" : "УИК №243",
  "href" : "region/izbirkom?action=show&root=162000064&tvd=4164025370951&vrn=100100225883172&prver=0&pronetvd=null&region=16&sub_region=16",
  "prver" : "0",
  "isUik" : true,
  "selected" : false,
  "load_on_demand" : false
}, {
  "id" : 4164025370952,
  "text" : "УИК №244",
  "href" : "region/izbirkom?action=show&root=162000064&tvd=4164025370952&vrn=100100225883172&prver=0&pronetvd=null&region=16&sub_region=16",
  "prver" : "0",
  "isUik" : true,
  "selected" : false,
  "load_on_demand" : false
}, {
  "id" : 4164025370953,
  "text" : "УИК №245",
  "href" : "region/izbirkom?action=show&root=162000064&tvd=4164025370953&vrn=100100225883172&prver=0&pronetvd=null&region=16&sub_region=16",
  "prver" : "0",
  "isUik" : true,
  "selected" : false,
  "load_on_demand" : false
}, {
  "id" : 4164025370954,
  "text" : "УИК №246",
  "href" : "region/izbirkom?action=show&root=162000064&tvd=4164025370954&vrn=100100225883172&prver=0&pronetvd=null&region=16&sub_region=16",
  "prver" : "0",
  "isUik" : true,
  "selected" : false,
  "load_on_demand" : false
}, {
  "id" : 4164025370955,
  "text" : "УИК №247",
  "href" : "region/izbirkom?action=show&root=162000064&tvd=4164025370955&vrn=100100225883172&prver=0&pronetvd=null&region=16&sub_region=16",
  "prver" : "0",
  "isUik" : true,
  "selected" : false,
  "load_on_demand" : false
}, {
  "id" : 4164025370956,
  "text" : "УИК №248",
  "href" : "region/izbirkom?action=show&root=162000064&tvd=4164025370956&vrn=100100225883172&prver=0&pronetvd=null&region=16&sub_region=16",
  "prver" : "0",
  "isUik" : true,
  "selected" : false,
  "load_on_demand" : false
}, {
  "id" : 4164025370957,
  "text" : "УИК №249",
  "href" : "region/izbirkom?action=show&root=162000064&tvd=4164025370957&vrn=100100225883172&prver=0&pronetvd=null&region=16&sub_region=16",
  "prver" : "0",
  "isUik" : true,
  "selected" : false,
  "load_on_demand" : false
}, {
  "id" : 4164025370958,
  "text" : "УИК №250",
  "href" : "region/izbirkom?action=show&root=162000064&tvd=4164025370958&vrn=100100225883172&prver=0&pronetvd=null&region=16&sub_region=16",
  "prver" : "0",
  "isUik" : true,
  "selected" : false,
  "load_on_demand" : false
}, {
  "id" : 4164025370959,
  "text" : "УИК №251",
  "href" : "region/izbirkom?action=show&root=162000064&tvd=4164025370959&vrn=100100225883172&prver=0&pronetvd=null&region=16&sub_region=16",
  "prver" : "0",
  "isUik" : true,
  "selected" : false,
  "load_on_demand" : false
}, {
  "id" : 4164025370960,
  "text" : "УИК №252",
  "href" : "region/izbirkom?action=show&root=162000064&tvd=4164025370960&vrn=100100225883172&prver=0&pronetvd=null&region=16&sub_region=16",
  "prver" : "0",
  "isUik" : true,
  "selected" : false,
  "load_on_demand" : false
}, {
  "id" : 4164025370961,
  "text" : "УИК №253",
  "href" : "region/izbirkom?action=show&root=162000064&tvd=4164025370961&vrn=100100225883172&prver=0&pronetvd=null&region=16&sub_region=16",
  "prver" : "0",
  "isUik" : true,
  "selected" : false,
  "load_on_demand" : false
}, {
  "id" : 4164025370962,
  "text" : "УИК №254",
  "href" : "region/izbirkom?action=show&root=162000064&tvd=4164025370962&vrn=100100225883172&prver=0&pronetvd=null&region=16&sub_region=16",
  "prver" : "0",
  "isUik" : true,
  "selected" : false,
  "load_on_demand" : false
}, {
  "id" : 4164025370963,
  "text" : "УИК №255",
  "href" : "region/izbirkom?action=show&root=162000064&tvd=4164025370963&vrn=100100225883172&prver=0&pronetvd=null&region=16&sub_region=16",
  "prver" : "0",
  "isUik" : true,
  "selected" : false,
  "load_on_demand" : false
}, {
  "id" : 4164025370964,
  "text" : "УИК №256",
  "href" : "region/izbirkom?action=show&root=162000064&tvd=4164025370964&vrn=100100225883172&prver=0&pronetvd=null&region=16&sub_region=16",
  "prver" : "0",
  "isUik" : true,
  "selected" : false,
  "load_on_demand" : false
}, {
  "id" : 4164025370965,
  "text" : "УИК №257",
  "href" : "region/izbirkom?action=show&root=162000064&tvd=4164025370965&vrn=100100225883172&prver=0&pronetvd=null&region=16&sub_region=16",
  "prver" : "0",
  "isUik" : true,
  "selected" : false,
  "load_on_demand" : false
}, {
  "id" : 4164025370966,
  "text" : "УИК №258",
  "href" : "region/izbirkom?action=show&root=162000064&tvd=4164025370966&vrn=100100225883172&prver=0&pronetvd=null&region=16&sub_region=16",
  "prver" : "0",
  "isUik" : true,
  "selected" : false,
  "load_on_demand" : false
}, {
  "id" : 4164025370967,
  "text" : "УИК №259",
  "href" : "region/izbirkom?action=show&root=162000064&tvd=4164025370967&vrn=100100225883172&prver=0&pronetvd=null&region=16&sub_region=16",
  "prver" : "0",
  "isUik" : true,
  "selected" : false,
  "load_on_demand" : false
}, {
  "id" : 4164025370968,
  "text" : "УИК №260",
  "href" : "region/izbirkom?action=show&root=162000064&tvd=4164025370968&vrn=100100225883172&prver=0&pronetvd=null&region=16&sub_region=16",
  "prver" : "0",
  "isUik" : true,
  "selected" : false,
  "load_on_demand" : false
}, {
  "id" : 4164025376919,
  "text" : "УИК №2759",
  "href" : "region/izbirkom?action=show&root=162000064&tvd=4164025376919&vrn=100100225883172&prver=0&pronetvd=null&region=16&sub_region=16",
  "prver" : "0",
  "isUik" : true,
  "selected" : false,
  "load_on_demand" : false
} ]