[ {
  "id" : 4164043346556,
  "text" : "УИК №2460",
  "href" : "region/izbirkom?action=show&root=162000001&tvd=4164043346556&vrn=100100225883172&prver=0&pronetvd=null&region=16&sub_region=16",
  "prver" : "0",
  "isUik" : true,
  "selected" : false,
  "load_on_demand" : false
}, {
  "id" : 4164043346557,
  "text" : "УИК №2461",
  "href" : "region/izbirkom?action=show&root=162000001&tvd=4164043346557&vrn=100100225883172&prver=0&pronetvd=null&region=16&sub_region=16",
  "prver" : "0",
  "isUik" : true,
  "selected" : false,
  "load_on_demand" : false
}, {
  "id" : 4164043346558,
  "text" : "УИК №2462",
  "href" : "region/izbirkom?action=show&root=162000001&tvd=4164043346558&vrn=100100225883172&prver=0&pronetvd=null&region=16&sub_region=16",
  "prver" : "0",
  "isUik" : true,
  "selected" : false,
  "load_on_demand" : false
}, {
  "id" : 4164043346559,
  "text" : "УИК №2463",
  "href" : "region/izbirkom?action=show&root=162000001&tvd=4164043346559&vrn=100100225883172&prver=0&pronetvd=null&region=16&sub_region=16",
  "prver" : "0",
  "isUik" : true,
  "selected" : false,
  "load_on_demand" : false
}, {
  "id" : 4164043346560,
  "text" : "УИК №2464",
  "href" : "region/izbirkom?action=show&root=162000001&tvd=4164043346560&vrn=100100225883172&prver=0&pronetvd=null&region=16&sub_region=16",
  "prver" : "0",
  "isUik" : true,
  "selected" : false,
  "load_on_demand" : false
}, {
  "id" : 4164043346561,
  "text" : "УИК №2465",
  "href" : "region/izbirkom?action=show&root=162000001&tvd=4164043346561&vrn=100100225883172&prver=0&pronetvd=null&region=16&sub_region=16",
  "prver" : "0",
  "isUik" : true,
  "selected" : false,
  "load_on_demand" : false
}, {
  "id" : 4164043346562,
  "text" : "УИК №2466",
  "href" : "region/izbirkom?action=show&root=162000001&tvd=4164043346562&vrn=100100225883172&prver=0&pronetvd=null&region=16&sub_region=16",
  "prver" : "0",
  "isUik" : true,
  "selected" : false,
  "load_on_demand" : false
}, {
  "id" : 4164043346563,
  "text" : "УИК №2467",
  "href" : "region/izbirkom?action=show&root=162000001&tvd=4164043346563&vrn=100100225883172&prver=0&pronetvd=null&region=16&sub_region=16",
  "prver" : "0",
  "isUik" : true,
  "selected" : false,
  "load_on_demand" : false
}, {
  "id" : 4164043346564,
  "text" : "УИК №2468",
  "href" : "region/izbirkom?action=show&root=162000001&tvd=4164043346564&vrn=100100225883172&prver=0&pronetvd=null&region=16&sub_region=16",
  "prver" : "0",
  "isUik" : true,
  "selected" : false,
  "load_on_demand" : false
}, {
  "id" : 4164043346565,
  "text" : "УИК №2469",
  "href" : "region/izbirkom?action=show&root=162000001&tvd=4164043346565&vrn=100100225883172&prver=0&pronetvd=null&region=16&sub_region=16",
  "prver" : "0",
  "isUik" : true,
  "selected" : false,
  "load_on_demand" : false
}, {
  "id" : 4164043346566,
  "text" : "УИК №2470",
  "href" : "region/izbirkom?action=show&root=162000001&tvd=4164043346566&vrn=100100225883172&prver=0&pronetvd=null&region=16&sub_region=16",
  "prver" : "0",
  "isUik" : true,
  "selected" : false,
  "load_on_demand" : false
}, {
  "id" : 4164043346567,
  "text" : "УИК №2471",
  "href" : "region/izbirkom?action=show&root=162000001&tvd=4164043346567&vrn=100100225883172&prver=0&pronetvd=null&region=16&sub_region=16",
  "prver" : "0",
  "isUik" : true,
  "selected" : false,
  "load_on_demand" : false
}, {
  "id" : 4164043346568,
  "text" : "УИК №2472",
  "href" : "region/izbirkom?action=show&root=162000001&tvd=4164043346568&vrn=100100225883172&prver=0&pronetvd=null&region=16&sub_region=16",
  "prver" : "0",
  "isUik" : true,
  "selected" : false,
  "load_on_demand" : false
}, {
  "id" : 4164043346569,
  "text" : "УИК №2473",
  "href" : "region/izbirkom?action=show&root=162000001&tvd=4164043346569&vrn=100100225883172&prver=0&pronetvd=null&region=16&sub_region=16",
  "prver" : "0",
  "isUik" : true,
  "selected" : false,
  "load_on_demand" : false
}, {
  "id" : 4164043346570,
  "text" : "УИК №2474",
  "href" : "region/izbirkom?action=show&root=162000001&tvd=4164043346570&vrn=100100225883172&prver=0&pronetvd=null&region=16&sub_region=16",
  "prver" : "0",
  "isUik" : true,
  "selected" : false,
  "load_on_demand" : false
}, {
  "id" : 4164043346571,
  "text" : "УИК №2475",
  "href" : "region/izbirkom?action=show&root=162000001&tvd=4164043346571&vrn=100100225883172&prver=0&pronetvd=null&region=16&sub_region=16",
  "prver" : "0",
  "isUik" : true,
  "selected" : false,
  "load_on_demand" : false
}, {
  "id" : 4164043346572,
  "text" : "УИК №2476",
  "href" : "region/izbirkom?action=show&root=162000001&tvd=4164043346572&vrn=100100225883172&prver=0&pronetvd=null&region=16&sub_region=16",
  "prver" : "0",
  "isUik" : true,
  "selected" : false,
  "load_on_demand" : false
}, {
  "id" : 4164043346573,
  "text" : "УИК №2477",
  "href" : "region/izbirkom?action=show&root=162000001&tvd=4164043346573&vrn=100100225883172&prver=0&pronetvd=null&region=16&sub_region=16",
  "prver" : "0",
  "isUik" : true,
  "selected" : false,
  "load_on_demand" : false
}, {
  "id" : 4164043346574,
  "text" : "УИК №2478",
  "href" : "region/izbirkom?action=show&root=162000001&tvd=4164043346574&vrn=100100225883172&prver=0&pronetvd=null&region=16&sub_region=16",
  "prver" : "0",
  "isUik" : true,
  "selected" : false,
  "load_on_demand" : false
}, {
  "id" : 4164043346575,
  "text" : "УИК №2479",
  "href" : "region/izbirkom?action=show&root=162000001&tvd=4164043346575&vrn=100100225883172&prver=0&pronetvd=null&region=16&sub_region=16",
  "prver" : "0",
  "isUik" : true,
  "selected" : false,
  "load_on_demand" : false
}, {
  "id" : 4164043346576,
  "text" : "УИК №2480",
  "href" : "region/izbirkom?action=show&root=162000001&tvd=4164043346576&vrn=100100225883172&prver=0&pronetvd=null&region=16&sub_region=16",
  "prver" : "0",
  "isUik" : true,
  "selected" : false,
  "load_on_demand" : false
}, {
  "id" : 4164043346577,
  "text" : "УИК №2481",
  "href" : "region/izbirkom?action=show&root=162000001&tvd=4164043346577&vrn=100100225883172&prver=0&pronetvd=null&region=16&sub_region=16",
  "prver" : "0",
  "isUik" : true,
  "selected" : false,
  "load_on_demand" : false
}, {
  "id" : 4164043346578,
  "text" : "УИК №2482",
  "href" : "region/izbirkom?action=show&root=162000001&tvd=4164043346578&vrn=100100225883172&prver=0&pronetvd=null&region=16&sub_region=16",
  "prver" : "0",
  "isUik" : true,
  "selected" : false,
  "load_on_demand" : false
}, {
  "id" : 4164043346579,
  "text" : "УИК №2483",
  "href" : "region/izbirkom?action=show&root=162000001&tvd=4164043346579&vrn=100100225883172&prver=0&pronetvd=null&region=16&sub_region=16",
  "prver" : "0",
  "isUik" : true,
  "selected" : false,
  "load_on_demand" : false
}, {
  "id" : 4164043346580,
  "text" : "УИК №2484",
  "href" : "region/izbirkom?action=show&root=162000001&tvd=4164043346580&vrn=100100225883172&prver=0&pronetvd=null&region=16&sub_region=16",
  "prver" : "0",
  "isUik" : true,
  "selected" : false,
  "load_on_demand" : false
}, {
  "id" : 4164043346581,
  "text" : "УИК №2485",
  "href" : "region/izbirkom?action=show&root=162000001&tvd=4164043346581&vrn=100100225883172&prver=0&pronetvd=null&region=16&sub_region=16",
  "prver" : "0",
  "isUik" : true,
  "selected" : false,
  "load_on_demand" : false
}, {
  "id" : 4164043346582,
  "text" : "УИК №2486",
  "href" : "region/izbirkom?action=show&root=162000001&tvd=4164043346582&vrn=100100225883172&prver=0&pronetvd=null&region=16&sub_region=16",
  "prver" : "0",
  "isUik" : true,
  "selected" : false,
  "load_on_demand" : false
}, {
  "id" : 4164043346583,
  "text" : "УИК №2487",
  "href" : "region/izbirkom?action=show&root=162000001&tvd=4164043346583&vrn=100100225883172&prver=0&pronetvd=null&region=16&sub_region=16",
  "prver" : "0",
  "isUik" : true,
  "selected" : false,
  "load_on_demand" : false
}, {
  "id" : 4164043346584,
  "text" : "УИК №2488",
  "href" : "region/izbirkom?action=show&root=162000001&tvd=4164043346584&vrn=100100225883172&prver=0&pronetvd=null&region=16&sub_region=16",
  "prver" : "0",
  "isUik" : true,
  "selected" : false,
  "load_on_demand" : false
}, {
  "id" : 4164043346585,
  "text" : "УИК №2489",
  "href" : "region/izbirkom?action=show&root=162000001&tvd=4164043346585&vrn=100100225883172&prver=0&pronetvd=null&region=16&sub_region=16",
  "prver" : "0",
  "isUik" : true,
  "selected" : false,
  "load_on_demand" : false
}, {
  "id" : 4164043346586,
  "text" : "УИК №2490",
  "href" : "region/izbirkom?action=show&root=162000001&tvd=4164043346586&vrn=100100225883172&prver=0&pronetvd=null&region=16&sub_region=16",
  "prver" : "0",
  "isUik" : true,
  "selected" : false,
  "load_on_demand" : false
}, {
  "id" : 4164043346587,
  "text" : "УИК №2491",
  "href" : "region/izbirkom?action=show&root=162000001&tvd=4164043346587&vrn=100100225883172&prver=0&pronetvd=null&region=16&sub_region=16",
  "prver" : "0",
  "isUik" : true,
  "selected" : false,
  "load_on_demand" : false
}, {
  "id" : 4164043346588,
  "text" : "УИК №2492",
  "href" : "region/izbirkom?action=show&root=162000001&tvd=4164043346588&vrn=100100225883172&prver=0&pronetvd=null&region=16&sub_region=16",
  "prver" : "0",
  "isUik" : true,
  "selected" : false,
  "load_on_demand" : false
}, {
  "id" : 4164043346589,
  "text" : "УИК №2493",
  "href" : "region/izbirkom?action=show&root=162000001&tvd=4164043346589&vrn=100100225883172&prver=0&pronetvd=null&region=16&sub_region=16",
  "prver" : "0",
  "isUik" : true,
  "selected" : false,
  "load_on_demand" : false
}, {
  "id" : 4164043346590,
  "text" : "УИК №2494",
  "href" : "region/izbirkom?action=show&root=162000001&tvd=4164043346590&vrn=100100225883172&prver=0&pronetvd=null&region=16&sub_region=16",
  "prver" : "0",
  "isUik" : true,
  "selected" : false,
  "load_on_demand" : false
}, {
  "id" : 4164043346591,
  "text" : "УИК №2495",
  "href" : "region/izbirkom?action=show&root=162000001&tvd=4164043346591&vrn=100100225883172&prver=0&pronetvd=null&region=16&sub_region=16",
  "prver" : "0",
  "isUik" : true,
  "selected" : false,
  "load_on_demand" : false
}, {
  "id" : 4164043346592,
  "text" : "УИК №2496",
  "href" : "region/izbirkom?action=show&root=162000001&tvd=4164043346592&vrn=100100225883172&prver=0&pronetvd=null&region=16&sub_region=16",
  "prver" : "0",
  "isUik" : true,
  "selected" : false,
  "load_on_demand" : false
}, {
  "id" : 4164043346593,
  "text" : "УИК №2497",
  "href" : "region/izbirkom?action=show&root=162000001&tvd=4164043346593&vrn=100100225883172&prver=0&pronetvd=null&region=16&sub_region=16",
  "prver" : "0",
  "isUik" : true,
  "selected" : false,
  "load_on_demand" : false
}, {
  "id" : 4164043346594,
  "text" : "УИК №2498",
  "href" : "region/izbirkom?action=show&root=162000001&tvd=4164043346594&vrn=100100225883172&prver=0&pronetvd=null&region=16&sub_region=16",
  "prver" : "0",
  "isUik" : true,
  "selected" : false,
  "load_on_demand" : false
}, {
  "id" : 4164043346595,
  "text" : "УИК №2499",
  "href" : "region/izbirkom?action=show&root=162000001&tvd=4164043346595&vrn=100100225883172&prver=0&pronetvd=null&region=16&sub_region=16",
  "prver" : "0",
  "isUik" : true,
  "selected" : false,
  "load_on_demand" : false
} ]