[ {
  "id" : 4164003430436,
  "text" : "УИК №570",
  "href" : "region/izbirkom?action=show&root=162000039&tvd=4164003430436&vrn=100100225883172&prver=0&pronetvd=null&region=16&sub_region=16",
  "prver" : "0",
  "isUik" : true,
  "selected" : false,
  "load_on_demand" : false
}, {
  "id" : 4164003430437,
  "text" : "УИК №571",
  "href" : "region/izbirkom?action=show&root=162000039&tvd=4164003430437&vrn=100100225883172&prver=0&pronetvd=null&region=16&sub_region=16",
  "prver" : "0",
  "isUik" : true,
  "selected" : false,
  "load_on_demand" : false
}, {
  "id" : 4164003430438,
  "text" : "УИК №572",
  "href" : "region/izbirkom?action=show&root=162000039&tvd=4164003430438&vrn=100100225883172&prver=0&pronetvd=null&region=16&sub_region=16",
  "prver" : "0",
  "isUik" : true,
  "selected" : false,
  "load_on_demand" : false
}, {
  "id" : 4164003430439,
  "text" : "УИК №573",
  "href" : "region/izbirkom?action=show&root=162000039&tvd=4164003430439&vrn=100100225883172&prver=0&pronetvd=null&region=16&sub_region=16",
  "prver" : "0",
  "isUik" : true,
  "selected" : false,
  "load_on_demand" : false
}, {
  "id" : 4164003430440,
  "text" : "УИК №574",
  "href" : "region/izbirkom?action=show&root=162000039&tvd=4164003430440&vrn=100100225883172&prver=0&pronetvd=null&region=16&sub_region=16",
  "prver" : "0",
  "isUik" : true,
  "selected" : false,
  "load_on_demand" : false
}, {
  "id" : 4164003430441,
  "text" : "УИК №575",
  "href" : "region/izbirkom?action=show&root=162000039&tvd=4164003430441&vrn=100100225883172&prver=0&pronetvd=null&region=16&sub_region=16",
  "prver" : "0",
  "isUik" : true,
  "selected" : false,
  "load_on_demand" : false
}, {
  "id" : 4164003430442,
  "text" : "УИК №576",
  "href" : "region/izbirkom?action=show&root=162000039&tvd=4164003430442&vrn=100100225883172&prver=0&pronetvd=null&region=16&sub_region=16",
  "prver" : "0",
  "isUik" : true,
  "selected" : false,
  "load_on_demand" : false
}, {
  "id" : 4164003430443,
  "text" : "УИК №577",
  "href" : "region/izbirkom?action=show&root=162000039&tvd=4164003430443&vrn=100100225883172&prver=0&pronetvd=null&region=16&sub_region=16",
  "prver" : "0",
  "isUik" : true,
  "selected" : false,
  "load_on_demand" : false
}, {
  "id" : 4164003430444,
  "text" : "УИК №578",
  "href" : "region/izbirkom?action=show&root=162000039&tvd=4164003430444&vrn=100100225883172&prver=0&pronetvd=null&region=16&sub_region=16",
  "prver" : "0",
  "isUik" : true,
  "selected" : false,
  "load_on_demand" : false
}, {
  "id" : 4164003430445,
  "text" : "УИК №579",
  "href" : "region/izbirkom?action=show&root=162000039&tvd=4164003430445&vrn=100100225883172&prver=0&pronetvd=null&region=16&sub_region=16",
  "prver" : "0",
  "isUik" : true,
  "selected" : false,
  "load_on_demand" : false
}, {
  "id" : 4164003430446,
  "text" : "УИК №580",
  "href" : "region/izbirkom?action=show&root=162000039&tvd=4164003430446&vrn=100100225883172&prver=0&pronetvd=null&region=16&sub_region=16",
  "prver" : "0",
  "isUik" : true,
  "selected" : false,
  "load_on_demand" : false
}, {
  "id" : 4164003430447,
  "text" : "УИК №581",
  "href" : "region/izbirkom?action=show&root=162000039&tvd=4164003430447&vrn=100100225883172&prver=0&pronetvd=null&region=16&sub_region=16",
  "prver" : "0",
  "isUik" : true,
  "selected" : false,
  "load_on_demand" : false
}, {
  "id" : 4164003430448,
  "text" : "УИК №582",
  "href" : "region/izbirkom?action=show&root=162000039&tvd=4164003430448&vrn=100100225883172&prver=0&pronetvd=null&region=16&sub_region=16",
  "prver" : "0",
  "isUik" : true,
  "selected" : false,
  "load_on_demand" : false
}, {
  "id" : 4164003430449,
  "text" : "УИК №583",
  "href" : "region/izbirkom?action=show&root=162000039&tvd=4164003430449&vrn=100100225883172&prver=0&pronetvd=null&region=16&sub_region=16",
  "prver" : "0",
  "isUik" : true,
  "selected" : false,
  "load_on_demand" : false
}, {
  "id" : 4164003430450,
  "text" : "УИК №584",
  "href" : "region/izbirkom?action=show&root=162000039&tvd=4164003430450&vrn=100100225883172&prver=0&pronetvd=null&region=16&sub_region=16",
  "prver" : "0",
  "isUik" : true,
  "selected" : false,
  "load_on_demand" : false
}, {
  "id" : 4164003430451,
  "text" : "УИК №585",
  "href" : "region/izbirkom?action=show&root=162000039&tvd=4164003430451&vrn=100100225883172&prver=0&pronetvd=null&region=16&sub_region=16",
  "prver" : "0",
  "isUik" : true,
  "selected" : false,
  "load_on_demand" : false
}, {
  "id" : 4164003430452,
  "text" : "УИК №587",
  "href" : "region/izbirkom?action=show&root=162000039&tvd=4164003430452&vrn=100100225883172&prver=0&pronetvd=null&region=16&sub_region=16",
  "prver" : "0",
  "isUik" : true,
  "selected" : false,
  "load_on_demand" : false
}, {
  "id" : 4164003430453,
  "text" : "УИК №588",
  "href" : "region/izbirkom?action=show&root=162000039&tvd=4164003430453&vrn=100100225883172&prver=0&pronetvd=null&region=16&sub_region=16",
  "prver" : "0",
  "isUik" : true,
  "selected" : false,
  "load_on_demand" : false
}, {
  "id" : 4164003430454,
  "text" : "УИК №589",
  "href" : "region/izbirkom?action=show&root=162000039&tvd=4164003430454&vrn=100100225883172&prver=0&pronetvd=null&region=16&sub_region=16",
  "prver" : "0",
  "isUik" : true,
  "selected" : false,
  "load_on_demand" : false
}, {
  "id" : 4164003430455,
  "text" : "УИК №590",
  "href" : "region/izbirkom?action=show&root=162000039&tvd=4164003430455&vrn=100100225883172&prver=0&pronetvd=null&region=16&sub_region=16",
  "prver" : "0",
  "isUik" : true,
  "selected" : false,
  "load_on_demand" : false
}, {
  "id" : 4164003430456,
  "text" : "УИК №591",
  "href" : "region/izbirkom?action=show&root=162000039&tvd=4164003430456&vrn=100100225883172&prver=0&pronetvd=null&region=16&sub_region=16",
  "prver" : "0",
  "isUik" : true,
  "selected" : false,
  "load_on_demand" : false
}, {
  "id" : 4164003430457,
  "text" : "УИК №592",
  "href" : "region/izbirkom?action=show&root=162000039&tvd=4164003430457&vrn=100100225883172&prver=0&pronetvd=null&region=16&sub_region=16",
  "prver" : "0",
  "isUik" : true,
  "selected" : false,
  "load_on_demand" : false
}, {
  "id" : 4164003430458,
  "text" : "УИК №593",
  "href" : "region/izbirkom?action=show&root=162000039&tvd=4164003430458&vrn=100100225883172&prver=0&pronetvd=null&region=16&sub_region=16",
  "prver" : "0",
  "isUik" : true,
  "selected" : false,
  "load_on_demand" : false
}, {
  "id" : 4164003430459,
  "text" : "УИК №594",
  "href" : "region/izbirkom?action=show&root=162000039&tvd=4164003430459&vrn=100100225883172&prver=0&pronetvd=null&region=16&sub_region=16",
  "prver" : "0",
  "isUik" : true,
  "selected" : false,
  "load_on_demand" : false
}, {
  "id" : 4164003430460,
  "text" : "УИК №595",
  "href" : "region/izbirkom?action=show&root=162000039&tvd=4164003430460&vrn=100100225883172&prver=0&pronetvd=null&region=16&sub_region=16",
  "prver" : "0",
  "isUik" : true,
  "selected" : false,
  "load_on_demand" : false
}, {
  "id" : 4164003430461,
  "text" : "УИК №596",
  "href" : "region/izbirkom?action=show&root=162000039&tvd=4164003430461&vrn=100100225883172&prver=0&pronetvd=null&region=16&sub_region=16",
  "prver" : "0",
  "isUik" : true,
  "selected" : false,
  "load_on_demand" : false
}, {
  "id" : 4164003430462,
  "text" : "УИК №597",
  "href" : "region/izbirkom?action=show&root=162000039&tvd=4164003430462&vrn=100100225883172&prver=0&pronetvd=null&region=16&sub_region=16",
  "prver" : "0",
  "isUik" : true,
  "selected" : false,
  "load_on_demand" : false
}, {
  "id" : 4164003430463,
  "text" : "УИК №598",
  "href" : "region/izbirkom?action=show&root=162000039&tvd=4164003430463&vrn=100100225883172&prver=0&pronetvd=null&region=16&sub_region=16",
  "prver" : "0",
  "isUik" : true,
  "selected" : false,
  "load_on_demand" : false
}, {
  "id" : 4164003430464,
  "text" : "УИК №599",
  "href" : "region/izbirkom?action=show&root=162000039&tvd=4164003430464&vrn=100100225883172&prver=0&pronetvd=null&region=16&sub_region=16",
  "prver" : "0",
  "isUik" : true,
  "selected" : false,
  "load_on_demand" : false
}, {
  "id" : 4164003430466,
  "text" : "УИК №601",
  "href" : "region/izbirkom?action=show&root=162000039&tvd=4164003430466&vrn=100100225883172&prver=0&pronetvd=null&region=16&sub_region=16",
  "prver" : "0",
  "isUik" : true,
  "selected" : false,
  "load_on_demand" : false
}, {
  "id" : 4164003430467,
  "text" : "УИК №602",
  "href" : "region/izbirkom?action=show&root=162000039&tvd=4164003430467&vrn=100100225883172&prver=0&pronetvd=null&region=16&sub_region=16",
  "prver" : "0",
  "isUik" : true,
  "selected" : false,
  "load_on_demand" : false
}, {
  "id" : 4164003430468,
  "text" : "УИК №603",
  "href" : "region/izbirkom?action=show&root=162000039&tvd=4164003430468&vrn=100100225883172&prver=0&pronetvd=null&region=16&sub_region=16",
  "prver" : "0",
  "isUik" : true,
  "selected" : false,
  "load_on_demand" : false
}, {
  "id" : 4164003430469,
  "text" : "УИК №604",
  "href" : "region/izbirkom?action=show&root=162000039&tvd=4164003430469&vrn=100100225883172&prver=0&pronetvd=null&region=16&sub_region=16",
  "prver" : "0",
  "isUik" : true,
  "selected" : false,
  "load_on_demand" : false
}, {
  "id" : 4164003430470,
  "text" : "УИК №605",
  "href" : "region/izbirkom?action=show&root=162000039&tvd=4164003430470&vrn=100100225883172&prver=0&pronetvd=null&region=16&sub_region=16",
  "prver" : "0",
  "isUik" : true,
  "selected" : false,
  "load_on_demand" : false
}, {
  "id" : 4164003430471,
  "text" : "УИК №606",
  "href" : "region/izbirkom?action=show&root=162000039&tvd=4164003430471&vrn=100100225883172&prver=0&pronetvd=null&region=16&sub_region=16",
  "prver" : "0",
  "isUik" : true,
  "selected" : false,
  "load_on_demand" : false
}, {
  "id" : 4164003430472,
  "text" : "УИК №607",
  "href" : "region/izbirkom?action=show&root=162000039&tvd=4164003430472&vrn=100100225883172&prver=0&pronetvd=null&region=16&sub_region=16",
  "prver" : "0",
  "isUik" : true,
  "selected" : false,
  "load_on_demand" : false
}, {
  "id" : 4164003430473,
  "text" : "УИК №608",
  "href" : "region/izbirkom?action=show&root=162000039&tvd=4164003430473&vrn=100100225883172&prver=0&pronetvd=null&region=16&sub_region=16",
  "prver" : "0",
  "isUik" : true,
  "selected" : false,
  "load_on_demand" : false
}, {
  "id" : 4164003430474,
  "text" : "УИК №609",
  "href" : "region/izbirkom?action=show&root=162000039&tvd=4164003430474&vrn=100100225883172&prver=0&pronetvd=null&region=16&sub_region=16",
  "prver" : "0",
  "isUik" : true,
  "selected" : false,
  "load_on_demand" : false
}, {
  "id" : 4164003430475,
  "text" : "УИК №610",
  "href" : "region/izbirkom?action=show&root=162000039&tvd=4164003430475&vrn=100100225883172&prver=0&pronetvd=null&region=16&sub_region=16",
  "prver" : "0",
  "isUik" : true,
  "selected" : false,
  "load_on_demand" : false
}, {
  "id" : 4164003430476,
  "text" : "УИК №611",
  "href" : "region/izbirkom?action=show&root=162000039&tvd=4164003430476&vrn=100100225883172&prver=0&pronetvd=null&region=16&sub_region=16",
  "prver" : "0",
  "isUik" : true,
  "selected" : false,
  "load_on_demand" : false
}, {
  "id" : 4164003430477,
  "text" : "УИК №612",
  "href" : "region/izbirkom?action=show&root=162000039&tvd=4164003430477&vrn=100100225883172&prver=0&pronetvd=null&region=16&sub_region=16",
  "prver" : "0",
  "isUik" : true,
  "selected" : false,
  "load_on_demand" : false
}, {
  "id" : 4164003430478,
  "text" : "УИК №614",
  "href" : "region/izbirkom?action=show&root=162000039&tvd=4164003430478&vrn=100100225883172&prver=0&pronetvd=null&region=16&sub_region=16",
  "prver" : "0",
  "isUik" : true,
  "selected" : false,
  "load_on_demand" : false
}, {
  "id" : 4164003430479,
  "text" : "УИК №615",
  "href" : "region/izbirkom?action=show&root=162000039&tvd=4164003430479&vrn=100100225883172&prver=0&pronetvd=null&region=16&sub_region=16",
  "prver" : "0",
  "isUik" : true,
  "selected" : false,
  "load_on_demand" : false
}, {
  "id" : 4164003430480,
  "text" : "УИК №616",
  "href" : "region/izbirkom?action=show&root=162000039&tvd=4164003430480&vrn=100100225883172&prver=0&pronetvd=null&region=16&sub_region=16",
  "prver" : "0",
  "isUik" : true,
  "selected" : false,
  "load_on_demand" : false
}, {
  "id" : 4164003430481,
  "text" : "УИК №617",
  "href" : "region/izbirkom?action=show&root=162000039&tvd=4164003430481&vrn=100100225883172&prver=0&pronetvd=null&region=16&sub_region=16",
  "prver" : "0",
  "isUik" : true,
  "selected" : false,
  "load_on_demand" : false
}, {
  "id" : 4164003430482,
  "text" : "УИК №618",
  "href" : "region/izbirkom?action=show&root=162000039&tvd=4164003430482&vrn=100100225883172&prver=0&pronetvd=null&region=16&sub_region=16",
  "prver" : "0",
  "isUik" : true,
  "selected" : false,
  "load_on_demand" : false
} ]