[ {
  "id" : 4164031452435,
  "text" : "УИК №1734",
  "href" : "region/izbirkom?action=show&root=162000004&tvd=4164031452435&vrn=100100225883172&prver=0&pronetvd=null&region=16&sub_region=16",
  "prver" : "0",
  "isUik" : true,
  "selected" : false,
  "load_on_demand" : false
}, {
  "id" : 4164031452436,
  "text" : "УИК №1735",
  "href" : "region/izbirkom?action=show&root=162000004&tvd=4164031452436&vrn=100100225883172&prver=0&pronetvd=null&region=16&sub_region=16",
  "prver" : "0",
  "isUik" : true,
  "selected" : false,
  "load_on_demand" : false
}, {
  "id" : 4164031452437,
  "text" : "УИК №1736",
  "href" : "region/izbirkom?action=show&root=162000004&tvd=4164031452437&vrn=100100225883172&prver=0&pronetvd=null&region=16&sub_region=16",
  "prver" : "0",
  "isUik" : true,
  "selected" : false,
  "load_on_demand" : false
}, {
  "id" : 4164031452438,
  "text" : "УИК №1737",
  "href" : "region/izbirkom?action=show&root=162000004&tvd=4164031452438&vrn=100100225883172&prver=0&pronetvd=null&region=16&sub_region=16",
  "prver" : "0",
  "isUik" : true,
  "selected" : false,
  "load_on_demand" : false
}, {
  "id" : 4164031452439,
  "text" : "УИК №1738",
  "href" : "region/izbirkom?action=show&root=162000004&tvd=4164031452439&vrn=100100225883172&prver=0&pronetvd=null&region=16&sub_region=16",
  "prver" : "0",
  "isUik" : true,
  "selected" : false,
  "load_on_demand" : false
}, {
  "id" : 4164031452440,
  "text" : "УИК №1739",
  "href" : "region/izbirkom?action=show&root=162000004&tvd=4164031452440&vrn=100100225883172&prver=0&pronetvd=null&region=16&sub_region=16",
  "prver" : "0",
  "isUik" : true,
  "selected" : false,
  "load_on_demand" : false
}, {
  "id" : 4164031452441,
  "text" : "УИК №1740",
  "href" : "region/izbirkom?action=show&root=162000004&tvd=4164031452441&vrn=100100225883172&prver=0&pronetvd=null&region=16&sub_region=16",
  "prver" : "0",
  "isUik" : true,
  "selected" : false,
  "load_on_demand" : false
}, {
  "id" : 4164031452442,
  "text" : "УИК №1741",
  "href" : "region/izbirkom?action=show&root=162000004&tvd=4164031452442&vrn=100100225883172&prver=0&pronetvd=null&region=16&sub_region=16",
  "prver" : "0",
  "isUik" : true,
  "selected" : false,
  "load_on_demand" : false
}, {
  "id" : 4164031452443,
  "text" : "УИК №1742",
  "href" : "region/izbirkom?action=show&root=162000004&tvd=4164031452443&vrn=100100225883172&prver=0&pronetvd=null&region=16&sub_region=16",
  "prver" : "0",
  "isUik" : true,
  "selected" : false,
  "load_on_demand" : false
}, {
  "id" : 4164031452444,
  "text" : "УИК №1744",
  "href" : "region/izbirkom?action=show&root=162000004&tvd=4164031452444&vrn=100100225883172&prver=0&pronetvd=null&region=16&sub_region=16",
  "prver" : "0",
  "isUik" : true,
  "selected" : false,
  "load_on_demand" : false
}, {
  "id" : 4164031452445,
  "text" : "УИК №1745",
  "href" : "region/izbirkom?action=show&root=162000004&tvd=4164031452445&vrn=100100225883172&prver=0&pronetvd=null&region=16&sub_region=16",
  "prver" : "0",
  "isUik" : true,
  "selected" : false,
  "load_on_demand" : false
}, {
  "id" : 4164031452446,
  "text" : "УИК №1746",
  "href" : "region/izbirkom?action=show&root=162000004&tvd=4164031452446&vrn=100100225883172&prver=0&pronetvd=null&region=16&sub_region=16",
  "prver" : "0",
  "isUik" : true,
  "selected" : false,
  "load_on_demand" : false
}, {
  "id" : 4164031452447,
  "text" : "УИК №1747",
  "href" : "region/izbirkom?action=show&root=162000004&tvd=4164031452447&vrn=100100225883172&prver=0&pronetvd=null&region=16&sub_region=16",
  "prver" : "0",
  "isUik" : true,
  "selected" : false,
  "load_on_demand" : false
}, {
  "id" : 4164031452448,
  "text" : "УИК №1748",
  "href" : "region/izbirkom?action=show&root=162000004&tvd=4164031452448&vrn=100100225883172&prver=0&pronetvd=null&region=16&sub_region=16",
  "prver" : "0",
  "isUik" : true,
  "selected" : false,
  "load_on_demand" : false
}, {
  "id" : 4164031452449,
  "text" : "УИК №1749",
  "href" : "region/izbirkom?action=show&root=162000004&tvd=4164031452449&vrn=100100225883172&prver=0&pronetvd=null&region=16&sub_region=16",
  "prver" : "0",
  "isUik" : true,
  "selected" : false,
  "load_on_demand" : false
}, {
  "id" : 4164031452450,
  "text" : "УИК №1750",
  "href" : "region/izbirkom?action=show&root=162000004&tvd=4164031452450&vrn=100100225883172&prver=0&pronetvd=null&region=16&sub_region=16",
  "prver" : "0",
  "isUik" : true,
  "selected" : false,
  "load_on_demand" : false
}, {
  "id" : 4164031452451,
  "text" : "УИК №1751",
  "href" : "region/izbirkom?action=show&root=162000004&tvd=4164031452451&vrn=100100225883172&prver=0&pronetvd=null&region=16&sub_region=16",
  "prver" : "0",
  "isUik" : true,
  "selected" : false,
  "load_on_demand" : false
}, {
  "id" : 4164031452452,
  "text" : "УИК №1752",
  "href" : "region/izbirkom?action=show&root=162000004&tvd=4164031452452&vrn=100100225883172&prver=0&pronetvd=null&region=16&sub_region=16",
  "prver" : "0",
  "isUik" : true,
  "selected" : false,
  "load_on_demand" : false
}, {
  "id" : 4164031452453,
  "text" : "УИК №1753",
  "href" : "region/izbirkom?action=show&root=162000004&tvd=4164031452453&vrn=100100225883172&prver=0&pronetvd=null&region=16&sub_region=16",
  "prver" : "0",
  "isUik" : true,
  "selected" : false,
  "load_on_demand" : false
}, {
  "id" : 4164031452454,
  "text" : "УИК №1754",
  "href" : "region/izbirkom?action=show&root=162000004&tvd=4164031452454&vrn=100100225883172&prver=0&pronetvd=null&region=16&sub_region=16",
  "prver" : "0",
  "isUik" : true,
  "selected" : false,
  "load_on_demand" : false
}, {
  "id" : 4164031452455,
  "text" : "УИК №1755",
  "href" : "region/izbirkom?action=show&root=162000004&tvd=4164031452455&vrn=100100225883172&prver=0&pronetvd=null&region=16&sub_region=16",
  "prver" : "0",
  "isUik" : true,
  "selected" : false,
  "load_on_demand" : false
}, {
  "id" : 4164031452456,
  "text" : "УИК №1756",
  "href" : "region/izbirkom?action=show&root=162000004&tvd=4164031452456&vrn=100100225883172&prver=0&pronetvd=null&region=16&sub_region=16",
  "prver" : "0",
  "isUik" : true,
  "selected" : false,
  "load_on_demand" : false
}, {
  "id" : 4164031452457,
  "text" : "УИК №1757",
  "href" : "region/izbirkom?action=show&root=162000004&tvd=4164031452457&vrn=100100225883172&prver=0&pronetvd=null&region=16&sub_region=16",
  "prver" : "0",
  "isUik" : true,
  "selected" : false,
  "load_on_demand" : false
}, {
  "id" : 4164031452458,
  "text" : "УИК №1758",
  "href" : "region/izbirkom?action=show&root=162000004&tvd=4164031452458&vrn=100100225883172&prver=0&pronetvd=null&region=16&sub_region=16",
  "prver" : "0",
  "isUik" : true,
  "selected" : false,
  "load_on_demand" : false
}, {
  "id" : 4164031452459,
  "text" : "УИК №1759",
  "href" : "region/izbirkom?action=show&root=162000004&tvd=4164031452459&vrn=100100225883172&prver=0&pronetvd=null&region=16&sub_region=16",
  "prver" : "0",
  "isUik" : true,
  "selected" : false,
  "load_on_demand" : false
}, {
  "id" : 4164031452460,
  "text" : "УИК №1760",
  "href" : "region/izbirkom?action=show&root=162000004&tvd=4164031452460&vrn=100100225883172&prver=0&pronetvd=null&region=16&sub_region=16",
  "prver" : "0",
  "isUik" : true,
  "selected" : false,
  "load_on_demand" : false
}, {
  "id" : 4164031452461,
  "text" : "УИК №1761",
  "href" : "region/izbirkom?action=show&root=162000004&tvd=4164031452461&vrn=100100225883172&prver=0&pronetvd=null&region=16&sub_region=16",
  "prver" : "0",
  "isUik" : true,
  "selected" : false,
  "load_on_demand" : false
}, {
  "id" : 4164031452462,
  "text" : "УИК №1762",
  "href" : "region/izbirkom?action=show&root=162000004&tvd=4164031452462&vrn=100100225883172&prver=0&pronetvd=null&region=16&sub_region=16",
  "prver" : "0",
  "isUik" : true,
  "selected" : false,
  "load_on_demand" : false
}, {
  "id" : 4164031452463,
  "text" : "УИК №1763",
  "href" : "region/izbirkom?action=show&root=162000004&tvd=4164031452463&vrn=100100225883172&prver=0&pronetvd=null&region=16&sub_region=16",
  "prver" : "0",
  "isUik" : true,
  "selected" : false,
  "load_on_demand" : false
}, {
  "id" : 4164031452464,
  "text" : "УИК №1764",
  "href" : "region/izbirkom?action=show&root=162000004&tvd=4164031452464&vrn=100100225883172&prver=0&pronetvd=null&region=16&sub_region=16",
  "prver" : "0",
  "isUik" : true,
  "selected" : false,
  "load_on_demand" : false
}, {
  "id" : 4164031452465,
  "text" : "УИК №1765",
  "href" : "region/izbirkom?action=show&root=162000004&tvd=4164031452465&vrn=100100225883172&prver=0&pronetvd=null&region=16&sub_region=16",
  "prver" : "0",
  "isUik" : true,
  "selected" : false,
  "load_on_demand" : false
}, {
  "id" : 4164031452466,
  "text" : "УИК №1766",
  "href" : "region/izbirkom?action=show&root=162000004&tvd=4164031452466&vrn=100100225883172&prver=0&pronetvd=null&region=16&sub_region=16",
  "prver" : "0",
  "isUik" : true,
  "selected" : false,
  "load_on_demand" : false
}, {
  "id" : 4164031452467,
  "text" : "УИК №1767",
  "href" : "region/izbirkom?action=show&root=162000004&tvd=4164031452467&vrn=100100225883172&prver=0&pronetvd=null&region=16&sub_region=16",
  "prver" : "0",
  "isUik" : true,
  "selected" : false,
  "load_on_demand" : false
}, {
  "id" : 4164031452468,
  "text" : "УИК №1768",
  "href" : "region/izbirkom?action=show&root=162000004&tvd=4164031452468&vrn=100100225883172&prver=0&pronetvd=null&region=16&sub_region=16",
  "prver" : "0",
  "isUik" : true,
  "selected" : false,
  "load_on_demand" : false
}, {
  "id" : 4164031452469,
  "text" : "УИК №1769",
  "href" : "region/izbirkom?action=show&root=162000004&tvd=4164031452469&vrn=100100225883172&prver=0&pronetvd=null&region=16&sub_region=16",
  "prver" : "0",
  "isUik" : true,
  "selected" : false,
  "load_on_demand" : false
}, {
  "id" : 4164031452470,
  "text" : "УИК №1770",
  "href" : "region/izbirkom?action=show&root=162000004&tvd=4164031452470&vrn=100100225883172&prver=0&pronetvd=null&region=16&sub_region=16",
  "prver" : "0",
  "isUik" : true,
  "selected" : false,
  "load_on_demand" : false
}, {
  "id" : 4164031452471,
  "text" : "УИК №1771",
  "href" : "region/izbirkom?action=show&root=162000004&tvd=4164031452471&vrn=100100225883172&prver=0&pronetvd=null&region=16&sub_region=16",
  "prver" : "0",
  "isUik" : true,
  "selected" : false,
  "load_on_demand" : false
}, {
  "id" : 4164031452472,
  "text" : "УИК №1772",
  "href" : "region/izbirkom?action=show&root=162000004&tvd=4164031452472&vrn=100100225883172&prver=0&pronetvd=null&region=16&sub_region=16",
  "prver" : "0",
  "isUik" : true,
  "selected" : false,
  "load_on_demand" : false
}, {
  "id" : 4164031452473,
  "text" : "УИК №1773",
  "href" : "region/izbirkom?action=show&root=162000004&tvd=4164031452473&vrn=100100225883172&prver=0&pronetvd=null&region=16&sub_region=16",
  "prver" : "0",
  "isUik" : true,
  "selected" : false,
  "load_on_demand" : false
}, {
  "id" : 4164031452474,
  "text" : "УИК №1774",
  "href" : "region/izbirkom?action=show&root=162000004&tvd=4164031452474&vrn=100100225883172&prver=0&pronetvd=null&region=16&sub_region=16",
  "prver" : "0",
  "isUik" : true,
  "selected" : false,
  "load_on_demand" : false
}, {
  "id" : 4164031452475,
  "text" : "УИК №1775",
  "href" : "region/izbirkom?action=show&root=162000004&tvd=4164031452475&vrn=100100225883172&prver=0&pronetvd=null&region=16&sub_region=16",
  "prver" : "0",
  "isUik" : true,
  "selected" : false,
  "load_on_demand" : false
}, {
  "id" : 4164031452476,
  "text" : "УИК №1776",
  "href" : "region/izbirkom?action=show&root=162000004&tvd=4164031452476&vrn=100100225883172&prver=0&pronetvd=null&region=16&sub_region=16",
  "prver" : "0",
  "isUik" : true,
  "selected" : false,
  "load_on_demand" : false
}, {
  "id" : 4164031452477,
  "text" : "УИК №1777",
  "href" : "region/izbirkom?action=show&root=162000004&tvd=4164031452477&vrn=100100225883172&prver=0&pronetvd=null&region=16&sub_region=16",
  "prver" : "0",
  "isUik" : true,
  "selected" : false,
  "load_on_demand" : false
}, {
  "id" : 4164031452478,
  "text" : "УИК №1778",
  "href" : "region/izbirkom?action=show&root=162000004&tvd=4164031452478&vrn=100100225883172&prver=0&pronetvd=null&region=16&sub_region=16",
  "prver" : "0",
  "isUik" : true,
  "selected" : false,
  "load_on_demand" : false
}, {
  "id" : 4164031452479,
  "text" : "УИК №1779",
  "href" : "region/izbirkom?action=show&root=162000004&tvd=4164031452479&vrn=100100225883172&prver=0&pronetvd=null&region=16&sub_region=16",
  "prver" : "0",
  "isUik" : true,
  "selected" : false,
  "load_on_demand" : false
}, {
  "id" : 4164031452480,
  "text" : "УИК №1780",
  "href" : "region/izbirkom?action=show&root=162000004&tvd=4164031452480&vrn=100100225883172&prver=0&pronetvd=null&region=16&sub_region=16",
  "prver" : "0",
  "isUik" : true,
  "selected" : false,
  "load_on_demand" : false
}, {
  "id" : 4164031452481,
  "text" : "УИК №1781",
  "href" : "region/izbirkom?action=show&root=162000004&tvd=4164031452481&vrn=100100225883172&prver=0&pronetvd=null&region=16&sub_region=16",
  "prver" : "0",
  "isUik" : true,
  "selected" : false,
  "load_on_demand" : false
}, {
  "id" : 4164031452482,
  "text" : "УИК №1782",
  "href" : "region/izbirkom?action=show&root=162000004&tvd=4164031452482&vrn=100100225883172&prver=0&pronetvd=null&region=16&sub_region=16",
  "prver" : "0",
  "isUik" : true,
  "selected" : false,
  "load_on_demand" : false
}, {
  "id" : 4164031452483,
  "text" : "УИК №1783",
  "href" : "region/izbirkom?action=show&root=162000004&tvd=4164031452483&vrn=100100225883172&prver=0&pronetvd=null&region=16&sub_region=16",
  "prver" : "0",
  "isUik" : true,
  "selected" : false,
  "load_on_demand" : false
}, {
  "id" : 4164031452484,
  "text" : "УИК №1784",
  "href" : "region/izbirkom?action=show&root=162000004&tvd=4164031452484&vrn=100100225883172&prver=0&pronetvd=null&region=16&sub_region=16",
  "prver" : "0",
  "isUik" : true,
  "selected" : false,
  "load_on_demand" : false
}, {
  "id" : 4164031452485,
  "text" : "УИК №1785",
  "href" : "region/izbirkom?action=show&root=162000004&tvd=4164031452485&vrn=100100225883172&prver=0&pronetvd=null&region=16&sub_region=16",
  "prver" : "0",
  "isUik" : true,
  "selected" : false,
  "load_on_demand" : false
}, {
  "id" : 4164031452486,
  "text" : "УИК №1786",
  "href" : "region/izbirkom?action=show&root=162000004&tvd=4164031452486&vrn=100100225883172&prver=0&pronetvd=null&region=16&sub_region=16",
  "prver" : "0",
  "isUik" : true,
  "selected" : false,
  "load_on_demand" : false
}, {
  "id" : 4164031464206,
  "text" : "УИК №2828",
  "href" : "region/izbirkom?action=show&root=162000004&tvd=4164031464206&vrn=100100225883172&prver=0&pronetvd=null&region=16&sub_region=16",
  "prver" : "0",
  "isUik" : true,
  "selected" : false,
  "load_on_demand" : false
} ]