[ {
  "id" : 4164058421336,
  "text" : "УИК №1811",
  "href" : "region/izbirkom?action=show&root=162000052&tvd=4164058421336&vrn=100100225883172&prver=0&pronetvd=null&region=16&sub_region=16",
  "prver" : "0",
  "isUik" : true,
  "selected" : false,
  "load_on_demand" : false
}, {
  "id" : 4164058421338,
  "text" : "УИК №1812",
  "href" : "region/izbirkom?action=show&root=162000052&tvd=4164058421338&vrn=100100225883172&prver=0&pronetvd=null&region=16&sub_region=16",
  "prver" : "0",
  "isUik" : true,
  "selected" : false,
  "load_on_demand" : false
}, {
  "id" : 4164058421339,
  "text" : "УИК №1813",
  "href" : "region/izbirkom?action=show&root=162000052&tvd=4164058421339&vrn=100100225883172&prver=0&pronetvd=null&region=16&sub_region=16",
  "prver" : "0",
  "isUik" : true,
  "selected" : false,
  "load_on_demand" : false
}, {
  "id" : 4164058421340,
  "text" : "УИК №1814",
  "href" : "region/izbirkom?action=show&root=162000052&tvd=4164058421340&vrn=100100225883172&prver=0&pronetvd=null&region=16&sub_region=16",
  "prver" : "0",
  "isUik" : true,
  "selected" : false,
  "load_on_demand" : false
}, {
  "id" : 4164058421341,
  "text" : "УИК №1815",
  "href" : "region/izbirkom?action=show&root=162000052&tvd=4164058421341&vrn=100100225883172&prver=0&pronetvd=null&region=16&sub_region=16",
  "prver" : "0",
  "isUik" : true,
  "selected" : false,
  "load_on_demand" : false
}, {
  "id" : 4164058421342,
  "text" : "УИК №1817",
  "href" : "region/izbirkom?action=show&root=162000052&tvd=4164058421342&vrn=100100225883172&prver=0&pronetvd=null&region=16&sub_region=16",
  "prver" : "0",
  "isUik" : true,
  "selected" : false,
  "load_on_demand" : false
}, {
  "id" : 4164058421343,
  "text" : "УИК №1818",
  "href" : "region/izbirkom?action=show&root=162000052&tvd=4164058421343&vrn=100100225883172&prver=0&pronetvd=null&region=16&sub_region=16",
  "prver" : "0",
  "isUik" : true,
  "selected" : false,
  "load_on_demand" : false
}, {
  "id" : 4164058421344,
  "text" : "УИК №1819",
  "href" : "region/izbirkom?action=show&root=162000052&tvd=4164058421344&vrn=100100225883172&prver=0&pronetvd=null&region=16&sub_region=16",
  "prver" : "0",
  "isUik" : true,
  "selected" : false,
  "load_on_demand" : false
}, {
  "id" : 4164058421345,
  "text" : "УИК №1820",
  "href" : "region/izbirkom?action=show&root=162000052&tvd=4164058421345&vrn=100100225883172&prver=0&pronetvd=null&region=16&sub_region=16",
  "prver" : "0",
  "isUik" : true,
  "selected" : false,
  "load_on_demand" : false
}, {
  "id" : 4164058421346,
  "text" : "УИК №1821",
  "href" : "region/izbirkom?action=show&root=162000052&tvd=4164058421346&vrn=100100225883172&prver=0&pronetvd=null&region=16&sub_region=16",
  "prver" : "0",
  "isUik" : true,
  "selected" : false,
  "load_on_demand" : false
}, {
  "id" : 4164058421347,
  "text" : "УИК №1822",
  "href" : "region/izbirkom?action=show&root=162000052&tvd=4164058421347&vrn=100100225883172&prver=0&pronetvd=null&region=16&sub_region=16",
  "prver" : "0",
  "isUik" : true,
  "selected" : false,
  "load_on_demand" : false
}, {
  "id" : 4164058421348,
  "text" : "УИК №1823",
  "href" : "region/izbirkom?action=show&root=162000052&tvd=4164058421348&vrn=100100225883172&prver=0&pronetvd=null&region=16&sub_region=16",
  "prver" : "0",
  "isUik" : true,
  "selected" : false,
  "load_on_demand" : false
}, {
  "id" : 4164058421349,
  "text" : "УИК №1824",
  "href" : "region/izbirkom?action=show&root=162000052&tvd=4164058421349&vrn=100100225883172&prver=0&pronetvd=null&region=16&sub_region=16",
  "prver" : "0",
  "isUik" : true,
  "selected" : false,
  "load_on_demand" : false
}, {
  "id" : 4164058421350,
  "text" : "УИК №1825",
  "href" : "region/izbirkom?action=show&root=162000052&tvd=4164058421350&vrn=100100225883172&prver=0&pronetvd=null&region=16&sub_region=16",
  "prver" : "0",
  "isUik" : true,
  "selected" : false,
  "load_on_demand" : false
}, {
  "id" : 4164058421351,
  "text" : "УИК №1826",
  "href" : "region/izbirkom?action=show&root=162000052&tvd=4164058421351&vrn=100100225883172&prver=0&pronetvd=null&region=16&sub_region=16",
  "prver" : "0",
  "isUik" : true,
  "selected" : false,
  "load_on_demand" : false
}, {
  "id" : 4164058421352,
  "text" : "УИК №1827",
  "href" : "region/izbirkom?action=show&root=162000052&tvd=4164058421352&vrn=100100225883172&prver=0&pronetvd=null&region=16&sub_region=16",
  "prver" : "0",
  "isUik" : true,
  "selected" : false,
  "load_on_demand" : false
}, {
  "id" : 4164058421353,
  "text" : "УИК №1828",
  "href" : "region/izbirkom?action=show&root=162000052&tvd=4164058421353&vrn=100100225883172&prver=0&pronetvd=null&region=16&sub_region=16",
  "prver" : "0",
  "isUik" : true,
  "selected" : false,
  "load_on_demand" : false
}, {
  "id" : 4164058421354,
  "text" : "УИК №1829",
  "href" : "region/izbirkom?action=show&root=162000052&tvd=4164058421354&vrn=100100225883172&prver=0&pronetvd=null&region=16&sub_region=16",
  "prver" : "0",
  "isUik" : true,
  "selected" : false,
  "load_on_demand" : false
}, {
  "id" : 4164058421355,
  "text" : "УИК №1830",
  "href" : "region/izbirkom?action=show&root=162000052&tvd=4164058421355&vrn=100100225883172&prver=0&pronetvd=null&region=16&sub_region=16",
  "prver" : "0",
  "isUik" : true,
  "selected" : false,
  "load_on_demand" : false
}, {
  "id" : 4164058425606,
  "text" : "УИК №1831",
  "href" : "region/izbirkom?action=show&root=162000052&tvd=4164058425606&vrn=100100225883172&prver=0&pronetvd=null&region=16&sub_region=16",
  "prver" : "0",
  "isUik" : true,
  "selected" : false,
  "load_on_demand" : false
}, {
  "id" : 4164058421357,
  "text" : "УИК №1832",
  "href" : "region/izbirkom?action=show&root=162000052&tvd=4164058421357&vrn=100100225883172&prver=0&pronetvd=null&region=16&sub_region=16",
  "prver" : "0",
  "isUik" : true,
  "selected" : false,
  "load_on_demand" : false
}, {
  "id" : 4164058421358,
  "text" : "УИК №1833",
  "href" : "region/izbirkom?action=show&root=162000052&tvd=4164058421358&vrn=100100225883172&prver=0&pronetvd=null&region=16&sub_region=16",
  "prver" : "0",
  "isUik" : true,
  "selected" : false,
  "load_on_demand" : false
}, {
  "id" : 4164058421359,
  "text" : "УИК №1834",
  "href" : "region/izbirkom?action=show&root=162000052&tvd=4164058421359&vrn=100100225883172&prver=0&pronetvd=null&region=16&sub_region=16",
  "prver" : "0",
  "isUik" : true,
  "selected" : false,
  "load_on_demand" : false
}, {
  "id" : 4164058421360,
  "text" : "УИК №1835",
  "href" : "region/izbirkom?action=show&root=162000052&tvd=4164058421360&vrn=100100225883172&prver=0&pronetvd=null&region=16&sub_region=16",
  "prver" : "0",
  "isUik" : true,
  "selected" : false,
  "load_on_demand" : false
}, {
  "id" : 4164058421361,
  "text" : "УИК №1836",
  "href" : "region/izbirkom?action=show&root=162000052&tvd=4164058421361&vrn=100100225883172&prver=0&pronetvd=null&region=16&sub_region=16",
  "prver" : "0",
  "isUik" : true,
  "selected" : false,
  "load_on_demand" : false
}, {
  "id" : 4164058421362,
  "text" : "УИК №1837",
  "href" : "region/izbirkom?action=show&root=162000052&tvd=4164058421362&vrn=100100225883172&prver=0&pronetvd=null&region=16&sub_region=16",
  "prver" : "0",
  "isUik" : true,
  "selected" : false,
  "load_on_demand" : false
}, {
  "id" : 4164058421363,
  "text" : "УИК №1838",
  "href" : "region/izbirkom?action=show&root=162000052&tvd=4164058421363&vrn=100100225883172&prver=0&pronetvd=null&region=16&sub_region=16",
  "prver" : "0",
  "isUik" : true,
  "selected" : false,
  "load_on_demand" : false
}, {
  "id" : 4164058421364,
  "text" : "УИК №1839",
  "href" : "region/izbirkom?action=show&root=162000052&tvd=4164058421364&vrn=100100225883172&prver=0&pronetvd=null&region=16&sub_region=16",
  "prver" : "0",
  "isUik" : true,
  "selected" : false,
  "load_on_demand" : false
}, {
  "id" : 4164058421365,
  "text" : "УИК №1840",
  "href" : "region/izbirkom?action=show&root=162000052&tvd=4164058421365&vrn=100100225883172&prver=0&pronetvd=null&region=16&sub_region=16",
  "prver" : "0",
  "isUik" : true,
  "selected" : false,
  "load_on_demand" : false
}, {
  "id" : 4164058421366,
  "text" : "УИК №1841",
  "href" : "region/izbirkom?action=show&root=162000052&tvd=4164058421366&vrn=100100225883172&prver=0&pronetvd=null&region=16&sub_region=16",
  "prver" : "0",
  "isUik" : true,
  "selected" : false,
  "load_on_demand" : false
}, {
  "id" : 4164058421367,
  "text" : "УИК №1842",
  "href" : "region/izbirkom?action=show&root=162000052&tvd=4164058421367&vrn=100100225883172&prver=0&pronetvd=null&region=16&sub_region=16",
  "prver" : "0",
  "isUik" : true,
  "selected" : false,
  "load_on_demand" : false
}, {
  "id" : 4164058421368,
  "text" : "УИК №1843",
  "href" : "region/izbirkom?action=show&root=162000052&tvd=4164058421368&vrn=100100225883172&prver=0&pronetvd=null&region=16&sub_region=16",
  "prver" : "0",
  "isUik" : true,
  "selected" : false,
  "load_on_demand" : false
} ]