[ {
  "id" : 4164021287487,
  "text" : "УИК №42",
  "href" : "region/izbirkom?action=show&root=162000007&tvd=4164021287487&vrn=100100225883172&prver=0&pronetvd=null&region=16&sub_region=16",
  "prver" : "0",
  "isUik" : true,
  "selected" : false,
  "load_on_demand" : false
}, {
  "id" : 4164021287489,
  "text" : "УИК №43",
  "href" : "region/izbirkom?action=show&root=162000007&tvd=4164021287489&vrn=100100225883172&prver=0&pronetvd=null&region=16&sub_region=16",
  "prver" : "0",
  "isUik" : true,
  "selected" : false,
  "load_on_demand" : false
}, {
  "id" : 4164021287491,
  "text" : "УИК №44",
  "href" : "region/izbirkom?action=show&root=162000007&tvd=4164021287491&vrn=100100225883172&prver=0&pronetvd=null&region=16&sub_region=16",
  "prver" : "0",
  "isUik" : true,
  "selected" : false,
  "load_on_demand" : false
}, {
  "id" : 4164021287493,
  "text" : "УИК №45",
  "href" : "region/izbirkom?action=show&root=162000007&tvd=4164021287493&vrn=100100225883172&prver=0&pronetvd=null&region=16&sub_region=16",
  "prver" : "0",
  "isUik" : true,
  "selected" : false,
  "load_on_demand" : false
}, {
  "id" : 4164021287495,
  "text" : "УИК №46",
  "href" : "region/izbirkom?action=show&root=162000007&tvd=4164021287495&vrn=100100225883172&prver=0&pronetvd=null&region=16&sub_region=16",
  "prver" : "0",
  "isUik" : true,
  "selected" : false,
  "load_on_demand" : false
}, {
  "id" : 4164021287497,
  "text" : "УИК №47",
  "href" : "region/izbirkom?action=show&root=162000007&tvd=4164021287497&vrn=100100225883172&prver=0&pronetvd=null&region=16&sub_region=16",
  "prver" : "0",
  "isUik" : true,
  "selected" : false,
  "load_on_demand" : false
}, {
  "id" : 4164021287499,
  "text" : "УИК №48",
  "href" : "region/izbirkom?action=show&root=162000007&tvd=4164021287499&vrn=100100225883172&prver=0&pronetvd=null&region=16&sub_region=16",
  "prver" : "0",
  "isUik" : true,
  "selected" : false,
  "load_on_demand" : false
}, {
  "id" : 4164021287501,
  "text" : "УИК №49",
  "href" : "region/izbirkom?action=show&root=162000007&tvd=4164021287501&vrn=100100225883172&prver=0&pronetvd=null&region=16&sub_region=16",
  "prver" : "0",
  "isUik" : true,
  "selected" : false,
  "load_on_demand" : false
}, {
  "id" : 4164021287503,
  "text" : "УИК №50",
  "href" : "region/izbirkom?action=show&root=162000007&tvd=4164021287503&vrn=100100225883172&prver=0&pronetvd=null&region=16&sub_region=16",
  "prver" : "0",
  "isUik" : true,
  "selected" : false,
  "load_on_demand" : false
}, {
  "id" : 4164021287505,
  "text" : "УИК №51",
  "href" : "region/izbirkom?action=show&root=162000007&tvd=4164021287505&vrn=100100225883172&prver=0&pronetvd=null&region=16&sub_region=16",
  "prver" : "0",
  "isUik" : true,
  "selected" : false,
  "load_on_demand" : false
}, {
  "id" : 4164021287507,
  "text" : "УИК №52",
  "href" : "region/izbirkom?action=show&root=162000007&tvd=4164021287507&vrn=100100225883172&prver=0&pronetvd=null&region=16&sub_region=16",
  "prver" : "0",
  "isUik" : true,
  "selected" : false,
  "load_on_demand" : false
}, {
  "id" : 4164021292642,
  "text" : "УИК №53",
  "href" : "region/izbirkom?action=show&root=162000007&tvd=4164021292642&vrn=100100225883172&prver=0&pronetvd=null&region=16&sub_region=16",
  "prver" : "0",
  "isUik" : true,
  "selected" : false,
  "load_on_demand" : false
}, {
  "id" : 4164021287509,
  "text" : "УИК №54",
  "href" : "region/izbirkom?action=show&root=162000007&tvd=4164021287509&vrn=100100225883172&prver=0&pronetvd=null&region=16&sub_region=16",
  "prver" : "0",
  "isUik" : true,
  "selected" : false,
  "load_on_demand" : false
}, {
  "id" : 4164021287513,
  "text" : "УИК №55",
  "href" : "region/izbirkom?action=show&root=162000007&tvd=4164021287513&vrn=100100225883172&prver=0&pronetvd=null&region=16&sub_region=16",
  "prver" : "0",
  "isUik" : true,
  "selected" : false,
  "load_on_demand" : false
}, {
  "id" : 4164021287515,
  "text" : "УИК №56",
  "href" : "region/izbirkom?action=show&root=162000007&tvd=4164021287515&vrn=100100225883172&prver=0&pronetvd=null&region=16&sub_region=16",
  "prver" : "0",
  "isUik" : true,
  "selected" : false,
  "load_on_demand" : false
}, {
  "id" : 4164021287517,
  "text" : "УИК №57",
  "href" : "region/izbirkom?action=show&root=162000007&tvd=4164021287517&vrn=100100225883172&prver=0&pronetvd=null&region=16&sub_region=16",
  "prver" : "0",
  "isUik" : true,
  "selected" : false,
  "load_on_demand" : false
}, {
  "id" : 4164021287519,
  "text" : "УИК №58",
  "href" : "region/izbirkom?action=show&root=162000007&tvd=4164021287519&vrn=100100225883172&prver=0&pronetvd=null&region=16&sub_region=16",
  "prver" : "0",
  "isUik" : true,
  "selected" : false,
  "load_on_demand" : false
}, {
  "id" : 4164021287521,
  "text" : "УИК №59",
  "href" : "region/izbirkom?action=show&root=162000007&tvd=4164021287521&vrn=100100225883172&prver=0&pronetvd=null&region=16&sub_region=16",
  "prver" : "0",
  "isUik" : true,
  "selected" : false,
  "load_on_demand" : false
}, {
  "id" : 4164021287523,
  "text" : "УИК №60",
  "href" : "region/izbirkom?action=show&root=162000007&tvd=4164021287523&vrn=100100225883172&prver=0&pronetvd=null&region=16&sub_region=16",
  "prver" : "0",
  "isUik" : true,
  "selected" : false,
  "load_on_demand" : false
}, {
  "id" : 4164021287525,
  "text" : "УИК №61",
  "href" : "region/izbirkom?action=show&root=162000007&tvd=4164021287525&vrn=100100225883172&prver=0&pronetvd=null&region=16&sub_region=16",
  "prver" : "0",
  "isUik" : true,
  "selected" : false,
  "load_on_demand" : false
}, {
  "id" : 4164021287527,
  "text" : "УИК №62",
  "href" : "region/izbirkom?action=show&root=162000007&tvd=4164021287527&vrn=100100225883172&prver=0&pronetvd=null&region=16&sub_region=16",
  "prver" : "0",
  "isUik" : true,
  "selected" : false,
  "load_on_demand" : false
}, {
  "id" : 4164021287529,
  "text" : "УИК №63",
  "href" : "region/izbirkom?action=show&root=162000007&tvd=4164021287529&vrn=100100225883172&prver=0&pronetvd=null&region=16&sub_region=16",
  "prver" : "0",
  "isUik" : true,
  "selected" : false,
  "load_on_demand" : false
}, {
  "id" : 4164021287531,
  "text" : "УИК №64",
  "href" : "region/izbirkom?action=show&root=162000007&tvd=4164021287531&vrn=100100225883172&prver=0&pronetvd=null&region=16&sub_region=16",
  "prver" : "0",
  "isUik" : true,
  "selected" : false,
  "load_on_demand" : false
}, {
  "id" : 4164021287533,
  "text" : "УИК №65",
  "href" : "region/izbirkom?action=show&root=162000007&tvd=4164021287533&vrn=100100225883172&prver=0&pronetvd=null&region=16&sub_region=16",
  "prver" : "0",
  "isUik" : true,
  "selected" : false,
  "load_on_demand" : false
}, {
  "id" : 4164021287535,
  "text" : "УИК №66",
  "href" : "region/izbirkom?action=show&root=162000007&tvd=4164021287535&vrn=100100225883172&prver=0&pronetvd=null&region=16&sub_region=16",
  "prver" : "0",
  "isUik" : true,
  "selected" : false,
  "load_on_demand" : false
}, {
  "id" : 4164021287537,
  "text" : "УИК №67",
  "href" : "region/izbirkom?action=show&root=162000007&tvd=4164021287537&vrn=100100225883172&prver=0&pronetvd=null&region=16&sub_region=16",
  "prver" : "0",
  "isUik" : true,
  "selected" : false,
  "load_on_demand" : false
}, {
  "id" : 4164021287539,
  "text" : "УИК №68",
  "href" : "region/izbirkom?action=show&root=162000007&tvd=4164021287539&vrn=100100225883172&prver=0&pronetvd=null&region=16&sub_region=16",
  "prver" : "0",
  "isUik" : true,
  "selected" : false,
  "load_on_demand" : false
}, {
  "id" : 4164021287541,
  "text" : "УИК №69",
  "href" : "region/izbirkom?action=show&root=162000007&tvd=4164021287541&vrn=100100225883172&prver=0&pronetvd=null&region=16&sub_region=16",
  "prver" : "0",
  "isUik" : true,
  "selected" : false,
  "load_on_demand" : false
}, {
  "id" : 4164021287543,
  "text" : "УИК №70",
  "href" : "region/izbirkom?action=show&root=162000007&tvd=4164021287543&vrn=100100225883172&prver=0&pronetvd=null&region=16&sub_region=16",
  "prver" : "0",
  "isUik" : true,
  "selected" : false,
  "load_on_demand" : false
}, {
  "id" : 4164021287545,
  "text" : "УИК №71",
  "href" : "region/izbirkom?action=show&root=162000007&tvd=4164021287545&vrn=100100225883172&prver=0&pronetvd=null&region=16&sub_region=16",
  "prver" : "0",
  "isUik" : true,
  "selected" : false,
  "load_on_demand" : false
}, {
  "id" : 4164021287547,
  "text" : "УИК №72",
  "href" : "region/izbirkom?action=show&root=162000007&tvd=4164021287547&vrn=100100225883172&prver=0&pronetvd=null&region=16&sub_region=16",
  "prver" : "0",
  "isUik" : true,
  "selected" : false,
  "load_on_demand" : false
}, {
  "id" : 4164021287549,
  "text" : "УИК №73",
  "href" : "region/izbirkom?action=show&root=162000007&tvd=4164021287549&vrn=100100225883172&prver=0&pronetvd=null&region=16&sub_region=16",
  "prver" : "0",
  "isUik" : true,
  "selected" : false,
  "load_on_demand" : false
}, {
  "id" : 4164021287551,
  "text" : "УИК №74",
  "href" : "region/izbirkom?action=show&root=162000007&tvd=4164021287551&vrn=100100225883172&prver=0&pronetvd=null&region=16&sub_region=16",
  "prver" : "0",
  "isUik" : true,
  "selected" : false,
  "load_on_demand" : false
}, {
  "id" : 4164021287553,
  "text" : "УИК №75",
  "href" : "region/izbirkom?action=show&root=162000007&tvd=4164021287553&vrn=100100225883172&prver=0&pronetvd=null&region=16&sub_region=16",
  "prver" : "0",
  "isUik" : true,
  "selected" : false,
  "load_on_demand" : false
}, {
  "id" : 4164021292644,
  "text" : "УИК №76",
  "href" : "region/izbirkom?action=show&root=162000007&tvd=4164021292644&vrn=100100225883172&prver=0&pronetvd=null&region=16&sub_region=16",
  "prver" : "0",
  "isUik" : true,
  "selected" : false,
  "load_on_demand" : false
}, {
  "id" : 4164021292646,
  "text" : "УИК №78",
  "href" : "region/izbirkom?action=show&root=162000007&tvd=4164021292646&vrn=100100225883172&prver=0&pronetvd=null&region=16&sub_region=16",
  "prver" : "0",
  "isUik" : true,
  "selected" : false,
  "load_on_demand" : false
}, {
  "id" : 4164021292648,
  "text" : "УИК №79",
  "href" : "region/izbirkom?action=show&root=162000007&tvd=4164021292648&vrn=100100225883172&prver=0&pronetvd=null&region=16&sub_region=16",
  "prver" : "0",
  "isUik" : true,
  "selected" : false,
  "load_on_demand" : false
}, {
  "id" : 4164021292650,
  "text" : "УИК №80",
  "href" : "region/izbirkom?action=show&root=162000007&tvd=4164021292650&vrn=100100225883172&prver=0&pronetvd=null&region=16&sub_region=16",
  "prver" : "0",
  "isUik" : true,
  "selected" : false,
  "load_on_demand" : false
}, {
  "id" : 4164021292652,
  "text" : "УИК №81",
  "href" : "region/izbirkom?action=show&root=162000007&tvd=4164021292652&vrn=100100225883172&prver=0&pronetvd=null&region=16&sub_region=16",
  "prver" : "0",
  "isUik" : true,
  "selected" : false,
  "load_on_demand" : false
}, {
  "id" : 4164021292654,
  "text" : "УИК №82",
  "href" : "region/izbirkom?action=show&root=162000007&tvd=4164021292654&vrn=100100225883172&prver=0&pronetvd=null&region=16&sub_region=16",
  "prver" : "0",
  "isUik" : true,
  "selected" : false,
  "load_on_demand" : false
}, {
  "id" : 4164021292656,
  "text" : "УИК №84",
  "href" : "region/izbirkom?action=show&root=162000007&tvd=4164021292656&vrn=100100225883172&prver=0&pronetvd=null&region=16&sub_region=16",
  "prver" : "0",
  "isUik" : true,
  "selected" : false,
  "load_on_demand" : false
}, {
  "id" : 4164021292658,
  "text" : "УИК №85",
  "href" : "region/izbirkom?action=show&root=162000007&tvd=4164021292658&vrn=100100225883172&prver=0&pronetvd=null&region=16&sub_region=16",
  "prver" : "0",
  "isUik" : true,
  "selected" : false,
  "load_on_demand" : false
} ]