[ {
  "id" : 4164035377589,
  "text" : "УИК №1934",
  "href" : "region/izbirkom?action=show&root=162000044&tvd=4164035377589&vrn=100100225883172&prver=0&pronetvd=null&region=16&sub_region=16",
  "prver" : "0",
  "isUik" : true,
  "selected" : false,
  "load_on_demand" : false
}, {
  "id" : 4164035377590,
  "text" : "УИК №1935",
  "href" : "region/izbirkom?action=show&root=162000044&tvd=4164035377590&vrn=100100225883172&prver=0&pronetvd=null&region=16&sub_region=16",
  "prver" : "0",
  "isUik" : true,
  "selected" : false,
  "load_on_demand" : false
}, {
  "id" : 4164035377591,
  "text" : "УИК №1936",
  "href" : "region/izbirkom?action=show&root=162000044&tvd=4164035377591&vrn=100100225883172&prver=0&pronetvd=null&region=16&sub_region=16",
  "prver" : "0",
  "isUik" : true,
  "selected" : false,
  "load_on_demand" : false
}, {
  "id" : 4164035377592,
  "text" : "УИК №1937",
  "href" : "region/izbirkom?action=show&root=162000044&tvd=4164035377592&vrn=100100225883172&prver=0&pronetvd=null&region=16&sub_region=16",
  "prver" : "0",
  "isUik" : true,
  "selected" : false,
  "load_on_demand" : false
}, {
  "id" : 4164035377593,
  "text" : "УИК №1938",
  "href" : "region/izbirkom?action=show&root=162000044&tvd=4164035377593&vrn=100100225883172&prver=0&pronetvd=null&region=16&sub_region=16",
  "prver" : "0",
  "isUik" : true,
  "selected" : false,
  "load_on_demand" : false
}, {
  "id" : 4164035377594,
  "text" : "УИК №1939",
  "href" : "region/izbirkom?action=show&root=162000044&tvd=4164035377594&vrn=100100225883172&prver=0&pronetvd=null&region=16&sub_region=16",
  "prver" : "0",
  "isUik" : true,
  "selected" : false,
  "load_on_demand" : false
}, {
  "id" : 4164035377595,
  "text" : "УИК №1941",
  "href" : "region/izbirkom?action=show&root=162000044&tvd=4164035377595&vrn=100100225883172&prver=0&pronetvd=null&region=16&sub_region=16",
  "prver" : "0",
  "isUik" : true,
  "selected" : false,
  "load_on_demand" : false
}, {
  "id" : 4164035377596,
  "text" : "УИК №1942",
  "href" : "region/izbirkom?action=show&root=162000044&tvd=4164035377596&vrn=100100225883172&prver=0&pronetvd=null&region=16&sub_region=16",
  "prver" : "0",
  "isUik" : true,
  "selected" : false,
  "load_on_demand" : false
}, {
  "id" : 4164035377597,
  "text" : "УИК №1943",
  "href" : "region/izbirkom?action=show&root=162000044&tvd=4164035377597&vrn=100100225883172&prver=0&pronetvd=null&region=16&sub_region=16",
  "prver" : "0",
  "isUik" : true,
  "selected" : false,
  "load_on_demand" : false
}, {
  "id" : 4164035377598,
  "text" : "УИК №1944",
  "href" : "region/izbirkom?action=show&root=162000044&tvd=4164035377598&vrn=100100225883172&prver=0&pronetvd=null&region=16&sub_region=16",
  "prver" : "0",
  "isUik" : true,
  "selected" : false,
  "load_on_demand" : false
}, {
  "id" : 4164035377599,
  "text" : "УИК №1945",
  "href" : "region/izbirkom?action=show&root=162000044&tvd=4164035377599&vrn=100100225883172&prver=0&pronetvd=null&region=16&sub_region=16",
  "prver" : "0",
  "isUik" : true,
  "selected" : false,
  "load_on_demand" : false
}, {
  "id" : 4164035377600,
  "text" : "УИК №1946",
  "href" : "region/izbirkom?action=show&root=162000044&tvd=4164035377600&vrn=100100225883172&prver=0&pronetvd=null&region=16&sub_region=16",
  "prver" : "0",
  "isUik" : true,
  "selected" : false,
  "load_on_demand" : false
}, {
  "id" : 4164035377601,
  "text" : "УИК №1947",
  "href" : "region/izbirkom?action=show&root=162000044&tvd=4164035377601&vrn=100100225883172&prver=0&pronetvd=null&region=16&sub_region=16",
  "prver" : "0",
  "isUik" : true,
  "selected" : false,
  "load_on_demand" : false
}, {
  "id" : 4164035377602,
  "text" : "УИК №1948",
  "href" : "region/izbirkom?action=show&root=162000044&tvd=4164035377602&vrn=100100225883172&prver=0&pronetvd=null&region=16&sub_region=16",
  "prver" : "0",
  "isUik" : true,
  "selected" : false,
  "load_on_demand" : false
}, {
  "id" : 4164035377603,
  "text" : "УИК №1949",
  "href" : "region/izbirkom?action=show&root=162000044&tvd=4164035377603&vrn=100100225883172&prver=0&pronetvd=null&region=16&sub_region=16",
  "prver" : "0",
  "isUik" : true,
  "selected" : false,
  "load_on_demand" : false
}, {
  "id" : 4164035377604,
  "text" : "УИК №1950",
  "href" : "region/izbirkom?action=show&root=162000044&tvd=4164035377604&vrn=100100225883172&prver=0&pronetvd=null&region=16&sub_region=16",
  "prver" : "0",
  "isUik" : true,
  "selected" : false,
  "load_on_demand" : false
}, {
  "id" : 4164035377605,
  "text" : "УИК №1951",
  "href" : "region/izbirkom?action=show&root=162000044&tvd=4164035377605&vrn=100100225883172&prver=0&pronetvd=null&region=16&sub_region=16",
  "prver" : "0",
  "isUik" : true,
  "selected" : false,
  "load_on_demand" : false
}, {
  "id" : 4164035377606,
  "text" : "УИК №1952",
  "href" : "region/izbirkom?action=show&root=162000044&tvd=4164035377606&vrn=100100225883172&prver=0&pronetvd=null&region=16&sub_region=16",
  "prver" : "0",
  "isUik" : true,
  "selected" : false,
  "load_on_demand" : false
}, {
  "id" : 4164035377607,
  "text" : "УИК №1953",
  "href" : "region/izbirkom?action=show&root=162000044&tvd=4164035377607&vrn=100100225883172&prver=0&pronetvd=null&region=16&sub_region=16",
  "prver" : "0",
  "isUik" : true,
  "selected" : false,
  "load_on_demand" : false
}, {
  "id" : 4164035377608,
  "text" : "УИК №1954",
  "href" : "region/izbirkom?action=show&root=162000044&tvd=4164035377608&vrn=100100225883172&prver=0&pronetvd=null&region=16&sub_region=16",
  "prver" : "0",
  "isUik" : true,
  "selected" : false,
  "load_on_demand" : false
}, {
  "id" : 4164035377609,
  "text" : "УИК №1955",
  "href" : "region/izbirkom?action=show&root=162000044&tvd=4164035377609&vrn=100100225883172&prver=0&pronetvd=null&region=16&sub_region=16",
  "prver" : "0",
  "isUik" : true,
  "selected" : false,
  "load_on_demand" : false
}, {
  "id" : 4164035377610,
  "text" : "УИК №1956",
  "href" : "region/izbirkom?action=show&root=162000044&tvd=4164035377610&vrn=100100225883172&prver=0&pronetvd=null&region=16&sub_region=16",
  "prver" : "0",
  "isUik" : true,
  "selected" : false,
  "load_on_demand" : false
}, {
  "id" : 4164035377611,
  "text" : "УИК №1957",
  "href" : "region/izbirkom?action=show&root=162000044&tvd=4164035377611&vrn=100100225883172&prver=0&pronetvd=null&region=16&sub_region=16",
  "prver" : "0",
  "isUik" : true,
  "selected" : false,
  "load_on_demand" : false
}, {
  "id" : 4164035377612,
  "text" : "УИК №1958",
  "href" : "region/izbirkom?action=show&root=162000044&tvd=4164035377612&vrn=100100225883172&prver=0&pronetvd=null&region=16&sub_region=16",
  "prver" : "0",
  "isUik" : true,
  "selected" : false,
  "load_on_demand" : false
}, {
  "id" : 4164035377613,
  "text" : "УИК №1959",
  "href" : "region/izbirkom?action=show&root=162000044&tvd=4164035377613&vrn=100100225883172&prver=0&pronetvd=null&region=16&sub_region=16",
  "prver" : "0",
  "isUik" : true,
  "selected" : false,
  "load_on_demand" : false
}, {
  "id" : 4164035377614,
  "text" : "УИК №1960",
  "href" : "region/izbirkom?action=show&root=162000044&tvd=4164035377614&vrn=100100225883172&prver=0&pronetvd=null&region=16&sub_region=16",
  "prver" : "0",
  "isUik" : true,
  "selected" : false,
  "load_on_demand" : false
}, {
  "id" : 4164035377615,
  "text" : "УИК №1961",
  "href" : "region/izbirkom?action=show&root=162000044&tvd=4164035377615&vrn=100100225883172&prver=0&pronetvd=null&region=16&sub_region=16",
  "prver" : "0",
  "isUik" : true,
  "selected" : false,
  "load_on_demand" : false
}, {
  "id" : 4164035377616,
  "text" : "УИК №1962",
  "href" : "region/izbirkom?action=show&root=162000044&tvd=4164035377616&vrn=100100225883172&prver=0&pronetvd=null&region=16&sub_region=16",
  "prver" : "0",
  "isUik" : true,
  "selected" : false,
  "load_on_demand" : false
}, {
  "id" : 4164035377617,
  "text" : "УИК №1963",
  "href" : "region/izbirkom?action=show&root=162000044&tvd=4164035377617&vrn=100100225883172&prver=0&pronetvd=null&region=16&sub_region=16",
  "prver" : "0",
  "isUik" : true,
  "selected" : false,
  "load_on_demand" : false
}, {
  "id" : 4164035377618,
  "text" : "УИК №1964",
  "href" : "region/izbirkom?action=show&root=162000044&tvd=4164035377618&vrn=100100225883172&prver=0&pronetvd=null&region=16&sub_region=16",
  "prver" : "0",
  "isUik" : true,
  "selected" : false,
  "load_on_demand" : false
}, {
  "id" : 4164035377619,
  "text" : "УИК №1965",
  "href" : "region/izbirkom?action=show&root=162000044&tvd=4164035377619&vrn=100100225883172&prver=0&pronetvd=null&region=16&sub_region=16",
  "prver" : "0",
  "isUik" : true,
  "selected" : false,
  "load_on_demand" : false
}, {
  "id" : 4164035377620,
  "text" : "УИК №1966",
  "href" : "region/izbirkom?action=show&root=162000044&tvd=4164035377620&vrn=100100225883172&prver=0&pronetvd=null&region=16&sub_region=16",
  "prver" : "0",
  "isUik" : true,
  "selected" : false,
  "load_on_demand" : false
}, {
  "id" : 4164035377621,
  "text" : "УИК №1967",
  "href" : "region/izbirkom?action=show&root=162000044&tvd=4164035377621&vrn=100100225883172&prver=0&pronetvd=null&region=16&sub_region=16",
  "prver" : "0",
  "isUik" : true,
  "selected" : false,
  "load_on_demand" : false
}, {
  "id" : 4164035377622,
  "text" : "УИК №1968",
  "href" : "region/izbirkom?action=show&root=162000044&tvd=4164035377622&vrn=100100225883172&prver=0&pronetvd=null&region=16&sub_region=16",
  "prver" : "0",
  "isUik" : true,
  "selected" : false,
  "load_on_demand" : false
}, {
  "id" : 4164035377623,
  "text" : "УИК №1969",
  "href" : "region/izbirkom?action=show&root=162000044&tvd=4164035377623&vrn=100100225883172&prver=0&pronetvd=null&region=16&sub_region=16",
  "prver" : "0",
  "isUik" : true,
  "selected" : false,
  "load_on_demand" : false
}, {
  "id" : 4164035377624,
  "text" : "УИК №1970",
  "href" : "region/izbirkom?action=show&root=162000044&tvd=4164035377624&vrn=100100225883172&prver=0&pronetvd=null&region=16&sub_region=16",
  "prver" : "0",
  "isUik" : true,
  "selected" : false,
  "load_on_demand" : false
}, {
  "id" : 4164035377625,
  "text" : "УИК №1971",
  "href" : "region/izbirkom?action=show&root=162000044&tvd=4164035377625&vrn=100100225883172&prver=0&pronetvd=null&region=16&sub_region=16",
  "prver" : "0",
  "isUik" : true,
  "selected" : false,
  "load_on_demand" : false
}, {
  "id" : 4164035377626,
  "text" : "УИК №1972",
  "href" : "region/izbirkom?action=show&root=162000044&tvd=4164035377626&vrn=100100225883172&prver=0&pronetvd=null&region=16&sub_region=16",
  "prver" : "0",
  "isUik" : true,
  "selected" : false,
  "load_on_demand" : false
}, {
  "id" : 4164035377627,
  "text" : "УИК №1973",
  "href" : "region/izbirkom?action=show&root=162000044&tvd=4164035377627&vrn=100100225883172&prver=0&pronetvd=null&region=16&sub_region=16",
  "prver" : "0",
  "isUik" : true,
  "selected" : false,
  "load_on_demand" : false
}, {
  "id" : 4164035377628,
  "text" : "УИК №1974",
  "href" : "region/izbirkom?action=show&root=162000044&tvd=4164035377628&vrn=100100225883172&prver=0&pronetvd=null&region=16&sub_region=16",
  "prver" : "0",
  "isUik" : true,
  "selected" : false,
  "load_on_demand" : false
}, {
  "id" : 4164035377629,
  "text" : "УИК №1975",
  "href" : "region/izbirkom?action=show&root=162000044&tvd=4164035377629&vrn=100100225883172&prver=0&pronetvd=null&region=16&sub_region=16",
  "prver" : "0",
  "isUik" : true,
  "selected" : false,
  "load_on_demand" : false
}, {
  "id" : 4164035377630,
  "text" : "УИК №1976",
  "href" : "region/izbirkom?action=show&root=162000044&tvd=4164035377630&vrn=100100225883172&prver=0&pronetvd=null&region=16&sub_region=16",
  "prver" : "0",
  "isUik" : true,
  "selected" : false,
  "load_on_demand" : false
}, {
  "id" : 4164035377631,
  "text" : "УИК №1977",
  "href" : "region/izbirkom?action=show&root=162000044&tvd=4164035377631&vrn=100100225883172&prver=0&pronetvd=null&region=16&sub_region=16",
  "prver" : "0",
  "isUik" : true,
  "selected" : false,
  "load_on_demand" : false
}, {
  "id" : 4164035377632,
  "text" : "УИК №1978",
  "href" : "region/izbirkom?action=show&root=162000044&tvd=4164035377632&vrn=100100225883172&prver=0&pronetvd=null&region=16&sub_region=16",
  "prver" : "0",
  "isUik" : true,
  "selected" : false,
  "load_on_demand" : false
}, {
  "id" : 4164035377633,
  "text" : "УИК №1979",
  "href" : "region/izbirkom?action=show&root=162000044&tvd=4164035377633&vrn=100100225883172&prver=0&pronetvd=null&region=16&sub_region=16",
  "prver" : "0",
  "isUik" : true,
  "selected" : false,
  "load_on_demand" : false
}, {
  "id" : 4164035377634,
  "text" : "УИК №1980",
  "href" : "region/izbirkom?action=show&root=162000044&tvd=4164035377634&vrn=100100225883172&prver=0&pronetvd=null&region=16&sub_region=16",
  "prver" : "0",
  "isUik" : true,
  "selected" : false,
  "load_on_demand" : false
}, {
  "id" : 4164035377635,
  "text" : "УИК №1981",
  "href" : "region/izbirkom?action=show&root=162000044&tvd=4164035377635&vrn=100100225883172&prver=0&pronetvd=null&region=16&sub_region=16",
  "prver" : "0",
  "isUik" : true,
  "selected" : false,
  "load_on_demand" : false
}, {
  "id" : 4164035377636,
  "text" : "УИК №1982",
  "href" : "region/izbirkom?action=show&root=162000044&tvd=4164035377636&vrn=100100225883172&prver=0&pronetvd=null&region=16&sub_region=16",
  "prver" : "0",
  "isUik" : true,
  "selected" : false,
  "load_on_demand" : false
}, {
  "id" : 4164035377637,
  "text" : "УИК №1983",
  "href" : "region/izbirkom?action=show&root=162000044&tvd=4164035377637&vrn=100100225883172&prver=0&pronetvd=null&region=16&sub_region=16",
  "prver" : "0",
  "isUik" : true,
  "selected" : false,
  "load_on_demand" : false
}, {
  "id" : 4164035377638,
  "text" : "УИК №1984",
  "href" : "region/izbirkom?action=show&root=162000044&tvd=4164035377638&vrn=100100225883172&prver=0&pronetvd=null&region=16&sub_region=16",
  "prver" : "0",
  "isUik" : true,
  "selected" : false,
  "load_on_demand" : false
} ]