[ {
  "id" : 4164015343060,
  "text" : "УИК №1244",
  "href" : "region/izbirkom?action=show&root=162000020&tvd=4164015343060&vrn=100100225883172&prver=0&pronetvd=null&region=16&sub_region=16",
  "prver" : "0",
  "isUik" : true,
  "selected" : false,
  "load_on_demand" : false
}, {
  "id" : 4164015343061,
  "text" : "УИК №1245",
  "href" : "region/izbirkom?action=show&root=162000020&tvd=4164015343061&vrn=100100225883172&prver=0&pronetvd=null&region=16&sub_region=16",
  "prver" : "0",
  "isUik" : true,
  "selected" : false,
  "load_on_demand" : false
}, {
  "id" : 4164015343062,
  "text" : "УИК №1246",
  "href" : "region/izbirkom?action=show&root=162000020&tvd=4164015343062&vrn=100100225883172&prver=0&pronetvd=null&region=16&sub_region=16",
  "prver" : "0",
  "isUik" : true,
  "selected" : false,
  "load_on_demand" : false
}, {
  "id" : 4164015343063,
  "text" : "УИК №1247",
  "href" : "region/izbirkom?action=show&root=162000020&tvd=4164015343063&vrn=100100225883172&prver=0&pronetvd=null&region=16&sub_region=16",
  "prver" : "0",
  "isUik" : true,
  "selected" : false,
  "load_on_demand" : false
}, {
  "id" : 4164015343064,
  "text" : "УИК №1248",
  "href" : "region/izbirkom?action=show&root=162000020&tvd=4164015343064&vrn=100100225883172&prver=0&pronetvd=null&region=16&sub_region=16",
  "prver" : "0",
  "isUik" : true,
  "selected" : false,
  "load_on_demand" : false
}, {
  "id" : 4164015343065,
  "text" : "УИК №1249",
  "href" : "region/izbirkom?action=show&root=162000020&tvd=4164015343065&vrn=100100225883172&prver=0&pronetvd=null&region=16&sub_region=16",
  "prver" : "0",
  "isUik" : true,
  "selected" : false,
  "load_on_demand" : false
}, {
  "id" : 4164015343066,
  "text" : "УИК №1250",
  "href" : "region/izbirkom?action=show&root=162000020&tvd=4164015343066&vrn=100100225883172&prver=0&pronetvd=null&region=16&sub_region=16",
  "prver" : "0",
  "isUik" : true,
  "selected" : false,
  "load_on_demand" : false
}, {
  "id" : 4164015343067,
  "text" : "УИК №1251",
  "href" : "region/izbirkom?action=show&root=162000020&tvd=4164015343067&vrn=100100225883172&prver=0&pronetvd=null&region=16&sub_region=16",
  "prver" : "0",
  "isUik" : true,
  "selected" : false,
  "load_on_demand" : false
}, {
  "id" : 4164015343068,
  "text" : "УИК №1252",
  "href" : "region/izbirkom?action=show&root=162000020&tvd=4164015343068&vrn=100100225883172&prver=0&pronetvd=null&region=16&sub_region=16",
  "prver" : "0",
  "isUik" : true,
  "selected" : false,
  "load_on_demand" : false
}, {
  "id" : 4164015343069,
  "text" : "УИК №1253",
  "href" : "region/izbirkom?action=show&root=162000020&tvd=4164015343069&vrn=100100225883172&prver=0&pronetvd=null&region=16&sub_region=16",
  "prver" : "0",
  "isUik" : true,
  "selected" : false,
  "load_on_demand" : false
}, {
  "id" : 4164015343070,
  "text" : "УИК №1254",
  "href" : "region/izbirkom?action=show&root=162000020&tvd=4164015343070&vrn=100100225883172&prver=0&pronetvd=null&region=16&sub_region=16",
  "prver" : "0",
  "isUik" : true,
  "selected" : false,
  "load_on_demand" : false
}, {
  "id" : 4164015343071,
  "text" : "УИК №1255",
  "href" : "region/izbirkom?action=show&root=162000020&tvd=4164015343071&vrn=100100225883172&prver=0&pronetvd=null&region=16&sub_region=16",
  "prver" : "0",
  "isUik" : true,
  "selected" : false,
  "load_on_demand" : false
}, {
  "id" : 4164015343072,
  "text" : "УИК №1256",
  "href" : "region/izbirkom?action=show&root=162000020&tvd=4164015343072&vrn=100100225883172&prver=0&pronetvd=null&region=16&sub_region=16",
  "prver" : "0",
  "isUik" : true,
  "selected" : false,
  "load_on_demand" : false
}, {
  "id" : 4164015343073,
  "text" : "УИК №1257",
  "href" : "region/izbirkom?action=show&root=162000020&tvd=4164015343073&vrn=100100225883172&prver=0&pronetvd=null&region=16&sub_region=16",
  "prver" : "0",
  "isUik" : true,
  "selected" : false,
  "load_on_demand" : false
}, {
  "id" : 4164015343074,
  "text" : "УИК №1258",
  "href" : "region/izbirkom?action=show&root=162000020&tvd=4164015343074&vrn=100100225883172&prver=0&pronetvd=null&region=16&sub_region=16",
  "prver" : "0",
  "isUik" : true,
  "selected" : false,
  "load_on_demand" : false
}, {
  "id" : 4164015343075,
  "text" : "УИК №1259",
  "href" : "region/izbirkom?action=show&root=162000020&tvd=4164015343075&vrn=100100225883172&prver=0&pronetvd=null&region=16&sub_region=16",
  "prver" : "0",
  "isUik" : true,
  "selected" : false,
  "load_on_demand" : false
}, {
  "id" : 4164015343076,
  "text" : "УИК №1260",
  "href" : "region/izbirkom?action=show&root=162000020&tvd=4164015343076&vrn=100100225883172&prver=0&pronetvd=null&region=16&sub_region=16",
  "prver" : "0",
  "isUik" : true,
  "selected" : false,
  "load_on_demand" : false
}, {
  "id" : 4164015343077,
  "text" : "УИК №1261",
  "href" : "region/izbirkom?action=show&root=162000020&tvd=4164015343077&vrn=100100225883172&prver=0&pronetvd=null&region=16&sub_region=16",
  "prver" : "0",
  "isUik" : true,
  "selected" : false,
  "load_on_demand" : false
}, {
  "id" : 4164015343078,
  "text" : "УИК №1262",
  "href" : "region/izbirkom?action=show&root=162000020&tvd=4164015343078&vrn=100100225883172&prver=0&pronetvd=null&region=16&sub_region=16",
  "prver" : "0",
  "isUik" : true,
  "selected" : false,
  "load_on_demand" : false
}, {
  "id" : 4164015343079,
  "text" : "УИК №1263",
  "href" : "region/izbirkom?action=show&root=162000020&tvd=4164015343079&vrn=100100225883172&prver=0&pronetvd=null&region=16&sub_region=16",
  "prver" : "0",
  "isUik" : true,
  "selected" : false,
  "load_on_demand" : false
}, {
  "id" : 4164015343080,
  "text" : "УИК №1264",
  "href" : "region/izbirkom?action=show&root=162000020&tvd=4164015343080&vrn=100100225883172&prver=0&pronetvd=null&region=16&sub_region=16",
  "prver" : "0",
  "isUik" : true,
  "selected" : false,
  "load_on_demand" : false
}, {
  "id" : 4164015343058,
  "text" : "УИК №1265",
  "href" : "region/izbirkom?action=show&root=162000020&tvd=4164015343058&vrn=100100225883172&prver=0&pronetvd=null&region=16&sub_region=16",
  "prver" : "0",
  "isUik" : true,
  "selected" : false,
  "load_on_demand" : false
}, {
  "id" : 4164015343082,
  "text" : "УИК №1267",
  "href" : "region/izbirkom?action=show&root=162000020&tvd=4164015343082&vrn=100100225883172&prver=0&pronetvd=null&region=16&sub_region=16",
  "prver" : "0",
  "isUik" : true,
  "selected" : false,
  "load_on_demand" : false
}, {
  "id" : 4164015343083,
  "text" : "УИК №1268",
  "href" : "region/izbirkom?action=show&root=162000020&tvd=4164015343083&vrn=100100225883172&prver=0&pronetvd=null&region=16&sub_region=16",
  "prver" : "0",
  "isUik" : true,
  "selected" : false,
  "load_on_demand" : false
}, {
  "id" : 4164015343084,
  "text" : "УИК №1269",
  "href" : "region/izbirkom?action=show&root=162000020&tvd=4164015343084&vrn=100100225883172&prver=0&pronetvd=null&region=16&sub_region=16",
  "prver" : "0",
  "isUik" : true,
  "selected" : false,
  "load_on_demand" : false
}, {
  "id" : 4164015343085,
  "text" : "УИК №1270",
  "href" : "region/izbirkom?action=show&root=162000020&tvd=4164015343085&vrn=100100225883172&prver=0&pronetvd=null&region=16&sub_region=16",
  "prver" : "0",
  "isUik" : true,
  "selected" : false,
  "load_on_demand" : false
}, {
  "id" : 4164015343086,
  "text" : "УИК №1271",
  "href" : "region/izbirkom?action=show&root=162000020&tvd=4164015343086&vrn=100100225883172&prver=0&pronetvd=null&region=16&sub_region=16",
  "prver" : "0",
  "isUik" : true,
  "selected" : false,
  "load_on_demand" : false
}, {
  "id" : 4164015343087,
  "text" : "УИК №1272",
  "href" : "region/izbirkom?action=show&root=162000020&tvd=4164015343087&vrn=100100225883172&prver=0&pronetvd=null&region=16&sub_region=16",
  "prver" : "0",
  "isUik" : true,
  "selected" : false,
  "load_on_demand" : false
}, {
  "id" : 4164015343088,
  "text" : "УИК №1273",
  "href" : "region/izbirkom?action=show&root=162000020&tvd=4164015343088&vrn=100100225883172&prver=0&pronetvd=null&region=16&sub_region=16",
  "prver" : "0",
  "isUik" : true,
  "selected" : false,
  "load_on_demand" : false
}, {
  "id" : 4164015343089,
  "text" : "УИК №1274",
  "href" : "region/izbirkom?action=show&root=162000020&tvd=4164015343089&vrn=100100225883172&prver=0&pronetvd=null&region=16&sub_region=16",
  "prver" : "0",
  "isUik" : true,
  "selected" : false,
  "load_on_demand" : false
}, {
  "id" : 4164015343090,
  "text" : "УИК №1275",
  "href" : "region/izbirkom?action=show&root=162000020&tvd=4164015343090&vrn=100100225883172&prver=0&pronetvd=null&region=16&sub_region=16",
  "prver" : "0",
  "isUik" : true,
  "selected" : false,
  "load_on_demand" : false
}, {
  "id" : 4164015343091,
  "text" : "УИК №1276",
  "href" : "region/izbirkom?action=show&root=162000020&tvd=4164015343091&vrn=100100225883172&prver=0&pronetvd=null&region=16&sub_region=16",
  "prver" : "0",
  "isUik" : true,
  "selected" : false,
  "load_on_demand" : false
}, {
  "id" : 4164015343092,
  "text" : "УИК №1277",
  "href" : "region/izbirkom?action=show&root=162000020&tvd=4164015343092&vrn=100100225883172&prver=0&pronetvd=null&region=16&sub_region=16",
  "prver" : "0",
  "isUik" : true,
  "selected" : false,
  "load_on_demand" : false
}, {
  "id" : 4164015343093,
  "text" : "УИК №1278",
  "href" : "region/izbirkom?action=show&root=162000020&tvd=4164015343093&vrn=100100225883172&prver=0&pronetvd=null&region=16&sub_region=16",
  "prver" : "0",
  "isUik" : true,
  "selected" : false,
  "load_on_demand" : false
}, {
  "id" : 4164015343094,
  "text" : "УИК №1279",
  "href" : "region/izbirkom?action=show&root=162000020&tvd=4164015343094&vrn=100100225883172&prver=0&pronetvd=null&region=16&sub_region=16",
  "prver" : "0",
  "isUik" : true,
  "selected" : false,
  "load_on_demand" : false
} ]