[ {
  "id" : 4164054325659,
  "text" : "УИК №1144",
  "href" : "region/izbirkom?action=show&root=162000054&tvd=4164054325659&vrn=100100225883172&prver=0&pronetvd=null&region=16&sub_region=16",
  "prver" : "0",
  "isUik" : true,
  "selected" : false,
  "load_on_demand" : false
}, {
  "id" : 4164054325660,
  "text" : "УИК №1145",
  "href" : "region/izbirkom?action=show&root=162000054&tvd=4164054325660&vrn=100100225883172&prver=0&pronetvd=null&region=16&sub_region=16",
  "prver" : "0",
  "isUik" : true,
  "selected" : false,
  "load_on_demand" : false
}, {
  "id" : 4164054325661,
  "text" : "УИК №1146",
  "href" : "region/izbirkom?action=show&root=162000054&tvd=4164054325661&vrn=100100225883172&prver=0&pronetvd=null&region=16&sub_region=16",
  "prver" : "0",
  "isUik" : true,
  "selected" : false,
  "load_on_demand" : false
}, {
  "id" : 4164054325662,
  "text" : "УИК №1147",
  "href" : "region/izbirkom?action=show&root=162000054&tvd=4164054325662&vrn=100100225883172&prver=0&pronetvd=null&region=16&sub_region=16",
  "prver" : "0",
  "isUik" : true,
  "selected" : false,
  "load_on_demand" : false
}, {
  "id" : 4164054325663,
  "text" : "УИК №1148",
  "href" : "region/izbirkom?action=show&root=162000054&tvd=4164054325663&vrn=100100225883172&prver=0&pronetvd=null&region=16&sub_region=16",
  "prver" : "0",
  "isUik" : true,
  "selected" : false,
  "load_on_demand" : false
}, {
  "id" : 4164054325664,
  "text" : "УИК №1149",
  "href" : "region/izbirkom?action=show&root=162000054&tvd=4164054325664&vrn=100100225883172&prver=0&pronetvd=null&region=16&sub_region=16",
  "prver" : "0",
  "isUik" : true,
  "selected" : false,
  "load_on_demand" : false
}, {
  "id" : 4164054325665,
  "text" : "УИК №1150",
  "href" : "region/izbirkom?action=show&root=162000054&tvd=4164054325665&vrn=100100225883172&prver=0&pronetvd=null&region=16&sub_region=16",
  "prver" : "0",
  "isUik" : true,
  "selected" : false,
  "load_on_demand" : false
}, {
  "id" : 4164054325666,
  "text" : "УИК №1151",
  "href" : "region/izbirkom?action=show&root=162000054&tvd=4164054325666&vrn=100100225883172&prver=0&pronetvd=null&region=16&sub_region=16",
  "prver" : "0",
  "isUik" : true,
  "selected" : false,
  "load_on_demand" : false
}, {
  "id" : 4164054325667,
  "text" : "УИК №1152",
  "href" : "region/izbirkom?action=show&root=162000054&tvd=4164054325667&vrn=100100225883172&prver=0&pronetvd=null&region=16&sub_region=16",
  "prver" : "0",
  "isUik" : true,
  "selected" : false,
  "load_on_demand" : false
}, {
  "id" : 4164054325668,
  "text" : "УИК №1153",
  "href" : "region/izbirkom?action=show&root=162000054&tvd=4164054325668&vrn=100100225883172&prver=0&pronetvd=null&region=16&sub_region=16",
  "prver" : "0",
  "isUik" : true,
  "selected" : false,
  "load_on_demand" : false
}, {
  "id" : 4164054325669,
  "text" : "УИК №1154",
  "href" : "region/izbirkom?action=show&root=162000054&tvd=4164054325669&vrn=100100225883172&prver=0&pronetvd=null&region=16&sub_region=16",
  "prver" : "0",
  "isUik" : true,
  "selected" : false,
  "load_on_demand" : false
}, {
  "id" : 4164054325670,
  "text" : "УИК №1155",
  "href" : "region/izbirkom?action=show&root=162000054&tvd=4164054325670&vrn=100100225883172&prver=0&pronetvd=null&region=16&sub_region=16",
  "prver" : "0",
  "isUik" : true,
  "selected" : false,
  "load_on_demand" : false
}, {
  "id" : 4164054325671,
  "text" : "УИК №1156",
  "href" : "region/izbirkom?action=show&root=162000054&tvd=4164054325671&vrn=100100225883172&prver=0&pronetvd=null&region=16&sub_region=16",
  "prver" : "0",
  "isUik" : true,
  "selected" : false,
  "load_on_demand" : false
}, {
  "id" : 4164054325672,
  "text" : "УИК №1157",
  "href" : "region/izbirkom?action=show&root=162000054&tvd=4164054325672&vrn=100100225883172&prver=0&pronetvd=null&region=16&sub_region=16",
  "prver" : "0",
  "isUik" : true,
  "selected" : false,
  "load_on_demand" : false
}, {
  "id" : 4164054325673,
  "text" : "УИК №1158",
  "href" : "region/izbirkom?action=show&root=162000054&tvd=4164054325673&vrn=100100225883172&prver=0&pronetvd=null&region=16&sub_region=16",
  "prver" : "0",
  "isUik" : true,
  "selected" : false,
  "load_on_demand" : false
}, {
  "id" : 4164054325674,
  "text" : "УИК №1159",
  "href" : "region/izbirkom?action=show&root=162000054&tvd=4164054325674&vrn=100100225883172&prver=0&pronetvd=null&region=16&sub_region=16",
  "prver" : "0",
  "isUik" : true,
  "selected" : false,
  "load_on_demand" : false
}, {
  "id" : 4164054325675,
  "text" : "УИК №1160",
  "href" : "region/izbirkom?action=show&root=162000054&tvd=4164054325675&vrn=100100225883172&prver=0&pronetvd=null&region=16&sub_region=16",
  "prver" : "0",
  "isUik" : true,
  "selected" : false,
  "load_on_demand" : false
}, {
  "id" : 4164054325676,
  "text" : "УИК №1161",
  "href" : "region/izbirkom?action=show&root=162000054&tvd=4164054325676&vrn=100100225883172&prver=0&pronetvd=null&region=16&sub_region=16",
  "prver" : "0",
  "isUik" : true,
  "selected" : false,
  "load_on_demand" : false
}, {
  "id" : 4164054325677,
  "text" : "УИК №1162",
  "href" : "region/izbirkom?action=show&root=162000054&tvd=4164054325677&vrn=100100225883172&prver=0&pronetvd=null&region=16&sub_region=16",
  "prver" : "0",
  "isUik" : true,
  "selected" : false,
  "load_on_demand" : false
}, {
  "id" : 4164054325678,
  "text" : "УИК №1163",
  "href" : "region/izbirkom?action=show&root=162000054&tvd=4164054325678&vrn=100100225883172&prver=0&pronetvd=null&region=16&sub_region=16",
  "prver" : "0",
  "isUik" : true,
  "selected" : false,
  "load_on_demand" : false
}, {
  "id" : 4164054325679,
  "text" : "УИК №1164",
  "href" : "region/izbirkom?action=show&root=162000054&tvd=4164054325679&vrn=100100225883172&prver=0&pronetvd=null&region=16&sub_region=16",
  "prver" : "0",
  "isUik" : true,
  "selected" : false,
  "load_on_demand" : false
}, {
  "id" : 4164054325680,
  "text" : "УИК №1165",
  "href" : "region/izbirkom?action=show&root=162000054&tvd=4164054325680&vrn=100100225883172&prver=0&pronetvd=null&region=16&sub_region=16",
  "prver" : "0",
  "isUik" : true,
  "selected" : false,
  "load_on_demand" : false
}, {
  "id" : 4164054325681,
  "text" : "УИК №1166",
  "href" : "region/izbirkom?action=show&root=162000054&tvd=4164054325681&vrn=100100225883172&prver=0&pronetvd=null&region=16&sub_region=16",
  "prver" : "0",
  "isUik" : true,
  "selected" : false,
  "load_on_demand" : false
}, {
  "id" : 4164054325682,
  "text" : "УИК №1167",
  "href" : "region/izbirkom?action=show&root=162000054&tvd=4164054325682&vrn=100100225883172&prver=0&pronetvd=null&region=16&sub_region=16",
  "prver" : "0",
  "isUik" : true,
  "selected" : false,
  "load_on_demand" : false
}, {
  "id" : 4164054325683,
  "text" : "УИК №1168",
  "href" : "region/izbirkom?action=show&root=162000054&tvd=4164054325683&vrn=100100225883172&prver=0&pronetvd=null&region=16&sub_region=16",
  "prver" : "0",
  "isUik" : true,
  "selected" : false,
  "load_on_demand" : false
}, {
  "id" : 4164054325684,
  "text" : "УИК №1169",
  "href" : "region/izbirkom?action=show&root=162000054&tvd=4164054325684&vrn=100100225883172&prver=0&pronetvd=null&region=16&sub_region=16",
  "prver" : "0",
  "isUik" : true,
  "selected" : false,
  "load_on_demand" : false
}, {
  "id" : 4164054325685,
  "text" : "УИК №1170",
  "href" : "region/izbirkom?action=show&root=162000054&tvd=4164054325685&vrn=100100225883172&prver=0&pronetvd=null&region=16&sub_region=16",
  "prver" : "0",
  "isUik" : true,
  "selected" : false,
  "load_on_demand" : false
}, {
  "id" : 4164054325686,
  "text" : "УИК №1171",
  "href" : "region/izbirkom?action=show&root=162000054&tvd=4164054325686&vrn=100100225883172&prver=0&pronetvd=null&region=16&sub_region=16",
  "prver" : "0",
  "isUik" : true,
  "selected" : false,
  "load_on_demand" : false
}, {
  "id" : 4164054325687,
  "text" : "УИК №1172",
  "href" : "region/izbirkom?action=show&root=162000054&tvd=4164054325687&vrn=100100225883172&prver=0&pronetvd=null&region=16&sub_region=16",
  "prver" : "0",
  "isUik" : true,
  "selected" : false,
  "load_on_demand" : false
} ]