[ {
  "id" : 4164020254042,
  "text" : "УИК №1497",
  "href" : "region/izbirkom?action=show&root=162000016&tvd=4164020254042&vrn=100100225883172&prver=0&pronetvd=null&region=16&sub_region=16",
  "prver" : "0",
  "isUik" : true,
  "selected" : false,
  "load_on_demand" : false
}, {
  "id" : 4164020249332,
  "text" : "УИК №1498",
  "href" : "region/izbirkom?action=show&root=162000016&tvd=4164020249332&vrn=100100225883172&prver=0&pronetvd=null&region=16&sub_region=16",
  "prver" : "0",
  "isUik" : true,
  "selected" : false,
  "load_on_demand" : false
}, {
  "id" : 4164020249333,
  "text" : "УИК №1499",
  "href" : "region/izbirkom?action=show&root=162000016&tvd=4164020249333&vrn=100100225883172&prver=0&pronetvd=null&region=16&sub_region=16",
  "prver" : "0",
  "isUik" : true,
  "selected" : false,
  "load_on_demand" : false
}, {
  "id" : 4164020249334,
  "text" : "УИК №1500",
  "href" : "region/izbirkom?action=show&root=162000016&tvd=4164020249334&vrn=100100225883172&prver=0&pronetvd=null&region=16&sub_region=16",
  "prver" : "0",
  "isUik" : true,
  "selected" : false,
  "load_on_demand" : false
}, {
  "id" : 4164020249335,
  "text" : "УИК №1501",
  "href" : "region/izbirkom?action=show&root=162000016&tvd=4164020249335&vrn=100100225883172&prver=0&pronetvd=null&region=16&sub_region=16",
  "prver" : "0",
  "isUik" : true,
  "selected" : false,
  "load_on_demand" : false
}, {
  "id" : 4164020249336,
  "text" : "УИК №1502",
  "href" : "region/izbirkom?action=show&root=162000016&tvd=4164020249336&vrn=100100225883172&prver=0&pronetvd=null&region=16&sub_region=16",
  "prver" : "0",
  "isUik" : true,
  "selected" : false,
  "load_on_demand" : false
}, {
  "id" : 4164020249337,
  "text" : "УИК №1503",
  "href" : "region/izbirkom?action=show&root=162000016&tvd=4164020249337&vrn=100100225883172&prver=0&pronetvd=null&region=16&sub_region=16",
  "prver" : "0",
  "isUik" : true,
  "selected" : false,
  "load_on_demand" : false
}, {
  "id" : 4164020249338,
  "text" : "УИК №1504",
  "href" : "region/izbirkom?action=show&root=162000016&tvd=4164020249338&vrn=100100225883172&prver=0&pronetvd=null&region=16&sub_region=16",
  "prver" : "0",
  "isUik" : true,
  "selected" : false,
  "load_on_demand" : false
}, {
  "id" : 4164020249339,
  "text" : "УИК №1505",
  "href" : "region/izbirkom?action=show&root=162000016&tvd=4164020249339&vrn=100100225883172&prver=0&pronetvd=null&region=16&sub_region=16",
  "prver" : "0",
  "isUik" : true,
  "selected" : false,
  "load_on_demand" : false
}, {
  "id" : 4164020249340,
  "text" : "УИК №1506",
  "href" : "region/izbirkom?action=show&root=162000016&tvd=4164020249340&vrn=100100225883172&prver=0&pronetvd=null&region=16&sub_region=16",
  "prver" : "0",
  "isUik" : true,
  "selected" : false,
  "load_on_demand" : false
}, {
  "id" : 4164020249341,
  "text" : "УИК №1507",
  "href" : "region/izbirkom?action=show&root=162000016&tvd=4164020249341&vrn=100100225883172&prver=0&pronetvd=null&region=16&sub_region=16",
  "prver" : "0",
  "isUik" : true,
  "selected" : false,
  "load_on_demand" : false
}, {
  "id" : 4164020249342,
  "text" : "УИК №1508",
  "href" : "region/izbirkom?action=show&root=162000016&tvd=4164020249342&vrn=100100225883172&prver=0&pronetvd=null&region=16&sub_region=16",
  "prver" : "0",
  "isUik" : true,
  "selected" : false,
  "load_on_demand" : false
}, {
  "id" : 4164020249343,
  "text" : "УИК №1509",
  "href" : "region/izbirkom?action=show&root=162000016&tvd=4164020249343&vrn=100100225883172&prver=0&pronetvd=null&region=16&sub_region=16",
  "prver" : "0",
  "isUik" : true,
  "selected" : false,
  "load_on_demand" : false
}, {
  "id" : 4164020249344,
  "text" : "УИК №1510",
  "href" : "region/izbirkom?action=show&root=162000016&tvd=4164020249344&vrn=100100225883172&prver=0&pronetvd=null&region=16&sub_region=16",
  "prver" : "0",
  "isUik" : true,
  "selected" : false,
  "load_on_demand" : false
}, {
  "id" : 4164020249345,
  "text" : "УИК №1511",
  "href" : "region/izbirkom?action=show&root=162000016&tvd=4164020249345&vrn=100100225883172&prver=0&pronetvd=null&region=16&sub_region=16",
  "prver" : "0",
  "isUik" : true,
  "selected" : false,
  "load_on_demand" : false
}, {
  "id" : 4164020249346,
  "text" : "УИК №1512",
  "href" : "region/izbirkom?action=show&root=162000016&tvd=4164020249346&vrn=100100225883172&prver=0&pronetvd=null&region=16&sub_region=16",
  "prver" : "0",
  "isUik" : true,
  "selected" : false,
  "load_on_demand" : false
}, {
  "id" : 4164020249347,
  "text" : "УИК №1513",
  "href" : "region/izbirkom?action=show&root=162000016&tvd=4164020249347&vrn=100100225883172&prver=0&pronetvd=null&region=16&sub_region=16",
  "prver" : "0",
  "isUik" : true,
  "selected" : false,
  "load_on_demand" : false
}, {
  "id" : 4164020249348,
  "text" : "УИК №1514",
  "href" : "region/izbirkom?action=show&root=162000016&tvd=4164020249348&vrn=100100225883172&prver=0&pronetvd=null&region=16&sub_region=16",
  "prver" : "0",
  "isUik" : true,
  "selected" : false,
  "load_on_demand" : false
}, {
  "id" : 4164020249349,
  "text" : "УИК №1515",
  "href" : "region/izbirkom?action=show&root=162000016&tvd=4164020249349&vrn=100100225883172&prver=0&pronetvd=null&region=16&sub_region=16",
  "prver" : "0",
  "isUik" : true,
  "selected" : false,
  "load_on_demand" : false
}, {
  "id" : 4164020249350,
  "text" : "УИК №1516",
  "href" : "region/izbirkom?action=show&root=162000016&tvd=4164020249350&vrn=100100225883172&prver=0&pronetvd=null&region=16&sub_region=16",
  "prver" : "0",
  "isUik" : true,
  "selected" : false,
  "load_on_demand" : false
}, {
  "id" : 4164020249351,
  "text" : "УИК №1517",
  "href" : "region/izbirkom?action=show&root=162000016&tvd=4164020249351&vrn=100100225883172&prver=0&pronetvd=null&region=16&sub_region=16",
  "prver" : "0",
  "isUik" : true,
  "selected" : false,
  "load_on_demand" : false
}, {
  "id" : 4164020249352,
  "text" : "УИК №1518",
  "href" : "region/izbirkom?action=show&root=162000016&tvd=4164020249352&vrn=100100225883172&prver=0&pronetvd=null&region=16&sub_region=16",
  "prver" : "0",
  "isUik" : true,
  "selected" : false,
  "load_on_demand" : false
}, {
  "id" : 4164020249353,
  "text" : "УИК №1519",
  "href" : "region/izbirkom?action=show&root=162000016&tvd=4164020249353&vrn=100100225883172&prver=0&pronetvd=null&region=16&sub_region=16",
  "prver" : "0",
  "isUik" : true,
  "selected" : false,
  "load_on_demand" : false
}, {
  "id" : 4164020249354,
  "text" : "УИК №1520",
  "href" : "region/izbirkom?action=show&root=162000016&tvd=4164020249354&vrn=100100225883172&prver=0&pronetvd=null&region=16&sub_region=16",
  "prver" : "0",
  "isUik" : true,
  "selected" : false,
  "load_on_demand" : false
}, {
  "id" : 4164020249355,
  "text" : "УИК №1521",
  "href" : "region/izbirkom?action=show&root=162000016&tvd=4164020249355&vrn=100100225883172&prver=0&pronetvd=null&region=16&sub_region=16",
  "prver" : "0",
  "isUik" : true,
  "selected" : false,
  "load_on_demand" : false
}, {
  "id" : 4164020249356,
  "text" : "УИК №1522",
  "href" : "region/izbirkom?action=show&root=162000016&tvd=4164020249356&vrn=100100225883172&prver=0&pronetvd=null&region=16&sub_region=16",
  "prver" : "0",
  "isUik" : true,
  "selected" : false,
  "load_on_demand" : false
}, {
  "id" : 4164020249357,
  "text" : "УИК №1523",
  "href" : "region/izbirkom?action=show&root=162000016&tvd=4164020249357&vrn=100100225883172&prver=0&pronetvd=null&region=16&sub_region=16",
  "prver" : "0",
  "isUik" : true,
  "selected" : false,
  "load_on_demand" : false
}, {
  "id" : 4164020249358,
  "text" : "УИК №1524",
  "href" : "region/izbirkom?action=show&root=162000016&tvd=4164020249358&vrn=100100225883172&prver=0&pronetvd=null&region=16&sub_region=16",
  "prver" : "0",
  "isUik" : true,
  "selected" : false,
  "load_on_demand" : false
}, {
  "id" : 4164020249359,
  "text" : "УИК №1525",
  "href" : "region/izbirkom?action=show&root=162000016&tvd=4164020249359&vrn=100100225883172&prver=0&pronetvd=null&region=16&sub_region=16",
  "prver" : "0",
  "isUik" : true,
  "selected" : false,
  "load_on_demand" : false
}, {
  "id" : 4164020249360,
  "text" : "УИК №1526",
  "href" : "region/izbirkom?action=show&root=162000016&tvd=4164020249360&vrn=100100225883172&prver=0&pronetvd=null&region=16&sub_region=16",
  "prver" : "0",
  "isUik" : true,
  "selected" : false,
  "load_on_demand" : false
}, {
  "id" : 4164020249361,
  "text" : "УИК №1527",
  "href" : "region/izbirkom?action=show&root=162000016&tvd=4164020249361&vrn=100100225883172&prver=0&pronetvd=null&region=16&sub_region=16",
  "prver" : "0",
  "isUik" : true,
  "selected" : false,
  "load_on_demand" : false
}, {
  "id" : 4164020249362,
  "text" : "УИК №1528",
  "href" : "region/izbirkom?action=show&root=162000016&tvd=4164020249362&vrn=100100225883172&prver=0&pronetvd=null&region=16&sub_region=16",
  "prver" : "0",
  "isUik" : true,
  "selected" : false,
  "load_on_demand" : false
}, {
  "id" : 4164020249363,
  "text" : "УИК №1529",
  "href" : "region/izbirkom?action=show&root=162000016&tvd=4164020249363&vrn=100100225883172&prver=0&pronetvd=null&region=16&sub_region=16",
  "prver" : "0",
  "isUik" : true,
  "selected" : false,
  "load_on_demand" : false
}, {
  "id" : 4164020249364,
  "text" : "УИК №1530",
  "href" : "region/izbirkom?action=show&root=162000016&tvd=4164020249364&vrn=100100225883172&prver=0&pronetvd=null&region=16&sub_region=16",
  "prver" : "0",
  "isUik" : true,
  "selected" : false,
  "load_on_demand" : false
}, {
  "id" : 4164020249365,
  "text" : "УИК №1531",
  "href" : "region/izbirkom?action=show&root=162000016&tvd=4164020249365&vrn=100100225883172&prver=0&pronetvd=null&region=16&sub_region=16",
  "prver" : "0",
  "isUik" : true,
  "selected" : false,
  "load_on_demand" : false
}, {
  "id" : 4164020249366,
  "text" : "УИК №1532",
  "href" : "region/izbirkom?action=show&root=162000016&tvd=4164020249366&vrn=100100225883172&prver=0&pronetvd=null&region=16&sub_region=16",
  "prver" : "0",
  "isUik" : true,
  "selected" : false,
  "load_on_demand" : false
}, {
  "id" : 4164020249367,
  "text" : "УИК №1533",
  "href" : "region/izbirkom?action=show&root=162000016&tvd=4164020249367&vrn=100100225883172&prver=0&pronetvd=null&region=16&sub_region=16",
  "prver" : "0",
  "isUik" : true,
  "selected" : false,
  "load_on_demand" : false
}, {
  "id" : 4164020249368,
  "text" : "УИК №1534",
  "href" : "region/izbirkom?action=show&root=162000016&tvd=4164020249368&vrn=100100225883172&prver=0&pronetvd=null&region=16&sub_region=16",
  "prver" : "0",
  "isUik" : true,
  "selected" : false,
  "load_on_demand" : false
}, {
  "id" : 4164020249369,
  "text" : "УИК №1572",
  "href" : "region/izbirkom?action=show&root=162000016&tvd=4164020249369&vrn=100100225883172&prver=0&pronetvd=null&region=16&sub_region=16",
  "prver" : "0",
  "isUik" : true,
  "selected" : false,
  "load_on_demand" : false
} ]