[ {
  "id" : 4164014180687,
  "text" : "УИК №1173",
  "href" : "region/izbirkom?action=show&root=162000021&tvd=4164014180687&vrn=100100225883172&prver=0&pronetvd=null&region=16&sub_region=16",
  "prver" : "0",
  "isUik" : true,
  "selected" : false,
  "load_on_demand" : false
}, {
  "id" : 4164014180688,
  "text" : "УИК №1174",
  "href" : "region/izbirkom?action=show&root=162000021&tvd=4164014180688&vrn=100100225883172&prver=0&pronetvd=null&region=16&sub_region=16",
  "prver" : "0",
  "isUik" : true,
  "selected" : false,
  "load_on_demand" : false
}, {
  "id" : 4164014180689,
  "text" : "УИК №1175",
  "href" : "region/izbirkom?action=show&root=162000021&tvd=4164014180689&vrn=100100225883172&prver=0&pronetvd=null&region=16&sub_region=16",
  "prver" : "0",
  "isUik" : true,
  "selected" : false,
  "load_on_demand" : false
}, {
  "id" : 4164014180690,
  "text" : "УИК №1176",
  "href" : "region/izbirkom?action=show&root=162000021&tvd=4164014180690&vrn=100100225883172&prver=0&pronetvd=null&region=16&sub_region=16",
  "prver" : "0",
  "isUik" : true,
  "selected" : false,
  "load_on_demand" : false
}, {
  "id" : 4164014180691,
  "text" : "УИК №1177",
  "href" : "region/izbirkom?action=show&root=162000021&tvd=4164014180691&vrn=100100225883172&prver=0&pronetvd=null&region=16&sub_region=16",
  "prver" : "0",
  "isUik" : true,
  "selected" : false,
  "load_on_demand" : false
}, {
  "id" : 4164014180692,
  "text" : "УИК №1178",
  "href" : "region/izbirkom?action=show&root=162000021&tvd=4164014180692&vrn=100100225883172&prver=0&pronetvd=null&region=16&sub_region=16",
  "prver" : "0",
  "isUik" : true,
  "selected" : false,
  "load_on_demand" : false
}, {
  "id" : 4164014180693,
  "text" : "УИК №1179",
  "href" : "region/izbirkom?action=show&root=162000021&tvd=4164014180693&vrn=100100225883172&prver=0&pronetvd=null&region=16&sub_region=16",
  "prver" : "0",
  "isUik" : true,
  "selected" : false,
  "load_on_demand" : false
}, {
  "id" : 4164014180694,
  "text" : "УИК №1180",
  "href" : "region/izbirkom?action=show&root=162000021&tvd=4164014180694&vrn=100100225883172&prver=0&pronetvd=null&region=16&sub_region=16",
  "prver" : "0",
  "isUik" : true,
  "selected" : false,
  "load_on_demand" : false
}, {
  "id" : 4164014180695,
  "text" : "УИК №1181",
  "href" : "region/izbirkom?action=show&root=162000021&tvd=4164014180695&vrn=100100225883172&prver=0&pronetvd=null&region=16&sub_region=16",
  "prver" : "0",
  "isUik" : true,
  "selected" : false,
  "load_on_demand" : false
}, {
  "id" : 4164014180696,
  "text" : "УИК №1182",
  "href" : "region/izbirkom?action=show&root=162000021&tvd=4164014180696&vrn=100100225883172&prver=0&pronetvd=null&region=16&sub_region=16",
  "prver" : "0",
  "isUik" : true,
  "selected" : false,
  "load_on_demand" : false
}, {
  "id" : 4164014180697,
  "text" : "УИК №1183",
  "href" : "region/izbirkom?action=show&root=162000021&tvd=4164014180697&vrn=100100225883172&prver=0&pronetvd=null&region=16&sub_region=16",
  "prver" : "0",
  "isUik" : true,
  "selected" : false,
  "load_on_demand" : false
}, {
  "id" : 4164014180698,
  "text" : "УИК №1184",
  "href" : "region/izbirkom?action=show&root=162000021&tvd=4164014180698&vrn=100100225883172&prver=0&pronetvd=null&region=16&sub_region=16",
  "prver" : "0",
  "isUik" : true,
  "selected" : false,
  "load_on_demand" : false
}, {
  "id" : 4164014180699,
  "text" : "УИК №1185",
  "href" : "region/izbirkom?action=show&root=162000021&tvd=4164014180699&vrn=100100225883172&prver=0&pronetvd=null&region=16&sub_region=16",
  "prver" : "0",
  "isUik" : true,
  "selected" : false,
  "load_on_demand" : false
}, {
  "id" : 4164014180700,
  "text" : "УИК №1186",
  "href" : "region/izbirkom?action=show&root=162000021&tvd=4164014180700&vrn=100100225883172&prver=0&pronetvd=null&region=16&sub_region=16",
  "prver" : "0",
  "isUik" : true,
  "selected" : false,
  "load_on_demand" : false
}, {
  "id" : 4164014180701,
  "text" : "УИК №1187",
  "href" : "region/izbirkom?action=show&root=162000021&tvd=4164014180701&vrn=100100225883172&prver=0&pronetvd=null&region=16&sub_region=16",
  "prver" : "0",
  "isUik" : true,
  "selected" : false,
  "load_on_demand" : false
} ]