[ {
  "id" : 4164018261109,
  "text" : "УИК №1371",
  "href" : "region/izbirkom?action=show&root=162000008&tvd=4164018261109&vrn=100100225883172&prver=0&pronetvd=null&region=16&sub_region=16",
  "prver" : "0",
  "isUik" : true,
  "selected" : false,
  "load_on_demand" : false
}, {
  "id" : 4164018261110,
  "text" : "УИК №1372",
  "href" : "region/izbirkom?action=show&root=162000008&tvd=4164018261110&vrn=100100225883172&prver=0&pronetvd=null&region=16&sub_region=16",
  "prver" : "0",
  "isUik" : true,
  "selected" : false,
  "load_on_demand" : false
}, {
  "id" : 4164018261111,
  "text" : "УИК №1373",
  "href" : "region/izbirkom?action=show&root=162000008&tvd=4164018261111&vrn=100100225883172&prver=0&pronetvd=null&region=16&sub_region=16",
  "prver" : "0",
  "isUik" : true,
  "selected" : false,
  "load_on_demand" : false
}, {
  "id" : 4164018261112,
  "text" : "УИК №1374",
  "href" : "region/izbirkom?action=show&root=162000008&tvd=4164018261112&vrn=100100225883172&prver=0&pronetvd=null&region=16&sub_region=16",
  "prver" : "0",
  "isUik" : true,
  "selected" : false,
  "load_on_demand" : false
}, {
  "id" : 4164018261113,
  "text" : "УИК №1375",
  "href" : "region/izbirkom?action=show&root=162000008&tvd=4164018261113&vrn=100100225883172&prver=0&pronetvd=null&region=16&sub_region=16",
  "prver" : "0",
  "isUik" : true,
  "selected" : false,
  "load_on_demand" : false
}, {
  "id" : 4164018261114,
  "text" : "УИК №1376",
  "href" : "region/izbirkom?action=show&root=162000008&tvd=4164018261114&vrn=100100225883172&prver=0&pronetvd=null&region=16&sub_region=16",
  "prver" : "0",
  "isUik" : true,
  "selected" : false,
  "load_on_demand" : false
}, {
  "id" : 4164018261115,
  "text" : "УИК №1377",
  "href" : "region/izbirkom?action=show&root=162000008&tvd=4164018261115&vrn=100100225883172&prver=0&pronetvd=null&region=16&sub_region=16",
  "prver" : "0",
  "isUik" : true,
  "selected" : false,
  "load_on_demand" : false
}, {
  "id" : 4164018261116,
  "text" : "УИК №1378",
  "href" : "region/izbirkom?action=show&root=162000008&tvd=4164018261116&vrn=100100225883172&prver=0&pronetvd=null&region=16&sub_region=16",
  "prver" : "0",
  "isUik" : true,
  "selected" : false,
  "load_on_demand" : false
}, {
  "id" : 4164018261117,
  "text" : "УИК №1379",
  "href" : "region/izbirkom?action=show&root=162000008&tvd=4164018261117&vrn=100100225883172&prver=0&pronetvd=null&region=16&sub_region=16",
  "prver" : "0",
  "isUik" : true,
  "selected" : false,
  "load_on_demand" : false
}, {
  "id" : 4164018261118,
  "text" : "УИК №1380",
  "href" : "region/izbirkom?action=show&root=162000008&tvd=4164018261118&vrn=100100225883172&prver=0&pronetvd=null&region=16&sub_region=16",
  "prver" : "0",
  "isUik" : true,
  "selected" : false,
  "load_on_demand" : false
}, {
  "id" : 4164018261119,
  "text" : "УИК №1381",
  "href" : "region/izbirkom?action=show&root=162000008&tvd=4164018261119&vrn=100100225883172&prver=0&pronetvd=null&region=16&sub_region=16",
  "prver" : "0",
  "isUik" : true,
  "selected" : false,
  "load_on_demand" : false
}, {
  "id" : 4164018261120,
  "text" : "УИК №1382",
  "href" : "region/izbirkom?action=show&root=162000008&tvd=4164018261120&vrn=100100225883172&prver=0&pronetvd=null&region=16&sub_region=16",
  "prver" : "0",
  "isUik" : true,
  "selected" : false,
  "load_on_demand" : false
}, {
  "id" : 4164018261121,
  "text" : "УИК №1383",
  "href" : "region/izbirkom?action=show&root=162000008&tvd=4164018261121&vrn=100100225883172&prver=0&pronetvd=null&region=16&sub_region=16",
  "prver" : "0",
  "isUik" : true,
  "selected" : false,
  "load_on_demand" : false
}, {
  "id" : 4164018261122,
  "text" : "УИК №1384",
  "href" : "region/izbirkom?action=show&root=162000008&tvd=4164018261122&vrn=100100225883172&prver=0&pronetvd=null&region=16&sub_region=16",
  "prver" : "0",
  "isUik" : true,
  "selected" : false,
  "load_on_demand" : false
}, {
  "id" : 4164018261123,
  "text" : "УИК №1385",
  "href" : "region/izbirkom?action=show&root=162000008&tvd=4164018261123&vrn=100100225883172&prver=0&pronetvd=null&region=16&sub_region=16",
  "prver" : "0",
  "isUik" : true,
  "selected" : false,
  "load_on_demand" : false
}, {
  "id" : 4164018261124,
  "text" : "УИК №1386",
  "href" : "region/izbirkom?action=show&root=162000008&tvd=4164018261124&vrn=100100225883172&prver=0&pronetvd=null&region=16&sub_region=16",
  "prver" : "0",
  "isUik" : true,
  "selected" : false,
  "load_on_demand" : false
}, {
  "id" : 4164018261125,
  "text" : "УИК №1387",
  "href" : "region/izbirkom?action=show&root=162000008&tvd=4164018261125&vrn=100100225883172&prver=0&pronetvd=null&region=16&sub_region=16",
  "prver" : "0",
  "isUik" : true,
  "selected" : false,
  "load_on_demand" : false
}, {
  "id" : 4164018261126,
  "text" : "УИК №1388",
  "href" : "region/izbirkom?action=show&root=162000008&tvd=4164018261126&vrn=100100225883172&prver=0&pronetvd=null&region=16&sub_region=16",
  "prver" : "0",
  "isUik" : true,
  "selected" : false,
  "load_on_demand" : false
}, {
  "id" : 4164018261127,
  "text" : "УИК №1389",
  "href" : "region/izbirkom?action=show&root=162000008&tvd=4164018261127&vrn=100100225883172&prver=0&pronetvd=null&region=16&sub_region=16",
  "prver" : "0",
  "isUik" : true,
  "selected" : false,
  "load_on_demand" : false
}, {
  "id" : 4164018261128,
  "text" : "УИК №1390",
  "href" : "region/izbirkom?action=show&root=162000008&tvd=4164018261128&vrn=100100225883172&prver=0&pronetvd=null&region=16&sub_region=16",
  "prver" : "0",
  "isUik" : true,
  "selected" : false,
  "load_on_demand" : false
}, {
  "id" : 4164018261129,
  "text" : "УИК №1391",
  "href" : "region/izbirkom?action=show&root=162000008&tvd=4164018261129&vrn=100100225883172&prver=0&pronetvd=null&region=16&sub_region=16",
  "prver" : "0",
  "isUik" : true,
  "selected" : false,
  "load_on_demand" : false
}, {
  "id" : 4164018261130,
  "text" : "УИК №1392",
  "href" : "region/izbirkom?action=show&root=162000008&tvd=4164018261130&vrn=100100225883172&prver=0&pronetvd=null&region=16&sub_region=16",
  "prver" : "0",
  "isUik" : true,
  "selected" : false,
  "load_on_demand" : false
}, {
  "id" : 4164018261131,
  "text" : "УИК №1393",
  "href" : "region/izbirkom?action=show&root=162000008&tvd=4164018261131&vrn=100100225883172&prver=0&pronetvd=null&region=16&sub_region=16",
  "prver" : "0",
  "isUik" : true,
  "selected" : false,
  "load_on_demand" : false
}, {
  "id" : 4164018261132,
  "text" : "УИК №1394",
  "href" : "region/izbirkom?action=show&root=162000008&tvd=4164018261132&vrn=100100225883172&prver=0&pronetvd=null&region=16&sub_region=16",
  "prver" : "0",
  "isUik" : true,
  "selected" : false,
  "load_on_demand" : false
}, {
  "id" : 4164018261133,
  "text" : "УИК №1395",
  "href" : "region/izbirkom?action=show&root=162000008&tvd=4164018261133&vrn=100100225883172&prver=0&pronetvd=null&region=16&sub_region=16",
  "prver" : "0",
  "isUik" : true,
  "selected" : false,
  "load_on_demand" : false
}, {
  "id" : 4164018261134,
  "text" : "УИК №1396",
  "href" : "region/izbirkom?action=show&root=162000008&tvd=4164018261134&vrn=100100225883172&prver=0&pronetvd=null&region=16&sub_region=16",
  "prver" : "0",
  "isUik" : true,
  "selected" : false,
  "load_on_demand" : false
}, {
  "id" : 4164018261135,
  "text" : "УИК №1397",
  "href" : "region/izbirkom?action=show&root=162000008&tvd=4164018261135&vrn=100100225883172&prver=0&pronetvd=null&region=16&sub_region=16",
  "prver" : "0",
  "isUik" : true,
  "selected" : false,
  "load_on_demand" : false
}, {
  "id" : 4164018261136,
  "text" : "УИК №1398",
  "href" : "region/izbirkom?action=show&root=162000008&tvd=4164018261136&vrn=100100225883172&prver=0&pronetvd=null&region=16&sub_region=16",
  "prver" : "0",
  "isUik" : true,
  "selected" : false,
  "load_on_demand" : false
}, {
  "id" : 4164018261137,
  "text" : "УИК №1399",
  "href" : "region/izbirkom?action=show&root=162000008&tvd=4164018261137&vrn=100100225883172&prver=0&pronetvd=null&region=16&sub_region=16",
  "prver" : "0",
  "isUik" : true,
  "selected" : false,
  "load_on_demand" : false
}, {
  "id" : 4164018261138,
  "text" : "УИК №1400",
  "href" : "region/izbirkom?action=show&root=162000008&tvd=4164018261138&vrn=100100225883172&prver=0&pronetvd=null&region=16&sub_region=16",
  "prver" : "0",
  "isUik" : true,
  "selected" : false,
  "load_on_demand" : false
}, {
  "id" : 4164018261139,
  "text" : "УИК №1401",
  "href" : "region/izbirkom?action=show&root=162000008&tvd=4164018261139&vrn=100100225883172&prver=0&pronetvd=null&region=16&sub_region=16",
  "prver" : "0",
  "isUik" : true,
  "selected" : false,
  "load_on_demand" : false
}, {
  "id" : 4164018261140,
  "text" : "УИК №1402",
  "href" : "region/izbirkom?action=show&root=162000008&tvd=4164018261140&vrn=100100225883172&prver=0&pronetvd=null&region=16&sub_region=16",
  "prver" : "0",
  "isUik" : true,
  "selected" : false,
  "load_on_demand" : false
}, {
  "id" : 4164018261141,
  "text" : "УИК №1403",
  "href" : "region/izbirkom?action=show&root=162000008&tvd=4164018261141&vrn=100100225883172&prver=0&pronetvd=null&region=16&sub_region=16",
  "prver" : "0",
  "isUik" : true,
  "selected" : false,
  "load_on_demand" : false
}, {
  "id" : 4164018261142,
  "text" : "УИК №1404",
  "href" : "region/izbirkom?action=show&root=162000008&tvd=4164018261142&vrn=100100225883172&prver=0&pronetvd=null&region=16&sub_region=16",
  "prver" : "0",
  "isUik" : true,
  "selected" : false,
  "load_on_demand" : false
}, {
  "id" : 4164018261143,
  "text" : "УИК №1405",
  "href" : "region/izbirkom?action=show&root=162000008&tvd=4164018261143&vrn=100100225883172&prver=0&pronetvd=null&region=16&sub_region=16",
  "prver" : "0",
  "isUik" : true,
  "selected" : false,
  "load_on_demand" : false
}, {
  "id" : 4164018261144,
  "text" : "УИК №1406",
  "href" : "region/izbirkom?action=show&root=162000008&tvd=4164018261144&vrn=100100225883172&prver=0&pronetvd=null&region=16&sub_region=16",
  "prver" : "0",
  "isUik" : true,
  "selected" : false,
  "load_on_demand" : false
}, {
  "id" : 4164018261145,
  "text" : "УИК №1407",
  "href" : "region/izbirkom?action=show&root=162000008&tvd=4164018261145&vrn=100100225883172&prver=0&pronetvd=null&region=16&sub_region=16",
  "prver" : "0",
  "isUik" : true,
  "selected" : false,
  "load_on_demand" : false
}, {
  "id" : 4164018263936,
  "text" : "УИК №1408",
  "href" : "region/izbirkom?action=show&root=162000008&tvd=4164018263936&vrn=100100225883172&prver=0&pronetvd=null&region=16&sub_region=16",
  "prver" : "0",
  "isUik" : true,
  "selected" : false,
  "load_on_demand" : false
}, {
  "id" : 4164018261147,
  "text" : "УИК №1409",
  "href" : "region/izbirkom?action=show&root=162000008&tvd=4164018261147&vrn=100100225883172&prver=0&pronetvd=null&region=16&sub_region=16",
  "prver" : "0",
  "isUik" : true,
  "selected" : false,
  "load_on_demand" : false
} ]