[ {
  "id" : 4164006375265,
  "text" : "УИК №715",
  "href" : "region/izbirkom?action=show&root=162000037&tvd=4164006375265&vrn=100100225883172&prver=0&pronetvd=null&region=16&sub_region=16",
  "prver" : "0",
  "isUik" : true,
  "selected" : false,
  "load_on_demand" : false
}, {
  "id" : 4164006375266,
  "text" : "УИК №716",
  "href" : "region/izbirkom?action=show&root=162000037&tvd=4164006375266&vrn=100100225883172&prver=0&pronetvd=null&region=16&sub_region=16",
  "prver" : "0",
  "isUik" : true,
  "selected" : false,
  "load_on_demand" : false
}, {
  "id" : 4164006375267,
  "text" : "УИК №717",
  "href" : "region/izbirkom?action=show&root=162000037&tvd=4164006375267&vrn=100100225883172&prver=0&pronetvd=null&region=16&sub_region=16",
  "prver" : "0",
  "isUik" : true,
  "selected" : false,
  "load_on_demand" : false
}, {
  "id" : 4164006375268,
  "text" : "УИК №718",
  "href" : "region/izbirkom?action=show&root=162000037&tvd=4164006375268&vrn=100100225883172&prver=0&pronetvd=null&region=16&sub_region=16",
  "prver" : "0",
  "isUik" : true,
  "selected" : false,
  "load_on_demand" : false
}, {
  "id" : 4164006375269,
  "text" : "УИК №719",
  "href" : "region/izbirkom?action=show&root=162000037&tvd=4164006375269&vrn=100100225883172&prver=0&pronetvd=null&region=16&sub_region=16",
  "prver" : "0",
  "isUik" : true,
  "selected" : false,
  "load_on_demand" : false
}, {
  "id" : 4164006375270,
  "text" : "УИК №720",
  "href" : "region/izbirkom?action=show&root=162000037&tvd=4164006375270&vrn=100100225883172&prver=0&pronetvd=null&region=16&sub_region=16",
  "prver" : "0",
  "isUik" : true,
  "selected" : false,
  "load_on_demand" : false
}, {
  "id" : 4164006375271,
  "text" : "УИК №721",
  "href" : "region/izbirkom?action=show&root=162000037&tvd=4164006375271&vrn=100100225883172&prver=0&pronetvd=null&region=16&sub_region=16",
  "prver" : "0",
  "isUik" : true,
  "selected" : false,
  "load_on_demand" : false
}, {
  "id" : 4164006375272,
  "text" : "УИК №722",
  "href" : "region/izbirkom?action=show&root=162000037&tvd=4164006375272&vrn=100100225883172&prver=0&pronetvd=null&region=16&sub_region=16",
  "prver" : "0",
  "isUik" : true,
  "selected" : false,
  "load_on_demand" : false
}, {
  "id" : 4164006375273,
  "text" : "УИК №723",
  "href" : "region/izbirkom?action=show&root=162000037&tvd=4164006375273&vrn=100100225883172&prver=0&pronetvd=null&region=16&sub_region=16",
  "prver" : "0",
  "isUik" : true,
  "selected" : false,
  "load_on_demand" : false
}, {
  "id" : 4164006375274,
  "text" : "УИК №724",
  "href" : "region/izbirkom?action=show&root=162000037&tvd=4164006375274&vrn=100100225883172&prver=0&pronetvd=null&region=16&sub_region=16",
  "prver" : "0",
  "isUik" : true,
  "selected" : false,
  "load_on_demand" : false
}, {
  "id" : 4164006375275,
  "text" : "УИК №725",
  "href" : "region/izbirkom?action=show&root=162000037&tvd=4164006375275&vrn=100100225883172&prver=0&pronetvd=null&region=16&sub_region=16",
  "prver" : "0",
  "isUik" : true,
  "selected" : false,
  "load_on_demand" : false
}, {
  "id" : 4164006375276,
  "text" : "УИК №726",
  "href" : "region/izbirkom?action=show&root=162000037&tvd=4164006375276&vrn=100100225883172&prver=0&pronetvd=null&region=16&sub_region=16",
  "prver" : "0",
  "isUik" : true,
  "selected" : false,
  "load_on_demand" : false
}, {
  "id" : 4164006375277,
  "text" : "УИК №727",
  "href" : "region/izbirkom?action=show&root=162000037&tvd=4164006375277&vrn=100100225883172&prver=0&pronetvd=null&region=16&sub_region=16",
  "prver" : "0",
  "isUik" : true,
  "selected" : false,
  "load_on_demand" : false
}, {
  "id" : 4164006375278,
  "text" : "УИК №728",
  "href" : "region/izbirkom?action=show&root=162000037&tvd=4164006375278&vrn=100100225883172&prver=0&pronetvd=null&region=16&sub_region=16",
  "prver" : "0",
  "isUik" : true,
  "selected" : false,
  "load_on_demand" : false
}, {
  "id" : 4164006375279,
  "text" : "УИК №729",
  "href" : "region/izbirkom?action=show&root=162000037&tvd=4164006375279&vrn=100100225883172&prver=0&pronetvd=null&region=16&sub_region=16",
  "prver" : "0",
  "isUik" : true,
  "selected" : false,
  "load_on_demand" : false
}, {
  "id" : 4164006375280,
  "text" : "УИК №730",
  "href" : "region/izbirkom?action=show&root=162000037&tvd=4164006375280&vrn=100100225883172&prver=0&pronetvd=null&region=16&sub_region=16",
  "prver" : "0",
  "isUik" : true,
  "selected" : false,
  "load_on_demand" : false
}, {
  "id" : 4164006375281,
  "text" : "УИК №731",
  "href" : "region/izbirkom?action=show&root=162000037&tvd=4164006375281&vrn=100100225883172&prver=0&pronetvd=null&region=16&sub_region=16",
  "prver" : "0",
  "isUik" : true,
  "selected" : false,
  "load_on_demand" : false
}, {
  "id" : 4164006375282,
  "text" : "УИК №732",
  "href" : "region/izbirkom?action=show&root=162000037&tvd=4164006375282&vrn=100100225883172&prver=0&pronetvd=null&region=16&sub_region=16",
  "prver" : "0",
  "isUik" : true,
  "selected" : false,
  "load_on_demand" : false
}, {
  "id" : 4164006375283,
  "text" : "УИК №733",
  "href" : "region/izbirkom?action=show&root=162000037&tvd=4164006375283&vrn=100100225883172&prver=0&pronetvd=null&region=16&sub_region=16",
  "prver" : "0",
  "isUik" : true,
  "selected" : false,
  "load_on_demand" : false
}, {
  "id" : 4164006375284,
  "text" : "УИК №734",
  "href" : "region/izbirkom?action=show&root=162000037&tvd=4164006375284&vrn=100100225883172&prver=0&pronetvd=null&region=16&sub_region=16",
  "prver" : "0",
  "isUik" : true,
  "selected" : false,
  "load_on_demand" : false
}, {
  "id" : 4164006375285,
  "text" : "УИК №735",
  "href" : "region/izbirkom?action=show&root=162000037&tvd=4164006375285&vrn=100100225883172&prver=0&pronetvd=null&region=16&sub_region=16",
  "prver" : "0",
  "isUik" : true,
  "selected" : false,
  "load_on_demand" : false
}, {
  "id" : 4164006375286,
  "text" : "УИК №736",
  "href" : "region/izbirkom?action=show&root=162000037&tvd=4164006375286&vrn=100100225883172&prver=0&pronetvd=null&region=16&sub_region=16",
  "prver" : "0",
  "isUik" : true,
  "selected" : false,
  "load_on_demand" : false
}, {
  "id" : 4164006375287,
  "text" : "УИК №737",
  "href" : "region/izbirkom?action=show&root=162000037&tvd=4164006375287&vrn=100100225883172&prver=0&pronetvd=null&region=16&sub_region=16",
  "prver" : "0",
  "isUik" : true,
  "selected" : false,
  "load_on_demand" : false
}, {
  "id" : 4164006375288,
  "text" : "УИК №738",
  "href" : "region/izbirkom?action=show&root=162000037&tvd=4164006375288&vrn=100100225883172&prver=0&pronetvd=null&region=16&sub_region=16",
  "prver" : "0",
  "isUik" : true,
  "selected" : false,
  "load_on_demand" : false
}, {
  "id" : 4164006375289,
  "text" : "УИК №739",
  "href" : "region/izbirkom?action=show&root=162000037&tvd=4164006375289&vrn=100100225883172&prver=0&pronetvd=null&region=16&sub_region=16",
  "prver" : "0",
  "isUik" : true,
  "selected" : false,
  "load_on_demand" : false
}, {
  "id" : 4164006375290,
  "text" : "УИК №740",
  "href" : "region/izbirkom?action=show&root=162000037&tvd=4164006375290&vrn=100100225883172&prver=0&pronetvd=null&region=16&sub_region=16",
  "prver" : "0",
  "isUik" : true,
  "selected" : false,
  "load_on_demand" : false
}, {
  "id" : 4164006375291,
  "text" : "УИК №741",
  "href" : "region/izbirkom?action=show&root=162000037&tvd=4164006375291&vrn=100100225883172&prver=0&pronetvd=null&region=16&sub_region=16",
  "prver" : "0",
  "isUik" : true,
  "selected" : false,
  "load_on_demand" : false
}, {
  "id" : 4164006375292,
  "text" : "УИК №742",
  "href" : "region/izbirkom?action=show&root=162000037&tvd=4164006375292&vrn=100100225883172&prver=0&pronetvd=null&region=16&sub_region=16",
  "prver" : "0",
  "isUik" : true,
  "selected" : false,
  "load_on_demand" : false
}, {
  "id" : 4164006375293,
  "text" : "УИК №743",
  "href" : "region/izbirkom?action=show&root=162000037&tvd=4164006375293&vrn=100100225883172&prver=0&pronetvd=null&region=16&sub_region=16",
  "prver" : "0",
  "isUik" : true,
  "selected" : false,
  "load_on_demand" : false
}, {
  "id" : 4164006375294,
  "text" : "УИК №744",
  "href" : "region/izbirkom?action=show&root=162000037&tvd=4164006375294&vrn=100100225883172&prver=0&pronetvd=null&region=16&sub_region=16",
  "prver" : "0",
  "isUik" : true,
  "selected" : false,
  "load_on_demand" : false
}, {
  "id" : 4164006375295,
  "text" : "УИК №745",
  "href" : "region/izbirkom?action=show&root=162000037&tvd=4164006375295&vrn=100100225883172&prver=0&pronetvd=null&region=16&sub_region=16",
  "prver" : "0",
  "isUik" : true,
  "selected" : false,
  "load_on_demand" : false
}, {
  "id" : 4164006375296,
  "text" : "УИК №746",
  "href" : "region/izbirkom?action=show&root=162000037&tvd=4164006375296&vrn=100100225883172&prver=0&pronetvd=null&region=16&sub_region=16",
  "prver" : "0",
  "isUik" : true,
  "selected" : false,
  "load_on_demand" : false
}, {
  "id" : 4164006375297,
  "text" : "УИК №747",
  "href" : "region/izbirkom?action=show&root=162000037&tvd=4164006375297&vrn=100100225883172&prver=0&pronetvd=null&region=16&sub_region=16",
  "prver" : "0",
  "isUik" : true,
  "selected" : false,
  "load_on_demand" : false
}, {
  "id" : 4164006375298,
  "text" : "УИК №748",
  "href" : "region/izbirkom?action=show&root=162000037&tvd=4164006375298&vrn=100100225883172&prver=0&pronetvd=null&region=16&sub_region=16",
  "prver" : "0",
  "isUik" : true,
  "selected" : false,
  "load_on_demand" : false
}, {
  "id" : 4164006375299,
  "text" : "УИК №749",
  "href" : "region/izbirkom?action=show&root=162000037&tvd=4164006375299&vrn=100100225883172&prver=0&pronetvd=null&region=16&sub_region=16",
  "prver" : "0",
  "isUik" : true,
  "selected" : false,
  "load_on_demand" : false
}, {
  "id" : 4164006375300,
  "text" : "УИК №750",
  "href" : "region/izbirkom?action=show&root=162000037&tvd=4164006375300&vrn=100100225883172&prver=0&pronetvd=null&region=16&sub_region=16",
  "prver" : "0",
  "isUik" : true,
  "selected" : false,
  "load_on_demand" : false
}, {
  "id" : 4164006375301,
  "text" : "УИК №751",
  "href" : "region/izbirkom?action=show&root=162000037&tvd=4164006375301&vrn=100100225883172&prver=0&pronetvd=null&region=16&sub_region=16",
  "prver" : "0",
  "isUik" : true,
  "selected" : false,
  "load_on_demand" : false
}, {
  "id" : 4164006375302,
  "text" : "УИК №752",
  "href" : "region/izbirkom?action=show&root=162000037&tvd=4164006375302&vrn=100100225883172&prver=0&pronetvd=null&region=16&sub_region=16",
  "prver" : "0",
  "isUik" : true,
  "selected" : false,
  "load_on_demand" : false
}, {
  "id" : 4164006375303,
  "text" : "УИК №753",
  "href" : "region/izbirkom?action=show&root=162000037&tvd=4164006375303&vrn=100100225883172&prver=0&pronetvd=null&region=16&sub_region=16",
  "prver" : "0",
  "isUik" : true,
  "selected" : false,
  "load_on_demand" : false
}, {
  "id" : 4164006375304,
  "text" : "УИК №754",
  "href" : "region/izbirkom?action=show&root=162000037&tvd=4164006375304&vrn=100100225883172&prver=0&pronetvd=null&region=16&sub_region=16",
  "prver" : "0",
  "isUik" : true,
  "selected" : false,
  "load_on_demand" : false
}, {
  "id" : 4164006375305,
  "text" : "УИК №755",
  "href" : "region/izbirkom?action=show&root=162000037&tvd=4164006375305&vrn=100100225883172&prver=0&pronetvd=null&region=16&sub_region=16",
  "prver" : "0",
  "isUik" : true,
  "selected" : false,
  "load_on_demand" : false
}, {
  "id" : 4164006375306,
  "text" : "УИК №756",
  "href" : "region/izbirkom?action=show&root=162000037&tvd=4164006375306&vrn=100100225883172&prver=0&pronetvd=null&region=16&sub_region=16",
  "prver" : "0",
  "isUik" : true,
  "selected" : false,
  "load_on_demand" : false
}, {
  "id" : 4164006375307,
  "text" : "УИК №757",
  "href" : "region/izbirkom?action=show&root=162000037&tvd=4164006375307&vrn=100100225883172&prver=0&pronetvd=null&region=16&sub_region=16",
  "prver" : "0",
  "isUik" : true,
  "selected" : false,
  "load_on_demand" : false
}, {
  "id" : 4164006375308,
  "text" : "УИК №758",
  "href" : "region/izbirkom?action=show&root=162000037&tvd=4164006375308&vrn=100100225883172&prver=0&pronetvd=null&region=16&sub_region=16",
  "prver" : "0",
  "isUik" : true,
  "selected" : false,
  "load_on_demand" : false
}, {
  "id" : 4164006375309,
  "text" : "УИК №759",
  "href" : "region/izbirkom?action=show&root=162000037&tvd=4164006375309&vrn=100100225883172&prver=0&pronetvd=null&region=16&sub_region=16",
  "prver" : "0",
  "isUik" : true,
  "selected" : false,
  "load_on_demand" : false
}, {
  "id" : 4164006375310,
  "text" : "УИК №760",
  "href" : "region/izbirkom?action=show&root=162000037&tvd=4164006375310&vrn=100100225883172&prver=0&pronetvd=null&region=16&sub_region=16",
  "prver" : "0",
  "isUik" : true,
  "selected" : false,
  "load_on_demand" : false
}, {
  "id" : 4164006375311,
  "text" : "УИК №761",
  "href" : "region/izbirkom?action=show&root=162000037&tvd=4164006375311&vrn=100100225883172&prver=0&pronetvd=null&region=16&sub_region=16",
  "prver" : "0",
  "isUik" : true,
  "selected" : false,
  "load_on_demand" : false
}, {
  "id" : 4164006375312,
  "text" : "УИК №762",
  "href" : "region/izbirkom?action=show&root=162000037&tvd=4164006375312&vrn=100100225883172&prver=0&pronetvd=null&region=16&sub_region=16",
  "prver" : "0",
  "isUik" : true,
  "selected" : false,
  "load_on_demand" : false
}, {
  "id" : 4164006375313,
  "text" : "УИК №763",
  "href" : "region/izbirkom?action=show&root=162000037&tvd=4164006375313&vrn=100100225883172&prver=0&pronetvd=null&region=16&sub_region=16",
  "prver" : "0",
  "isUik" : true,
  "selected" : false,
  "load_on_demand" : false
} ]