[ {
  "id" : 4164062406954,
  "text" : "УИК №2339",
  "href" : "region/izbirkom?action=show&root=162000031&tvd=4164062406954&vrn=100100225883172&prver=0&pronetvd=null&region=16&sub_region=16",
  "prver" : "0",
  "isUik" : true,
  "selected" : false,
  "load_on_demand" : false
}, {
  "id" : 4164062406955,
  "text" : "УИК №2341",
  "href" : "region/izbirkom?action=show&root=162000031&tvd=4164062406955&vrn=100100225883172&prver=0&pronetvd=null&region=16&sub_region=16",
  "prver" : "0",
  "isUik" : true,
  "selected" : false,
  "load_on_demand" : false
}, {
  "id" : 4164062406956,
  "text" : "УИК №2342",
  "href" : "region/izbirkom?action=show&root=162000031&tvd=4164062406956&vrn=100100225883172&prver=0&pronetvd=null&region=16&sub_region=16",
  "prver" : "0",
  "isUik" : true,
  "selected" : false,
  "load_on_demand" : false
}, {
  "id" : 4164062406957,
  "text" : "УИК №2343",
  "href" : "region/izbirkom?action=show&root=162000031&tvd=4164062406957&vrn=100100225883172&prver=0&pronetvd=null&region=16&sub_region=16",
  "prver" : "0",
  "isUik" : true,
  "selected" : false,
  "load_on_demand" : false
}, {
  "id" : 4164062406958,
  "text" : "УИК №2344",
  "href" : "region/izbirkom?action=show&root=162000031&tvd=4164062406958&vrn=100100225883172&prver=0&pronetvd=null&region=16&sub_region=16",
  "prver" : "0",
  "isUik" : true,
  "selected" : false,
  "load_on_demand" : false
}, {
  "id" : 4164062406959,
  "text" : "УИК №2345",
  "href" : "region/izbirkom?action=show&root=162000031&tvd=4164062406959&vrn=100100225883172&prver=0&pronetvd=null&region=16&sub_region=16",
  "prver" : "0",
  "isUik" : true,
  "selected" : false,
  "load_on_demand" : false
}, {
  "id" : 4164062406960,
  "text" : "УИК №2346",
  "href" : "region/izbirkom?action=show&root=162000031&tvd=4164062406960&vrn=100100225883172&prver=0&pronetvd=null&region=16&sub_region=16",
  "prver" : "0",
  "isUik" : true,
  "selected" : false,
  "load_on_demand" : false
}, {
  "id" : 4164062406961,
  "text" : "УИК №2347",
  "href" : "region/izbirkom?action=show&root=162000031&tvd=4164062406961&vrn=100100225883172&prver=0&pronetvd=null&region=16&sub_region=16",
  "prver" : "0",
  "isUik" : true,
  "selected" : false,
  "load_on_demand" : false
}, {
  "id" : 4164062406962,
  "text" : "УИК №2348",
  "href" : "region/izbirkom?action=show&root=162000031&tvd=4164062406962&vrn=100100225883172&prver=0&pronetvd=null&region=16&sub_region=16",
  "prver" : "0",
  "isUik" : true,
  "selected" : false,
  "load_on_demand" : false
}, {
  "id" : 4164062406963,
  "text" : "УИК №2349",
  "href" : "region/izbirkom?action=show&root=162000031&tvd=4164062406963&vrn=100100225883172&prver=0&pronetvd=null&region=16&sub_region=16",
  "prver" : "0",
  "isUik" : true,
  "selected" : false,
  "load_on_demand" : false
}, {
  "id" : 4164062406964,
  "text" : "УИК №2350",
  "href" : "region/izbirkom?action=show&root=162000031&tvd=4164062406964&vrn=100100225883172&prver=0&pronetvd=null&region=16&sub_region=16",
  "prver" : "0",
  "isUik" : true,
  "selected" : false,
  "load_on_demand" : false
}, {
  "id" : 4164062406965,
  "text" : "УИК №2351",
  "href" : "region/izbirkom?action=show&root=162000031&tvd=4164062406965&vrn=100100225883172&prver=0&pronetvd=null&region=16&sub_region=16",
  "prver" : "0",
  "isUik" : true,
  "selected" : false,
  "load_on_demand" : false
}, {
  "id" : 4164062406966,
  "text" : "УИК №2352",
  "href" : "region/izbirkom?action=show&root=162000031&tvd=4164062406966&vrn=100100225883172&prver=0&pronetvd=null&region=16&sub_region=16",
  "prver" : "0",
  "isUik" : true,
  "selected" : false,
  "load_on_demand" : false
}, {
  "id" : 4164062406967,
  "text" : "УИК №2353",
  "href" : "region/izbirkom?action=show&root=162000031&tvd=4164062406967&vrn=100100225883172&prver=0&pronetvd=null&region=16&sub_region=16",
  "prver" : "0",
  "isUik" : true,
  "selected" : false,
  "load_on_demand" : false
}, {
  "id" : 4164062406968,
  "text" : "УИК №2354",
  "href" : "region/izbirkom?action=show&root=162000031&tvd=4164062406968&vrn=100100225883172&prver=0&pronetvd=null&region=16&sub_region=16",
  "prver" : "0",
  "isUik" : true,
  "selected" : false,
  "load_on_demand" : false
}, {
  "id" : 4164062406969,
  "text" : "УИК №2355",
  "href" : "region/izbirkom?action=show&root=162000031&tvd=4164062406969&vrn=100100225883172&prver=0&pronetvd=null&region=16&sub_region=16",
  "prver" : "0",
  "isUik" : true,
  "selected" : false,
  "load_on_demand" : false
}, {
  "id" : 4164062406970,
  "text" : "УИК №2356",
  "href" : "region/izbirkom?action=show&root=162000031&tvd=4164062406970&vrn=100100225883172&prver=0&pronetvd=null&region=16&sub_region=16",
  "prver" : "0",
  "isUik" : true,
  "selected" : false,
  "load_on_demand" : false
}, {
  "id" : 4164062406971,
  "text" : "УИК №2357",
  "href" : "region/izbirkom?action=show&root=162000031&tvd=4164062406971&vrn=100100225883172&prver=0&pronetvd=null&region=16&sub_region=16",
  "prver" : "0",
  "isUik" : true,
  "selected" : false,
  "load_on_demand" : false
}, {
  "id" : 4164062406972,
  "text" : "УИК №2359",
  "href" : "region/izbirkom?action=show&root=162000031&tvd=4164062406972&vrn=100100225883172&prver=0&pronetvd=null&region=16&sub_region=16",
  "prver" : "0",
  "isUik" : true,
  "selected" : false,
  "load_on_demand" : false
}, {
  "id" : 4164062406973,
  "text" : "УИК №2360",
  "href" : "region/izbirkom?action=show&root=162000031&tvd=4164062406973&vrn=100100225883172&prver=0&pronetvd=null&region=16&sub_region=16",
  "prver" : "0",
  "isUik" : true,
  "selected" : false,
  "load_on_demand" : false
}, {
  "id" : 4164062406974,
  "text" : "УИК №2361",
  "href" : "region/izbirkom?action=show&root=162000031&tvd=4164062406974&vrn=100100225883172&prver=0&pronetvd=null&region=16&sub_region=16",
  "prver" : "0",
  "isUik" : true,
  "selected" : false,
  "load_on_demand" : false
}, {
  "id" : 4164062406975,
  "text" : "УИК №2362",
  "href" : "region/izbirkom?action=show&root=162000031&tvd=4164062406975&vrn=100100225883172&prver=0&pronetvd=null&region=16&sub_region=16",
  "prver" : "0",
  "isUik" : true,
  "selected" : false,
  "load_on_demand" : false
}, {
  "id" : 4164062406976,
  "text" : "УИК №2363",
  "href" : "region/izbirkom?action=show&root=162000031&tvd=4164062406976&vrn=100100225883172&prver=0&pronetvd=null&region=16&sub_region=16",
  "prver" : "0",
  "isUik" : true,
  "selected" : false,
  "load_on_demand" : false
}, {
  "id" : 4164062406977,
  "text" : "УИК №2364",
  "href" : "region/izbirkom?action=show&root=162000031&tvd=4164062406977&vrn=100100225883172&prver=0&pronetvd=null&region=16&sub_region=16",
  "prver" : "0",
  "isUik" : true,
  "selected" : false,
  "load_on_demand" : false
}, {
  "id" : 4164062406978,
  "text" : "УИК №2365",
  "href" : "region/izbirkom?action=show&root=162000031&tvd=4164062406978&vrn=100100225883172&prver=0&pronetvd=null&region=16&sub_region=16",
  "prver" : "0",
  "isUik" : true,
  "selected" : false,
  "load_on_demand" : false
}, {
  "id" : 4164062406979,
  "text" : "УИК №2366",
  "href" : "region/izbirkom?action=show&root=162000031&tvd=4164062406979&vrn=100100225883172&prver=0&pronetvd=null&region=16&sub_region=16",
  "prver" : "0",
  "isUik" : true,
  "selected" : false,
  "load_on_demand" : false
}, {
  "id" : 4164062406980,
  "text" : "УИК №2367",
  "href" : "region/izbirkom?action=show&root=162000031&tvd=4164062406980&vrn=100100225883172&prver=0&pronetvd=null&region=16&sub_region=16",
  "prver" : "0",
  "isUik" : true,
  "selected" : false,
  "load_on_demand" : false
}, {
  "id" : 4164062406981,
  "text" : "УИК №2368",
  "href" : "region/izbirkom?action=show&root=162000031&tvd=4164062406981&vrn=100100225883172&prver=0&pronetvd=null&region=16&sub_region=16",
  "prver" : "0",
  "isUik" : true,
  "selected" : false,
  "load_on_demand" : false
}, {
  "id" : 4164062406982,
  "text" : "УИК №2369",
  "href" : "region/izbirkom?action=show&root=162000031&tvd=4164062406982&vrn=100100225883172&prver=0&pronetvd=null&region=16&sub_region=16",
  "prver" : "0",
  "isUik" : true,
  "selected" : false,
  "load_on_demand" : false
}, {
  "id" : 4164062406983,
  "text" : "УИК №2370",
  "href" : "region/izbirkom?action=show&root=162000031&tvd=4164062406983&vrn=100100225883172&prver=0&pronetvd=null&region=16&sub_region=16",
  "prver" : "0",
  "isUik" : true,
  "selected" : false,
  "load_on_demand" : false
}, {
  "id" : 4164062406984,
  "text" : "УИК №2371",
  "href" : "region/izbirkom?action=show&root=162000031&tvd=4164062406984&vrn=100100225883172&prver=0&pronetvd=null&region=16&sub_region=16",
  "prver" : "0",
  "isUik" : true,
  "selected" : false,
  "load_on_demand" : false
}, {
  "id" : 4164062406985,
  "text" : "УИК №2372",
  "href" : "region/izbirkom?action=show&root=162000031&tvd=4164062406985&vrn=100100225883172&prver=0&pronetvd=null&region=16&sub_region=16",
  "prver" : "0",
  "isUik" : true,
  "selected" : false,
  "load_on_demand" : false
}, {
  "id" : 4164062406986,
  "text" : "УИК №2373",
  "href" : "region/izbirkom?action=show&root=162000031&tvd=4164062406986&vrn=100100225883172&prver=0&pronetvd=null&region=16&sub_region=16",
  "prver" : "0",
  "isUik" : true,
  "selected" : false,
  "load_on_demand" : false
}, {
  "id" : 4164062406987,
  "text" : "УИК №2374",
  "href" : "region/izbirkom?action=show&root=162000031&tvd=4164062406987&vrn=100100225883172&prver=0&pronetvd=null&region=16&sub_region=16",
  "prver" : "0",
  "isUik" : true,
  "selected" : false,
  "load_on_demand" : false
}, {
  "id" : 4164062406988,
  "text" : "УИК №2376",
  "href" : "region/izbirkom?action=show&root=162000031&tvd=4164062406988&vrn=100100225883172&prver=0&pronetvd=null&region=16&sub_region=16",
  "prver" : "0",
  "isUik" : true,
  "selected" : false,
  "load_on_demand" : false
}, {
  "id" : 4164062406989,
  "text" : "УИК №2377",
  "href" : "region/izbirkom?action=show&root=162000031&tvd=4164062406989&vrn=100100225883172&prver=0&pronetvd=null&region=16&sub_region=16",
  "prver" : "0",
  "isUik" : true,
  "selected" : false,
  "load_on_demand" : false
}, {
  "id" : 4164062406990,
  "text" : "УИК №2378",
  "href" : "region/izbirkom?action=show&root=162000031&tvd=4164062406990&vrn=100100225883172&prver=0&pronetvd=null&region=16&sub_region=16",
  "prver" : "0",
  "isUik" : true,
  "selected" : false,
  "load_on_demand" : false
}, {
  "id" : 4164062406991,
  "text" : "УИК №2380",
  "href" : "region/izbirkom?action=show&root=162000031&tvd=4164062406991&vrn=100100225883172&prver=0&pronetvd=null&region=16&sub_region=16",
  "prver" : "0",
  "isUik" : true,
  "selected" : false,
  "load_on_demand" : false
}, {
  "id" : 4164062406992,
  "text" : "УИК №2381",
  "href" : "region/izbirkom?action=show&root=162000031&tvd=4164062406992&vrn=100100225883172&prver=0&pronetvd=null&region=16&sub_region=16",
  "prver" : "0",
  "isUik" : true,
  "selected" : false,
  "load_on_demand" : false
}, {
  "id" : 4164062406993,
  "text" : "УИК №2382",
  "href" : "region/izbirkom?action=show&root=162000031&tvd=4164062406993&vrn=100100225883172&prver=0&pronetvd=null&region=16&sub_region=16",
  "prver" : "0",
  "isUik" : true,
  "selected" : false,
  "load_on_demand" : false
} ]