[ {
  "id" : 4164055350569,
  "text" : "УИК №1410",
  "href" : "region/izbirkom?action=show&root=162000009&tvd=4164055350569&vrn=100100225883172&prver=0&pronetvd=null&region=16&sub_region=16",
  "prver" : "0",
  "isUik" : true,
  "selected" : false,
  "load_on_demand" : false
}, {
  "id" : 4164055350570,
  "text" : "УИК №1411",
  "href" : "region/izbirkom?action=show&root=162000009&tvd=4164055350570&vrn=100100225883172&prver=0&pronetvd=null&region=16&sub_region=16",
  "prver" : "0",
  "isUik" : true,
  "selected" : false,
  "load_on_demand" : false
}, {
  "id" : 4164055350571,
  "text" : "УИК №1412",
  "href" : "region/izbirkom?action=show&root=162000009&tvd=4164055350571&vrn=100100225883172&prver=0&pronetvd=null&region=16&sub_region=16",
  "prver" : "0",
  "isUik" : true,
  "selected" : false,
  "load_on_demand" : false
}, {
  "id" : 4164055350572,
  "text" : "УИК №1413",
  "href" : "region/izbirkom?action=show&root=162000009&tvd=4164055350572&vrn=100100225883172&prver=0&pronetvd=null&region=16&sub_region=16",
  "prver" : "0",
  "isUik" : true,
  "selected" : false,
  "load_on_demand" : false
}, {
  "id" : 4164055350573,
  "text" : "УИК №1414",
  "href" : "region/izbirkom?action=show&root=162000009&tvd=4164055350573&vrn=100100225883172&prver=0&pronetvd=null&region=16&sub_region=16",
  "prver" : "0",
  "isUik" : true,
  "selected" : false,
  "load_on_demand" : false
}, {
  "id" : 4164055350574,
  "text" : "УИК №1415",
  "href" : "region/izbirkom?action=show&root=162000009&tvd=4164055350574&vrn=100100225883172&prver=0&pronetvd=null&region=16&sub_region=16",
  "prver" : "0",
  "isUik" : true,
  "selected" : false,
  "load_on_demand" : false
}, {
  "id" : 4164055350575,
  "text" : "УИК №1416",
  "href" : "region/izbirkom?action=show&root=162000009&tvd=4164055350575&vrn=100100225883172&prver=0&pronetvd=null&region=16&sub_region=16",
  "prver" : "0",
  "isUik" : true,
  "selected" : false,
  "load_on_demand" : false
}, {
  "id" : 4164055350576,
  "text" : "УИК №1417",
  "href" : "region/izbirkom?action=show&root=162000009&tvd=4164055350576&vrn=100100225883172&prver=0&pronetvd=null&region=16&sub_region=16",
  "prver" : "0",
  "isUik" : true,
  "selected" : false,
  "load_on_demand" : false
}, {
  "id" : 4164055350577,
  "text" : "УИК №1418",
  "href" : "region/izbirkom?action=show&root=162000009&tvd=4164055350577&vrn=100100225883172&prver=0&pronetvd=null&region=16&sub_region=16",
  "prver" : "0",
  "isUik" : true,
  "selected" : false,
  "load_on_demand" : false
}, {
  "id" : 4164055350578,
  "text" : "УИК №1419",
  "href" : "region/izbirkom?action=show&root=162000009&tvd=4164055350578&vrn=100100225883172&prver=0&pronetvd=null&region=16&sub_region=16",
  "prver" : "0",
  "isUik" : true,
  "selected" : false,
  "load_on_demand" : false
}, {
  "id" : 4164055350579,
  "text" : "УИК №1420",
  "href" : "region/izbirkom?action=show&root=162000009&tvd=4164055350579&vrn=100100225883172&prver=0&pronetvd=null&region=16&sub_region=16",
  "prver" : "0",
  "isUik" : true,
  "selected" : false,
  "load_on_demand" : false
}, {
  "id" : 4164055350580,
  "text" : "УИК №1421",
  "href" : "region/izbirkom?action=show&root=162000009&tvd=4164055350580&vrn=100100225883172&prver=0&pronetvd=null&region=16&sub_region=16",
  "prver" : "0",
  "isUik" : true,
  "selected" : false,
  "load_on_demand" : false
}, {
  "id" : 4164055350581,
  "text" : "УИК №1422",
  "href" : "region/izbirkom?action=show&root=162000009&tvd=4164055350581&vrn=100100225883172&prver=0&pronetvd=null&region=16&sub_region=16",
  "prver" : "0",
  "isUik" : true,
  "selected" : false,
  "load_on_demand" : false
}, {
  "id" : 4164055350582,
  "text" : "УИК №1423",
  "href" : "region/izbirkom?action=show&root=162000009&tvd=4164055350582&vrn=100100225883172&prver=0&pronetvd=null&region=16&sub_region=16",
  "prver" : "0",
  "isUik" : true,
  "selected" : false,
  "load_on_demand" : false
}, {
  "id" : 4164055350583,
  "text" : "УИК №1424",
  "href" : "region/izbirkom?action=show&root=162000009&tvd=4164055350583&vrn=100100225883172&prver=0&pronetvd=null&region=16&sub_region=16",
  "prver" : "0",
  "isUik" : true,
  "selected" : false,
  "load_on_demand" : false
}, {
  "id" : 4164055350584,
  "text" : "УИК №1425",
  "href" : "region/izbirkom?action=show&root=162000009&tvd=4164055350584&vrn=100100225883172&prver=0&pronetvd=null&region=16&sub_region=16",
  "prver" : "0",
  "isUik" : true,
  "selected" : false,
  "load_on_demand" : false
}, {
  "id" : 4164055350585,
  "text" : "УИК №1426",
  "href" : "region/izbirkom?action=show&root=162000009&tvd=4164055350585&vrn=100100225883172&prver=0&pronetvd=null&region=16&sub_region=16",
  "prver" : "0",
  "isUik" : true,
  "selected" : false,
  "load_on_demand" : false
}, {
  "id" : 4164055350586,
  "text" : "УИК №1427",
  "href" : "region/izbirkom?action=show&root=162000009&tvd=4164055350586&vrn=100100225883172&prver=0&pronetvd=null&region=16&sub_region=16",
  "prver" : "0",
  "isUik" : true,
  "selected" : false,
  "load_on_demand" : false
}, {
  "id" : 4164055350587,
  "text" : "УИК №1428",
  "href" : "region/izbirkom?action=show&root=162000009&tvd=4164055350587&vrn=100100225883172&prver=0&pronetvd=null&region=16&sub_region=16",
  "prver" : "0",
  "isUik" : true,
  "selected" : false,
  "load_on_demand" : false
}, {
  "id" : 4164055350588,
  "text" : "УИК №1429",
  "href" : "region/izbirkom?action=show&root=162000009&tvd=4164055350588&vrn=100100225883172&prver=0&pronetvd=null&region=16&sub_region=16",
  "prver" : "0",
  "isUik" : true,
  "selected" : false,
  "load_on_demand" : false
}, {
  "id" : 4164055350589,
  "text" : "УИК №1430",
  "href" : "region/izbirkom?action=show&root=162000009&tvd=4164055350589&vrn=100100225883172&prver=0&pronetvd=null&region=16&sub_region=16",
  "prver" : "0",
  "isUik" : true,
  "selected" : false,
  "load_on_demand" : false
}, {
  "id" : 4164055350590,
  "text" : "УИК №1431",
  "href" : "region/izbirkom?action=show&root=162000009&tvd=4164055350590&vrn=100100225883172&prver=0&pronetvd=null&region=16&sub_region=16",
  "prver" : "0",
  "isUik" : true,
  "selected" : false,
  "load_on_demand" : false
}, {
  "id" : 4164055350591,
  "text" : "УИК №1432",
  "href" : "region/izbirkom?action=show&root=162000009&tvd=4164055350591&vrn=100100225883172&prver=0&pronetvd=null&region=16&sub_region=16",
  "prver" : "0",
  "isUik" : true,
  "selected" : false,
  "load_on_demand" : false
} ]