[ {
  "id" : 4164002213812,
  "text" : "УИК №508",
  "href" : "region/izbirkom?action=show&root=162000059&tvd=4164002213812&vrn=100100225883172&prver=0&pronetvd=null&region=16&sub_region=16",
  "prver" : "0",
  "isUik" : true,
  "selected" : false,
  "load_on_demand" : false
}, {
  "id" : 4164002213814,
  "text" : "УИК №509",
  "href" : "region/izbirkom?action=show&root=162000059&tvd=4164002213814&vrn=100100225883172&prver=0&pronetvd=null&region=16&sub_region=16",
  "prver" : "0",
  "isUik" : true,
  "selected" : false,
  "load_on_demand" : false
}, {
  "id" : 4164002213815,
  "text" : "УИК №510",
  "href" : "region/izbirkom?action=show&root=162000059&tvd=4164002213815&vrn=100100225883172&prver=0&pronetvd=null&region=16&sub_region=16",
  "prver" : "0",
  "isUik" : true,
  "selected" : false,
  "load_on_demand" : false
}, {
  "id" : 4164002213816,
  "text" : "УИК №511",
  "href" : "region/izbirkom?action=show&root=162000059&tvd=4164002213816&vrn=100100225883172&prver=0&pronetvd=null&region=16&sub_region=16",
  "prver" : "0",
  "isUik" : true,
  "selected" : false,
  "load_on_demand" : false
}, {
  "id" : 4164002213817,
  "text" : "УИК №512",
  "href" : "region/izbirkom?action=show&root=162000059&tvd=4164002213817&vrn=100100225883172&prver=0&pronetvd=null&region=16&sub_region=16",
  "prver" : "0",
  "isUik" : true,
  "selected" : false,
  "load_on_demand" : false
}, {
  "id" : 4164002213818,
  "text" : "УИК №513",
  "href" : "region/izbirkom?action=show&root=162000059&tvd=4164002213818&vrn=100100225883172&prver=0&pronetvd=null&region=16&sub_region=16",
  "prver" : "0",
  "isUik" : true,
  "selected" : false,
  "load_on_demand" : false
}, {
  "id" : 4164002213819,
  "text" : "УИК №514",
  "href" : "region/izbirkom?action=show&root=162000059&tvd=4164002213819&vrn=100100225883172&prver=0&pronetvd=null&region=16&sub_region=16",
  "prver" : "0",
  "isUik" : true,
  "selected" : false,
  "load_on_demand" : false
}, {
  "id" : 4164002213820,
  "text" : "УИК №515",
  "href" : "region/izbirkom?action=show&root=162000059&tvd=4164002213820&vrn=100100225883172&prver=0&pronetvd=null&region=16&sub_region=16",
  "prver" : "0",
  "isUik" : true,
  "selected" : false,
  "load_on_demand" : false
}, {
  "id" : 4164002213821,
  "text" : "УИК №516",
  "href" : "region/izbirkom?action=show&root=162000059&tvd=4164002213821&vrn=100100225883172&prver=0&pronetvd=null&region=16&sub_region=16",
  "prver" : "0",
  "isUik" : true,
  "selected" : false,
  "load_on_demand" : false
}, {
  "id" : 4164002213822,
  "text" : "УИК №517",
  "href" : "region/izbirkom?action=show&root=162000059&tvd=4164002213822&vrn=100100225883172&prver=0&pronetvd=null&region=16&sub_region=16",
  "prver" : "0",
  "isUik" : true,
  "selected" : false,
  "load_on_demand" : false
}, {
  "id" : 4164002213823,
  "text" : "УИК №518",
  "href" : "region/izbirkom?action=show&root=162000059&tvd=4164002213823&vrn=100100225883172&prver=0&pronetvd=null&region=16&sub_region=16",
  "prver" : "0",
  "isUik" : true,
  "selected" : false,
  "load_on_demand" : false
}, {
  "id" : 4164002213824,
  "text" : "УИК №519",
  "href" : "region/izbirkom?action=show&root=162000059&tvd=4164002213824&vrn=100100225883172&prver=0&pronetvd=null&region=16&sub_region=16",
  "prver" : "0",
  "isUik" : true,
  "selected" : false,
  "load_on_demand" : false
}, {
  "id" : 4164002213825,
  "text" : "УИК №520",
  "href" : "region/izbirkom?action=show&root=162000059&tvd=4164002213825&vrn=100100225883172&prver=0&pronetvd=null&region=16&sub_region=16",
  "prver" : "0",
  "isUik" : true,
  "selected" : false,
  "load_on_demand" : false
}, {
  "id" : 4164002213826,
  "text" : "УИК №521",
  "href" : "region/izbirkom?action=show&root=162000059&tvd=4164002213826&vrn=100100225883172&prver=0&pronetvd=null&region=16&sub_region=16",
  "prver" : "0",
  "isUik" : true,
  "selected" : false,
  "load_on_demand" : false
}, {
  "id" : 4164002213827,
  "text" : "УИК №522",
  "href" : "region/izbirkom?action=show&root=162000059&tvd=4164002213827&vrn=100100225883172&prver=0&pronetvd=null&region=16&sub_region=16",
  "prver" : "0",
  "isUik" : true,
  "selected" : false,
  "load_on_demand" : false
}, {
  "id" : 4164002213828,
  "text" : "УИК №523",
  "href" : "region/izbirkom?action=show&root=162000059&tvd=4164002213828&vrn=100100225883172&prver=0&pronetvd=null&region=16&sub_region=16",
  "prver" : "0",
  "isUik" : true,
  "selected" : false,
  "load_on_demand" : false
}, {
  "id" : 4164002213829,
  "text" : "УИК №524",
  "href" : "region/izbirkom?action=show&root=162000059&tvd=4164002213829&vrn=100100225883172&prver=0&pronetvd=null&region=16&sub_region=16",
  "prver" : "0",
  "isUik" : true,
  "selected" : false,
  "load_on_demand" : false
}, {
  "id" : 4164002213830,
  "text" : "УИК №525",
  "href" : "region/izbirkom?action=show&root=162000059&tvd=4164002213830&vrn=100100225883172&prver=0&pronetvd=null&region=16&sub_region=16",
  "prver" : "0",
  "isUik" : true,
  "selected" : false,
  "load_on_demand" : false
}, {
  "id" : 4164002213831,
  "text" : "УИК №526",
  "href" : "region/izbirkom?action=show&root=162000059&tvd=4164002213831&vrn=100100225883172&prver=0&pronetvd=null&region=16&sub_region=16",
  "prver" : "0",
  "isUik" : true,
  "selected" : false,
  "load_on_demand" : false
}, {
  "id" : 4164002213832,
  "text" : "УИК №527",
  "href" : "region/izbirkom?action=show&root=162000059&tvd=4164002213832&vrn=100100225883172&prver=0&pronetvd=null&region=16&sub_region=16",
  "prver" : "0",
  "isUik" : true,
  "selected" : false,
  "load_on_demand" : false
} ]