[ {
  "id" : 4164011184855,
  "text" : "УИК №1022",
  "href" : "region/izbirkom?action=show&root=162000055&tvd=4164011184855&vrn=100100225883172&prver=0&pronetvd=null&region=16&sub_region=16",
  "prver" : "0",
  "isUik" : true,
  "selected" : false,
  "load_on_demand" : false
}, {
  "id" : 4164011184856,
  "text" : "УИК №1023",
  "href" : "region/izbirkom?action=show&root=162000055&tvd=4164011184856&vrn=100100225883172&prver=0&pronetvd=null&region=16&sub_region=16",
  "prver" : "0",
  "isUik" : true,
  "selected" : false,
  "load_on_demand" : false
}, {
  "id" : 4164011184857,
  "text" : "УИК №1024",
  "href" : "region/izbirkom?action=show&root=162000055&tvd=4164011184857&vrn=100100225883172&prver=0&pronetvd=null&region=16&sub_region=16",
  "prver" : "0",
  "isUik" : true,
  "selected" : false,
  "load_on_demand" : false
}, {
  "id" : 4164011184858,
  "text" : "УИК №1025",
  "href" : "region/izbirkom?action=show&root=162000055&tvd=4164011184858&vrn=100100225883172&prver=0&pronetvd=null&region=16&sub_region=16",
  "prver" : "0",
  "isUik" : true,
  "selected" : false,
  "load_on_demand" : false
}, {
  "id" : 4164011184859,
  "text" : "УИК №1026",
  "href" : "region/izbirkom?action=show&root=162000055&tvd=4164011184859&vrn=100100225883172&prver=0&pronetvd=null&region=16&sub_region=16",
  "prver" : "0",
  "isUik" : true,
  "selected" : false,
  "load_on_demand" : false
}, {
  "id" : 4164011184860,
  "text" : "УИК №1027",
  "href" : "region/izbirkom?action=show&root=162000055&tvd=4164011184860&vrn=100100225883172&prver=0&pronetvd=null&region=16&sub_region=16",
  "prver" : "0",
  "isUik" : true,
  "selected" : false,
  "load_on_demand" : false
}, {
  "id" : 4164011184861,
  "text" : "УИК №1028",
  "href" : "region/izbirkom?action=show&root=162000055&tvd=4164011184861&vrn=100100225883172&prver=0&pronetvd=null&region=16&sub_region=16",
  "prver" : "0",
  "isUik" : true,
  "selected" : false,
  "load_on_demand" : false
}, {
  "id" : 4164011184862,
  "text" : "УИК №1029",
  "href" : "region/izbirkom?action=show&root=162000055&tvd=4164011184862&vrn=100100225883172&prver=0&pronetvd=null&region=16&sub_region=16",
  "prver" : "0",
  "isUik" : true,
  "selected" : false,
  "load_on_demand" : false
}, {
  "id" : 4164011184863,
  "text" : "УИК №1030",
  "href" : "region/izbirkom?action=show&root=162000055&tvd=4164011184863&vrn=100100225883172&prver=0&pronetvd=null&region=16&sub_region=16",
  "prver" : "0",
  "isUik" : true,
  "selected" : false,
  "load_on_demand" : false
}, {
  "id" : 4164011184864,
  "text" : "УИК №1031",
  "href" : "region/izbirkom?action=show&root=162000055&tvd=4164011184864&vrn=100100225883172&prver=0&pronetvd=null&region=16&sub_region=16",
  "prver" : "0",
  "isUik" : true,
  "selected" : false,
  "load_on_demand" : false
}, {
  "id" : 4164011184865,
  "text" : "УИК №1032",
  "href" : "region/izbirkom?action=show&root=162000055&tvd=4164011184865&vrn=100100225883172&prver=0&pronetvd=null&region=16&sub_region=16",
  "prver" : "0",
  "isUik" : true,
  "selected" : false,
  "load_on_demand" : false
}, {
  "id" : 4164011184866,
  "text" : "УИК №1033",
  "href" : "region/izbirkom?action=show&root=162000055&tvd=4164011184866&vrn=100100225883172&prver=0&pronetvd=null&region=16&sub_region=16",
  "prver" : "0",
  "isUik" : true,
  "selected" : false,
  "load_on_demand" : false
}, {
  "id" : 4164011184867,
  "text" : "УИК №1034",
  "href" : "region/izbirkom?action=show&root=162000055&tvd=4164011184867&vrn=100100225883172&prver=0&pronetvd=null&region=16&sub_region=16",
  "prver" : "0",
  "isUik" : true,
  "selected" : false,
  "load_on_demand" : false
}, {
  "id" : 4164011184868,
  "text" : "УИК №1035",
  "href" : "region/izbirkom?action=show&root=162000055&tvd=4164011184868&vrn=100100225883172&prver=0&pronetvd=null&region=16&sub_region=16",
  "prver" : "0",
  "isUik" : true,
  "selected" : false,
  "load_on_demand" : false
}, {
  "id" : 4164011184869,
  "text" : "УИК №1036",
  "href" : "region/izbirkom?action=show&root=162000055&tvd=4164011184869&vrn=100100225883172&prver=0&pronetvd=null&region=16&sub_region=16",
  "prver" : "0",
  "isUik" : true,
  "selected" : false,
  "load_on_demand" : false
}, {
  "id" : 4164011184870,
  "text" : "УИК №1037",
  "href" : "region/izbirkom?action=show&root=162000055&tvd=4164011184870&vrn=100100225883172&prver=0&pronetvd=null&region=16&sub_region=16",
  "prver" : "0",
  "isUik" : true,
  "selected" : false,
  "load_on_demand" : false
} ]