[ {
  "id" : 4164027555890,
  "text" : "УИК №183",
  "href" : "region/izbirkom?action=show&root=162000063&tvd=4164027555890&vrn=100100225883172&prver=0&pronetvd=null&region=16&sub_region=16",
  "prver" : "0",
  "isUik" : true,
  "selected" : false,
  "load_on_demand" : false
}, {
  "id" : 4164027555891,
  "text" : "УИК №349",
  "href" : "region/izbirkom?action=show&root=162000063&tvd=4164027555891&vrn=100100225883172&prver=0&pronetvd=null&region=16&sub_region=16",
  "prver" : "0",
  "isUik" : true,
  "selected" : false,
  "load_on_demand" : false
}, {
  "id" : 4164027555892,
  "text" : "УИК №350",
  "href" : "region/izbirkom?action=show&root=162000063&tvd=4164027555892&vrn=100100225883172&prver=0&pronetvd=null&region=16&sub_region=16",
  "prver" : "0",
  "isUik" : true,
  "selected" : false,
  "load_on_demand" : false
}, {
  "id" : 4164027555893,
  "text" : "УИК №351",
  "href" : "region/izbirkom?action=show&root=162000063&tvd=4164027555893&vrn=100100225883172&prver=0&pronetvd=null&region=16&sub_region=16",
  "prver" : "0",
  "isUik" : true,
  "selected" : false,
  "load_on_demand" : false
}, {
  "id" : 4164027555894,
  "text" : "УИК №352",
  "href" : "region/izbirkom?action=show&root=162000063&tvd=4164027555894&vrn=100100225883172&prver=0&pronetvd=null&region=16&sub_region=16",
  "prver" : "0",
  "isUik" : true,
  "selected" : false,
  "load_on_demand" : false
}, {
  "id" : 4164027555895,
  "text" : "УИК №353",
  "href" : "region/izbirkom?action=show&root=162000063&tvd=4164027555895&vrn=100100225883172&prver=0&pronetvd=null&region=16&sub_region=16",
  "prver" : "0",
  "isUik" : true,
  "selected" : false,
  "load_on_demand" : false
}, {
  "id" : 4164027555896,
  "text" : "УИК №354",
  "href" : "region/izbirkom?action=show&root=162000063&tvd=4164027555896&vrn=100100225883172&prver=0&pronetvd=null&region=16&sub_region=16",
  "prver" : "0",
  "isUik" : true,
  "selected" : false,
  "load_on_demand" : false
}, {
  "id" : 4164027555897,
  "text" : "УИК №355",
  "href" : "region/izbirkom?action=show&root=162000063&tvd=4164027555897&vrn=100100225883172&prver=0&pronetvd=null&region=16&sub_region=16",
  "prver" : "0",
  "isUik" : true,
  "selected" : false,
  "load_on_demand" : false
}, {
  "id" : 4164027555898,
  "text" : "УИК №356",
  "href" : "region/izbirkom?action=show&root=162000063&tvd=4164027555898&vrn=100100225883172&prver=0&pronetvd=null&region=16&sub_region=16",
  "prver" : "0",
  "isUik" : true,
  "selected" : false,
  "load_on_demand" : false
}, {
  "id" : 4164027555899,
  "text" : "УИК №357",
  "href" : "region/izbirkom?action=show&root=162000063&tvd=4164027555899&vrn=100100225883172&prver=0&pronetvd=null&region=16&sub_region=16",
  "prver" : "0",
  "isUik" : true,
  "selected" : false,
  "load_on_demand" : false
}, {
  "id" : 4164027555900,
  "text" : "УИК №358",
  "href" : "region/izbirkom?action=show&root=162000063&tvd=4164027555900&vrn=100100225883172&prver=0&pronetvd=null&region=16&sub_region=16",
  "prver" : "0",
  "isUik" : true,
  "selected" : false,
  "load_on_demand" : false
}, {
  "id" : 4164027555901,
  "text" : "УИК №359",
  "href" : "region/izbirkom?action=show&root=162000063&tvd=4164027555901&vrn=100100225883172&prver=0&pronetvd=null&region=16&sub_region=16",
  "prver" : "0",
  "isUik" : true,
  "selected" : false,
  "load_on_demand" : false
}, {
  "id" : 4164027555902,
  "text" : "УИК №360",
  "href" : "region/izbirkom?action=show&root=162000063&tvd=4164027555902&vrn=100100225883172&prver=0&pronetvd=null&region=16&sub_region=16",
  "prver" : "0",
  "isUik" : true,
  "selected" : false,
  "load_on_demand" : false
}, {
  "id" : 4164027555903,
  "text" : "УИК №361",
  "href" : "region/izbirkom?action=show&root=162000063&tvd=4164027555903&vrn=100100225883172&prver=0&pronetvd=null&region=16&sub_region=16",
  "prver" : "0",
  "isUik" : true,
  "selected" : false,
  "load_on_demand" : false
}, {
  "id" : 4164027555904,
  "text" : "УИК №362",
  "href" : "region/izbirkom?action=show&root=162000063&tvd=4164027555904&vrn=100100225883172&prver=0&pronetvd=null&region=16&sub_region=16",
  "prver" : "0",
  "isUik" : true,
  "selected" : false,
  "load_on_demand" : false
}, {
  "id" : 4164027555905,
  "text" : "УИК №363",
  "href" : "region/izbirkom?action=show&root=162000063&tvd=4164027555905&vrn=100100225883172&prver=0&pronetvd=null&region=16&sub_region=16",
  "prver" : "0",
  "isUik" : true,
  "selected" : false,
  "load_on_demand" : false
}, {
  "id" : 4164027555906,
  "text" : "УИК №364",
  "href" : "region/izbirkom?action=show&root=162000063&tvd=4164027555906&vrn=100100225883172&prver=0&pronetvd=null&region=16&sub_region=16",
  "prver" : "0",
  "isUik" : true,
  "selected" : false,
  "load_on_demand" : false
}, {
  "id" : 4164027555907,
  "text" : "УИК №365",
  "href" : "region/izbirkom?action=show&root=162000063&tvd=4164027555907&vrn=100100225883172&prver=0&pronetvd=null&region=16&sub_region=16",
  "prver" : "0",
  "isUik" : true,
  "selected" : false,
  "load_on_demand" : false
}, {
  "id" : 4164027555908,
  "text" : "УИК №366",
  "href" : "region/izbirkom?action=show&root=162000063&tvd=4164027555908&vrn=100100225883172&prver=0&pronetvd=null&region=16&sub_region=16",
  "prver" : "0",
  "isUik" : true,
  "selected" : false,
  "load_on_demand" : false
}, {
  "id" : 4164027555909,
  "text" : "УИК №367",
  "href" : "region/izbirkom?action=show&root=162000063&tvd=4164027555909&vrn=100100225883172&prver=0&pronetvd=null&region=16&sub_region=16",
  "prver" : "0",
  "isUik" : true,
  "selected" : false,
  "load_on_demand" : false
}, {
  "id" : 4164027555910,
  "text" : "УИК №368",
  "href" : "region/izbirkom?action=show&root=162000063&tvd=4164027555910&vrn=100100225883172&prver=0&pronetvd=null&region=16&sub_region=16",
  "prver" : "0",
  "isUik" : true,
  "selected" : false,
  "load_on_demand" : false
}, {
  "id" : 4164027555911,
  "text" : "УИК №369",
  "href" : "region/izbirkom?action=show&root=162000063&tvd=4164027555911&vrn=100100225883172&prver=0&pronetvd=null&region=16&sub_region=16",
  "prver" : "0",
  "isUik" : true,
  "selected" : false,
  "load_on_demand" : false
}, {
  "id" : 4164027555912,
  "text" : "УИК №370",
  "href" : "region/izbirkom?action=show&root=162000063&tvd=4164027555912&vrn=100100225883172&prver=0&pronetvd=null&region=16&sub_region=16",
  "prver" : "0",
  "isUik" : true,
  "selected" : false,
  "load_on_demand" : false
}, {
  "id" : 4164027555913,
  "text" : "УИК №371",
  "href" : "region/izbirkom?action=show&root=162000063&tvd=4164027555913&vrn=100100225883172&prver=0&pronetvd=null&region=16&sub_region=16",
  "prver" : "0",
  "isUik" : true,
  "selected" : false,
  "load_on_demand" : false
}, {
  "id" : 4164027555914,
  "text" : "УИК №372",
  "href" : "region/izbirkom?action=show&root=162000063&tvd=4164027555914&vrn=100100225883172&prver=0&pronetvd=null&region=16&sub_region=16",
  "prver" : "0",
  "isUik" : true,
  "selected" : false,
  "load_on_demand" : false
}, {
  "id" : 4164027555915,
  "text" : "УИК №373",
  "href" : "region/izbirkom?action=show&root=162000063&tvd=4164027555915&vrn=100100225883172&prver=0&pronetvd=null&region=16&sub_region=16",
  "prver" : "0",
  "isUik" : true,
  "selected" : false,
  "load_on_demand" : false
}, {
  "id" : 4164027555916,
  "text" : "УИК №374",
  "href" : "region/izbirkom?action=show&root=162000063&tvd=4164027555916&vrn=100100225883172&prver=0&pronetvd=null&region=16&sub_region=16",
  "prver" : "0",
  "isUik" : true,
  "selected" : false,
  "load_on_demand" : false
}, {
  "id" : 4164027555917,
  "text" : "УИК №375",
  "href" : "region/izbirkom?action=show&root=162000063&tvd=4164027555917&vrn=100100225883172&prver=0&pronetvd=null&region=16&sub_region=16",
  "prver" : "0",
  "isUik" : true,
  "selected" : false,
  "load_on_demand" : false
}, {
  "id" : 4164027555918,
  "text" : "УИК №376",
  "href" : "region/izbirkom?action=show&root=162000063&tvd=4164027555918&vrn=100100225883172&prver=0&pronetvd=null&region=16&sub_region=16",
  "prver" : "0",
  "isUik" : true,
  "selected" : false,
  "load_on_demand" : false
}, {
  "id" : 4164027555919,
  "text" : "УИК №377",
  "href" : "region/izbirkom?action=show&root=162000063&tvd=4164027555919&vrn=100100225883172&prver=0&pronetvd=null&region=16&sub_region=16",
  "prver" : "0",
  "isUik" : true,
  "selected" : false,
  "load_on_demand" : false
}, {
  "id" : 4164027555920,
  "text" : "УИК №378",
  "href" : "region/izbirkom?action=show&root=162000063&tvd=4164027555920&vrn=100100225883172&prver=0&pronetvd=null&region=16&sub_region=16",
  "prver" : "0",
  "isUik" : true,
  "selected" : false,
  "load_on_demand" : false
}, {
  "id" : 4164027555921,
  "text" : "УИК №379",
  "href" : "region/izbirkom?action=show&root=162000063&tvd=4164027555921&vrn=100100225883172&prver=0&pronetvd=null&region=16&sub_region=16",
  "prver" : "0",
  "isUik" : true,
  "selected" : false,
  "load_on_demand" : false
}, {
  "id" : 4164027555922,
  "text" : "УИК №380",
  "href" : "region/izbirkom?action=show&root=162000063&tvd=4164027555922&vrn=100100225883172&prver=0&pronetvd=null&region=16&sub_region=16",
  "prver" : "0",
  "isUik" : true,
  "selected" : false,
  "load_on_demand" : false
}, {
  "id" : 4164027555923,
  "text" : "УИК №381",
  "href" : "region/izbirkom?action=show&root=162000063&tvd=4164027555923&vrn=100100225883172&prver=0&pronetvd=null&region=16&sub_region=16",
  "prver" : "0",
  "isUik" : true,
  "selected" : false,
  "load_on_demand" : false
}, {
  "id" : 4164027555924,
  "text" : "УИК №382",
  "href" : "region/izbirkom?action=show&root=162000063&tvd=4164027555924&vrn=100100225883172&prver=0&pronetvd=null&region=16&sub_region=16",
  "prver" : "0",
  "isUik" : true,
  "selected" : false,
  "load_on_demand" : false
}, {
  "id" : 4164027555925,
  "text" : "УИК №383",
  "href" : "region/izbirkom?action=show&root=162000063&tvd=4164027555925&vrn=100100225883172&prver=0&pronetvd=null&region=16&sub_region=16",
  "prver" : "0",
  "isUik" : true,
  "selected" : false,
  "load_on_demand" : false
}, {
  "id" : 4164027555926,
  "text" : "УИК №384",
  "href" : "region/izbirkom?action=show&root=162000063&tvd=4164027555926&vrn=100100225883172&prver=0&pronetvd=null&region=16&sub_region=16",
  "prver" : "0",
  "isUik" : true,
  "selected" : false,
  "load_on_demand" : false
}, {
  "id" : 4164027555927,
  "text" : "УИК №385",
  "href" : "region/izbirkom?action=show&root=162000063&tvd=4164027555927&vrn=100100225883172&prver=0&pronetvd=null&region=16&sub_region=16",
  "prver" : "0",
  "isUik" : true,
  "selected" : false,
  "load_on_demand" : false
}, {
  "id" : 4164027555928,
  "text" : "УИК №386",
  "href" : "region/izbirkom?action=show&root=162000063&tvd=4164027555928&vrn=100100225883172&prver=0&pronetvd=null&region=16&sub_region=16",
  "prver" : "0",
  "isUik" : true,
  "selected" : false,
  "load_on_demand" : false
}, {
  "id" : 4164027555929,
  "text" : "УИК №387",
  "href" : "region/izbirkom?action=show&root=162000063&tvd=4164027555929&vrn=100100225883172&prver=0&pronetvd=null&region=16&sub_region=16",
  "prver" : "0",
  "isUik" : true,
  "selected" : false,
  "load_on_demand" : false
}, {
  "id" : 4164027555930,
  "text" : "УИК №388",
  "href" : "region/izbirkom?action=show&root=162000063&tvd=4164027555930&vrn=100100225883172&prver=0&pronetvd=null&region=16&sub_region=16",
  "prver" : "0",
  "isUik" : true,
  "selected" : false,
  "load_on_demand" : false
}, {
  "id" : 4164027555931,
  "text" : "УИК №389",
  "href" : "region/izbirkom?action=show&root=162000063&tvd=4164027555931&vrn=100100225883172&prver=0&pronetvd=null&region=16&sub_region=16",
  "prver" : "0",
  "isUik" : true,
  "selected" : false,
  "load_on_demand" : false
}, {
  "id" : 4164027555932,
  "text" : "УИК №390",
  "href" : "region/izbirkom?action=show&root=162000063&tvd=4164027555932&vrn=100100225883172&prver=0&pronetvd=null&region=16&sub_region=16",
  "prver" : "0",
  "isUik" : true,
  "selected" : false,
  "load_on_demand" : false
}, {
  "id" : 4164027555933,
  "text" : "УИК №391",
  "href" : "region/izbirkom?action=show&root=162000063&tvd=4164027555933&vrn=100100225883172&prver=0&pronetvd=null&region=16&sub_region=16",
  "prver" : "0",
  "isUik" : true,
  "selected" : false,
  "load_on_demand" : false
}, {
  "id" : 4164027555934,
  "text" : "УИК №392",
  "href" : "region/izbirkom?action=show&root=162000063&tvd=4164027555934&vrn=100100225883172&prver=0&pronetvd=null&region=16&sub_region=16",
  "prver" : "0",
  "isUik" : true,
  "selected" : false,
  "load_on_demand" : false
}, {
  "id" : 4164027555935,
  "text" : "УИК №393",
  "href" : "region/izbirkom?action=show&root=162000063&tvd=4164027555935&vrn=100100225883172&prver=0&pronetvd=null&region=16&sub_region=16",
  "prver" : "0",
  "isUik" : true,
  "selected" : false,
  "load_on_demand" : false
}, {
  "id" : 4164027555936,
  "text" : "УИК №394",
  "href" : "region/izbirkom?action=show&root=162000063&tvd=4164027555936&vrn=100100225883172&prver=0&pronetvd=null&region=16&sub_region=16",
  "prver" : "0",
  "isUik" : true,
  "selected" : false,
  "load_on_demand" : false
}, {
  "id" : 4164027555937,
  "text" : "УИК №395",
  "href" : "region/izbirkom?action=show&root=162000063&tvd=4164027555937&vrn=100100225883172&prver=0&pronetvd=null&region=16&sub_region=16",
  "prver" : "0",
  "isUik" : true,
  "selected" : false,
  "load_on_demand" : false
}, {
  "id" : 4164027555938,
  "text" : "УИК №396",
  "href" : "region/izbirkom?action=show&root=162000063&tvd=4164027555938&vrn=100100225883172&prver=0&pronetvd=null&region=16&sub_region=16",
  "prver" : "0",
  "isUik" : true,
  "selected" : false,
  "load_on_demand" : false
}, {
  "id" : 4164027555939,
  "text" : "УИК №397",
  "href" : "region/izbirkom?action=show&root=162000063&tvd=4164027555939&vrn=100100225883172&prver=0&pronetvd=null&region=16&sub_region=16",
  "prver" : "0",
  "isUik" : true,
  "selected" : false,
  "load_on_demand" : false
}, {
  "id" : 4164027555940,
  "text" : "УИК №398",
  "href" : "region/izbirkom?action=show&root=162000063&tvd=4164027555940&vrn=100100225883172&prver=0&pronetvd=null&region=16&sub_region=16",
  "prver" : "0",
  "isUik" : true,
  "selected" : false,
  "load_on_demand" : false
}, {
  "id" : 4164027555941,
  "text" : "УИК №399",
  "href" : "region/izbirkom?action=show&root=162000063&tvd=4164027555941&vrn=100100225883172&prver=0&pronetvd=null&region=16&sub_region=16",
  "prver" : "0",
  "isUik" : true,
  "selected" : false,
  "load_on_demand" : false
}, {
  "id" : 4164027555942,
  "text" : "УИК №400",
  "href" : "region/izbirkom?action=show&root=162000063&tvd=4164027555942&vrn=100100225883172&prver=0&pronetvd=null&region=16&sub_region=16",
  "prver" : "0",
  "isUik" : true,
  "selected" : false,
  "load_on_demand" : false
}, {
  "id" : 4164027555943,
  "text" : "УИК №401",
  "href" : "region/izbirkom?action=show&root=162000063&tvd=4164027555943&vrn=100100225883172&prver=0&pronetvd=null&region=16&sub_region=16",
  "prver" : "0",
  "isUik" : true,
  "selected" : false,
  "load_on_demand" : false
}, {
  "id" : 4164027555944,
  "text" : "УИК №402",
  "href" : "region/izbirkom?action=show&root=162000063&tvd=4164027555944&vrn=100100225883172&prver=0&pronetvd=null&region=16&sub_region=16",
  "prver" : "0",
  "isUik" : true,
  "selected" : false,
  "load_on_demand" : false
}, {
  "id" : 4164027555945,
  "text" : "УИК №403",
  "href" : "region/izbirkom?action=show&root=162000063&tvd=4164027555945&vrn=100100225883172&prver=0&pronetvd=null&region=16&sub_region=16",
  "prver" : "0",
  "isUik" : true,
  "selected" : false,
  "load_on_demand" : false
}, {
  "id" : 4164027555946,
  "text" : "УИК №404",
  "href" : "region/izbirkom?action=show&root=162000063&tvd=4164027555946&vrn=100100225883172&prver=0&pronetvd=null&region=16&sub_region=16",
  "prver" : "0",
  "isUik" : true,
  "selected" : false,
  "load_on_demand" : false
}, {
  "id" : 4164027555947,
  "text" : "УИК №405",
  "href" : "region/izbirkom?action=show&root=162000063&tvd=4164027555947&vrn=100100225883172&prver=0&pronetvd=null&region=16&sub_region=16",
  "prver" : "0",
  "isUik" : true,
  "selected" : false,
  "load_on_demand" : false
}, {
  "id" : 4164027555948,
  "text" : "УИК №406",
  "href" : "region/izbirkom?action=show&root=162000063&tvd=4164027555948&vrn=100100225883172&prver=0&pronetvd=null&region=16&sub_region=16",
  "prver" : "0",
  "isUik" : true,
  "selected" : false,
  "load_on_demand" : false
}, {
  "id" : 4164027555949,
  "text" : "УИК №407",
  "href" : "region/izbirkom?action=show&root=162000063&tvd=4164027555949&vrn=100100225883172&prver=0&pronetvd=null&region=16&sub_region=16",
  "prver" : "0",
  "isUik" : true,
  "selected" : false,
  "load_on_demand" : false
}, {
  "id" : 4164027555950,
  "text" : "УИК №408",
  "href" : "region/izbirkom?action=show&root=162000063&tvd=4164027555950&vrn=100100225883172&prver=0&pronetvd=null&region=16&sub_region=16",
  "prver" : "0",
  "isUik" : true,
  "selected" : false,
  "load_on_demand" : false
}, {
  "id" : 4164027555951,
  "text" : "УИК №409",
  "href" : "region/izbirkom?action=show&root=162000063&tvd=4164027555951&vrn=100100225883172&prver=0&pronetvd=null&region=16&sub_region=16",
  "prver" : "0",
  "isUik" : true,
  "selected" : false,
  "load_on_demand" : false
}, {
  "id" : 4164027555952,
  "text" : "УИК №410",
  "href" : "region/izbirkom?action=show&root=162000063&tvd=4164027555952&vrn=100100225883172&prver=0&pronetvd=null&region=16&sub_region=16",
  "prver" : "0",
  "isUik" : true,
  "selected" : false,
  "load_on_demand" : false
}, {
  "id" : 4164027555953,
  "text" : "УИК №411",
  "href" : "region/izbirkom?action=show&root=162000063&tvd=4164027555953&vrn=100100225883172&prver=0&pronetvd=null&region=16&sub_region=16",
  "prver" : "0",
  "isUik" : true,
  "selected" : false,
  "load_on_demand" : false
}, {
  "id" : 4164027555954,
  "text" : "УИК №412",
  "href" : "region/izbirkom?action=show&root=162000063&tvd=4164027555954&vrn=100100225883172&prver=0&pronetvd=null&region=16&sub_region=16",
  "prver" : "0",
  "isUik" : true,
  "selected" : false,
  "load_on_demand" : false
}, {
  "id" : 4164027555955,
  "text" : "УИК №413",
  "href" : "region/izbirkom?action=show&root=162000063&tvd=4164027555955&vrn=100100225883172&prver=0&pronetvd=null&region=16&sub_region=16",
  "prver" : "0",
  "isUik" : true,
  "selected" : false,
  "load_on_demand" : false
}, {
  "id" : 4164027555956,
  "text" : "УИК №414",
  "href" : "region/izbirkom?action=show&root=162000063&tvd=4164027555956&vrn=100100225883172&prver=0&pronetvd=null&region=16&sub_region=16",
  "prver" : "0",
  "isUik" : true,
  "selected" : false,
  "load_on_demand" : false
}, {
  "id" : 4164027555957,
  "text" : "УИК №415",
  "href" : "region/izbirkom?action=show&root=162000063&tvd=4164027555957&vrn=100100225883172&prver=0&pronetvd=null&region=16&sub_region=16",
  "prver" : "0",
  "isUik" : true,
  "selected" : false,
  "load_on_demand" : false
}, {
  "id" : 4164027555958,
  "text" : "УИК №416",
  "href" : "region/izbirkom?action=show&root=162000063&tvd=4164027555958&vrn=100100225883172&prver=0&pronetvd=null&region=16&sub_region=16",
  "prver" : "0",
  "isUik" : true,
  "selected" : false,
  "load_on_demand" : false
}, {
  "id" : 4164027555959,
  "text" : "УИК №417",
  "href" : "region/izbirkom?action=show&root=162000063&tvd=4164027555959&vrn=100100225883172&prver=0&pronetvd=null&region=16&sub_region=16",
  "prver" : "0",
  "isUik" : true,
  "selected" : false,
  "load_on_demand" : false
}, {
  "id" : 4164027555960,
  "text" : "УИК №418",
  "href" : "region/izbirkom?action=show&root=162000063&tvd=4164027555960&vrn=100100225883172&prver=0&pronetvd=null&region=16&sub_region=16",
  "prver" : "0",
  "isUik" : true,
  "selected" : false,
  "load_on_demand" : false
}, {
  "id" : 4164027555961,
  "text" : "УИК №419",
  "href" : "region/izbirkom?action=show&root=162000063&tvd=4164027555961&vrn=100100225883172&prver=0&pronetvd=null&region=16&sub_region=16",
  "prver" : "0",
  "isUik" : true,
  "selected" : false,
  "load_on_demand" : false
}, {
  "id" : 4164027555962,
  "text" : "УИК №420",
  "href" : "region/izbirkom?action=show&root=162000063&tvd=4164027555962&vrn=100100225883172&prver=0&pronetvd=null&region=16&sub_region=16",
  "prver" : "0",
  "isUik" : true,
  "selected" : false,
  "load_on_demand" : false
}, {
  "id" : 4164027555963,
  "text" : "УИК №421",
  "href" : "region/izbirkom?action=show&root=162000063&tvd=4164027555963&vrn=100100225883172&prver=0&pronetvd=null&region=16&sub_region=16",
  "prver" : "0",
  "isUik" : true,
  "selected" : false,
  "load_on_demand" : false
}, {
  "id" : 4164027555964,
  "text" : "УИК №422",
  "href" : "region/izbirkom?action=show&root=162000063&tvd=4164027555964&vrn=100100225883172&prver=0&pronetvd=null&region=16&sub_region=16",
  "prver" : "0",
  "isUik" : true,
  "selected" : false,
  "load_on_demand" : false
}, {
  "id" : 4164027555965,
  "text" : "УИК №423",
  "href" : "region/izbirkom?action=show&root=162000063&tvd=4164027555965&vrn=100100225883172&prver=0&pronetvd=null&region=16&sub_region=16",
  "prver" : "0",
  "isUik" : true,
  "selected" : false,
  "load_on_demand" : false
}, {
  "id" : 4164027555966,
  "text" : "УИК №424",
  "href" : "region/izbirkom?action=show&root=162000063&tvd=4164027555966&vrn=100100225883172&prver=0&pronetvd=null&region=16&sub_region=16",
  "prver" : "0",
  "isUik" : true,
  "selected" : false,
  "load_on_demand" : false
}, {
  "id" : 4164027555967,
  "text" : "УИК №425",
  "href" : "region/izbirkom?action=show&root=162000063&tvd=4164027555967&vrn=100100225883172&prver=0&pronetvd=null&region=16&sub_region=16",
  "prver" : "0",
  "isUik" : true,
  "selected" : false,
  "load_on_demand" : false
}, {
  "id" : 4164027555968,
  "text" : "УИК №426",
  "href" : "region/izbirkom?action=show&root=162000063&tvd=4164027555968&vrn=100100225883172&prver=0&pronetvd=null&region=16&sub_region=16",
  "prver" : "0",
  "isUik" : true,
  "selected" : false,
  "load_on_demand" : false
}, {
  "id" : 4164027555969,
  "text" : "УИК №427",
  "href" : "region/izbirkom?action=show&root=162000063&tvd=4164027555969&vrn=100100225883172&prver=0&pronetvd=null&region=16&sub_region=16",
  "prver" : "0",
  "isUik" : true,
  "selected" : false,
  "load_on_demand" : false
}, {
  "id" : 4164027555970,
  "text" : "УИК №428",
  "href" : "region/izbirkom?action=show&root=162000063&tvd=4164027555970&vrn=100100225883172&prver=0&pronetvd=null&region=16&sub_region=16",
  "prver" : "0",
  "isUik" : true,
  "selected" : false,
  "load_on_demand" : false
}, {
  "id" : 4164027555971,
  "text" : "УИК №429",
  "href" : "region/izbirkom?action=show&root=162000063&tvd=4164027555971&vrn=100100225883172&prver=0&pronetvd=null&region=16&sub_region=16",
  "prver" : "0",
  "isUik" : true,
  "selected" : false,
  "load_on_demand" : false
}, {
  "id" : 4164027555972,
  "text" : "УИК №430",
  "href" : "region/izbirkom?action=show&root=162000063&tvd=4164027555972&vrn=100100225883172&prver=0&pronetvd=null&region=16&sub_region=16",
  "prver" : "0",
  "isUik" : true,
  "selected" : false,
  "load_on_demand" : false
}, {
  "id" : 4164027555973,
  "text" : "УИК №431",
  "href" : "region/izbirkom?action=show&root=162000063&tvd=4164027555973&vrn=100100225883172&prver=0&pronetvd=null&region=16&sub_region=16",
  "prver" : "0",
  "isUik" : true,
  "selected" : false,
  "load_on_demand" : false
}, {
  "id" : 4164027555974,
  "text" : "УИК №432",
  "href" : "region/izbirkom?action=show&root=162000063&tvd=4164027555974&vrn=100100225883172&prver=0&pronetvd=null&region=16&sub_region=16",
  "prver" : "0",
  "isUik" : true,
  "selected" : false,
  "load_on_demand" : false
}, {
  "id" : 4164027555975,
  "text" : "УИК №433",
  "href" : "region/izbirkom?action=show&root=162000063&tvd=4164027555975&vrn=100100225883172&prver=0&pronetvd=null&region=16&sub_region=16",
  "prver" : "0",
  "isUik" : true,
  "selected" : false,
  "load_on_demand" : false
}, {
  "id" : 4164027555976,
  "text" : "УИК №434",
  "href" : "region/izbirkom?action=show&root=162000063&tvd=4164027555976&vrn=100100225883172&prver=0&pronetvd=null&region=16&sub_region=16",
  "prver" : "0",
  "isUik" : true,
  "selected" : false,
  "load_on_demand" : false
}, {
  "id" : 4164027555977,
  "text" : "УИК №435",
  "href" : "region/izbirkom?action=show&root=162000063&tvd=4164027555977&vrn=100100225883172&prver=0&pronetvd=null&region=16&sub_region=16",
  "prver" : "0",
  "isUik" : true,
  "selected" : false,
  "load_on_demand" : false
}, {
  "id" : 4164027555978,
  "text" : "УИК №436",
  "href" : "region/izbirkom?action=show&root=162000063&tvd=4164027555978&vrn=100100225883172&prver=0&pronetvd=null&region=16&sub_region=16",
  "prver" : "0",
  "isUik" : true,
  "selected" : false,
  "load_on_demand" : false
}, {
  "id" : 4164027555979,
  "text" : "УИК №437",
  "href" : "region/izbirkom?action=show&root=162000063&tvd=4164027555979&vrn=100100225883172&prver=0&pronetvd=null&region=16&sub_region=16",
  "prver" : "0",
  "isUik" : true,
  "selected" : false,
  "load_on_demand" : false
}, {
  "id" : 4164027555980,
  "text" : "УИК №438",
  "href" : "region/izbirkom?action=show&root=162000063&tvd=4164027555980&vrn=100100225883172&prver=0&pronetvd=null&region=16&sub_region=16",
  "prver" : "0",
  "isUik" : true,
  "selected" : false,
  "load_on_demand" : false
}, {
  "id" : 4164027555981,
  "text" : "УИК №439",
  "href" : "region/izbirkom?action=show&root=162000063&tvd=4164027555981&vrn=100100225883172&prver=0&pronetvd=null&region=16&sub_region=16",
  "prver" : "0",
  "isUik" : true,
  "selected" : false,
  "load_on_demand" : false
}, {
  "id" : 4164027555982,
  "text" : "УИК №440",
  "href" : "region/izbirkom?action=show&root=162000063&tvd=4164027555982&vrn=100100225883172&prver=0&pronetvd=null&region=16&sub_region=16",
  "prver" : "0",
  "isUik" : true,
  "selected" : false,
  "load_on_demand" : false
}, {
  "id" : 4164027555983,
  "text" : "УИК №441",
  "href" : "region/izbirkom?action=show&root=162000063&tvd=4164027555983&vrn=100100225883172&prver=0&pronetvd=null&region=16&sub_region=16",
  "prver" : "0",
  "isUik" : true,
  "selected" : false,
  "load_on_demand" : false
}, {
  "id" : 4164027555984,
  "text" : "УИК №442",
  "href" : "region/izbirkom?action=show&root=162000063&tvd=4164027555984&vrn=100100225883172&prver=0&pronetvd=null&region=16&sub_region=16",
  "prver" : "0",
  "isUik" : true,
  "selected" : false,
  "load_on_demand" : false
}, {
  "id" : 4164027564021,
  "text" : "УИК №443",
  "href" : "region/izbirkom?action=show&root=162000063&tvd=4164027564021&vrn=100100225883172&prver=0&pronetvd=null&region=16&sub_region=16",
  "prver" : "0",
  "isUik" : true,
  "selected" : false,
  "load_on_demand" : false
}, {
  "id" : 4164027564022,
  "text" : "УИК №444",
  "href" : "region/izbirkom?action=show&root=162000063&tvd=4164027564022&vrn=100100225883172&prver=0&pronetvd=null&region=16&sub_region=16",
  "prver" : "0",
  "isUik" : true,
  "selected" : false,
  "load_on_demand" : false
}, {
  "id" : 4164027564023,
  "text" : "УИК №445",
  "href" : "region/izbirkom?action=show&root=162000063&tvd=4164027564023&vrn=100100225883172&prver=0&pronetvd=null&region=16&sub_region=16",
  "prver" : "0",
  "isUik" : true,
  "selected" : false,
  "load_on_demand" : false
}, {
  "id" : 4164027564024,
  "text" : "УИК №446",
  "href" : "region/izbirkom?action=show&root=162000063&tvd=4164027564024&vrn=100100225883172&prver=0&pronetvd=null&region=16&sub_region=16",
  "prver" : "0",
  "isUik" : true,
  "selected" : false,
  "load_on_demand" : false
}, {
  "id" : 4164027564025,
  "text" : "УИК №447",
  "href" : "region/izbirkom?action=show&root=162000063&tvd=4164027564025&vrn=100100225883172&prver=0&pronetvd=null&region=16&sub_region=16",
  "prver" : "0",
  "isUik" : true,
  "selected" : false,
  "load_on_demand" : false
}, {
  "id" : 4164027564026,
  "text" : "УИК №448",
  "href" : "region/izbirkom?action=show&root=162000063&tvd=4164027564026&vrn=100100225883172&prver=0&pronetvd=null&region=16&sub_region=16",
  "prver" : "0",
  "isUik" : true,
  "selected" : false,
  "load_on_demand" : false
}, {
  "id" : 4164027564027,
  "text" : "УИК №449",
  "href" : "region/izbirkom?action=show&root=162000063&tvd=4164027564027&vrn=100100225883172&prver=0&pronetvd=null&region=16&sub_region=16",
  "prver" : "0",
  "isUik" : true,
  "selected" : false,
  "load_on_demand" : false
}, {
  "id" : 4164027564028,
  "text" : "УИК №450",
  "href" : "region/izbirkom?action=show&root=162000063&tvd=4164027564028&vrn=100100225883172&prver=0&pronetvd=null&region=16&sub_region=16",
  "prver" : "0",
  "isUik" : true,
  "selected" : false,
  "load_on_demand" : false
}, {
  "id" : 4164027555993,
  "text" : "УИК №451",
  "href" : "region/izbirkom?action=show&root=162000063&tvd=4164027555993&vrn=100100225883172&prver=0&pronetvd=null&region=16&sub_region=16",
  "prver" : "0",
  "isUik" : true,
  "selected" : false,
  "load_on_demand" : false
}, {
  "id" : 4164027555994,
  "text" : "УИК №452",
  "href" : "region/izbirkom?action=show&root=162000063&tvd=4164027555994&vrn=100100225883172&prver=0&pronetvd=null&region=16&sub_region=16",
  "prver" : "0",
  "isUik" : true,
  "selected" : false,
  "load_on_demand" : false
}, {
  "id" : 4164027555995,
  "text" : "УИК №454",
  "href" : "region/izbirkom?action=show&root=162000063&tvd=4164027555995&vrn=100100225883172&prver=0&pronetvd=null&region=16&sub_region=16",
  "prver" : "0",
  "isUik" : true,
  "selected" : false,
  "load_on_demand" : false
}, {
  "id" : 4164027555996,
  "text" : "УИК №455",
  "href" : "region/izbirkom?action=show&root=162000063&tvd=4164027555996&vrn=100100225883172&prver=0&pronetvd=null&region=16&sub_region=16",
  "prver" : "0",
  "isUik" : true,
  "selected" : false,
  "load_on_demand" : false
}, {
  "id" : 4164027555997,
  "text" : "УИК №456",
  "href" : "region/izbirkom?action=show&root=162000063&tvd=4164027555997&vrn=100100225883172&prver=0&pronetvd=null&region=16&sub_region=16",
  "prver" : "0",
  "isUik" : true,
  "selected" : false,
  "load_on_demand" : false
}, {
  "id" : 4164027555998,
  "text" : "УИК №457",
  "href" : "region/izbirkom?action=show&root=162000063&tvd=4164027555998&vrn=100100225883172&prver=0&pronetvd=null&region=16&sub_region=16",
  "prver" : "0",
  "isUik" : true,
  "selected" : false,
  "load_on_demand" : false
}, {
  "id" : 4164027555999,
  "text" : "УИК №458",
  "href" : "region/izbirkom?action=show&root=162000063&tvd=4164027555999&vrn=100100225883172&prver=0&pronetvd=null&region=16&sub_region=16",
  "prver" : "0",
  "isUik" : true,
  "selected" : false,
  "load_on_demand" : false
} ]