[ {
  "id" : 4164047465858,
  "text" : "УИК №2625",
  "href" : "region/izbirkom?action=show&root=162000040&tvd=4164047465858&vrn=100100225883172&prver=0&pronetvd=null&region=16&sub_region=16",
  "prver" : "0",
  "isUik" : true,
  "selected" : false,
  "load_on_demand" : false
}, {
  "id" : 4164047465859,
  "text" : "УИК №2626",
  "href" : "region/izbirkom?action=show&root=162000040&tvd=4164047465859&vrn=100100225883172&prver=0&pronetvd=null&region=16&sub_region=16",
  "prver" : "0",
  "isUik" : true,
  "selected" : false,
  "load_on_demand" : false
}, {
  "id" : 4164047465860,
  "text" : "УИК №2627",
  "href" : "region/izbirkom?action=show&root=162000040&tvd=4164047465860&vrn=100100225883172&prver=0&pronetvd=null&region=16&sub_region=16",
  "prver" : "0",
  "isUik" : true,
  "selected" : false,
  "load_on_demand" : false
}, {
  "id" : 4164047465861,
  "text" : "УИК №2628",
  "href" : "region/izbirkom?action=show&root=162000040&tvd=4164047465861&vrn=100100225883172&prver=0&pronetvd=null&region=16&sub_region=16",
  "prver" : "0",
  "isUik" : true,
  "selected" : false,
  "load_on_demand" : false
}, {
  "id" : 4164047465862,
  "text" : "УИК №2629",
  "href" : "region/izbirkom?action=show&root=162000040&tvd=4164047465862&vrn=100100225883172&prver=0&pronetvd=null&region=16&sub_region=16",
  "prver" : "0",
  "isUik" : true,
  "selected" : false,
  "load_on_demand" : false
}, {
  "id" : 4164047465863,
  "text" : "УИК №2630",
  "href" : "region/izbirkom?action=show&root=162000040&tvd=4164047465863&vrn=100100225883172&prver=0&pronetvd=null&region=16&sub_region=16",
  "prver" : "0",
  "isUik" : true,
  "selected" : false,
  "load_on_demand" : false
}, {
  "id" : 4164047465864,
  "text" : "УИК №2631",
  "href" : "region/izbirkom?action=show&root=162000040&tvd=4164047465864&vrn=100100225883172&prver=0&pronetvd=null&region=16&sub_region=16",
  "prver" : "0",
  "isUik" : true,
  "selected" : false,
  "load_on_demand" : false
}, {
  "id" : 4164047465865,
  "text" : "УИК №2632",
  "href" : "region/izbirkom?action=show&root=162000040&tvd=4164047465865&vrn=100100225883172&prver=0&pronetvd=null&region=16&sub_region=16",
  "prver" : "0",
  "isUik" : true,
  "selected" : false,
  "load_on_demand" : false
}, {
  "id" : 4164047465866,
  "text" : "УИК №2633",
  "href" : "region/izbirkom?action=show&root=162000040&tvd=4164047465866&vrn=100100225883172&prver=0&pronetvd=null&region=16&sub_region=16",
  "prver" : "0",
  "isUik" : true,
  "selected" : false,
  "load_on_demand" : false
}, {
  "id" : 4164047465867,
  "text" : "УИК №2634",
  "href" : "region/izbirkom?action=show&root=162000040&tvd=4164047465867&vrn=100100225883172&prver=0&pronetvd=null&region=16&sub_region=16",
  "prver" : "0",
  "isUik" : true,
  "selected" : false,
  "load_on_demand" : false
}, {
  "id" : 4164047465868,
  "text" : "УИК №2635",
  "href" : "region/izbirkom?action=show&root=162000040&tvd=4164047465868&vrn=100100225883172&prver=0&pronetvd=null&region=16&sub_region=16",
  "prver" : "0",
  "isUik" : true,
  "selected" : false,
  "load_on_demand" : false
}, {
  "id" : 4164047465869,
  "text" : "УИК №2636",
  "href" : "region/izbirkom?action=show&root=162000040&tvd=4164047465869&vrn=100100225883172&prver=0&pronetvd=null&region=16&sub_region=16",
  "prver" : "0",
  "isUik" : true,
  "selected" : false,
  "load_on_demand" : false
}, {
  "id" : 4164047465870,
  "text" : "УИК №2637",
  "href" : "region/izbirkom?action=show&root=162000040&tvd=4164047465870&vrn=100100225883172&prver=0&pronetvd=null&region=16&sub_region=16",
  "prver" : "0",
  "isUik" : true,
  "selected" : false,
  "load_on_demand" : false
}, {
  "id" : 4164047465871,
  "text" : "УИК №2638",
  "href" : "region/izbirkom?action=show&root=162000040&tvd=4164047465871&vrn=100100225883172&prver=0&pronetvd=null&region=16&sub_region=16",
  "prver" : "0",
  "isUik" : true,
  "selected" : false,
  "load_on_demand" : false
}, {
  "id" : 4164047465872,
  "text" : "УИК №2639",
  "href" : "region/izbirkom?action=show&root=162000040&tvd=4164047465872&vrn=100100225883172&prver=0&pronetvd=null&region=16&sub_region=16",
  "prver" : "0",
  "isUik" : true,
  "selected" : false,
  "load_on_demand" : false
}, {
  "id" : 4164047465873,
  "text" : "УИК №2640",
  "href" : "region/izbirkom?action=show&root=162000040&tvd=4164047465873&vrn=100100225883172&prver=0&pronetvd=null&region=16&sub_region=16",
  "prver" : "0",
  "isUik" : true,
  "selected" : false,
  "load_on_demand" : false
}, {
  "id" : 4164047465874,
  "text" : "УИК №2641",
  "href" : "region/izbirkom?action=show&root=162000040&tvd=4164047465874&vrn=100100225883172&prver=0&pronetvd=null&region=16&sub_region=16",
  "prver" : "0",
  "isUik" : true,
  "selected" : false,
  "load_on_demand" : false
}, {
  "id" : 4164047465875,
  "text" : "УИК №2642",
  "href" : "region/izbirkom?action=show&root=162000040&tvd=4164047465875&vrn=100100225883172&prver=0&pronetvd=null&region=16&sub_region=16",
  "prver" : "0",
  "isUik" : true,
  "selected" : false,
  "load_on_demand" : false
}, {
  "id" : 4164047465876,
  "text" : "УИК №2643",
  "href" : "region/izbirkom?action=show&root=162000040&tvd=4164047465876&vrn=100100225883172&prver=0&pronetvd=null&region=16&sub_region=16",
  "prver" : "0",
  "isUik" : true,
  "selected" : false,
  "load_on_demand" : false
}, {
  "id" : 4164047465877,
  "text" : "УИК №2644",
  "href" : "region/izbirkom?action=show&root=162000040&tvd=4164047465877&vrn=100100225883172&prver=0&pronetvd=null&region=16&sub_region=16",
  "prver" : "0",
  "isUik" : true,
  "selected" : false,
  "load_on_demand" : false
}, {
  "id" : 4164047465878,
  "text" : "УИК №2645",
  "href" : "region/izbirkom?action=show&root=162000040&tvd=4164047465878&vrn=100100225883172&prver=0&pronetvd=null&region=16&sub_region=16",
  "prver" : "0",
  "isUik" : true,
  "selected" : false,
  "load_on_demand" : false
}, {
  "id" : 4164047465879,
  "text" : "УИК №2646",
  "href" : "region/izbirkom?action=show&root=162000040&tvd=4164047465879&vrn=100100225883172&prver=0&pronetvd=null&region=16&sub_region=16",
  "prver" : "0",
  "isUik" : true,
  "selected" : false,
  "load_on_demand" : false
}, {
  "id" : 4164047465880,
  "text" : "УИК №2647",
  "href" : "region/izbirkom?action=show&root=162000040&tvd=4164047465880&vrn=100100225883172&prver=0&pronetvd=null&region=16&sub_region=16",
  "prver" : "0",
  "isUik" : true,
  "selected" : false,
  "load_on_demand" : false
}, {
  "id" : 4164047465881,
  "text" : "УИК №2648",
  "href" : "region/izbirkom?action=show&root=162000040&tvd=4164047465881&vrn=100100225883172&prver=0&pronetvd=null&region=16&sub_region=16",
  "prver" : "0",
  "isUik" : true,
  "selected" : false,
  "load_on_demand" : false
}, {
  "id" : 4164047465882,
  "text" : "УИК №2649",
  "href" : "region/izbirkom?action=show&root=162000040&tvd=4164047465882&vrn=100100225883172&prver=0&pronetvd=null&region=16&sub_region=16",
  "prver" : "0",
  "isUik" : true,
  "selected" : false,
  "load_on_demand" : false
}, {
  "id" : 4164047465883,
  "text" : "УИК №2650",
  "href" : "region/izbirkom?action=show&root=162000040&tvd=4164047465883&vrn=100100225883172&prver=0&pronetvd=null&region=16&sub_region=16",
  "prver" : "0",
  "isUik" : true,
  "selected" : false,
  "load_on_demand" : false
}, {
  "id" : 4164047465884,
  "text" : "УИК №2651",
  "href" : "region/izbirkom?action=show&root=162000040&tvd=4164047465884&vrn=100100225883172&prver=0&pronetvd=null&region=16&sub_region=16",
  "prver" : "0",
  "isUik" : true,
  "selected" : false,
  "load_on_demand" : false
}, {
  "id" : 4164047465885,
  "text" : "УИК №2652",
  "href" : "region/izbirkom?action=show&root=162000040&tvd=4164047465885&vrn=100100225883172&prver=0&pronetvd=null&region=16&sub_region=16",
  "prver" : "0",
  "isUik" : true,
  "selected" : false,
  "load_on_demand" : false
}, {
  "id" : 4164047465886,
  "text" : "УИК №2653",
  "href" : "region/izbirkom?action=show&root=162000040&tvd=4164047465886&vrn=100100225883172&prver=0&pronetvd=null&region=16&sub_region=16",
  "prver" : "0",
  "isUik" : true,
  "selected" : false,
  "load_on_demand" : false
}, {
  "id" : 4164047465887,
  "text" : "УИК №2654",
  "href" : "region/izbirkom?action=show&root=162000040&tvd=4164047465887&vrn=100100225883172&prver=0&pronetvd=null&region=16&sub_region=16",
  "prver" : "0",
  "isUik" : true,
  "selected" : false,
  "load_on_demand" : false
}, {
  "id" : 4164047465888,
  "text" : "УИК №2655",
  "href" : "region/izbirkom?action=show&root=162000040&tvd=4164047465888&vrn=100100225883172&prver=0&pronetvd=null&region=16&sub_region=16",
  "prver" : "0",
  "isUik" : true,
  "selected" : false,
  "load_on_demand" : false
}, {
  "id" : 4164047465889,
  "text" : "УИК №2656",
  "href" : "region/izbirkom?action=show&root=162000040&tvd=4164047465889&vrn=100100225883172&prver=0&pronetvd=null&region=16&sub_region=16",
  "prver" : "0",
  "isUik" : true,
  "selected" : false,
  "load_on_demand" : false
}, {
  "id" : 4164047465890,
  "text" : "УИК №2657",
  "href" : "region/izbirkom?action=show&root=162000040&tvd=4164047465890&vrn=100100225883172&prver=0&pronetvd=null&region=16&sub_region=16",
  "prver" : "0",
  "isUik" : true,
  "selected" : false,
  "load_on_demand" : false
}, {
  "id" : 4164047465891,
  "text" : "УИК №2658",
  "href" : "region/izbirkom?action=show&root=162000040&tvd=4164047465891&vrn=100100225883172&prver=0&pronetvd=null&region=16&sub_region=16",
  "prver" : "0",
  "isUik" : true,
  "selected" : false,
  "load_on_demand" : false
}, {
  "id" : 4164047465892,
  "text" : "УИК №2659",
  "href" : "region/izbirkom?action=show&root=162000040&tvd=4164047465892&vrn=100100225883172&prver=0&pronetvd=null&region=16&sub_region=16",
  "prver" : "0",
  "isUik" : true,
  "selected" : false,
  "load_on_demand" : false
}, {
  "id" : 4164047465893,
  "text" : "УИК №2660",
  "href" : "region/izbirkom?action=show&root=162000040&tvd=4164047465893&vrn=100100225883172&prver=0&pronetvd=null&region=16&sub_region=16",
  "prver" : "0",
  "isUik" : true,
  "selected" : false,
  "load_on_demand" : false
}, {
  "id" : 4164047465894,
  "text" : "УИК №2661",
  "href" : "region/izbirkom?action=show&root=162000040&tvd=4164047465894&vrn=100100225883172&prver=0&pronetvd=null&region=16&sub_region=16",
  "prver" : "0",
  "isUik" : true,
  "selected" : false,
  "load_on_demand" : false
}, {
  "id" : 4164047465895,
  "text" : "УИК №2662",
  "href" : "region/izbirkom?action=show&root=162000040&tvd=4164047465895&vrn=100100225883172&prver=0&pronetvd=null&region=16&sub_region=16",
  "prver" : "0",
  "isUik" : true,
  "selected" : false,
  "load_on_demand" : false
}, {
  "id" : 4164047465896,
  "text" : "УИК №2663",
  "href" : "region/izbirkom?action=show&root=162000040&tvd=4164047465896&vrn=100100225883172&prver=0&pronetvd=null&region=16&sub_region=16",
  "prver" : "0",
  "isUik" : true,
  "selected" : false,
  "load_on_demand" : false
}, {
  "id" : 4164047465897,
  "text" : "УИК №2664",
  "href" : "region/izbirkom?action=show&root=162000040&tvd=4164047465897&vrn=100100225883172&prver=0&pronetvd=null&region=16&sub_region=16",
  "prver" : "0",
  "isUik" : true,
  "selected" : false,
  "load_on_demand" : false
}, {
  "id" : 4164047465898,
  "text" : "УИК №2665",
  "href" : "region/izbirkom?action=show&root=162000040&tvd=4164047465898&vrn=100100225883172&prver=0&pronetvd=null&region=16&sub_region=16",
  "prver" : "0",
  "isUik" : true,
  "selected" : false,
  "load_on_demand" : false
}, {
  "id" : 4164047465899,
  "text" : "УИК №2666",
  "href" : "region/izbirkom?action=show&root=162000040&tvd=4164047465899&vrn=100100225883172&prver=0&pronetvd=null&region=16&sub_region=16",
  "prver" : "0",
  "isUik" : true,
  "selected" : false,
  "load_on_demand" : false
}, {
  "id" : 4164047465900,
  "text" : "УИК №2667",
  "href" : "region/izbirkom?action=show&root=162000040&tvd=4164047465900&vrn=100100225883172&prver=0&pronetvd=null&region=16&sub_region=16",
  "prver" : "0",
  "isUik" : true,
  "selected" : false,
  "load_on_demand" : false
}, {
  "id" : 4164047465901,
  "text" : "УИК №2827",
  "href" : "region/izbirkom?action=show&root=162000040&tvd=4164047465901&vrn=100100225883172&prver=0&pronetvd=null&region=16&sub_region=16",
  "prver" : "0",
  "isUik" : true,
  "selected" : false,
  "load_on_demand" : false
} ]