[ {
  "id" : 4164008375989,
  "text" : "УИК №878",
  "href" : "region/izbirkom?action=show&root=162000025&tvd=4164008375989&vrn=100100225883172&prver=0&pronetvd=null&region=16&sub_region=16",
  "prver" : "0",
  "isUik" : true,
  "selected" : false,
  "load_on_demand" : false
}, {
  "id" : 4164008375990,
  "text" : "УИК №879",
  "href" : "region/izbirkom?action=show&root=162000025&tvd=4164008375990&vrn=100100225883172&prver=0&pronetvd=null&region=16&sub_region=16",
  "prver" : "0",
  "isUik" : true,
  "selected" : false,
  "load_on_demand" : false
}, {
  "id" : 4164008375991,
  "text" : "УИК №880",
  "href" : "region/izbirkom?action=show&root=162000025&tvd=4164008375991&vrn=100100225883172&prver=0&pronetvd=null&region=16&sub_region=16",
  "prver" : "0",
  "isUik" : true,
  "selected" : false,
  "load_on_demand" : false
}, {
  "id" : 4164008375992,
  "text" : "УИК №881",
  "href" : "region/izbirkom?action=show&root=162000025&tvd=4164008375992&vrn=100100225883172&prver=0&pronetvd=null&region=16&sub_region=16",
  "prver" : "0",
  "isUik" : true,
  "selected" : false,
  "load_on_demand" : false
}, {
  "id" : 4164008375993,
  "text" : "УИК №882",
  "href" : "region/izbirkom?action=show&root=162000025&tvd=4164008375993&vrn=100100225883172&prver=0&pronetvd=null&region=16&sub_region=16",
  "prver" : "0",
  "isUik" : true,
  "selected" : false,
  "load_on_demand" : false
}, {
  "id" : 4164008375994,
  "text" : "УИК №883",
  "href" : "region/izbirkom?action=show&root=162000025&tvd=4164008375994&vrn=100100225883172&prver=0&pronetvd=null&region=16&sub_region=16",
  "prver" : "0",
  "isUik" : true,
  "selected" : false,
  "load_on_demand" : false
}, {
  "id" : 4164008375995,
  "text" : "УИК №884",
  "href" : "region/izbirkom?action=show&root=162000025&tvd=4164008375995&vrn=100100225883172&prver=0&pronetvd=null&region=16&sub_region=16",
  "prver" : "0",
  "isUik" : true,
  "selected" : false,
  "load_on_demand" : false
}, {
  "id" : 4164008375996,
  "text" : "УИК №885",
  "href" : "region/izbirkom?action=show&root=162000025&tvd=4164008375996&vrn=100100225883172&prver=0&pronetvd=null&region=16&sub_region=16",
  "prver" : "0",
  "isUik" : true,
  "selected" : false,
  "load_on_demand" : false
}, {
  "id" : 4164008375997,
  "text" : "УИК №886",
  "href" : "region/izbirkom?action=show&root=162000025&tvd=4164008375997&vrn=100100225883172&prver=0&pronetvd=null&region=16&sub_region=16",
  "prver" : "0",
  "isUik" : true,
  "selected" : false,
  "load_on_demand" : false
}, {
  "id" : 4164008375998,
  "text" : "УИК №887",
  "href" : "region/izbirkom?action=show&root=162000025&tvd=4164008375998&vrn=100100225883172&prver=0&pronetvd=null&region=16&sub_region=16",
  "prver" : "0",
  "isUik" : true,
  "selected" : false,
  "load_on_demand" : false
}, {
  "id" : 4164008375999,
  "text" : "УИК №888",
  "href" : "region/izbirkom?action=show&root=162000025&tvd=4164008375999&vrn=100100225883172&prver=0&pronetvd=null&region=16&sub_region=16",
  "prver" : "0",
  "isUik" : true,
  "selected" : false,
  "load_on_demand" : false
}, {
  "id" : 4164008376000,
  "text" : "УИК №889",
  "href" : "region/izbirkom?action=show&root=162000025&tvd=4164008376000&vrn=100100225883172&prver=0&pronetvd=null&region=16&sub_region=16",
  "prver" : "0",
  "isUik" : true,
  "selected" : false,
  "load_on_demand" : false
}, {
  "id" : 4164008376001,
  "text" : "УИК №890",
  "href" : "region/izbirkom?action=show&root=162000025&tvd=4164008376001&vrn=100100225883172&prver=0&pronetvd=null&region=16&sub_region=16",
  "prver" : "0",
  "isUik" : true,
  "selected" : false,
  "load_on_demand" : false
}, {
  "id" : 4164008376002,
  "text" : "УИК №891",
  "href" : "region/izbirkom?action=show&root=162000025&tvd=4164008376002&vrn=100100225883172&prver=0&pronetvd=null&region=16&sub_region=16",
  "prver" : "0",
  "isUik" : true,
  "selected" : false,
  "load_on_demand" : false
}, {
  "id" : 4164008376003,
  "text" : "УИК №892",
  "href" : "region/izbirkom?action=show&root=162000025&tvd=4164008376003&vrn=100100225883172&prver=0&pronetvd=null&region=16&sub_region=16",
  "prver" : "0",
  "isUik" : true,
  "selected" : false,
  "load_on_demand" : false
}, {
  "id" : 4164008376004,
  "text" : "УИК №893",
  "href" : "region/izbirkom?action=show&root=162000025&tvd=4164008376004&vrn=100100225883172&prver=0&pronetvd=null&region=16&sub_region=16",
  "prver" : "0",
  "isUik" : true,
  "selected" : false,
  "load_on_demand" : false
}, {
  "id" : 4164008376005,
  "text" : "УИК №894",
  "href" : "region/izbirkom?action=show&root=162000025&tvd=4164008376005&vrn=100100225883172&prver=0&pronetvd=null&region=16&sub_region=16",
  "prver" : "0",
  "isUik" : true,
  "selected" : false,
  "load_on_demand" : false
}, {
  "id" : 4164008376006,
  "text" : "УИК №895",
  "href" : "region/izbirkom?action=show&root=162000025&tvd=4164008376006&vrn=100100225883172&prver=0&pronetvd=null&region=16&sub_region=16",
  "prver" : "0",
  "isUik" : true,
  "selected" : false,
  "load_on_demand" : false
}, {
  "id" : 4164008376007,
  "text" : "УИК №896",
  "href" : "region/izbirkom?action=show&root=162000025&tvd=4164008376007&vrn=100100225883172&prver=0&pronetvd=null&region=16&sub_region=16",
  "prver" : "0",
  "isUik" : true,
  "selected" : false,
  "load_on_demand" : false
}, {
  "id" : 4164008376008,
  "text" : "УИК №897",
  "href" : "region/izbirkom?action=show&root=162000025&tvd=4164008376008&vrn=100100225883172&prver=0&pronetvd=null&region=16&sub_region=16",
  "prver" : "0",
  "isUik" : true,
  "selected" : false,
  "load_on_demand" : false
}, {
  "id" : 4164008376009,
  "text" : "УИК №898",
  "href" : "region/izbirkom?action=show&root=162000025&tvd=4164008376009&vrn=100100225883172&prver=0&pronetvd=null&region=16&sub_region=16",
  "prver" : "0",
  "isUik" : true,
  "selected" : false,
  "load_on_demand" : false
}, {
  "id" : 4164008376010,
  "text" : "УИК №899",
  "href" : "region/izbirkom?action=show&root=162000025&tvd=4164008376010&vrn=100100225883172&prver=0&pronetvd=null&region=16&sub_region=16",
  "prver" : "0",
  "isUik" : true,
  "selected" : false,
  "load_on_demand" : false
}, {
  "id" : 4164008376011,
  "text" : "УИК №900",
  "href" : "region/izbirkom?action=show&root=162000025&tvd=4164008376011&vrn=100100225883172&prver=0&pronetvd=null&region=16&sub_region=16",
  "prver" : "0",
  "isUik" : true,
  "selected" : false,
  "load_on_demand" : false
}, {
  "id" : 4164008376012,
  "text" : "УИК №901",
  "href" : "region/izbirkom?action=show&root=162000025&tvd=4164008376012&vrn=100100225883172&prver=0&pronetvd=null&region=16&sub_region=16",
  "prver" : "0",
  "isUik" : true,
  "selected" : false,
  "load_on_demand" : false
}, {
  "id" : 4164008376013,
  "text" : "УИК №902",
  "href" : "region/izbirkom?action=show&root=162000025&tvd=4164008376013&vrn=100100225883172&prver=0&pronetvd=null&region=16&sub_region=16",
  "prver" : "0",
  "isUik" : true,
  "selected" : false,
  "load_on_demand" : false
}, {
  "id" : 4164008376014,
  "text" : "УИК №903",
  "href" : "region/izbirkom?action=show&root=162000025&tvd=4164008376014&vrn=100100225883172&prver=0&pronetvd=null&region=16&sub_region=16",
  "prver" : "0",
  "isUik" : true,
  "selected" : false,
  "load_on_demand" : false
}, {
  "id" : 4164008376015,
  "text" : "УИК №904",
  "href" : "region/izbirkom?action=show&root=162000025&tvd=4164008376015&vrn=100100225883172&prver=0&pronetvd=null&region=16&sub_region=16",
  "prver" : "0",
  "isUik" : true,
  "selected" : false,
  "load_on_demand" : false
}, {
  "id" : 4164008376016,
  "text" : "УИК №905",
  "href" : "region/izbirkom?action=show&root=162000025&tvd=4164008376016&vrn=100100225883172&prver=0&pronetvd=null&region=16&sub_region=16",
  "prver" : "0",
  "isUik" : true,
  "selected" : false,
  "load_on_demand" : false
}, {
  "id" : 4164008376017,
  "text" : "УИК №906",
  "href" : "region/izbirkom?action=show&root=162000025&tvd=4164008376017&vrn=100100225883172&prver=0&pronetvd=null&region=16&sub_region=16",
  "prver" : "0",
  "isUik" : true,
  "selected" : false,
  "load_on_demand" : false
}, {
  "id" : 4164008376018,
  "text" : "УИК №907",
  "href" : "region/izbirkom?action=show&root=162000025&tvd=4164008376018&vrn=100100225883172&prver=0&pronetvd=null&region=16&sub_region=16",
  "prver" : "0",
  "isUik" : true,
  "selected" : false,
  "load_on_demand" : false
}, {
  "id" : 4164008376019,
  "text" : "УИК №908",
  "href" : "region/izbirkom?action=show&root=162000025&tvd=4164008376019&vrn=100100225883172&prver=0&pronetvd=null&region=16&sub_region=16",
  "prver" : "0",
  "isUik" : true,
  "selected" : false,
  "load_on_demand" : false
}, {
  "id" : 4164008376020,
  "text" : "УИК №909",
  "href" : "region/izbirkom?action=show&root=162000025&tvd=4164008376020&vrn=100100225883172&prver=0&pronetvd=null&region=16&sub_region=16",
  "prver" : "0",
  "isUik" : true,
  "selected" : false,
  "load_on_demand" : false
}, {
  "id" : 4164008376021,
  "text" : "УИК №910",
  "href" : "region/izbirkom?action=show&root=162000025&tvd=4164008376021&vrn=100100225883172&prver=0&pronetvd=null&region=16&sub_region=16",
  "prver" : "0",
  "isUik" : true,
  "selected" : false,
  "load_on_demand" : false
}, {
  "id" : 4164008376022,
  "text" : "УИК №911",
  "href" : "region/izbirkom?action=show&root=162000025&tvd=4164008376022&vrn=100100225883172&prver=0&pronetvd=null&region=16&sub_region=16",
  "prver" : "0",
  "isUik" : true,
  "selected" : false,
  "load_on_demand" : false
}, {
  "id" : 4164008376023,
  "text" : "УИК №912",
  "href" : "region/izbirkom?action=show&root=162000025&tvd=4164008376023&vrn=100100225883172&prver=0&pronetvd=null&region=16&sub_region=16",
  "prver" : "0",
  "isUik" : true,
  "selected" : false,
  "load_on_demand" : false
}, {
  "id" : 4164008376024,
  "text" : "УИК №913",
  "href" : "region/izbirkom?action=show&root=162000025&tvd=4164008376024&vrn=100100225883172&prver=0&pronetvd=null&region=16&sub_region=16",
  "prver" : "0",
  "isUik" : true,
  "selected" : false,
  "load_on_demand" : false
}, {
  "id" : 4164008376025,
  "text" : "УИК №914",
  "href" : "region/izbirkom?action=show&root=162000025&tvd=4164008376025&vrn=100100225883172&prver=0&pronetvd=null&region=16&sub_region=16",
  "prver" : "0",
  "isUik" : true,
  "selected" : false,
  "load_on_demand" : false
}, {
  "id" : 4164008376026,
  "text" : "УИК №915",
  "href" : "region/izbirkom?action=show&root=162000025&tvd=4164008376026&vrn=100100225883172&prver=0&pronetvd=null&region=16&sub_region=16",
  "prver" : "0",
  "isUik" : true,
  "selected" : false,
  "load_on_demand" : false
}, {
  "id" : 4164008376027,
  "text" : "УИК №916",
  "href" : "region/izbirkom?action=show&root=162000025&tvd=4164008376027&vrn=100100225883172&prver=0&pronetvd=null&region=16&sub_region=16",
  "prver" : "0",
  "isUik" : true,
  "selected" : false,
  "load_on_demand" : false
}, {
  "id" : 4164008376028,
  "text" : "УИК №917",
  "href" : "region/izbirkom?action=show&root=162000025&tvd=4164008376028&vrn=100100225883172&prver=0&pronetvd=null&region=16&sub_region=16",
  "prver" : "0",
  "isUik" : true,
  "selected" : false,
  "load_on_demand" : false
}, {
  "id" : 4164008376029,
  "text" : "УИК №918",
  "href" : "region/izbirkom?action=show&root=162000025&tvd=4164008376029&vrn=100100225883172&prver=0&pronetvd=null&region=16&sub_region=16",
  "prver" : "0",
  "isUik" : true,
  "selected" : false,
  "load_on_demand" : false
}, {
  "id" : 4164008376030,
  "text" : "УИК №919",
  "href" : "region/izbirkom?action=show&root=162000025&tvd=4164008376030&vrn=100100225883172&prver=0&pronetvd=null&region=16&sub_region=16",
  "prver" : "0",
  "isUik" : true,
  "selected" : false,
  "load_on_demand" : false
}, {
  "id" : 4164008376031,
  "text" : "УИК №920",
  "href" : "region/izbirkom?action=show&root=162000025&tvd=4164008376031&vrn=100100225883172&prver=0&pronetvd=null&region=16&sub_region=16",
  "prver" : "0",
  "isUik" : true,
  "selected" : false,
  "load_on_demand" : false
}, {
  "id" : 4164008376032,
  "text" : "УИК №921",
  "href" : "region/izbirkom?action=show&root=162000025&tvd=4164008376032&vrn=100100225883172&prver=0&pronetvd=null&region=16&sub_region=16",
  "prver" : "0",
  "isUik" : true,
  "selected" : false,
  "load_on_demand" : false
}, {
  "id" : 4164008376033,
  "text" : "УИК №922",
  "href" : "region/izbirkom?action=show&root=162000025&tvd=4164008376033&vrn=100100225883172&prver=0&pronetvd=null&region=16&sub_region=16",
  "prver" : "0",
  "isUik" : true,
  "selected" : false,
  "load_on_demand" : false
}, {
  "id" : 4164008376034,
  "text" : "УИК №923",
  "href" : "region/izbirkom?action=show&root=162000025&tvd=4164008376034&vrn=100100225883172&prver=0&pronetvd=null&region=16&sub_region=16",
  "prver" : "0",
  "isUik" : true,
  "selected" : false,
  "load_on_demand" : false
}, {
  "id" : 4164008376035,
  "text" : "УИК №924",
  "href" : "region/izbirkom?action=show&root=162000025&tvd=4164008376035&vrn=100100225883172&prver=0&pronetvd=null&region=16&sub_region=16",
  "prver" : "0",
  "isUik" : true,
  "selected" : false,
  "load_on_demand" : false
}, {
  "id" : 4164008376036,
  "text" : "УИК №925",
  "href" : "region/izbirkom?action=show&root=162000025&tvd=4164008376036&vrn=100100225883172&prver=0&pronetvd=null&region=16&sub_region=16",
  "prver" : "0",
  "isUik" : true,
  "selected" : false,
  "load_on_demand" : false
}, {
  "id" : 4164008376037,
  "text" : "УИК №926",
  "href" : "region/izbirkom?action=show&root=162000025&tvd=4164008376037&vrn=100100225883172&prver=0&pronetvd=null&region=16&sub_region=16",
  "prver" : "0",
  "isUik" : true,
  "selected" : false,
  "load_on_demand" : false
}, {
  "id" : 4164008376038,
  "text" : "УИК №927",
  "href" : "region/izbirkom?action=show&root=162000025&tvd=4164008376038&vrn=100100225883172&prver=0&pronetvd=null&region=16&sub_region=16",
  "prver" : "0",
  "isUik" : true,
  "selected" : false,
  "load_on_demand" : false
}, {
  "id" : 4164008376039,
  "text" : "УИК №928",
  "href" : "region/izbirkom?action=show&root=162000025&tvd=4164008376039&vrn=100100225883172&prver=0&pronetvd=null&region=16&sub_region=16",
  "prver" : "0",
  "isUik" : true,
  "selected" : false,
  "load_on_demand" : false
}, {
  "id" : 4164008376040,
  "text" : "УИК №929",
  "href" : "region/izbirkom?action=show&root=162000025&tvd=4164008376040&vrn=100100225883172&prver=0&pronetvd=null&region=16&sub_region=16",
  "prver" : "0",
  "isUik" : true,
  "selected" : false,
  "load_on_demand" : false
}, {
  "id" : 4164008376041,
  "text" : "УИК №930",
  "href" : "region/izbirkom?action=show&root=162000025&tvd=4164008376041&vrn=100100225883172&prver=0&pronetvd=null&region=16&sub_region=16",
  "prver" : "0",
  "isUik" : true,
  "selected" : false,
  "load_on_demand" : false
}, {
  "id" : 4164008376042,
  "text" : "УИК №931",
  "href" : "region/izbirkom?action=show&root=162000025&tvd=4164008376042&vrn=100100225883172&prver=0&pronetvd=null&region=16&sub_region=16",
  "prver" : "0",
  "isUik" : true,
  "selected" : false,
  "load_on_demand" : false
}, {
  "id" : 4164008376043,
  "text" : "УИК №932",
  "href" : "region/izbirkom?action=show&root=162000025&tvd=4164008376043&vrn=100100225883172&prver=0&pronetvd=null&region=16&sub_region=16",
  "prver" : "0",
  "isUik" : true,
  "selected" : false,
  "load_on_demand" : false
}, {
  "id" : 4164008376044,
  "text" : "УИК №933",
  "href" : "region/izbirkom?action=show&root=162000025&tvd=4164008376044&vrn=100100225883172&prver=0&pronetvd=null&region=16&sub_region=16",
  "prver" : "0",
  "isUik" : true,
  "selected" : false,
  "load_on_demand" : false
}, {
  "id" : 4164008376045,
  "text" : "УИК №934",
  "href" : "region/izbirkom?action=show&root=162000025&tvd=4164008376045&vrn=100100225883172&prver=0&pronetvd=null&region=16&sub_region=16",
  "prver" : "0",
  "isUik" : true,
  "selected" : false,
  "load_on_demand" : false
} ]