[ {
  "id" : 4164045339544,
  "text" : "УИК №2543",
  "href" : "region/izbirkom?action=show&root=162000029&tvd=4164045339544&vrn=100100225883172&prver=0&pronetvd=null&region=16&sub_region=16",
  "prver" : "0",
  "isUik" : true,
  "selected" : false,
  "load_on_demand" : false
}, {
  "id" : 4164045339545,
  "text" : "УИК №2544",
  "href" : "region/izbirkom?action=show&root=162000029&tvd=4164045339545&vrn=100100225883172&prver=0&pronetvd=null&region=16&sub_region=16",
  "prver" : "0",
  "isUik" : true,
  "selected" : false,
  "load_on_demand" : false
}, {
  "id" : 4164045339546,
  "text" : "УИК №2545",
  "href" : "region/izbirkom?action=show&root=162000029&tvd=4164045339546&vrn=100100225883172&prver=0&pronetvd=null&region=16&sub_region=16",
  "prver" : "0",
  "isUik" : true,
  "selected" : false,
  "load_on_demand" : false
}, {
  "id" : 4164045339547,
  "text" : "УИК №2546",
  "href" : "region/izbirkom?action=show&root=162000029&tvd=4164045339547&vrn=100100225883172&prver=0&pronetvd=null&region=16&sub_region=16",
  "prver" : "0",
  "isUik" : true,
  "selected" : false,
  "load_on_demand" : false
}, {
  "id" : 4164045339548,
  "text" : "УИК №2547",
  "href" : "region/izbirkom?action=show&root=162000029&tvd=4164045339548&vrn=100100225883172&prver=0&pronetvd=null&region=16&sub_region=16",
  "prver" : "0",
  "isUik" : true,
  "selected" : false,
  "load_on_demand" : false
}, {
  "id" : 4164045339549,
  "text" : "УИК №2548",
  "href" : "region/izbirkom?action=show&root=162000029&tvd=4164045339549&vrn=100100225883172&prver=0&pronetvd=null&region=16&sub_region=16",
  "prver" : "0",
  "isUik" : true,
  "selected" : false,
  "load_on_demand" : false
}, {
  "id" : 4164045339550,
  "text" : "УИК №2549",
  "href" : "region/izbirkom?action=show&root=162000029&tvd=4164045339550&vrn=100100225883172&prver=0&pronetvd=null&region=16&sub_region=16",
  "prver" : "0",
  "isUik" : true,
  "selected" : false,
  "load_on_demand" : false
}, {
  "id" : 4164045339551,
  "text" : "УИК №2550",
  "href" : "region/izbirkom?action=show&root=162000029&tvd=4164045339551&vrn=100100225883172&prver=0&pronetvd=null&region=16&sub_region=16",
  "prver" : "0",
  "isUik" : true,
  "selected" : false,
  "load_on_demand" : false
}, {
  "id" : 4164045339552,
  "text" : "УИК №2551",
  "href" : "region/izbirkom?action=show&root=162000029&tvd=4164045339552&vrn=100100225883172&prver=0&pronetvd=null&region=16&sub_region=16",
  "prver" : "0",
  "isUik" : true,
  "selected" : false,
  "load_on_demand" : false
}, {
  "id" : 4164045339553,
  "text" : "УИК №2552",
  "href" : "region/izbirkom?action=show&root=162000029&tvd=4164045339553&vrn=100100225883172&prver=0&pronetvd=null&region=16&sub_region=16",
  "prver" : "0",
  "isUik" : true,
  "selected" : false,
  "load_on_demand" : false
}, {
  "id" : 4164045339554,
  "text" : "УИК №2554",
  "href" : "region/izbirkom?action=show&root=162000029&tvd=4164045339554&vrn=100100225883172&prver=0&pronetvd=null&region=16&sub_region=16",
  "prver" : "0",
  "isUik" : true,
  "selected" : false,
  "load_on_demand" : false
}, {
  "id" : 4164045339555,
  "text" : "УИК №2555",
  "href" : "region/izbirkom?action=show&root=162000029&tvd=4164045339555&vrn=100100225883172&prver=0&pronetvd=null&region=16&sub_region=16",
  "prver" : "0",
  "isUik" : true,
  "selected" : false,
  "load_on_demand" : false
}, {
  "id" : 4164045339556,
  "text" : "УИК №2556",
  "href" : "region/izbirkom?action=show&root=162000029&tvd=4164045339556&vrn=100100225883172&prver=0&pronetvd=null&region=16&sub_region=16",
  "prver" : "0",
  "isUik" : true,
  "selected" : false,
  "load_on_demand" : false
}, {
  "id" : 4164045339557,
  "text" : "УИК №2557",
  "href" : "region/izbirkom?action=show&root=162000029&tvd=4164045339557&vrn=100100225883172&prver=0&pronetvd=null&region=16&sub_region=16",
  "prver" : "0",
  "isUik" : true,
  "selected" : false,
  "load_on_demand" : false
}, {
  "id" : 4164045339558,
  "text" : "УИК №2558",
  "href" : "region/izbirkom?action=show&root=162000029&tvd=4164045339558&vrn=100100225883172&prver=0&pronetvd=null&region=16&sub_region=16",
  "prver" : "0",
  "isUik" : true,
  "selected" : false,
  "load_on_demand" : false
}, {
  "id" : 4164045339559,
  "text" : "УИК №2559",
  "href" : "region/izbirkom?action=show&root=162000029&tvd=4164045339559&vrn=100100225883172&prver=0&pronetvd=null&region=16&sub_region=16",
  "prver" : "0",
  "isUik" : true,
  "selected" : false,
  "load_on_demand" : false
}, {
  "id" : 4164045339560,
  "text" : "УИК №2560",
  "href" : "region/izbirkom?action=show&root=162000029&tvd=4164045339560&vrn=100100225883172&prver=0&pronetvd=null&region=16&sub_region=16",
  "prver" : "0",
  "isUik" : true,
  "selected" : false,
  "load_on_demand" : false
}, {
  "id" : 4164045339561,
  "text" : "УИК №2561",
  "href" : "region/izbirkom?action=show&root=162000029&tvd=4164045339561&vrn=100100225883172&prver=0&pronetvd=null&region=16&sub_region=16",
  "prver" : "0",
  "isUik" : true,
  "selected" : false,
  "load_on_demand" : false
}, {
  "id" : 4164045339562,
  "text" : "УИК №2562",
  "href" : "region/izbirkom?action=show&root=162000029&tvd=4164045339562&vrn=100100225883172&prver=0&pronetvd=null&region=16&sub_region=16",
  "prver" : "0",
  "isUik" : true,
  "selected" : false,
  "load_on_demand" : false
}, {
  "id" : 4164045339563,
  "text" : "УИК №2563",
  "href" : "region/izbirkom?action=show&root=162000029&tvd=4164045339563&vrn=100100225883172&prver=0&pronetvd=null&region=16&sub_region=16",
  "prver" : "0",
  "isUik" : true,
  "selected" : false,
  "load_on_demand" : false
}, {
  "id" : 4164045339564,
  "text" : "УИК №2564",
  "href" : "region/izbirkom?action=show&root=162000029&tvd=4164045339564&vrn=100100225883172&prver=0&pronetvd=null&region=16&sub_region=16",
  "prver" : "0",
  "isUik" : true,
  "selected" : false,
  "load_on_demand" : false
}, {
  "id" : 4164045339565,
  "text" : "УИК №2565",
  "href" : "region/izbirkom?action=show&root=162000029&tvd=4164045339565&vrn=100100225883172&prver=0&pronetvd=null&region=16&sub_region=16",
  "prver" : "0",
  "isUik" : true,
  "selected" : false,
  "load_on_demand" : false
}, {
  "id" : 4164045339566,
  "text" : "УИК №2566",
  "href" : "region/izbirkom?action=show&root=162000029&tvd=4164045339566&vrn=100100225883172&prver=0&pronetvd=null&region=16&sub_region=16",
  "prver" : "0",
  "isUik" : true,
  "selected" : false,
  "load_on_demand" : false
}, {
  "id" : 4164045339567,
  "text" : "УИК №2567",
  "href" : "region/izbirkom?action=show&root=162000029&tvd=4164045339567&vrn=100100225883172&prver=0&pronetvd=null&region=16&sub_region=16",
  "prver" : "0",
  "isUik" : true,
  "selected" : false,
  "load_on_demand" : false
}, {
  "id" : 4164045339568,
  "text" : "УИК №2568",
  "href" : "region/izbirkom?action=show&root=162000029&tvd=4164045339568&vrn=100100225883172&prver=0&pronetvd=null&region=16&sub_region=16",
  "prver" : "0",
  "isUik" : true,
  "selected" : false,
  "load_on_demand" : false
}, {
  "id" : 4164045339569,
  "text" : "УИК №2569",
  "href" : "region/izbirkom?action=show&root=162000029&tvd=4164045339569&vrn=100100225883172&prver=0&pronetvd=null&region=16&sub_region=16",
  "prver" : "0",
  "isUik" : true,
  "selected" : false,
  "load_on_demand" : false
}, {
  "id" : 4164045339570,
  "text" : "УИК №2570",
  "href" : "region/izbirkom?action=show&root=162000029&tvd=4164045339570&vrn=100100225883172&prver=0&pronetvd=null&region=16&sub_region=16",
  "prver" : "0",
  "isUik" : true,
  "selected" : false,
  "load_on_demand" : false
}, {
  "id" : 4164045339571,
  "text" : "УИК №2571",
  "href" : "region/izbirkom?action=show&root=162000029&tvd=4164045339571&vrn=100100225883172&prver=0&pronetvd=null&region=16&sub_region=16",
  "prver" : "0",
  "isUik" : true,
  "selected" : false,
  "load_on_demand" : false
}, {
  "id" : 4164045339572,
  "text" : "УИК №2572",
  "href" : "region/izbirkom?action=show&root=162000029&tvd=4164045339572&vrn=100100225883172&prver=0&pronetvd=null&region=16&sub_region=16",
  "prver" : "0",
  "isUik" : true,
  "selected" : false,
  "load_on_demand" : false
}, {
  "id" : 4164045339573,
  "text" : "УИК №2573",
  "href" : "region/izbirkom?action=show&root=162000029&tvd=4164045339573&vrn=100100225883172&prver=0&pronetvd=null&region=16&sub_region=16",
  "prver" : "0",
  "isUik" : true,
  "selected" : false,
  "load_on_demand" : false
}, {
  "id" : 4164045339574,
  "text" : "УИК №2574",
  "href" : "region/izbirkom?action=show&root=162000029&tvd=4164045339574&vrn=100100225883172&prver=0&pronetvd=null&region=16&sub_region=16",
  "prver" : "0",
  "isUik" : true,
  "selected" : false,
  "load_on_demand" : false
}, {
  "id" : 4164045339575,
  "text" : "УИК №2575",
  "href" : "region/izbirkom?action=show&root=162000029&tvd=4164045339575&vrn=100100225883172&prver=0&pronetvd=null&region=16&sub_region=16",
  "prver" : "0",
  "isUik" : true,
  "selected" : false,
  "load_on_demand" : false
}, {
  "id" : 4164045339576,
  "text" : "УИК №2576",
  "href" : "region/izbirkom?action=show&root=162000029&tvd=4164045339576&vrn=100100225883172&prver=0&pronetvd=null&region=16&sub_region=16",
  "prver" : "0",
  "isUik" : true,
  "selected" : false,
  "load_on_demand" : false
}, {
  "id" : 4164045339577,
  "text" : "УИК №2577",
  "href" : "region/izbirkom?action=show&root=162000029&tvd=4164045339577&vrn=100100225883172&prver=0&pronetvd=null&region=16&sub_region=16",
  "prver" : "0",
  "isUik" : true,
  "selected" : false,
  "load_on_demand" : false
}, {
  "id" : 4164045339578,
  "text" : "УИК №2578",
  "href" : "region/izbirkom?action=show&root=162000029&tvd=4164045339578&vrn=100100225883172&prver=0&pronetvd=null&region=16&sub_region=16",
  "prver" : "0",
  "isUik" : true,
  "selected" : false,
  "load_on_demand" : false
}, {
  "id" : 4164045339579,
  "text" : "УИК №2579",
  "href" : "region/izbirkom?action=show&root=162000029&tvd=4164045339579&vrn=100100225883172&prver=0&pronetvd=null&region=16&sub_region=16",
  "prver" : "0",
  "isUik" : true,
  "selected" : false,
  "load_on_demand" : false
}, {
  "id" : 4164045339580,
  "text" : "УИК №2580",
  "href" : "region/izbirkom?action=show&root=162000029&tvd=4164045339580&vrn=100100225883172&prver=0&pronetvd=null&region=16&sub_region=16",
  "prver" : "0",
  "isUik" : true,
  "selected" : false,
  "load_on_demand" : false
}, {
  "id" : 4164045339581,
  "text" : "УИК №2581",
  "href" : "region/izbirkom?action=show&root=162000029&tvd=4164045339581&vrn=100100225883172&prver=0&pronetvd=null&region=16&sub_region=16",
  "prver" : "0",
  "isUik" : true,
  "selected" : false,
  "load_on_demand" : false
}, {
  "id" : 4164045339582,
  "text" : "УИК №2582",
  "href" : "region/izbirkom?action=show&root=162000029&tvd=4164045339582&vrn=100100225883172&prver=0&pronetvd=null&region=16&sub_region=16",
  "prver" : "0",
  "isUik" : true,
  "selected" : false,
  "load_on_demand" : false
}, {
  "id" : 4164045339583,
  "text" : "УИК №2583",
  "href" : "region/izbirkom?action=show&root=162000029&tvd=4164045339583&vrn=100100225883172&prver=0&pronetvd=null&region=16&sub_region=16",
  "prver" : "0",
  "isUik" : true,
  "selected" : false,
  "load_on_demand" : false
}, {
  "id" : 4164045339584,
  "text" : "УИК №2584",
  "href" : "region/izbirkom?action=show&root=162000029&tvd=4164045339584&vrn=100100225883172&prver=0&pronetvd=null&region=16&sub_region=16",
  "prver" : "0",
  "isUik" : true,
  "selected" : false,
  "load_on_demand" : false
} ]