[ {
  "id" : 4164030543754,
  "text" : "УИК №1280",
  "href" : "region/izbirkom?action=show&root=162000005&tvd=4164030543754&vrn=100100225883172&prver=0&pronetvd=null&region=16&sub_region=16",
  "prver" : "0",
  "isUik" : true,
  "selected" : false,
  "load_on_demand" : false
}, {
  "id" : 4164030543755,
  "text" : "УИК №1281",
  "href" : "region/izbirkom?action=show&root=162000005&tvd=4164030543755&vrn=100100225883172&prver=0&pronetvd=null&region=16&sub_region=16",
  "prver" : "0",
  "isUik" : true,
  "selected" : false,
  "load_on_demand" : false
}, {
  "id" : 4164030543756,
  "text" : "УИК №1663",
  "href" : "region/izbirkom?action=show&root=162000005&tvd=4164030543756&vrn=100100225883172&prver=0&pronetvd=null&region=16&sub_region=16",
  "prver" : "0",
  "isUik" : true,
  "selected" : false,
  "load_on_demand" : false
}, {
  "id" : 4164030543757,
  "text" : "УИК №1664",
  "href" : "region/izbirkom?action=show&root=162000005&tvd=4164030543757&vrn=100100225883172&prver=0&pronetvd=null&region=16&sub_region=16",
  "prver" : "0",
  "isUik" : true,
  "selected" : false,
  "load_on_demand" : false
}, {
  "id" : 4164030543758,
  "text" : "УИК №1665",
  "href" : "region/izbirkom?action=show&root=162000005&tvd=4164030543758&vrn=100100225883172&prver=0&pronetvd=null&region=16&sub_region=16",
  "prver" : "0",
  "isUik" : true,
  "selected" : false,
  "load_on_demand" : false
}, {
  "id" : 4164030543759,
  "text" : "УИК №1666",
  "href" : "region/izbirkom?action=show&root=162000005&tvd=4164030543759&vrn=100100225883172&prver=0&pronetvd=null&region=16&sub_region=16",
  "prver" : "0",
  "isUik" : true,
  "selected" : false,
  "load_on_demand" : false
}, {
  "id" : 4164030543760,
  "text" : "УИК №1667",
  "href" : "region/izbirkom?action=show&root=162000005&tvd=4164030543760&vrn=100100225883172&prver=0&pronetvd=null&region=16&sub_region=16",
  "prver" : "0",
  "isUik" : true,
  "selected" : false,
  "load_on_demand" : false
}, {
  "id" : 4164030543761,
  "text" : "УИК №1668",
  "href" : "region/izbirkom?action=show&root=162000005&tvd=4164030543761&vrn=100100225883172&prver=0&pronetvd=null&region=16&sub_region=16",
  "prver" : "0",
  "isUik" : true,
  "selected" : false,
  "load_on_demand" : false
}, {
  "id" : 4164030543762,
  "text" : "УИК №1669",
  "href" : "region/izbirkom?action=show&root=162000005&tvd=4164030543762&vrn=100100225883172&prver=0&pronetvd=null&region=16&sub_region=16",
  "prver" : "0",
  "isUik" : true,
  "selected" : false,
  "load_on_demand" : false
}, {
  "id" : 4164030543763,
  "text" : "УИК №1670",
  "href" : "region/izbirkom?action=show&root=162000005&tvd=4164030543763&vrn=100100225883172&prver=0&pronetvd=null&region=16&sub_region=16",
  "prver" : "0",
  "isUik" : true,
  "selected" : false,
  "load_on_demand" : false
}, {
  "id" : 4164030543764,
  "text" : "УИК №1671",
  "href" : "region/izbirkom?action=show&root=162000005&tvd=4164030543764&vrn=100100225883172&prver=0&pronetvd=null&region=16&sub_region=16",
  "prver" : "0",
  "isUik" : true,
  "selected" : false,
  "load_on_demand" : false
}, {
  "id" : 4164030543765,
  "text" : "УИК №1672",
  "href" : "region/izbirkom?action=show&root=162000005&tvd=4164030543765&vrn=100100225883172&prver=0&pronetvd=null&region=16&sub_region=16",
  "prver" : "0",
  "isUik" : true,
  "selected" : false,
  "load_on_demand" : false
}, {
  "id" : 4164030543766,
  "text" : "УИК №1673",
  "href" : "region/izbirkom?action=show&root=162000005&tvd=4164030543766&vrn=100100225883172&prver=0&pronetvd=null&region=16&sub_region=16",
  "prver" : "0",
  "isUik" : true,
  "selected" : false,
  "load_on_demand" : false
}, {
  "id" : 4164030543767,
  "text" : "УИК №1674",
  "href" : "region/izbirkom?action=show&root=162000005&tvd=4164030543767&vrn=100100225883172&prver=0&pronetvd=null&region=16&sub_region=16",
  "prver" : "0",
  "isUik" : true,
  "selected" : false,
  "load_on_demand" : false
}, {
  "id" : 4164030543768,
  "text" : "УИК №1675",
  "href" : "region/izbirkom?action=show&root=162000005&tvd=4164030543768&vrn=100100225883172&prver=0&pronetvd=null&region=16&sub_region=16",
  "prver" : "0",
  "isUik" : true,
  "selected" : false,
  "load_on_demand" : false
}, {
  "id" : 4164030543769,
  "text" : "УИК №1676",
  "href" : "region/izbirkom?action=show&root=162000005&tvd=4164030543769&vrn=100100225883172&prver=0&pronetvd=null&region=16&sub_region=16",
  "prver" : "0",
  "isUik" : true,
  "selected" : false,
  "load_on_demand" : false
}, {
  "id" : 4164030543770,
  "text" : "УИК №1677",
  "href" : "region/izbirkom?action=show&root=162000005&tvd=4164030543770&vrn=100100225883172&prver=0&pronetvd=null&region=16&sub_region=16",
  "prver" : "0",
  "isUik" : true,
  "selected" : false,
  "load_on_demand" : false
}, {
  "id" : 4164030543771,
  "text" : "УИК №1678",
  "href" : "region/izbirkom?action=show&root=162000005&tvd=4164030543771&vrn=100100225883172&prver=0&pronetvd=null&region=16&sub_region=16",
  "prver" : "0",
  "isUik" : true,
  "selected" : false,
  "load_on_demand" : false
}, {
  "id" : 4164030543772,
  "text" : "УИК №1679",
  "href" : "region/izbirkom?action=show&root=162000005&tvd=4164030543772&vrn=100100225883172&prver=0&pronetvd=null&region=16&sub_region=16",
  "prver" : "0",
  "isUik" : true,
  "selected" : false,
  "load_on_demand" : false
}, {
  "id" : 4164030543773,
  "text" : "УИК №1680",
  "href" : "region/izbirkom?action=show&root=162000005&tvd=4164030543773&vrn=100100225883172&prver=0&pronetvd=null&region=16&sub_region=16",
  "prver" : "0",
  "isUik" : true,
  "selected" : false,
  "load_on_demand" : false
}, {
  "id" : 4164030543774,
  "text" : "УИК №1681",
  "href" : "region/izbirkom?action=show&root=162000005&tvd=4164030543774&vrn=100100225883172&prver=0&pronetvd=null&region=16&sub_region=16",
  "prver" : "0",
  "isUik" : true,
  "selected" : false,
  "load_on_demand" : false
}, {
  "id" : 4164030543775,
  "text" : "УИК №1682",
  "href" : "region/izbirkom?action=show&root=162000005&tvd=4164030543775&vrn=100100225883172&prver=0&pronetvd=null&region=16&sub_region=16",
  "prver" : "0",
  "isUik" : true,
  "selected" : false,
  "load_on_demand" : false
}, {
  "id" : 4164030543776,
  "text" : "УИК №1683",
  "href" : "region/izbirkom?action=show&root=162000005&tvd=4164030543776&vrn=100100225883172&prver=0&pronetvd=null&region=16&sub_region=16",
  "prver" : "0",
  "isUik" : true,
  "selected" : false,
  "load_on_demand" : false
}, {
  "id" : 4164030543777,
  "text" : "УИК №1684",
  "href" : "region/izbirkom?action=show&root=162000005&tvd=4164030543777&vrn=100100225883172&prver=0&pronetvd=null&region=16&sub_region=16",
  "prver" : "0",
  "isUik" : true,
  "selected" : false,
  "load_on_demand" : false
}, {
  "id" : 4164030543778,
  "text" : "УИК №1685",
  "href" : "region/izbirkom?action=show&root=162000005&tvd=4164030543778&vrn=100100225883172&prver=0&pronetvd=null&region=16&sub_region=16",
  "prver" : "0",
  "isUik" : true,
  "selected" : false,
  "load_on_demand" : false
}, {
  "id" : 4164030543779,
  "text" : "УИК №1686",
  "href" : "region/izbirkom?action=show&root=162000005&tvd=4164030543779&vrn=100100225883172&prver=0&pronetvd=null&region=16&sub_region=16",
  "prver" : "0",
  "isUik" : true,
  "selected" : false,
  "load_on_demand" : false
}, {
  "id" : 4164030543780,
  "text" : "УИК №1687",
  "href" : "region/izbirkom?action=show&root=162000005&tvd=4164030543780&vrn=100100225883172&prver=0&pronetvd=null&region=16&sub_region=16",
  "prver" : "0",
  "isUik" : true,
  "selected" : false,
  "load_on_demand" : false
}, {
  "id" : 4164030543781,
  "text" : "УИК №1688",
  "href" : "region/izbirkom?action=show&root=162000005&tvd=4164030543781&vrn=100100225883172&prver=0&pronetvd=null&region=16&sub_region=16",
  "prver" : "0",
  "isUik" : true,
  "selected" : false,
  "load_on_demand" : false
}, {
  "id" : 4164030543782,
  "text" : "УИК №1689",
  "href" : "region/izbirkom?action=show&root=162000005&tvd=4164030543782&vrn=100100225883172&prver=0&pronetvd=null&region=16&sub_region=16",
  "prver" : "0",
  "isUik" : true,
  "selected" : false,
  "load_on_demand" : false
}, {
  "id" : 4164030543783,
  "text" : "УИК №1690",
  "href" : "region/izbirkom?action=show&root=162000005&tvd=4164030543783&vrn=100100225883172&prver=0&pronetvd=null&region=16&sub_region=16",
  "prver" : "0",
  "isUik" : true,
  "selected" : false,
  "load_on_demand" : false
}, {
  "id" : 4164030543784,
  "text" : "УИК №1691",
  "href" : "region/izbirkom?action=show&root=162000005&tvd=4164030543784&vrn=100100225883172&prver=0&pronetvd=null&region=16&sub_region=16",
  "prver" : "0",
  "isUik" : true,
  "selected" : false,
  "load_on_demand" : false
}, {
  "id" : 4164030543785,
  "text" : "УИК №1692",
  "href" : "region/izbirkom?action=show&root=162000005&tvd=4164030543785&vrn=100100225883172&prver=0&pronetvd=null&region=16&sub_region=16",
  "prver" : "0",
  "isUik" : true,
  "selected" : false,
  "load_on_demand" : false
}, {
  "id" : 4164030543786,
  "text" : "УИК №1693",
  "href" : "region/izbirkom?action=show&root=162000005&tvd=4164030543786&vrn=100100225883172&prver=0&pronetvd=null&region=16&sub_region=16",
  "prver" : "0",
  "isUik" : true,
  "selected" : false,
  "load_on_demand" : false
}, {
  "id" : 4164030543787,
  "text" : "УИК №1694",
  "href" : "region/izbirkom?action=show&root=162000005&tvd=4164030543787&vrn=100100225883172&prver=0&pronetvd=null&region=16&sub_region=16",
  "prver" : "0",
  "isUik" : true,
  "selected" : false,
  "load_on_demand" : false
}, {
  "id" : 4164030543788,
  "text" : "УИК №1695",
  "href" : "region/izbirkom?action=show&root=162000005&tvd=4164030543788&vrn=100100225883172&prver=0&pronetvd=null&region=16&sub_region=16",
  "prver" : "0",
  "isUik" : true,
  "selected" : false,
  "load_on_demand" : false
}, {
  "id" : 4164030543789,
  "text" : "УИК №1696",
  "href" : "region/izbirkom?action=show&root=162000005&tvd=4164030543789&vrn=100100225883172&prver=0&pronetvd=null&region=16&sub_region=16",
  "prver" : "0",
  "isUik" : true,
  "selected" : false,
  "load_on_demand" : false
}, {
  "id" : 4164030543790,
  "text" : "УИК №1697",
  "href" : "region/izbirkom?action=show&root=162000005&tvd=4164030543790&vrn=100100225883172&prver=0&pronetvd=null&region=16&sub_region=16",
  "prver" : "0",
  "isUik" : true,
  "selected" : false,
  "load_on_demand" : false
}, {
  "id" : 4164030543791,
  "text" : "УИК №1698",
  "href" : "region/izbirkom?action=show&root=162000005&tvd=4164030543791&vrn=100100225883172&prver=0&pronetvd=null&region=16&sub_region=16",
  "prver" : "0",
  "isUik" : true,
  "selected" : false,
  "load_on_demand" : false
}, {
  "id" : 4164030543792,
  "text" : "УИК №1699",
  "href" : "region/izbirkom?action=show&root=162000005&tvd=4164030543792&vrn=100100225883172&prver=0&pronetvd=null&region=16&sub_region=16",
  "prver" : "0",
  "isUik" : true,
  "selected" : false,
  "load_on_demand" : false
}, {
  "id" : 4164030543793,
  "text" : "УИК №1700",
  "href" : "region/izbirkom?action=show&root=162000005&tvd=4164030543793&vrn=100100225883172&prver=0&pronetvd=null&region=16&sub_region=16",
  "prver" : "0",
  "isUik" : true,
  "selected" : false,
  "load_on_demand" : false
}, {
  "id" : 4164030543794,
  "text" : "УИК №1701",
  "href" : "region/izbirkom?action=show&root=162000005&tvd=4164030543794&vrn=100100225883172&prver=0&pronetvd=null&region=16&sub_region=16",
  "prver" : "0",
  "isUik" : true,
  "selected" : false,
  "load_on_demand" : false
}, {
  "id" : 4164030543795,
  "text" : "УИК №1702",
  "href" : "region/izbirkom?action=show&root=162000005&tvd=4164030543795&vrn=100100225883172&prver=0&pronetvd=null&region=16&sub_region=16",
  "prver" : "0",
  "isUik" : true,
  "selected" : false,
  "load_on_demand" : false
}, {
  "id" : 4164030543796,
  "text" : "УИК №1703",
  "href" : "region/izbirkom?action=show&root=162000005&tvd=4164030543796&vrn=100100225883172&prver=0&pronetvd=null&region=16&sub_region=16",
  "prver" : "0",
  "isUik" : true,
  "selected" : false,
  "load_on_demand" : false
}, {
  "id" : 4164030543797,
  "text" : "УИК №1704",
  "href" : "region/izbirkom?action=show&root=162000005&tvd=4164030543797&vrn=100100225883172&prver=0&pronetvd=null&region=16&sub_region=16",
  "prver" : "0",
  "isUik" : true,
  "selected" : false,
  "load_on_demand" : false
}, {
  "id" : 4164030543798,
  "text" : "УИК №1705",
  "href" : "region/izbirkom?action=show&root=162000005&tvd=4164030543798&vrn=100100225883172&prver=0&pronetvd=null&region=16&sub_region=16",
  "prver" : "0",
  "isUik" : true,
  "selected" : false,
  "load_on_demand" : false
}, {
  "id" : 4164030543799,
  "text" : "УИК №1706",
  "href" : "region/izbirkom?action=show&root=162000005&tvd=4164030543799&vrn=100100225883172&prver=0&pronetvd=null&region=16&sub_region=16",
  "prver" : "0",
  "isUik" : true,
  "selected" : false,
  "load_on_demand" : false
}, {
  "id" : 4164030543800,
  "text" : "УИК №1707",
  "href" : "region/izbirkom?action=show&root=162000005&tvd=4164030543800&vrn=100100225883172&prver=0&pronetvd=null&region=16&sub_region=16",
  "prver" : "0",
  "isUik" : true,
  "selected" : false,
  "load_on_demand" : false
}, {
  "id" : 4164030543801,
  "text" : "УИК №1708",
  "href" : "region/izbirkom?action=show&root=162000005&tvd=4164030543801&vrn=100100225883172&prver=0&pronetvd=null&region=16&sub_region=16",
  "prver" : "0",
  "isUik" : true,
  "selected" : false,
  "load_on_demand" : false
}, {
  "id" : 4164030543802,
  "text" : "УИК №1709",
  "href" : "region/izbirkom?action=show&root=162000005&tvd=4164030543802&vrn=100100225883172&prver=0&pronetvd=null&region=16&sub_region=16",
  "prver" : "0",
  "isUik" : true,
  "selected" : false,
  "load_on_demand" : false
}, {
  "id" : 4164030543803,
  "text" : "УИК №1710",
  "href" : "region/izbirkom?action=show&root=162000005&tvd=4164030543803&vrn=100100225883172&prver=0&pronetvd=null&region=16&sub_region=16",
  "prver" : "0",
  "isUik" : true,
  "selected" : false,
  "load_on_demand" : false
}, {
  "id" : 4164030543804,
  "text" : "УИК №1711",
  "href" : "region/izbirkom?action=show&root=162000005&tvd=4164030543804&vrn=100100225883172&prver=0&pronetvd=null&region=16&sub_region=16",
  "prver" : "0",
  "isUik" : true,
  "selected" : false,
  "load_on_demand" : false
}, {
  "id" : 4164030543805,
  "text" : "УИК №1712",
  "href" : "region/izbirkom?action=show&root=162000005&tvd=4164030543805&vrn=100100225883172&prver=0&pronetvd=null&region=16&sub_region=16",
  "prver" : "0",
  "isUik" : true,
  "selected" : false,
  "load_on_demand" : false
}, {
  "id" : 4164030543806,
  "text" : "УИК №1713",
  "href" : "region/izbirkom?action=show&root=162000005&tvd=4164030543806&vrn=100100225883172&prver=0&pronetvd=null&region=16&sub_region=16",
  "prver" : "0",
  "isUik" : true,
  "selected" : false,
  "load_on_demand" : false
}, {
  "id" : 4164030543807,
  "text" : "УИК №1714",
  "href" : "region/izbirkom?action=show&root=162000005&tvd=4164030543807&vrn=100100225883172&prver=0&pronetvd=null&region=16&sub_region=16",
  "prver" : "0",
  "isUik" : true,
  "selected" : false,
  "load_on_demand" : false
}, {
  "id" : 4164030543808,
  "text" : "УИК №1715",
  "href" : "region/izbirkom?action=show&root=162000005&tvd=4164030543808&vrn=100100225883172&prver=0&pronetvd=null&region=16&sub_region=16",
  "prver" : "0",
  "isUik" : true,
  "selected" : false,
  "load_on_demand" : false
}, {
  "id" : 4164030543809,
  "text" : "УИК №1716",
  "href" : "region/izbirkom?action=show&root=162000005&tvd=4164030543809&vrn=100100225883172&prver=0&pronetvd=null&region=16&sub_region=16",
  "prver" : "0",
  "isUik" : true,
  "selected" : false,
  "load_on_demand" : false
}, {
  "id" : 4164030543810,
  "text" : "УИК №1717",
  "href" : "region/izbirkom?action=show&root=162000005&tvd=4164030543810&vrn=100100225883172&prver=0&pronetvd=null&region=16&sub_region=16",
  "prver" : "0",
  "isUik" : true,
  "selected" : false,
  "load_on_demand" : false
}, {
  "id" : 4164030543811,
  "text" : "УИК №1718",
  "href" : "region/izbirkom?action=show&root=162000005&tvd=4164030543811&vrn=100100225883172&prver=0&pronetvd=null&region=16&sub_region=16",
  "prver" : "0",
  "isUik" : true,
  "selected" : false,
  "load_on_demand" : false
}, {
  "id" : 4164030543812,
  "text" : "УИК №1719",
  "href" : "region/izbirkom?action=show&root=162000005&tvd=4164030543812&vrn=100100225883172&prver=0&pronetvd=null&region=16&sub_region=16",
  "prver" : "0",
  "isUik" : true,
  "selected" : false,
  "load_on_demand" : false
}, {
  "id" : 4164030543813,
  "text" : "УИК №1720",
  "href" : "region/izbirkom?action=show&root=162000005&tvd=4164030543813&vrn=100100225883172&prver=0&pronetvd=null&region=16&sub_region=16",
  "prver" : "0",
  "isUik" : true,
  "selected" : false,
  "load_on_demand" : false
}, {
  "id" : 4164030543814,
  "text" : "УИК №1721",
  "href" : "region/izbirkom?action=show&root=162000005&tvd=4164030543814&vrn=100100225883172&prver=0&pronetvd=null&region=16&sub_region=16",
  "prver" : "0",
  "isUik" : true,
  "selected" : false,
  "load_on_demand" : false
}, {
  "id" : 4164030543815,
  "text" : "УИК №1722",
  "href" : "region/izbirkom?action=show&root=162000005&tvd=4164030543815&vrn=100100225883172&prver=0&pronetvd=null&region=16&sub_region=16",
  "prver" : "0",
  "isUik" : true,
  "selected" : false,
  "load_on_demand" : false
}, {
  "id" : 4164030543816,
  "text" : "УИК №1723",
  "href" : "region/izbirkom?action=show&root=162000005&tvd=4164030543816&vrn=100100225883172&prver=0&pronetvd=null&region=16&sub_region=16",
  "prver" : "0",
  "isUik" : true,
  "selected" : false,
  "load_on_demand" : false
}, {
  "id" : 4164030543817,
  "text" : "УИК №1724",
  "href" : "region/izbirkom?action=show&root=162000005&tvd=4164030543817&vrn=100100225883172&prver=0&pronetvd=null&region=16&sub_region=16",
  "prver" : "0",
  "isUik" : true,
  "selected" : false,
  "load_on_demand" : false
}, {
  "id" : 4164030543818,
  "text" : "УИК №1725",
  "href" : "region/izbirkom?action=show&root=162000005&tvd=4164030543818&vrn=100100225883172&prver=0&pronetvd=null&region=16&sub_region=16",
  "prver" : "0",
  "isUik" : true,
  "selected" : false,
  "load_on_demand" : false
}, {
  "id" : 4164030543819,
  "text" : "УИК №1726",
  "href" : "region/izbirkom?action=show&root=162000005&tvd=4164030543819&vrn=100100225883172&prver=0&pronetvd=null&region=16&sub_region=16",
  "prver" : "0",
  "isUik" : true,
  "selected" : false,
  "load_on_demand" : false
}, {
  "id" : 4164030543820,
  "text" : "УИК №1727",
  "href" : "region/izbirkom?action=show&root=162000005&tvd=4164030543820&vrn=100100225883172&prver=0&pronetvd=null&region=16&sub_region=16",
  "prver" : "0",
  "isUik" : true,
  "selected" : false,
  "load_on_demand" : false
}, {
  "id" : 4164030543821,
  "text" : "УИК №1728",
  "href" : "region/izbirkom?action=show&root=162000005&tvd=4164030543821&vrn=100100225883172&prver=0&pronetvd=null&region=16&sub_region=16",
  "prver" : "0",
  "isUik" : true,
  "selected" : false,
  "load_on_demand" : false
}, {
  "id" : 4164030543822,
  "text" : "УИК №1729",
  "href" : "region/izbirkom?action=show&root=162000005&tvd=4164030543822&vrn=100100225883172&prver=0&pronetvd=null&region=16&sub_region=16",
  "prver" : "0",
  "isUik" : true,
  "selected" : false,
  "load_on_demand" : false
}, {
  "id" : 4164030543823,
  "text" : "УИК №1730",
  "href" : "region/izbirkom?action=show&root=162000005&tvd=4164030543823&vrn=100100225883172&prver=0&pronetvd=null&region=16&sub_region=16",
  "prver" : "0",
  "isUik" : true,
  "selected" : false,
  "load_on_demand" : false
}, {
  "id" : 4164030543824,
  "text" : "УИК №1731",
  "href" : "region/izbirkom?action=show&root=162000005&tvd=4164030543824&vrn=100100225883172&prver=0&pronetvd=null&region=16&sub_region=16",
  "prver" : "0",
  "isUik" : true,
  "selected" : false,
  "load_on_demand" : false
}, {
  "id" : 4164030543825,
  "text" : "УИК №1732",
  "href" : "region/izbirkom?action=show&root=162000005&tvd=4164030543825&vrn=100100225883172&prver=0&pronetvd=null&region=16&sub_region=16",
  "prver" : "0",
  "isUik" : true,
  "selected" : false,
  "load_on_demand" : false
}, {
  "id" : 4164030543826,
  "text" : "УИК №1733",
  "href" : "region/izbirkom?action=show&root=162000005&tvd=4164030543826&vrn=100100225883172&prver=0&pronetvd=null&region=16&sub_region=16",
  "prver" : "0",
  "isUik" : true,
  "selected" : false,
  "load_on_demand" : false
} ]