[ {
  "id" : 4164004390300,
  "text" : "УИК №619",
  "href" : "region/izbirkom?action=show&root=162000046&tvd=4164004390300&vrn=100100225883172&prver=0&pronetvd=null&region=16&sub_region=16",
  "prver" : "0",
  "isUik" : true,
  "selected" : false,
  "load_on_demand" : false
}, {
  "id" : 4164004390301,
  "text" : "УИК №620",
  "href" : "region/izbirkom?action=show&root=162000046&tvd=4164004390301&vrn=100100225883172&prver=0&pronetvd=null&region=16&sub_region=16",
  "prver" : "0",
  "isUik" : true,
  "selected" : false,
  "load_on_demand" : false
}, {
  "id" : 4164004390302,
  "text" : "УИК №621",
  "href" : "region/izbirkom?action=show&root=162000046&tvd=4164004390302&vrn=100100225883172&prver=0&pronetvd=null&region=16&sub_region=16",
  "prver" : "0",
  "isUik" : true,
  "selected" : false,
  "load_on_demand" : false
}, {
  "id" : 4164004390303,
  "text" : "УИК №622",
  "href" : "region/izbirkom?action=show&root=162000046&tvd=4164004390303&vrn=100100225883172&prver=0&pronetvd=null&region=16&sub_region=16",
  "prver" : "0",
  "isUik" : true,
  "selected" : false,
  "load_on_demand" : false
}, {
  "id" : 4164004390304,
  "text" : "УИК №623",
  "href" : "region/izbirkom?action=show&root=162000046&tvd=4164004390304&vrn=100100225883172&prver=0&pronetvd=null&region=16&sub_region=16",
  "prver" : "0",
  "isUik" : true,
  "selected" : false,
  "load_on_demand" : false
}, {
  "id" : 4164004390305,
  "text" : "УИК №624",
  "href" : "region/izbirkom?action=show&root=162000046&tvd=4164004390305&vrn=100100225883172&prver=0&pronetvd=null&region=16&sub_region=16",
  "prver" : "0",
  "isUik" : true,
  "selected" : false,
  "load_on_demand" : false
}, {
  "id" : 4164004390306,
  "text" : "УИК №625",
  "href" : "region/izbirkom?action=show&root=162000046&tvd=4164004390306&vrn=100100225883172&prver=0&pronetvd=null&region=16&sub_region=16",
  "prver" : "0",
  "isUik" : true,
  "selected" : false,
  "load_on_demand" : false
}, {
  "id" : 4164004390307,
  "text" : "УИК №626",
  "href" : "region/izbirkom?action=show&root=162000046&tvd=4164004390307&vrn=100100225883172&prver=0&pronetvd=null&region=16&sub_region=16",
  "prver" : "0",
  "isUik" : true,
  "selected" : false,
  "load_on_demand" : false
}, {
  "id" : 4164004390308,
  "text" : "УИК №627",
  "href" : "region/izbirkom?action=show&root=162000046&tvd=4164004390308&vrn=100100225883172&prver=0&pronetvd=null&region=16&sub_region=16",
  "prver" : "0",
  "isUik" : true,
  "selected" : false,
  "load_on_demand" : false
}, {
  "id" : 4164004390309,
  "text" : "УИК №628",
  "href" : "region/izbirkom?action=show&root=162000046&tvd=4164004390309&vrn=100100225883172&prver=0&pronetvd=null&region=16&sub_region=16",
  "prver" : "0",
  "isUik" : true,
  "selected" : false,
  "load_on_demand" : false
}, {
  "id" : 4164004390310,
  "text" : "УИК №629",
  "href" : "region/izbirkom?action=show&root=162000046&tvd=4164004390310&vrn=100100225883172&prver=0&pronetvd=null&region=16&sub_region=16",
  "prver" : "0",
  "isUik" : true,
  "selected" : false,
  "load_on_demand" : false
}, {
  "id" : 4164004390311,
  "text" : "УИК №630",
  "href" : "region/izbirkom?action=show&root=162000046&tvd=4164004390311&vrn=100100225883172&prver=0&pronetvd=null&region=16&sub_region=16",
  "prver" : "0",
  "isUik" : true,
  "selected" : false,
  "load_on_demand" : false
}, {
  "id" : 4164004390312,
  "text" : "УИК №631",
  "href" : "region/izbirkom?action=show&root=162000046&tvd=4164004390312&vrn=100100225883172&prver=0&pronetvd=null&region=16&sub_region=16",
  "prver" : "0",
  "isUik" : true,
  "selected" : false,
  "load_on_demand" : false
}, {
  "id" : 4164004390313,
  "text" : "УИК №632",
  "href" : "region/izbirkom?action=show&root=162000046&tvd=4164004390313&vrn=100100225883172&prver=0&pronetvd=null&region=16&sub_region=16",
  "prver" : "0",
  "isUik" : true,
  "selected" : false,
  "load_on_demand" : false
}, {
  "id" : 4164004390314,
  "text" : "УИК №633",
  "href" : "region/izbirkom?action=show&root=162000046&tvd=4164004390314&vrn=100100225883172&prver=0&pronetvd=null&region=16&sub_region=16",
  "prver" : "0",
  "isUik" : true,
  "selected" : false,
  "load_on_demand" : false
}, {
  "id" : 4164004390315,
  "text" : "УИК №634",
  "href" : "region/izbirkom?action=show&root=162000046&tvd=4164004390315&vrn=100100225883172&prver=0&pronetvd=null&region=16&sub_region=16",
  "prver" : "0",
  "isUik" : true,
  "selected" : false,
  "load_on_demand" : false
}, {
  "id" : 4164004390316,
  "text" : "УИК №635",
  "href" : "region/izbirkom?action=show&root=162000046&tvd=4164004390316&vrn=100100225883172&prver=0&pronetvd=null&region=16&sub_region=16",
  "prver" : "0",
  "isUik" : true,
  "selected" : false,
  "load_on_demand" : false
}, {
  "id" : 4164004390317,
  "text" : "УИК №636",
  "href" : "region/izbirkom?action=show&root=162000046&tvd=4164004390317&vrn=100100225883172&prver=0&pronetvd=null&region=16&sub_region=16",
  "prver" : "0",
  "isUik" : true,
  "selected" : false,
  "load_on_demand" : false
}, {
  "id" : 4164004390318,
  "text" : "УИК №637",
  "href" : "region/izbirkom?action=show&root=162000046&tvd=4164004390318&vrn=100100225883172&prver=0&pronetvd=null&region=16&sub_region=16",
  "prver" : "0",
  "isUik" : true,
  "selected" : false,
  "load_on_demand" : false
}, {
  "id" : 4164004390319,
  "text" : "УИК №638",
  "href" : "region/izbirkom?action=show&root=162000046&tvd=4164004390319&vrn=100100225883172&prver=0&pronetvd=null&region=16&sub_region=16",
  "prver" : "0",
  "isUik" : true,
  "selected" : false,
  "load_on_demand" : false
}, {
  "id" : 4164004390320,
  "text" : "УИК №639",
  "href" : "region/izbirkom?action=show&root=162000046&tvd=4164004390320&vrn=100100225883172&prver=0&pronetvd=null&region=16&sub_region=16",
  "prver" : "0",
  "isUik" : true,
  "selected" : false,
  "load_on_demand" : false
}, {
  "id" : 4164004390321,
  "text" : "УИК №640",
  "href" : "region/izbirkom?action=show&root=162000046&tvd=4164004390321&vrn=100100225883172&prver=0&pronetvd=null&region=16&sub_region=16",
  "prver" : "0",
  "isUik" : true,
  "selected" : false,
  "load_on_demand" : false
}, {
  "id" : 4164004390322,
  "text" : "УИК №641",
  "href" : "region/izbirkom?action=show&root=162000046&tvd=4164004390322&vrn=100100225883172&prver=0&pronetvd=null&region=16&sub_region=16",
  "prver" : "0",
  "isUik" : true,
  "selected" : false,
  "load_on_demand" : false
}, {
  "id" : 4164004390323,
  "text" : "УИК №642",
  "href" : "region/izbirkom?action=show&root=162000046&tvd=4164004390323&vrn=100100225883172&prver=0&pronetvd=null&region=16&sub_region=16",
  "prver" : "0",
  "isUik" : true,
  "selected" : false,
  "load_on_demand" : false
}, {
  "id" : 4164004390324,
  "text" : "УИК №643",
  "href" : "region/izbirkom?action=show&root=162000046&tvd=4164004390324&vrn=100100225883172&prver=0&pronetvd=null&region=16&sub_region=16",
  "prver" : "0",
  "isUik" : true,
  "selected" : false,
  "load_on_demand" : false
}, {
  "id" : 4164004390325,
  "text" : "УИК №644",
  "href" : "region/izbirkom?action=show&root=162000046&tvd=4164004390325&vrn=100100225883172&prver=0&pronetvd=null&region=16&sub_region=16",
  "prver" : "0",
  "isUik" : true,
  "selected" : false,
  "load_on_demand" : false
}, {
  "id" : 4164004390326,
  "text" : "УИК №645",
  "href" : "region/izbirkom?action=show&root=162000046&tvd=4164004390326&vrn=100100225883172&prver=0&pronetvd=null&region=16&sub_region=16",
  "prver" : "0",
  "isUik" : true,
  "selected" : false,
  "load_on_demand" : false
}, {
  "id" : 4164004390327,
  "text" : "УИК №646",
  "href" : "region/izbirkom?action=show&root=162000046&tvd=4164004390327&vrn=100100225883172&prver=0&pronetvd=null&region=16&sub_region=16",
  "prver" : "0",
  "isUik" : true,
  "selected" : false,
  "load_on_demand" : false
}, {
  "id" : 4164004390328,
  "text" : "УИК №647",
  "href" : "region/izbirkom?action=show&root=162000046&tvd=4164004390328&vrn=100100225883172&prver=0&pronetvd=null&region=16&sub_region=16",
  "prver" : "0",
  "isUik" : true,
  "selected" : false,
  "load_on_demand" : false
}, {
  "id" : 4164004390329,
  "text" : "УИК №648",
  "href" : "region/izbirkom?action=show&root=162000046&tvd=4164004390329&vrn=100100225883172&prver=0&pronetvd=null&region=16&sub_region=16",
  "prver" : "0",
  "isUik" : true,
  "selected" : false,
  "load_on_demand" : false
}, {
  "id" : 4164004390330,
  "text" : "УИК №649",
  "href" : "region/izbirkom?action=show&root=162000046&tvd=4164004390330&vrn=100100225883172&prver=0&pronetvd=null&region=16&sub_region=16",
  "prver" : "0",
  "isUik" : true,
  "selected" : false,
  "load_on_demand" : false
}, {
  "id" : 4164004390331,
  "text" : "УИК №650",
  "href" : "region/izbirkom?action=show&root=162000046&tvd=4164004390331&vrn=100100225883172&prver=0&pronetvd=null&region=16&sub_region=16",
  "prver" : "0",
  "isUik" : true,
  "selected" : false,
  "load_on_demand" : false
}, {
  "id" : 4164004390332,
  "text" : "УИК №651",
  "href" : "region/izbirkom?action=show&root=162000046&tvd=4164004390332&vrn=100100225883172&prver=0&pronetvd=null&region=16&sub_region=16",
  "prver" : "0",
  "isUik" : true,
  "selected" : false,
  "load_on_demand" : false
}, {
  "id" : 4164004390333,
  "text" : "УИК №652",
  "href" : "region/izbirkom?action=show&root=162000046&tvd=4164004390333&vrn=100100225883172&prver=0&pronetvd=null&region=16&sub_region=16",
  "prver" : "0",
  "isUik" : true,
  "selected" : false,
  "load_on_demand" : false
}, {
  "id" : 4164004390334,
  "text" : "УИК №653",
  "href" : "region/izbirkom?action=show&root=162000046&tvd=4164004390334&vrn=100100225883172&prver=0&pronetvd=null&region=16&sub_region=16",
  "prver" : "0",
  "isUik" : true,
  "selected" : false,
  "load_on_demand" : false
}, {
  "id" : 4164004390335,
  "text" : "УИК №654",
  "href" : "region/izbirkom?action=show&root=162000046&tvd=4164004390335&vrn=100100225883172&prver=0&pronetvd=null&region=16&sub_region=16",
  "prver" : "0",
  "isUik" : true,
  "selected" : false,
  "load_on_demand" : false
}, {
  "id" : 4164004390336,
  "text" : "УИК №655",
  "href" : "region/izbirkom?action=show&root=162000046&tvd=4164004390336&vrn=100100225883172&prver=0&pronetvd=null&region=16&sub_region=16",
  "prver" : "0",
  "isUik" : true,
  "selected" : false,
  "load_on_demand" : false
}, {
  "id" : 4164004390337,
  "text" : "УИК №656",
  "href" : "region/izbirkom?action=show&root=162000046&tvd=4164004390337&vrn=100100225883172&prver=0&pronetvd=null&region=16&sub_region=16",
  "prver" : "0",
  "isUik" : true,
  "selected" : false,
  "load_on_demand" : false
}, {
  "id" : 4164004390338,
  "text" : "УИК №657",
  "href" : "region/izbirkom?action=show&root=162000046&tvd=4164004390338&vrn=100100225883172&prver=0&pronetvd=null&region=16&sub_region=16",
  "prver" : "0",
  "isUik" : true,
  "selected" : false,
  "load_on_demand" : false
}, {
  "id" : 4164004390339,
  "text" : "УИК №658",
  "href" : "region/izbirkom?action=show&root=162000046&tvd=4164004390339&vrn=100100225883172&prver=0&pronetvd=null&region=16&sub_region=16",
  "prver" : "0",
  "isUik" : true,
  "selected" : false,
  "load_on_demand" : false
}, {
  "id" : 4164004390340,
  "text" : "УИК №659",
  "href" : "region/izbirkom?action=show&root=162000046&tvd=4164004390340&vrn=100100225883172&prver=0&pronetvd=null&region=16&sub_region=16",
  "prver" : "0",
  "isUik" : true,
  "selected" : false,
  "load_on_demand" : false
}, {
  "id" : 4164004390341,
  "text" : "УИК №660",
  "href" : "region/izbirkom?action=show&root=162000046&tvd=4164004390341&vrn=100100225883172&prver=0&pronetvd=null&region=16&sub_region=16",
  "prver" : "0",
  "isUik" : true,
  "selected" : false,
  "load_on_demand" : false
}, {
  "id" : 4164004390342,
  "text" : "УИК №661",
  "href" : "region/izbirkom?action=show&root=162000046&tvd=4164004390342&vrn=100100225883172&prver=0&pronetvd=null&region=16&sub_region=16",
  "prver" : "0",
  "isUik" : true,
  "selected" : false,
  "load_on_demand" : false
}, {
  "id" : 4164004390343,
  "text" : "УИК №662",
  "href" : "region/izbirkom?action=show&root=162000046&tvd=4164004390343&vrn=100100225883172&prver=0&pronetvd=null&region=16&sub_region=16",
  "prver" : "0",
  "isUik" : true,
  "selected" : false,
  "load_on_demand" : false
}, {
  "id" : 4164004390344,
  "text" : "УИК №663",
  "href" : "region/izbirkom?action=show&root=162000046&tvd=4164004390344&vrn=100100225883172&prver=0&pronetvd=null&region=16&sub_region=16",
  "prver" : "0",
  "isUik" : true,
  "selected" : false,
  "load_on_demand" : false
}, {
  "id" : 4164004390345,
  "text" : "УИК №2831",
  "href" : "region/izbirkom?action=show&root=162000046&tvd=4164004390345&vrn=100100225883172&prver=0&pronetvd=null&region=16&sub_region=16",
  "prver" : "0",
  "isUik" : true,
  "selected" : false,
  "load_on_demand" : false
} ]