[ {
  "id" : 4164059331847,
  "text" : "УИК №2263",
  "href" : "region/izbirkom?action=show&root=162000034&tvd=4164059331847&vrn=100100225883172&prver=0&pronetvd=null&region=16&sub_region=16",
  "prver" : "0",
  "isUik" : true,
  "selected" : false,
  "load_on_demand" : false
}, {
  "id" : 4164059331848,
  "text" : "УИК №2264",
  "href" : "region/izbirkom?action=show&root=162000034&tvd=4164059331848&vrn=100100225883172&prver=0&pronetvd=null&region=16&sub_region=16",
  "prver" : "0",
  "isUik" : true,
  "selected" : false,
  "load_on_demand" : false
}, {
  "id" : 4164059331849,
  "text" : "УИК №2265",
  "href" : "region/izbirkom?action=show&root=162000034&tvd=4164059331849&vrn=100100225883172&prver=0&pronetvd=null&region=16&sub_region=16",
  "prver" : "0",
  "isUik" : true,
  "selected" : false,
  "load_on_demand" : false
}, {
  "id" : 4164059331850,
  "text" : "УИК №2266",
  "href" : "region/izbirkom?action=show&root=162000034&tvd=4164059331850&vrn=100100225883172&prver=0&pronetvd=null&region=16&sub_region=16",
  "prver" : "0",
  "isUik" : true,
  "selected" : false,
  "load_on_demand" : false
}, {
  "id" : 4164059331851,
  "text" : "УИК №2267",
  "href" : "region/izbirkom?action=show&root=162000034&tvd=4164059331851&vrn=100100225883172&prver=0&pronetvd=null&region=16&sub_region=16",
  "prver" : "0",
  "isUik" : true,
  "selected" : false,
  "load_on_demand" : false
}, {
  "id" : 4164059331852,
  "text" : "УИК №2268",
  "href" : "region/izbirkom?action=show&root=162000034&tvd=4164059331852&vrn=100100225883172&prver=0&pronetvd=null&region=16&sub_region=16",
  "prver" : "0",
  "isUik" : true,
  "selected" : false,
  "load_on_demand" : false
}, {
  "id" : 4164059331853,
  "text" : "УИК №2269",
  "href" : "region/izbirkom?action=show&root=162000034&tvd=4164059331853&vrn=100100225883172&prver=0&pronetvd=null&region=16&sub_region=16",
  "prver" : "0",
  "isUik" : true,
  "selected" : false,
  "load_on_demand" : false
}, {
  "id" : 4164059331854,
  "text" : "УИК №2270",
  "href" : "region/izbirkom?action=show&root=162000034&tvd=4164059331854&vrn=100100225883172&prver=0&pronetvd=null&region=16&sub_region=16",
  "prver" : "0",
  "isUik" : true,
  "selected" : false,
  "load_on_demand" : false
}, {
  "id" : 4164059331855,
  "text" : "УИК №2271",
  "href" : "region/izbirkom?action=show&root=162000034&tvd=4164059331855&vrn=100100225883172&prver=0&pronetvd=null&region=16&sub_region=16",
  "prver" : "0",
  "isUik" : true,
  "selected" : false,
  "load_on_demand" : false
}, {
  "id" : 4164059331856,
  "text" : "УИК №2272",
  "href" : "region/izbirkom?action=show&root=162000034&tvd=4164059331856&vrn=100100225883172&prver=0&pronetvd=null&region=16&sub_region=16",
  "prver" : "0",
  "isUik" : true,
  "selected" : false,
  "load_on_demand" : false
}, {
  "id" : 4164059331857,
  "text" : "УИК №2273",
  "href" : "region/izbirkom?action=show&root=162000034&tvd=4164059331857&vrn=100100225883172&prver=0&pronetvd=null&region=16&sub_region=16",
  "prver" : "0",
  "isUik" : true,
  "selected" : false,
  "load_on_demand" : false
}, {
  "id" : 4164059331858,
  "text" : "УИК №2274",
  "href" : "region/izbirkom?action=show&root=162000034&tvd=4164059331858&vrn=100100225883172&prver=0&pronetvd=null&region=16&sub_region=16",
  "prver" : "0",
  "isUik" : true,
  "selected" : false,
  "load_on_demand" : false
}, {
  "id" : 4164059331859,
  "text" : "УИК №2275",
  "href" : "region/izbirkom?action=show&root=162000034&tvd=4164059331859&vrn=100100225883172&prver=0&pronetvd=null&region=16&sub_region=16",
  "prver" : "0",
  "isUik" : true,
  "selected" : false,
  "load_on_demand" : false
}, {
  "id" : 4164059331860,
  "text" : "УИК №2276",
  "href" : "region/izbirkom?action=show&root=162000034&tvd=4164059331860&vrn=100100225883172&prver=0&pronetvd=null&region=16&sub_region=16",
  "prver" : "0",
  "isUik" : true,
  "selected" : false,
  "load_on_demand" : false
}, {
  "id" : 4164059331861,
  "text" : "УИК №2277",
  "href" : "region/izbirkom?action=show&root=162000034&tvd=4164059331861&vrn=100100225883172&prver=0&pronetvd=null&region=16&sub_region=16",
  "prver" : "0",
  "isUik" : true,
  "selected" : false,
  "load_on_demand" : false
}, {
  "id" : 4164059331862,
  "text" : "УИК №2278",
  "href" : "region/izbirkom?action=show&root=162000034&tvd=4164059331862&vrn=100100225883172&prver=0&pronetvd=null&region=16&sub_region=16",
  "prver" : "0",
  "isUik" : true,
  "selected" : false,
  "load_on_demand" : false
}, {
  "id" : 4164059331863,
  "text" : "УИК №2279",
  "href" : "region/izbirkom?action=show&root=162000034&tvd=4164059331863&vrn=100100225883172&prver=0&pronetvd=null&region=16&sub_region=16",
  "prver" : "0",
  "isUik" : true,
  "selected" : false,
  "load_on_demand" : false
}, {
  "id" : 4164059331864,
  "text" : "УИК №2280",
  "href" : "region/izbirkom?action=show&root=162000034&tvd=4164059331864&vrn=100100225883172&prver=0&pronetvd=null&region=16&sub_region=16",
  "prver" : "0",
  "isUik" : true,
  "selected" : false,
  "load_on_demand" : false
}, {
  "id" : 4164059331865,
  "text" : "УИК №2281",
  "href" : "region/izbirkom?action=show&root=162000034&tvd=4164059331865&vrn=100100225883172&prver=0&pronetvd=null&region=16&sub_region=16",
  "prver" : "0",
  "isUik" : true,
  "selected" : false,
  "load_on_demand" : false
}, {
  "id" : 4164059331866,
  "text" : "УИК №2282",
  "href" : "region/izbirkom?action=show&root=162000034&tvd=4164059331866&vrn=100100225883172&prver=0&pronetvd=null&region=16&sub_region=16",
  "prver" : "0",
  "isUik" : true,
  "selected" : false,
  "load_on_demand" : false
}, {
  "id" : 4164059331867,
  "text" : "УИК №2283",
  "href" : "region/izbirkom?action=show&root=162000034&tvd=4164059331867&vrn=100100225883172&prver=0&pronetvd=null&region=16&sub_region=16",
  "prver" : "0",
  "isUik" : true,
  "selected" : false,
  "load_on_demand" : false
}, {
  "id" : 4164059331868,
  "text" : "УИК №2284",
  "href" : "region/izbirkom?action=show&root=162000034&tvd=4164059331868&vrn=100100225883172&prver=0&pronetvd=null&region=16&sub_region=16",
  "prver" : "0",
  "isUik" : true,
  "selected" : false,
  "load_on_demand" : false
}, {
  "id" : 4164059331869,
  "text" : "УИК №2285",
  "href" : "region/izbirkom?action=show&root=162000034&tvd=4164059331869&vrn=100100225883172&prver=0&pronetvd=null&region=16&sub_region=16",
  "prver" : "0",
  "isUik" : true,
  "selected" : false,
  "load_on_demand" : false
}, {
  "id" : 4164059331870,
  "text" : "УИК №2286",
  "href" : "region/izbirkom?action=show&root=162000034&tvd=4164059331870&vrn=100100225883172&prver=0&pronetvd=null&region=16&sub_region=16",
  "prver" : "0",
  "isUik" : true,
  "selected" : false,
  "load_on_demand" : false
}, {
  "id" : 4164059331871,
  "text" : "УИК №2287",
  "href" : "region/izbirkom?action=show&root=162000034&tvd=4164059331871&vrn=100100225883172&prver=0&pronetvd=null&region=16&sub_region=16",
  "prver" : "0",
  "isUik" : true,
  "selected" : false,
  "load_on_demand" : false
}, {
  "id" : 4164059331872,
  "text" : "УИК №2288",
  "href" : "region/izbirkom?action=show&root=162000034&tvd=4164059331872&vrn=100100225883172&prver=0&pronetvd=null&region=16&sub_region=16",
  "prver" : "0",
  "isUik" : true,
  "selected" : false,
  "load_on_demand" : false
}, {
  "id" : 4164059331873,
  "text" : "УИК №2289",
  "href" : "region/izbirkom?action=show&root=162000034&tvd=4164059331873&vrn=100100225883172&prver=0&pronetvd=null&region=16&sub_region=16",
  "prver" : "0",
  "isUik" : true,
  "selected" : false,
  "load_on_demand" : false
}, {
  "id" : 4164059331874,
  "text" : "УИК №2290",
  "href" : "region/izbirkom?action=show&root=162000034&tvd=4164059331874&vrn=100100225883172&prver=0&pronetvd=null&region=16&sub_region=16",
  "prver" : "0",
  "isUik" : true,
  "selected" : false,
  "load_on_demand" : false
}, {
  "id" : 4164059331875,
  "text" : "УИК №2291",
  "href" : "region/izbirkom?action=show&root=162000034&tvd=4164059331875&vrn=100100225883172&prver=0&pronetvd=null&region=16&sub_region=16",
  "prver" : "0",
  "isUik" : true,
  "selected" : false,
  "load_on_demand" : false
}, {
  "id" : 4164059331876,
  "text" : "УИК №2292",
  "href" : "region/izbirkom?action=show&root=162000034&tvd=4164059331876&vrn=100100225883172&prver=0&pronetvd=null&region=16&sub_region=16",
  "prver" : "0",
  "isUik" : true,
  "selected" : false,
  "load_on_demand" : false
}, {
  "id" : 4164059331877,
  "text" : "УИК №2293",
  "href" : "region/izbirkom?action=show&root=162000034&tvd=4164059331877&vrn=100100225883172&prver=0&pronetvd=null&region=16&sub_region=16",
  "prver" : "0",
  "isUik" : true,
  "selected" : false,
  "load_on_demand" : false
}, {
  "id" : 4164059331878,
  "text" : "УИК №2294",
  "href" : "region/izbirkom?action=show&root=162000034&tvd=4164059331878&vrn=100100225883172&prver=0&pronetvd=null&region=16&sub_region=16",
  "prver" : "0",
  "isUik" : true,
  "selected" : false,
  "load_on_demand" : false
}, {
  "id" : 4164059331879,
  "text" : "УИК №2295",
  "href" : "region/izbirkom?action=show&root=162000034&tvd=4164059331879&vrn=100100225883172&prver=0&pronetvd=null&region=16&sub_region=16",
  "prver" : "0",
  "isUik" : true,
  "selected" : false,
  "load_on_demand" : false
} ]