[ {
  "id" : 4164040188503,
  "text" : "УИК №2323",
  "href" : "region/izbirkom?action=show&root=162000030&tvd=4164040188503&vrn=100100225883172&prver=0&pronetvd=null&region=16&sub_region=16",
  "prver" : "0",
  "isUik" : true,
  "selected" : false,
  "load_on_demand" : false
}, {
  "id" : 4164040188504,
  "text" : "УИК №2324",
  "href" : "region/izbirkom?action=show&root=162000030&tvd=4164040188504&vrn=100100225883172&prver=0&pronetvd=null&region=16&sub_region=16",
  "prver" : "0",
  "isUik" : true,
  "selected" : false,
  "load_on_demand" : false
}, {
  "id" : 4164040188505,
  "text" : "УИК №2325",
  "href" : "region/izbirkom?action=show&root=162000030&tvd=4164040188505&vrn=100100225883172&prver=0&pronetvd=null&region=16&sub_region=16",
  "prver" : "0",
  "isUik" : true,
  "selected" : false,
  "load_on_demand" : false
}, {
  "id" : 4164040188506,
  "text" : "УИК №2326",
  "href" : "region/izbirkom?action=show&root=162000030&tvd=4164040188506&vrn=100100225883172&prver=0&pronetvd=null&region=16&sub_region=16",
  "prver" : "0",
  "isUik" : true,
  "selected" : false,
  "load_on_demand" : false
}, {
  "id" : 4164040188507,
  "text" : "УИК №2327",
  "href" : "region/izbirkom?action=show&root=162000030&tvd=4164040188507&vrn=100100225883172&prver=0&pronetvd=null&region=16&sub_region=16",
  "prver" : "0",
  "isUik" : true,
  "selected" : false,
  "load_on_demand" : false
}, {
  "id" : 4164040188508,
  "text" : "УИК №2328",
  "href" : "region/izbirkom?action=show&root=162000030&tvd=4164040188508&vrn=100100225883172&prver=0&pronetvd=null&region=16&sub_region=16",
  "prver" : "0",
  "isUik" : true,
  "selected" : false,
  "load_on_demand" : false
}, {
  "id" : 4164040188509,
  "text" : "УИК №2329",
  "href" : "region/izbirkom?action=show&root=162000030&tvd=4164040188509&vrn=100100225883172&prver=0&pronetvd=null&region=16&sub_region=16",
  "prver" : "0",
  "isUik" : true,
  "selected" : false,
  "load_on_demand" : false
}, {
  "id" : 4164040188510,
  "text" : "УИК №2330",
  "href" : "region/izbirkom?action=show&root=162000030&tvd=4164040188510&vrn=100100225883172&prver=0&pronetvd=null&region=16&sub_region=16",
  "prver" : "0",
  "isUik" : true,
  "selected" : false,
  "load_on_demand" : false
}, {
  "id" : 4164040188511,
  "text" : "УИК №2331",
  "href" : "region/izbirkom?action=show&root=162000030&tvd=4164040188511&vrn=100100225883172&prver=0&pronetvd=null&region=16&sub_region=16",
  "prver" : "0",
  "isUik" : true,
  "selected" : false,
  "load_on_demand" : false
}, {
  "id" : 4164040188512,
  "text" : "УИК №2332",
  "href" : "region/izbirkom?action=show&root=162000030&tvd=4164040188512&vrn=100100225883172&prver=0&pronetvd=null&region=16&sub_region=16",
  "prver" : "0",
  "isUik" : true,
  "selected" : false,
  "load_on_demand" : false
}, {
  "id" : 4164040188513,
  "text" : "УИК №2333",
  "href" : "region/izbirkom?action=show&root=162000030&tvd=4164040188513&vrn=100100225883172&prver=0&pronetvd=null&region=16&sub_region=16",
  "prver" : "0",
  "isUik" : true,
  "selected" : false,
  "load_on_demand" : false
}, {
  "id" : 4164040188514,
  "text" : "УИК №2334",
  "href" : "region/izbirkom?action=show&root=162000030&tvd=4164040188514&vrn=100100225883172&prver=0&pronetvd=null&region=16&sub_region=16",
  "prver" : "0",
  "isUik" : true,
  "selected" : false,
  "load_on_demand" : false
}, {
  "id" : 4164040190628,
  "text" : "УИК №2335",
  "href" : "region/izbirkom?action=show&root=162000030&tvd=4164040190628&vrn=100100225883172&prver=0&pronetvd=null&region=16&sub_region=16",
  "prver" : "0",
  "isUik" : true,
  "selected" : false,
  "load_on_demand" : false
}, {
  "id" : 4164040188516,
  "text" : "УИК №2336",
  "href" : "region/izbirkom?action=show&root=162000030&tvd=4164040188516&vrn=100100225883172&prver=0&pronetvd=null&region=16&sub_region=16",
  "prver" : "0",
  "isUik" : true,
  "selected" : false,
  "load_on_demand" : false
}, {
  "id" : 4164040188517,
  "text" : "УИК №2337",
  "href" : "region/izbirkom?action=show&root=162000030&tvd=4164040188517&vrn=100100225883172&prver=0&pronetvd=null&region=16&sub_region=16",
  "prver" : "0",
  "isUik" : true,
  "selected" : false,
  "load_on_demand" : false
}, {
  "id" : 4164040188518,
  "text" : "УИК №2338",
  "href" : "region/izbirkom?action=show&root=162000030&tvd=4164040188518&vrn=100100225883172&prver=0&pronetvd=null&region=16&sub_region=16",
  "prver" : "0",
  "isUik" : true,
  "selected" : false,
  "load_on_demand" : false
} ]