[ {
  "id" : 4164033526170,
  "text" : "УИК №1844",
  "href" : "region/izbirkom?action=show&root=162000003&tvd=4164033526170&vrn=100100225883172&prver=0&pronetvd=null&region=16&sub_region=16",
  "prver" : "0",
  "isUik" : true,
  "selected" : false,
  "load_on_demand" : false
}, {
  "id" : 4164033526171,
  "text" : "УИК №1845",
  "href" : "region/izbirkom?action=show&root=162000003&tvd=4164033526171&vrn=100100225883172&prver=0&pronetvd=null&region=16&sub_region=16",
  "prver" : "0",
  "isUik" : true,
  "selected" : false,
  "load_on_demand" : false
}, {
  "id" : 4164033526172,
  "text" : "УИК №1846",
  "href" : "region/izbirkom?action=show&root=162000003&tvd=4164033526172&vrn=100100225883172&prver=0&pronetvd=null&region=16&sub_region=16",
  "prver" : "0",
  "isUik" : true,
  "selected" : false,
  "load_on_demand" : false
}, {
  "id" : 4164033526173,
  "text" : "УИК №1847",
  "href" : "region/izbirkom?action=show&root=162000003&tvd=4164033526173&vrn=100100225883172&prver=0&pronetvd=null&region=16&sub_region=16",
  "prver" : "0",
  "isUik" : true,
  "selected" : false,
  "load_on_demand" : false
}, {
  "id" : 4164033526174,
  "text" : "УИК №1848",
  "href" : "region/izbirkom?action=show&root=162000003&tvd=4164033526174&vrn=100100225883172&prver=0&pronetvd=null&region=16&sub_region=16",
  "prver" : "0",
  "isUik" : true,
  "selected" : false,
  "load_on_demand" : false
}, {
  "id" : 4164033526175,
  "text" : "УИК №1849",
  "href" : "region/izbirkom?action=show&root=162000003&tvd=4164033526175&vrn=100100225883172&prver=0&pronetvd=null&region=16&sub_region=16",
  "prver" : "0",
  "isUik" : true,
  "selected" : false,
  "load_on_demand" : false
}, {
  "id" : 4164033526176,
  "text" : "УИК №1850",
  "href" : "region/izbirkom?action=show&root=162000003&tvd=4164033526176&vrn=100100225883172&prver=0&pronetvd=null&region=16&sub_region=16",
  "prver" : "0",
  "isUik" : true,
  "selected" : false,
  "load_on_demand" : false
}, {
  "id" : 4164033526177,
  "text" : "УИК №1851",
  "href" : "region/izbirkom?action=show&root=162000003&tvd=4164033526177&vrn=100100225883172&prver=0&pronetvd=null&region=16&sub_region=16",
  "prver" : "0",
  "isUik" : true,
  "selected" : false,
  "load_on_demand" : false
}, {
  "id" : 4164033526178,
  "text" : "УИК №1852",
  "href" : "region/izbirkom?action=show&root=162000003&tvd=4164033526178&vrn=100100225883172&prver=0&pronetvd=null&region=16&sub_region=16",
  "prver" : "0",
  "isUik" : true,
  "selected" : false,
  "load_on_demand" : false
}, {
  "id" : 4164033526179,
  "text" : "УИК №1853",
  "href" : "region/izbirkom?action=show&root=162000003&tvd=4164033526179&vrn=100100225883172&prver=0&pronetvd=null&region=16&sub_region=16",
  "prver" : "0",
  "isUik" : true,
  "selected" : false,
  "load_on_demand" : false
}, {
  "id" : 4164033526180,
  "text" : "УИК №1854",
  "href" : "region/izbirkom?action=show&root=162000003&tvd=4164033526180&vrn=100100225883172&prver=0&pronetvd=null&region=16&sub_region=16",
  "prver" : "0",
  "isUik" : true,
  "selected" : false,
  "load_on_demand" : false
}, {
  "id" : 4164033526181,
  "text" : "УИК №1855",
  "href" : "region/izbirkom?action=show&root=162000003&tvd=4164033526181&vrn=100100225883172&prver=0&pronetvd=null&region=16&sub_region=16",
  "prver" : "0",
  "isUik" : true,
  "selected" : false,
  "load_on_demand" : false
}, {
  "id" : 4164033526182,
  "text" : "УИК №1856",
  "href" : "region/izbirkom?action=show&root=162000003&tvd=4164033526182&vrn=100100225883172&prver=0&pronetvd=null&region=16&sub_region=16",
  "prver" : "0",
  "isUik" : true,
  "selected" : false,
  "load_on_demand" : false
}, {
  "id" : 4164033526183,
  "text" : "УИК №1857",
  "href" : "region/izbirkom?action=show&root=162000003&tvd=4164033526183&vrn=100100225883172&prver=0&pronetvd=null&region=16&sub_region=16",
  "prver" : "0",
  "isUik" : true,
  "selected" : false,
  "load_on_demand" : false
}, {
  "id" : 4164033526184,
  "text" : "УИК №1858",
  "href" : "region/izbirkom?action=show&root=162000003&tvd=4164033526184&vrn=100100225883172&prver=0&pronetvd=null&region=16&sub_region=16",
  "prver" : "0",
  "isUik" : true,
  "selected" : false,
  "load_on_demand" : false
}, {
  "id" : 4164033526185,
  "text" : "УИК №1859",
  "href" : "region/izbirkom?action=show&root=162000003&tvd=4164033526185&vrn=100100225883172&prver=0&pronetvd=null&region=16&sub_region=16",
  "prver" : "0",
  "isUik" : true,
  "selected" : false,
  "load_on_demand" : false
}, {
  "id" : 4164033526186,
  "text" : "УИК №1860",
  "href" : "region/izbirkom?action=show&root=162000003&tvd=4164033526186&vrn=100100225883172&prver=0&pronetvd=null&region=16&sub_region=16",
  "prver" : "0",
  "isUik" : true,
  "selected" : false,
  "load_on_demand" : false
}, {
  "id" : 4164033526187,
  "text" : "УИК №1861",
  "href" : "region/izbirkom?action=show&root=162000003&tvd=4164033526187&vrn=100100225883172&prver=0&pronetvd=null&region=16&sub_region=16",
  "prver" : "0",
  "isUik" : true,
  "selected" : false,
  "load_on_demand" : false
}, {
  "id" : 4164033526188,
  "text" : "УИК №1862",
  "href" : "region/izbirkom?action=show&root=162000003&tvd=4164033526188&vrn=100100225883172&prver=0&pronetvd=null&region=16&sub_region=16",
  "prver" : "0",
  "isUik" : true,
  "selected" : false,
  "load_on_demand" : false
}, {
  "id" : 4164033526189,
  "text" : "УИК №1863",
  "href" : "region/izbirkom?action=show&root=162000003&tvd=4164033526189&vrn=100100225883172&prver=0&pronetvd=null&region=16&sub_region=16",
  "prver" : "0",
  "isUik" : true,
  "selected" : false,
  "load_on_demand" : false
}, {
  "id" : 4164033526190,
  "text" : "УИК №1864",
  "href" : "region/izbirkom?action=show&root=162000003&tvd=4164033526190&vrn=100100225883172&prver=0&pronetvd=null&region=16&sub_region=16",
  "prver" : "0",
  "isUik" : true,
  "selected" : false,
  "load_on_demand" : false
}, {
  "id" : 4164033526191,
  "text" : "УИК №1865",
  "href" : "region/izbirkom?action=show&root=162000003&tvd=4164033526191&vrn=100100225883172&prver=0&pronetvd=null&region=16&sub_region=16",
  "prver" : "0",
  "isUik" : true,
  "selected" : false,
  "load_on_demand" : false
}, {
  "id" : 4164033526192,
  "text" : "УИК №1866",
  "href" : "region/izbirkom?action=show&root=162000003&tvd=4164033526192&vrn=100100225883172&prver=0&pronetvd=null&region=16&sub_region=16",
  "prver" : "0",
  "isUik" : true,
  "selected" : false,
  "load_on_demand" : false
}, {
  "id" : 4164033526193,
  "text" : "УИК №1867",
  "href" : "region/izbirkom?action=show&root=162000003&tvd=4164033526193&vrn=100100225883172&prver=0&pronetvd=null&region=16&sub_region=16",
  "prver" : "0",
  "isUik" : true,
  "selected" : false,
  "load_on_demand" : false
}, {
  "id" : 4164033526194,
  "text" : "УИК №1868",
  "href" : "region/izbirkom?action=show&root=162000003&tvd=4164033526194&vrn=100100225883172&prver=0&pronetvd=null&region=16&sub_region=16",
  "prver" : "0",
  "isUik" : true,
  "selected" : false,
  "load_on_demand" : false
}, {
  "id" : 4164033526195,
  "text" : "УИК №1869",
  "href" : "region/izbirkom?action=show&root=162000003&tvd=4164033526195&vrn=100100225883172&prver=0&pronetvd=null&region=16&sub_region=16",
  "prver" : "0",
  "isUik" : true,
  "selected" : false,
  "load_on_demand" : false
}, {
  "id" : 4164033526196,
  "text" : "УИК №1870",
  "href" : "region/izbirkom?action=show&root=162000003&tvd=4164033526196&vrn=100100225883172&prver=0&pronetvd=null&region=16&sub_region=16",
  "prver" : "0",
  "isUik" : true,
  "selected" : false,
  "load_on_demand" : false
}, {
  "id" : 4164033526197,
  "text" : "УИК №1871",
  "href" : "region/izbirkom?action=show&root=162000003&tvd=4164033526197&vrn=100100225883172&prver=0&pronetvd=null&region=16&sub_region=16",
  "prver" : "0",
  "isUik" : true,
  "selected" : false,
  "load_on_demand" : false
}, {
  "id" : 4164033526198,
  "text" : "УИК №1872",
  "href" : "region/izbirkom?action=show&root=162000003&tvd=4164033526198&vrn=100100225883172&prver=0&pronetvd=null&region=16&sub_region=16",
  "prver" : "0",
  "isUik" : true,
  "selected" : false,
  "load_on_demand" : false
}, {
  "id" : 4164033526199,
  "text" : "УИК №1873",
  "href" : "region/izbirkom?action=show&root=162000003&tvd=4164033526199&vrn=100100225883172&prver=0&pronetvd=null&region=16&sub_region=16",
  "prver" : "0",
  "isUik" : true,
  "selected" : false,
  "load_on_demand" : false
}, {
  "id" : 4164033526200,
  "text" : "УИК №1874",
  "href" : "region/izbirkom?action=show&root=162000003&tvd=4164033526200&vrn=100100225883172&prver=0&pronetvd=null&region=16&sub_region=16",
  "prver" : "0",
  "isUik" : true,
  "selected" : false,
  "load_on_demand" : false
}, {
  "id" : 4164033526201,
  "text" : "УИК №1875",
  "href" : "region/izbirkom?action=show&root=162000003&tvd=4164033526201&vrn=100100225883172&prver=0&pronetvd=null&region=16&sub_region=16",
  "prver" : "0",
  "isUik" : true,
  "selected" : false,
  "load_on_demand" : false
}, {
  "id" : 4164033526202,
  "text" : "УИК №1876",
  "href" : "region/izbirkom?action=show&root=162000003&tvd=4164033526202&vrn=100100225883172&prver=0&pronetvd=null&region=16&sub_region=16",
  "prver" : "0",
  "isUik" : true,
  "selected" : false,
  "load_on_demand" : false
}, {
  "id" : 4164033526203,
  "text" : "УИК №1877",
  "href" : "region/izbirkom?action=show&root=162000003&tvd=4164033526203&vrn=100100225883172&prver=0&pronetvd=null&region=16&sub_region=16",
  "prver" : "0",
  "isUik" : true,
  "selected" : false,
  "load_on_demand" : false
}, {
  "id" : 4164033526204,
  "text" : "УИК №1878",
  "href" : "region/izbirkom?action=show&root=162000003&tvd=4164033526204&vrn=100100225883172&prver=0&pronetvd=null&region=16&sub_region=16",
  "prver" : "0",
  "isUik" : true,
  "selected" : false,
  "load_on_demand" : false
}, {
  "id" : 4164033526205,
  "text" : "УИК №1879",
  "href" : "region/izbirkom?action=show&root=162000003&tvd=4164033526205&vrn=100100225883172&prver=0&pronetvd=null&region=16&sub_region=16",
  "prver" : "0",
  "isUik" : true,
  "selected" : false,
  "load_on_demand" : false
}, {
  "id" : 4164033526206,
  "text" : "УИК №1880",
  "href" : "region/izbirkom?action=show&root=162000003&tvd=4164033526206&vrn=100100225883172&prver=0&pronetvd=null&region=16&sub_region=16",
  "prver" : "0",
  "isUik" : true,
  "selected" : false,
  "load_on_demand" : false
}, {
  "id" : 4164033526207,
  "text" : "УИК №1881",
  "href" : "region/izbirkom?action=show&root=162000003&tvd=4164033526207&vrn=100100225883172&prver=0&pronetvd=null&region=16&sub_region=16",
  "prver" : "0",
  "isUik" : true,
  "selected" : false,
  "load_on_demand" : false
}, {
  "id" : 4164033526208,
  "text" : "УИК №1882",
  "href" : "region/izbirkom?action=show&root=162000003&tvd=4164033526208&vrn=100100225883172&prver=0&pronetvd=null&region=16&sub_region=16",
  "prver" : "0",
  "isUik" : true,
  "selected" : false,
  "load_on_demand" : false
}, {
  "id" : 4164033526209,
  "text" : "УИК №1883",
  "href" : "region/izbirkom?action=show&root=162000003&tvd=4164033526209&vrn=100100225883172&prver=0&pronetvd=null&region=16&sub_region=16",
  "prver" : "0",
  "isUik" : true,
  "selected" : false,
  "load_on_demand" : false
}, {
  "id" : 4164033526210,
  "text" : "УИК №1884",
  "href" : "region/izbirkom?action=show&root=162000003&tvd=4164033526210&vrn=100100225883172&prver=0&pronetvd=null&region=16&sub_region=16",
  "prver" : "0",
  "isUik" : true,
  "selected" : false,
  "load_on_demand" : false
}, {
  "id" : 4164033526211,
  "text" : "УИК №1885",
  "href" : "region/izbirkom?action=show&root=162000003&tvd=4164033526211&vrn=100100225883172&prver=0&pronetvd=null&region=16&sub_region=16",
  "prver" : "0",
  "isUik" : true,
  "selected" : false,
  "load_on_demand" : false
}, {
  "id" : 4164033526212,
  "text" : "УИК №1886",
  "href" : "region/izbirkom?action=show&root=162000003&tvd=4164033526212&vrn=100100225883172&prver=0&pronetvd=null&region=16&sub_region=16",
  "prver" : "0",
  "isUik" : true,
  "selected" : false,
  "load_on_demand" : false
}, {
  "id" : 4164033526213,
  "text" : "УИК №1887",
  "href" : "region/izbirkom?action=show&root=162000003&tvd=4164033526213&vrn=100100225883172&prver=0&pronetvd=null&region=16&sub_region=16",
  "prver" : "0",
  "isUik" : true,
  "selected" : false,
  "load_on_demand" : false
}, {
  "id" : 4164033526214,
  "text" : "УИК №1888",
  "href" : "region/izbirkom?action=show&root=162000003&tvd=4164033526214&vrn=100100225883172&prver=0&pronetvd=null&region=16&sub_region=16",
  "prver" : "0",
  "isUik" : true,
  "selected" : false,
  "load_on_demand" : false
}, {
  "id" : 4164033526215,
  "text" : "УИК №1889",
  "href" : "region/izbirkom?action=show&root=162000003&tvd=4164033526215&vrn=100100225883172&prver=0&pronetvd=null&region=16&sub_region=16",
  "prver" : "0",
  "isUik" : true,
  "selected" : false,
  "load_on_demand" : false
}, {
  "id" : 4164033526216,
  "text" : "УИК №1890",
  "href" : "region/izbirkom?action=show&root=162000003&tvd=4164033526216&vrn=100100225883172&prver=0&pronetvd=null&region=16&sub_region=16",
  "prver" : "0",
  "isUik" : true,
  "selected" : false,
  "load_on_demand" : false
}, {
  "id" : 4164033526217,
  "text" : "УИК №1891",
  "href" : "region/izbirkom?action=show&root=162000003&tvd=4164033526217&vrn=100100225883172&prver=0&pronetvd=null&region=16&sub_region=16",
  "prver" : "0",
  "isUik" : true,
  "selected" : false,
  "load_on_demand" : false
}, {
  "id" : 4164033526218,
  "text" : "УИК №1892",
  "href" : "region/izbirkom?action=show&root=162000003&tvd=4164033526218&vrn=100100225883172&prver=0&pronetvd=null&region=16&sub_region=16",
  "prver" : "0",
  "isUik" : true,
  "selected" : false,
  "load_on_demand" : false
}, {
  "id" : 4164033526219,
  "text" : "УИК №1893",
  "href" : "region/izbirkom?action=show&root=162000003&tvd=4164033526219&vrn=100100225883172&prver=0&pronetvd=null&region=16&sub_region=16",
  "prver" : "0",
  "isUik" : true,
  "selected" : false,
  "load_on_demand" : false
}, {
  "id" : 4164033526220,
  "text" : "УИК №1894",
  "href" : "region/izbirkom?action=show&root=162000003&tvd=4164033526220&vrn=100100225883172&prver=0&pronetvd=null&region=16&sub_region=16",
  "prver" : "0",
  "isUik" : true,
  "selected" : false,
  "load_on_demand" : false
}, {
  "id" : 4164033526221,
  "text" : "УИК №1895",
  "href" : "region/izbirkom?action=show&root=162000003&tvd=4164033526221&vrn=100100225883172&prver=0&pronetvd=null&region=16&sub_region=16",
  "prver" : "0",
  "isUik" : true,
  "selected" : false,
  "load_on_demand" : false
}, {
  "id" : 4164033526222,
  "text" : "УИК №1896",
  "href" : "region/izbirkom?action=show&root=162000003&tvd=4164033526222&vrn=100100225883172&prver=0&pronetvd=null&region=16&sub_region=16",
  "prver" : "0",
  "isUik" : true,
  "selected" : false,
  "load_on_demand" : false
} ]