[ {
  "id" : 4164044381423,
  "text" : "УИК №2500",
  "href" : "region/izbirkom?action=show&root=162000049&tvd=4164044381423&vrn=100100225883172&prver=0&pronetvd=null&region=16&sub_region=16",
  "prver" : "0",
  "isUik" : true,
  "selected" : false,
  "load_on_demand" : false
}, {
  "id" : 4164044381424,
  "text" : "УИК №2501",
  "href" : "region/izbirkom?action=show&root=162000049&tvd=4164044381424&vrn=100100225883172&prver=0&pronetvd=null&region=16&sub_region=16",
  "prver" : "0",
  "isUik" : true,
  "selected" : false,
  "load_on_demand" : false
}, {
  "id" : 4164044381425,
  "text" : "УИК №2502",
  "href" : "region/izbirkom?action=show&root=162000049&tvd=4164044381425&vrn=100100225883172&prver=0&pronetvd=null&region=16&sub_region=16",
  "prver" : "0",
  "isUik" : true,
  "selected" : false,
  "load_on_demand" : false
}, {
  "id" : 4164044381426,
  "text" : "УИК №2503",
  "href" : "region/izbirkom?action=show&root=162000049&tvd=4164044381426&vrn=100100225883172&prver=0&pronetvd=null&region=16&sub_region=16",
  "prver" : "0",
  "isUik" : true,
  "selected" : false,
  "load_on_demand" : false
}, {
  "id" : 4164044381427,
  "text" : "УИК №2504",
  "href" : "region/izbirkom?action=show&root=162000049&tvd=4164044381427&vrn=100100225883172&prver=0&pronetvd=null&region=16&sub_region=16",
  "prver" : "0",
  "isUik" : true,
  "selected" : false,
  "load_on_demand" : false
}, {
  "id" : 4164044381428,
  "text" : "УИК №2505",
  "href" : "region/izbirkom?action=show&root=162000049&tvd=4164044381428&vrn=100100225883172&prver=0&pronetvd=null&region=16&sub_region=16",
  "prver" : "0",
  "isUik" : true,
  "selected" : false,
  "load_on_demand" : false
}, {
  "id" : 4164044381429,
  "text" : "УИК №2506",
  "href" : "region/izbirkom?action=show&root=162000049&tvd=4164044381429&vrn=100100225883172&prver=0&pronetvd=null&region=16&sub_region=16",
  "prver" : "0",
  "isUik" : true,
  "selected" : false,
  "load_on_demand" : false
}, {
  "id" : 4164044381430,
  "text" : "УИК №2507",
  "href" : "region/izbirkom?action=show&root=162000049&tvd=4164044381430&vrn=100100225883172&prver=0&pronetvd=null&region=16&sub_region=16",
  "prver" : "0",
  "isUik" : true,
  "selected" : false,
  "load_on_demand" : false
}, {
  "id" : 4164044381431,
  "text" : "УИК №2508",
  "href" : "region/izbirkom?action=show&root=162000049&tvd=4164044381431&vrn=100100225883172&prver=0&pronetvd=null&region=16&sub_region=16",
  "prver" : "0",
  "isUik" : true,
  "selected" : false,
  "load_on_demand" : false
}, {
  "id" : 4164044381432,
  "text" : "УИК №2509",
  "href" : "region/izbirkom?action=show&root=162000049&tvd=4164044381432&vrn=100100225883172&prver=0&pronetvd=null&region=16&sub_region=16",
  "prver" : "0",
  "isUik" : true,
  "selected" : false,
  "load_on_demand" : false
}, {
  "id" : 4164044381433,
  "text" : "УИК №2510",
  "href" : "region/izbirkom?action=show&root=162000049&tvd=4164044381433&vrn=100100225883172&prver=0&pronetvd=null&region=16&sub_region=16",
  "prver" : "0",
  "isUik" : true,
  "selected" : false,
  "load_on_demand" : false
}, {
  "id" : 4164044381434,
  "text" : "УИК №2511",
  "href" : "region/izbirkom?action=show&root=162000049&tvd=4164044381434&vrn=100100225883172&prver=0&pronetvd=null&region=16&sub_region=16",
  "prver" : "0",
  "isUik" : true,
  "selected" : false,
  "load_on_demand" : false
}, {
  "id" : 4164044381435,
  "text" : "УИК №2512",
  "href" : "region/izbirkom?action=show&root=162000049&tvd=4164044381435&vrn=100100225883172&prver=0&pronetvd=null&region=16&sub_region=16",
  "prver" : "0",
  "isUik" : true,
  "selected" : false,
  "load_on_demand" : false
}, {
  "id" : 4164044381436,
  "text" : "УИК №2513",
  "href" : "region/izbirkom?action=show&root=162000049&tvd=4164044381436&vrn=100100225883172&prver=0&pronetvd=null&region=16&sub_region=16",
  "prver" : "0",
  "isUik" : true,
  "selected" : false,
  "load_on_demand" : false
}, {
  "id" : 4164044381437,
  "text" : "УИК №2514",
  "href" : "region/izbirkom?action=show&root=162000049&tvd=4164044381437&vrn=100100225883172&prver=0&pronetvd=null&region=16&sub_region=16",
  "prver" : "0",
  "isUik" : true,
  "selected" : false,
  "load_on_demand" : false
}, {
  "id" : 4164044381438,
  "text" : "УИК №2515",
  "href" : "region/izbirkom?action=show&root=162000049&tvd=4164044381438&vrn=100100225883172&prver=0&pronetvd=null&region=16&sub_region=16",
  "prver" : "0",
  "isUik" : true,
  "selected" : false,
  "load_on_demand" : false
}, {
  "id" : 4164044381439,
  "text" : "УИК №2516",
  "href" : "region/izbirkom?action=show&root=162000049&tvd=4164044381439&vrn=100100225883172&prver=0&pronetvd=null&region=16&sub_region=16",
  "prver" : "0",
  "isUik" : true,
  "selected" : false,
  "load_on_demand" : false
}, {
  "id" : 4164044381440,
  "text" : "УИК №2517",
  "href" : "region/izbirkom?action=show&root=162000049&tvd=4164044381440&vrn=100100225883172&prver=0&pronetvd=null&region=16&sub_region=16",
  "prver" : "0",
  "isUik" : true,
  "selected" : false,
  "load_on_demand" : false
}, {
  "id" : 4164044381441,
  "text" : "УИК №2518",
  "href" : "region/izbirkom?action=show&root=162000049&tvd=4164044381441&vrn=100100225883172&prver=0&pronetvd=null&region=16&sub_region=16",
  "prver" : "0",
  "isUik" : true,
  "selected" : false,
  "load_on_demand" : false
}, {
  "id" : 4164044381442,
  "text" : "УИК №2519",
  "href" : "region/izbirkom?action=show&root=162000049&tvd=4164044381442&vrn=100100225883172&prver=0&pronetvd=null&region=16&sub_region=16",
  "prver" : "0",
  "isUik" : true,
  "selected" : false,
  "load_on_demand" : false
}, {
  "id" : 4164044381443,
  "text" : "УИК №2520",
  "href" : "region/izbirkom?action=show&root=162000049&tvd=4164044381443&vrn=100100225883172&prver=0&pronetvd=null&region=16&sub_region=16",
  "prver" : "0",
  "isUik" : true,
  "selected" : false,
  "load_on_demand" : false
}, {
  "id" : 4164044381444,
  "text" : "УИК №2521",
  "href" : "region/izbirkom?action=show&root=162000049&tvd=4164044381444&vrn=100100225883172&prver=0&pronetvd=null&region=16&sub_region=16",
  "prver" : "0",
  "isUik" : true,
  "selected" : false,
  "load_on_demand" : false
}, {
  "id" : 4164044381445,
  "text" : "УИК №2522",
  "href" : "region/izbirkom?action=show&root=162000049&tvd=4164044381445&vrn=100100225883172&prver=0&pronetvd=null&region=16&sub_region=16",
  "prver" : "0",
  "isUik" : true,
  "selected" : false,
  "load_on_demand" : false
}, {
  "id" : 4164044381446,
  "text" : "УИК №2523",
  "href" : "region/izbirkom?action=show&root=162000049&tvd=4164044381446&vrn=100100225883172&prver=0&pronetvd=null&region=16&sub_region=16",
  "prver" : "0",
  "isUik" : true,
  "selected" : false,
  "load_on_demand" : false
}, {
  "id" : 4164044381447,
  "text" : "УИК №2524",
  "href" : "region/izbirkom?action=show&root=162000049&tvd=4164044381447&vrn=100100225883172&prver=0&pronetvd=null&region=16&sub_region=16",
  "prver" : "0",
  "isUik" : true,
  "selected" : false,
  "load_on_demand" : false
}, {
  "id" : 4164044381448,
  "text" : "УИК №2525",
  "href" : "region/izbirkom?action=show&root=162000049&tvd=4164044381448&vrn=100100225883172&prver=0&pronetvd=null&region=16&sub_region=16",
  "prver" : "0",
  "isUik" : true,
  "selected" : false,
  "load_on_demand" : false
}, {
  "id" : 4164044381449,
  "text" : "УИК №2526",
  "href" : "region/izbirkom?action=show&root=162000049&tvd=4164044381449&vrn=100100225883172&prver=0&pronetvd=null&region=16&sub_region=16",
  "prver" : "0",
  "isUik" : true,
  "selected" : false,
  "load_on_demand" : false
}, {
  "id" : 4164044381450,
  "text" : "УИК №2527",
  "href" : "region/izbirkom?action=show&root=162000049&tvd=4164044381450&vrn=100100225883172&prver=0&pronetvd=null&region=16&sub_region=16",
  "prver" : "0",
  "isUik" : true,
  "selected" : false,
  "load_on_demand" : false
}, {
  "id" : 4164044381451,
  "text" : "УИК №2528",
  "href" : "region/izbirkom?action=show&root=162000049&tvd=4164044381451&vrn=100100225883172&prver=0&pronetvd=null&region=16&sub_region=16",
  "prver" : "0",
  "isUik" : true,
  "selected" : false,
  "load_on_demand" : false
}, {
  "id" : 4164044381452,
  "text" : "УИК №2529",
  "href" : "region/izbirkom?action=show&root=162000049&tvd=4164044381452&vrn=100100225883172&prver=0&pronetvd=null&region=16&sub_region=16",
  "prver" : "0",
  "isUik" : true,
  "selected" : false,
  "load_on_demand" : false
}, {
  "id" : 4164044381453,
  "text" : "УИК №2530",
  "href" : "region/izbirkom?action=show&root=162000049&tvd=4164044381453&vrn=100100225883172&prver=0&pronetvd=null&region=16&sub_region=16",
  "prver" : "0",
  "isUik" : true,
  "selected" : false,
  "load_on_demand" : false
}, {
  "id" : 4164044381454,
  "text" : "УИК №2531",
  "href" : "region/izbirkom?action=show&root=162000049&tvd=4164044381454&vrn=100100225883172&prver=0&pronetvd=null&region=16&sub_region=16",
  "prver" : "0",
  "isUik" : true,
  "selected" : false,
  "load_on_demand" : false
}, {
  "id" : 4164044381455,
  "text" : "УИК №2532",
  "href" : "region/izbirkom?action=show&root=162000049&tvd=4164044381455&vrn=100100225883172&prver=0&pronetvd=null&region=16&sub_region=16",
  "prver" : "0",
  "isUik" : true,
  "selected" : false,
  "load_on_demand" : false
}, {
  "id" : 4164044381456,
  "text" : "УИК №2533",
  "href" : "region/izbirkom?action=show&root=162000049&tvd=4164044381456&vrn=100100225883172&prver=0&pronetvd=null&region=16&sub_region=16",
  "prver" : "0",
  "isUik" : true,
  "selected" : false,
  "load_on_demand" : false
}, {
  "id" : 4164044381457,
  "text" : "УИК №2534",
  "href" : "region/izbirkom?action=show&root=162000049&tvd=4164044381457&vrn=100100225883172&prver=0&pronetvd=null&region=16&sub_region=16",
  "prver" : "0",
  "isUik" : true,
  "selected" : false,
  "load_on_demand" : false
}, {
  "id" : 4164044381458,
  "text" : "УИК №2535",
  "href" : "region/izbirkom?action=show&root=162000049&tvd=4164044381458&vrn=100100225883172&prver=0&pronetvd=null&region=16&sub_region=16",
  "prver" : "0",
  "isUik" : true,
  "selected" : false,
  "load_on_demand" : false
}, {
  "id" : 4164044381459,
  "text" : "УИК №2536",
  "href" : "region/izbirkom?action=show&root=162000049&tvd=4164044381459&vrn=100100225883172&prver=0&pronetvd=null&region=16&sub_region=16",
  "prver" : "0",
  "isUik" : true,
  "selected" : false,
  "load_on_demand" : false
}, {
  "id" : 4164044381460,
  "text" : "УИК №2537",
  "href" : "region/izbirkom?action=show&root=162000049&tvd=4164044381460&vrn=100100225883172&prver=0&pronetvd=null&region=16&sub_region=16",
  "prver" : "0",
  "isUik" : true,
  "selected" : false,
  "load_on_demand" : false
}, {
  "id" : 4164044381461,
  "text" : "УИК №2538",
  "href" : "region/izbirkom?action=show&root=162000049&tvd=4164044381461&vrn=100100225883172&prver=0&pronetvd=null&region=16&sub_region=16",
  "prver" : "0",
  "isUik" : true,
  "selected" : false,
  "load_on_demand" : false
}, {
  "id" : 4164044381462,
  "text" : "УИК №2539",
  "href" : "region/izbirkom?action=show&root=162000049&tvd=4164044381462&vrn=100100225883172&prver=0&pronetvd=null&region=16&sub_region=16",
  "prver" : "0",
  "isUik" : true,
  "selected" : false,
  "load_on_demand" : false
}, {
  "id" : 4164044381463,
  "text" : "УИК №2540",
  "href" : "region/izbirkom?action=show&root=162000049&tvd=4164044381463&vrn=100100225883172&prver=0&pronetvd=null&region=16&sub_region=16",
  "prver" : "0",
  "isUik" : true,
  "selected" : false,
  "load_on_demand" : false
}, {
  "id" : 4164044381464,
  "text" : "УИК №2541",
  "href" : "region/izbirkom?action=show&root=162000049&tvd=4164044381464&vrn=100100225883172&prver=0&pronetvd=null&region=16&sub_region=16",
  "prver" : "0",
  "isUik" : true,
  "selected" : false,
  "load_on_demand" : false
}, {
  "id" : 4164044381465,
  "text" : "УИК №2542",
  "href" : "region/izbirkom?action=show&root=162000049&tvd=4164044381465&vrn=100100225883172&prver=0&pronetvd=null&region=16&sub_region=16",
  "prver" : "0",
  "isUik" : true,
  "selected" : false,
  "load_on_demand" : false
} ]