[ {
  "id" : 4164052432143,
  "text" : "УИК №528",
  "href" : "region/izbirkom?action=show&root=162000060&tvd=4164052432143&vrn=100100225883172&prver=0&pronetvd=null&region=16&sub_region=16",
  "prver" : "0",
  "isUik" : true,
  "selected" : false,
  "load_on_demand" : false
}, {
  "id" : 4164052432144,
  "text" : "УИК №529",
  "href" : "region/izbirkom?action=show&root=162000060&tvd=4164052432144&vrn=100100225883172&prver=0&pronetvd=null&region=16&sub_region=16",
  "prver" : "0",
  "isUik" : true,
  "selected" : false,
  "load_on_demand" : false
}, {
  "id" : 4164052432145,
  "text" : "УИК №530",
  "href" : "region/izbirkom?action=show&root=162000060&tvd=4164052432145&vrn=100100225883172&prver=0&pronetvd=null&region=16&sub_region=16",
  "prver" : "0",
  "isUik" : true,
  "selected" : false,
  "load_on_demand" : false
}, {
  "id" : 4164052432146,
  "text" : "УИК №531",
  "href" : "region/izbirkom?action=show&root=162000060&tvd=4164052432146&vrn=100100225883172&prver=0&pronetvd=null&region=16&sub_region=16",
  "prver" : "0",
  "isUik" : true,
  "selected" : false,
  "load_on_demand" : false
}, {
  "id" : 4164052432147,
  "text" : "УИК №532",
  "href" : "region/izbirkom?action=show&root=162000060&tvd=4164052432147&vrn=100100225883172&prver=0&pronetvd=null&region=16&sub_region=16",
  "prver" : "0",
  "isUik" : true,
  "selected" : false,
  "load_on_demand" : false
}, {
  "id" : 4164052432148,
  "text" : "УИК №533",
  "href" : "region/izbirkom?action=show&root=162000060&tvd=4164052432148&vrn=100100225883172&prver=0&pronetvd=null&region=16&sub_region=16",
  "prver" : "0",
  "isUik" : true,
  "selected" : false,
  "load_on_demand" : false
}, {
  "id" : 4164052432149,
  "text" : "УИК №534",
  "href" : "region/izbirkom?action=show&root=162000060&tvd=4164052432149&vrn=100100225883172&prver=0&pronetvd=null&region=16&sub_region=16",
  "prver" : "0",
  "isUik" : true,
  "selected" : false,
  "load_on_demand" : false
}, {
  "id" : 4164052432150,
  "text" : "УИК №535",
  "href" : "region/izbirkom?action=show&root=162000060&tvd=4164052432150&vrn=100100225883172&prver=0&pronetvd=null&region=16&sub_region=16",
  "prver" : "0",
  "isUik" : true,
  "selected" : false,
  "load_on_demand" : false
}, {
  "id" : 4164052432151,
  "text" : "УИК №536",
  "href" : "region/izbirkom?action=show&root=162000060&tvd=4164052432151&vrn=100100225883172&prver=0&pronetvd=null&region=16&sub_region=16",
  "prver" : "0",
  "isUik" : true,
  "selected" : false,
  "load_on_demand" : false
}, {
  "id" : 4164052432152,
  "text" : "УИК №537",
  "href" : "region/izbirkom?action=show&root=162000060&tvd=4164052432152&vrn=100100225883172&prver=0&pronetvd=null&region=16&sub_region=16",
  "prver" : "0",
  "isUik" : true,
  "selected" : false,
  "load_on_demand" : false
}, {
  "id" : 4164052432153,
  "text" : "УИК №538",
  "href" : "region/izbirkom?action=show&root=162000060&tvd=4164052432153&vrn=100100225883172&prver=0&pronetvd=null&region=16&sub_region=16",
  "prver" : "0",
  "isUik" : true,
  "selected" : false,
  "load_on_demand" : false
}, {
  "id" : 4164052432154,
  "text" : "УИК №539",
  "href" : "region/izbirkom?action=show&root=162000060&tvd=4164052432154&vrn=100100225883172&prver=0&pronetvd=null&region=16&sub_region=16",
  "prver" : "0",
  "isUik" : true,
  "selected" : false,
  "load_on_demand" : false
}, {
  "id" : 4164052432155,
  "text" : "УИК №540",
  "href" : "region/izbirkom?action=show&root=162000060&tvd=4164052432155&vrn=100100225883172&prver=0&pronetvd=null&region=16&sub_region=16",
  "prver" : "0",
  "isUik" : true,
  "selected" : false,
  "load_on_demand" : false
}, {
  "id" : 4164052432156,
  "text" : "УИК №541",
  "href" : "region/izbirkom?action=show&root=162000060&tvd=4164052432156&vrn=100100225883172&prver=0&pronetvd=null&region=16&sub_region=16",
  "prver" : "0",
  "isUik" : true,
  "selected" : false,
  "load_on_demand" : false
}, {
  "id" : 4164052432157,
  "text" : "УИК №542",
  "href" : "region/izbirkom?action=show&root=162000060&tvd=4164052432157&vrn=100100225883172&prver=0&pronetvd=null&region=16&sub_region=16",
  "prver" : "0",
  "isUik" : true,
  "selected" : false,
  "load_on_demand" : false
}, {
  "id" : 4164052432158,
  "text" : "УИК №543",
  "href" : "region/izbirkom?action=show&root=162000060&tvd=4164052432158&vrn=100100225883172&prver=0&pronetvd=null&region=16&sub_region=16",
  "prver" : "0",
  "isUik" : true,
  "selected" : false,
  "load_on_demand" : false
}, {
  "id" : 4164052432159,
  "text" : "УИК №544",
  "href" : "region/izbirkom?action=show&root=162000060&tvd=4164052432159&vrn=100100225883172&prver=0&pronetvd=null&region=16&sub_region=16",
  "prver" : "0",
  "isUik" : true,
  "selected" : false,
  "load_on_demand" : false
}, {
  "id" : 4164052432160,
  "text" : "УИК №545",
  "href" : "region/izbirkom?action=show&root=162000060&tvd=4164052432160&vrn=100100225883172&prver=0&pronetvd=null&region=16&sub_region=16",
  "prver" : "0",
  "isUik" : true,
  "selected" : false,
  "load_on_demand" : false
}, {
  "id" : 4164052432161,
  "text" : "УИК №546",
  "href" : "region/izbirkom?action=show&root=162000060&tvd=4164052432161&vrn=100100225883172&prver=0&pronetvd=null&region=16&sub_region=16",
  "prver" : "0",
  "isUik" : true,
  "selected" : false,
  "load_on_demand" : false
}, {
  "id" : 4164052432162,
  "text" : "УИК №547",
  "href" : "region/izbirkom?action=show&root=162000060&tvd=4164052432162&vrn=100100225883172&prver=0&pronetvd=null&region=16&sub_region=16",
  "prver" : "0",
  "isUik" : true,
  "selected" : false,
  "load_on_demand" : false
}, {
  "id" : 4164052432163,
  "text" : "УИК №548",
  "href" : "region/izbirkom?action=show&root=162000060&tvd=4164052432163&vrn=100100225883172&prver=0&pronetvd=null&region=16&sub_region=16",
  "prver" : "0",
  "isUik" : true,
  "selected" : false,
  "load_on_demand" : false
}, {
  "id" : 4164052432164,
  "text" : "УИК №549",
  "href" : "region/izbirkom?action=show&root=162000060&tvd=4164052432164&vrn=100100225883172&prver=0&pronetvd=null&region=16&sub_region=16",
  "prver" : "0",
  "isUik" : true,
  "selected" : false,
  "load_on_demand" : false
}, {
  "id" : 4164052432165,
  "text" : "УИК №550",
  "href" : "region/izbirkom?action=show&root=162000060&tvd=4164052432165&vrn=100100225883172&prver=0&pronetvd=null&region=16&sub_region=16",
  "prver" : "0",
  "isUik" : true,
  "selected" : false,
  "load_on_demand" : false
}, {
  "id" : 4164052432166,
  "text" : "УИК №551",
  "href" : "region/izbirkom?action=show&root=162000060&tvd=4164052432166&vrn=100100225883172&prver=0&pronetvd=null&region=16&sub_region=16",
  "prver" : "0",
  "isUik" : true,
  "selected" : false,
  "load_on_demand" : false
}, {
  "id" : 4164052432167,
  "text" : "УИК №552",
  "href" : "region/izbirkom?action=show&root=162000060&tvd=4164052432167&vrn=100100225883172&prver=0&pronetvd=null&region=16&sub_region=16",
  "prver" : "0",
  "isUik" : true,
  "selected" : false,
  "load_on_demand" : false
}, {
  "id" : 4164052432168,
  "text" : "УИК №553",
  "href" : "region/izbirkom?action=show&root=162000060&tvd=4164052432168&vrn=100100225883172&prver=0&pronetvd=null&region=16&sub_region=16",
  "prver" : "0",
  "isUik" : true,
  "selected" : false,
  "load_on_demand" : false
}, {
  "id" : 4164052432169,
  "text" : "УИК №554",
  "href" : "region/izbirkom?action=show&root=162000060&tvd=4164052432169&vrn=100100225883172&prver=0&pronetvd=null&region=16&sub_region=16",
  "prver" : "0",
  "isUik" : true,
  "selected" : false,
  "load_on_demand" : false
}, {
  "id" : 4164052432170,
  "text" : "УИК №555",
  "href" : "region/izbirkom?action=show&root=162000060&tvd=4164052432170&vrn=100100225883172&prver=0&pronetvd=null&region=16&sub_region=16",
  "prver" : "0",
  "isUik" : true,
  "selected" : false,
  "load_on_demand" : false
}, {
  "id" : 4164052432171,
  "text" : "УИК №556",
  "href" : "region/izbirkom?action=show&root=162000060&tvd=4164052432171&vrn=100100225883172&prver=0&pronetvd=null&region=16&sub_region=16",
  "prver" : "0",
  "isUik" : true,
  "selected" : false,
  "load_on_demand" : false
}, {
  "id" : 4164052432172,
  "text" : "УИК №557",
  "href" : "region/izbirkom?action=show&root=162000060&tvd=4164052432172&vrn=100100225883172&prver=0&pronetvd=null&region=16&sub_region=16",
  "prver" : "0",
  "isUik" : true,
  "selected" : false,
  "load_on_demand" : false
}, {
  "id" : 4164052432173,
  "text" : "УИК №558",
  "href" : "region/izbirkom?action=show&root=162000060&tvd=4164052432173&vrn=100100225883172&prver=0&pronetvd=null&region=16&sub_region=16",
  "prver" : "0",
  "isUik" : true,
  "selected" : false,
  "load_on_demand" : false
}, {
  "id" : 4164052432174,
  "text" : "УИК №559",
  "href" : "region/izbirkom?action=show&root=162000060&tvd=4164052432174&vrn=100100225883172&prver=0&pronetvd=null&region=16&sub_region=16",
  "prver" : "0",
  "isUik" : true,
  "selected" : false,
  "load_on_demand" : false
}, {
  "id" : 4164052432175,
  "text" : "УИК №560",
  "href" : "region/izbirkom?action=show&root=162000060&tvd=4164052432175&vrn=100100225883172&prver=0&pronetvd=null&region=16&sub_region=16",
  "prver" : "0",
  "isUik" : true,
  "selected" : false,
  "load_on_demand" : false
}, {
  "id" : 4164052432176,
  "text" : "УИК №561",
  "href" : "region/izbirkom?action=show&root=162000060&tvd=4164052432176&vrn=100100225883172&prver=0&pronetvd=null&region=16&sub_region=16",
  "prver" : "0",
  "isUik" : true,
  "selected" : false,
  "load_on_demand" : false
}, {
  "id" : 4164052432177,
  "text" : "УИК №562",
  "href" : "region/izbirkom?action=show&root=162000060&tvd=4164052432177&vrn=100100225883172&prver=0&pronetvd=null&region=16&sub_region=16",
  "prver" : "0",
  "isUik" : true,
  "selected" : false,
  "load_on_demand" : false
}, {
  "id" : 4164052432178,
  "text" : "УИК №563",
  "href" : "region/izbirkom?action=show&root=162000060&tvd=4164052432178&vrn=100100225883172&prver=0&pronetvd=null&region=16&sub_region=16",
  "prver" : "0",
  "isUik" : true,
  "selected" : false,
  "load_on_demand" : false
}, {
  "id" : 4164052432179,
  "text" : "УИК №564",
  "href" : "region/izbirkom?action=show&root=162000060&tvd=4164052432179&vrn=100100225883172&prver=0&pronetvd=null&region=16&sub_region=16",
  "prver" : "0",
  "isUik" : true,
  "selected" : false,
  "load_on_demand" : false
}, {
  "id" : 4164052432180,
  "text" : "УИК №565",
  "href" : "region/izbirkom?action=show&root=162000060&tvd=4164052432180&vrn=100100225883172&prver=0&pronetvd=null&region=16&sub_region=16",
  "prver" : "0",
  "isUik" : true,
  "selected" : false,
  "load_on_demand" : false
}, {
  "id" : 4164052432181,
  "text" : "УИК №566",
  "href" : "region/izbirkom?action=show&root=162000060&tvd=4164052432181&vrn=100100225883172&prver=0&pronetvd=null&region=16&sub_region=16",
  "prver" : "0",
  "isUik" : true,
  "selected" : false,
  "load_on_demand" : false
}, {
  "id" : 4164052432182,
  "text" : "УИК №567",
  "href" : "region/izbirkom?action=show&root=162000060&tvd=4164052432182&vrn=100100225883172&prver=0&pronetvd=null&region=16&sub_region=16",
  "prver" : "0",
  "isUik" : true,
  "selected" : false,
  "load_on_demand" : false
}, {
  "id" : 4164052432183,
  "text" : "УИК №568",
  "href" : "region/izbirkom?action=show&root=162000060&tvd=4164052432183&vrn=100100225883172&prver=0&pronetvd=null&region=16&sub_region=16",
  "prver" : "0",
  "isUik" : true,
  "selected" : false,
  "load_on_demand" : false
}, {
  "id" : 4164052432184,
  "text" : "УИК №569",
  "href" : "region/izbirkom?action=show&root=162000060&tvd=4164052432184&vrn=100100225883172&prver=0&pronetvd=null&region=16&sub_region=16",
  "prver" : "0",
  "isUik" : true,
  "selected" : false,
  "load_on_demand" : false
} ]