[ {
  "id" : 4164026579787,
  "text" : "УИК №77",
  "href" : "region/izbirkom?action=show&root=162000006&tvd=4164026579787&vrn=100100225883172&prver=0&pronetvd=null&region=16&sub_region=16",
  "prver" : "0",
  "isUik" : true,
  "selected" : false,
  "load_on_demand" : false
}, {
  "id" : 4164026571431,
  "text" : "УИК №261",
  "href" : "region/izbirkom?action=show&root=162000006&tvd=4164026571431&vrn=100100225883172&prver=0&pronetvd=null&region=16&sub_region=16",
  "prver" : "0",
  "isUik" : true,
  "selected" : false,
  "load_on_demand" : false
}, {
  "id" : 4164026571432,
  "text" : "УИК №262",
  "href" : "region/izbirkom?action=show&root=162000006&tvd=4164026571432&vrn=100100225883172&prver=0&pronetvd=null&region=16&sub_region=16",
  "prver" : "0",
  "isUik" : true,
  "selected" : false,
  "load_on_demand" : false
}, {
  "id" : 4164026571433,
  "text" : "УИК №263",
  "href" : "region/izbirkom?action=show&root=162000006&tvd=4164026571433&vrn=100100225883172&prver=0&pronetvd=null&region=16&sub_region=16",
  "prver" : "0",
  "isUik" : true,
  "selected" : false,
  "load_on_demand" : false
}, {
  "id" : 4164026571434,
  "text" : "УИК №264",
  "href" : "region/izbirkom?action=show&root=162000006&tvd=4164026571434&vrn=100100225883172&prver=0&pronetvd=null&region=16&sub_region=16",
  "prver" : "0",
  "isUik" : true,
  "selected" : false,
  "load_on_demand" : false
}, {
  "id" : 4164026571435,
  "text" : "УИК №265",
  "href" : "region/izbirkom?action=show&root=162000006&tvd=4164026571435&vrn=100100225883172&prver=0&pronetvd=null&region=16&sub_region=16",
  "prver" : "0",
  "isUik" : true,
  "selected" : false,
  "load_on_demand" : false
}, {
  "id" : 4164026571436,
  "text" : "УИК №266",
  "href" : "region/izbirkom?action=show&root=162000006&tvd=4164026571436&vrn=100100225883172&prver=0&pronetvd=null&region=16&sub_region=16",
  "prver" : "0",
  "isUik" : true,
  "selected" : false,
  "load_on_demand" : false
}, {
  "id" : 4164026571437,
  "text" : "УИК №267",
  "href" : "region/izbirkom?action=show&root=162000006&tvd=4164026571437&vrn=100100225883172&prver=0&pronetvd=null&region=16&sub_region=16",
  "prver" : "0",
  "isUik" : true,
  "selected" : false,
  "load_on_demand" : false
}, {
  "id" : 4164026571438,
  "text" : "УИК №268",
  "href" : "region/izbirkom?action=show&root=162000006&tvd=4164026571438&vrn=100100225883172&prver=0&pronetvd=null&region=16&sub_region=16",
  "prver" : "0",
  "isUik" : true,
  "selected" : false,
  "load_on_demand" : false
}, {
  "id" : 4164026571439,
  "text" : "УИК №269",
  "href" : "region/izbirkom?action=show&root=162000006&tvd=4164026571439&vrn=100100225883172&prver=0&pronetvd=null&region=16&sub_region=16",
  "prver" : "0",
  "isUik" : true,
  "selected" : false,
  "load_on_demand" : false
}, {
  "id" : 4164026571440,
  "text" : "УИК №270",
  "href" : "region/izbirkom?action=show&root=162000006&tvd=4164026571440&vrn=100100225883172&prver=0&pronetvd=null&region=16&sub_region=16",
  "prver" : "0",
  "isUik" : true,
  "selected" : false,
  "load_on_demand" : false
}, {
  "id" : 4164026571441,
  "text" : "УИК №271",
  "href" : "region/izbirkom?action=show&root=162000006&tvd=4164026571441&vrn=100100225883172&prver=0&pronetvd=null&region=16&sub_region=16",
  "prver" : "0",
  "isUik" : true,
  "selected" : false,
  "load_on_demand" : false
}, {
  "id" : 4164026571442,
  "text" : "УИК №272",
  "href" : "region/izbirkom?action=show&root=162000006&tvd=4164026571442&vrn=100100225883172&prver=0&pronetvd=null&region=16&sub_region=16",
  "prver" : "0",
  "isUik" : true,
  "selected" : false,
  "load_on_demand" : false
}, {
  "id" : 4164026571443,
  "text" : "УИК №273",
  "href" : "region/izbirkom?action=show&root=162000006&tvd=4164026571443&vrn=100100225883172&prver=0&pronetvd=null&region=16&sub_region=16",
  "prver" : "0",
  "isUik" : true,
  "selected" : false,
  "load_on_demand" : false
}, {
  "id" : 4164026571444,
  "text" : "УИК №274",
  "href" : "region/izbirkom?action=show&root=162000006&tvd=4164026571444&vrn=100100225883172&prver=0&pronetvd=null&region=16&sub_region=16",
  "prver" : "0",
  "isUik" : true,
  "selected" : false,
  "load_on_demand" : false
}, {
  "id" : 4164026571445,
  "text" : "УИК №275",
  "href" : "region/izbirkom?action=show&root=162000006&tvd=4164026571445&vrn=100100225883172&prver=0&pronetvd=null&region=16&sub_region=16",
  "prver" : "0",
  "isUik" : true,
  "selected" : false,
  "load_on_demand" : false
}, {
  "id" : 4164026571446,
  "text" : "УИК №276",
  "href" : "region/izbirkom?action=show&root=162000006&tvd=4164026571446&vrn=100100225883172&prver=0&pronetvd=null&region=16&sub_region=16",
  "prver" : "0",
  "isUik" : true,
  "selected" : false,
  "load_on_demand" : false
}, {
  "id" : 4164026571447,
  "text" : "УИК №277",
  "href" : "region/izbirkom?action=show&root=162000006&tvd=4164026571447&vrn=100100225883172&prver=0&pronetvd=null&region=16&sub_region=16",
  "prver" : "0",
  "isUik" : true,
  "selected" : false,
  "load_on_demand" : false
}, {
  "id" : 4164026571448,
  "text" : "УИК №278",
  "href" : "region/izbirkom?action=show&root=162000006&tvd=4164026571448&vrn=100100225883172&prver=0&pronetvd=null&region=16&sub_region=16",
  "prver" : "0",
  "isUik" : true,
  "selected" : false,
  "load_on_demand" : false
}, {
  "id" : 4164026571449,
  "text" : "УИК №279",
  "href" : "region/izbirkom?action=show&root=162000006&tvd=4164026571449&vrn=100100225883172&prver=0&pronetvd=null&region=16&sub_region=16",
  "prver" : "0",
  "isUik" : true,
  "selected" : false,
  "load_on_demand" : false
}, {
  "id" : 4164026571450,
  "text" : "УИК №280",
  "href" : "region/izbirkom?action=show&root=162000006&tvd=4164026571450&vrn=100100225883172&prver=0&pronetvd=null&region=16&sub_region=16",
  "prver" : "0",
  "isUik" : true,
  "selected" : false,
  "load_on_demand" : false
}, {
  "id" : 4164026571451,
  "text" : "УИК №281",
  "href" : "region/izbirkom?action=show&root=162000006&tvd=4164026571451&vrn=100100225883172&prver=0&pronetvd=null&region=16&sub_region=16",
  "prver" : "0",
  "isUik" : true,
  "selected" : false,
  "load_on_demand" : false
}, {
  "id" : 4164026571452,
  "text" : "УИК №282",
  "href" : "region/izbirkom?action=show&root=162000006&tvd=4164026571452&vrn=100100225883172&prver=0&pronetvd=null&region=16&sub_region=16",
  "prver" : "0",
  "isUik" : true,
  "selected" : false,
  "load_on_demand" : false
}, {
  "id" : 4164026571453,
  "text" : "УИК №283",
  "href" : "region/izbirkom?action=show&root=162000006&tvd=4164026571453&vrn=100100225883172&prver=0&pronetvd=null&region=16&sub_region=16",
  "prver" : "0",
  "isUik" : true,
  "selected" : false,
  "load_on_demand" : false
}, {
  "id" : 4164026571454,
  "text" : "УИК №284",
  "href" : "region/izbirkom?action=show&root=162000006&tvd=4164026571454&vrn=100100225883172&prver=0&pronetvd=null&region=16&sub_region=16",
  "prver" : "0",
  "isUik" : true,
  "selected" : false,
  "load_on_demand" : false
}, {
  "id" : 4164026571455,
  "text" : "УИК №285",
  "href" : "region/izbirkom?action=show&root=162000006&tvd=4164026571455&vrn=100100225883172&prver=0&pronetvd=null&region=16&sub_region=16",
  "prver" : "0",
  "isUik" : true,
  "selected" : false,
  "load_on_demand" : false
}, {
  "id" : 4164026571456,
  "text" : "УИК №286",
  "href" : "region/izbirkom?action=show&root=162000006&tvd=4164026571456&vrn=100100225883172&prver=0&pronetvd=null&region=16&sub_region=16",
  "prver" : "0",
  "isUik" : true,
  "selected" : false,
  "load_on_demand" : false
}, {
  "id" : 4164026571457,
  "text" : "УИК №287",
  "href" : "region/izbirkom?action=show&root=162000006&tvd=4164026571457&vrn=100100225883172&prver=0&pronetvd=null&region=16&sub_region=16",
  "prver" : "0",
  "isUik" : true,
  "selected" : false,
  "load_on_demand" : false
}, {
  "id" : 4164026571458,
  "text" : "УИК №288",
  "href" : "region/izbirkom?action=show&root=162000006&tvd=4164026571458&vrn=100100225883172&prver=0&pronetvd=null&region=16&sub_region=16",
  "prver" : "0",
  "isUik" : true,
  "selected" : false,
  "load_on_demand" : false
}, {
  "id" : 4164026571459,
  "text" : "УИК №289",
  "href" : "region/izbirkom?action=show&root=162000006&tvd=4164026571459&vrn=100100225883172&prver=0&pronetvd=null&region=16&sub_region=16",
  "prver" : "0",
  "isUik" : true,
  "selected" : false,
  "load_on_demand" : false
}, {
  "id" : 4164026571460,
  "text" : "УИК №290",
  "href" : "region/izbirkom?action=show&root=162000006&tvd=4164026571460&vrn=100100225883172&prver=0&pronetvd=null&region=16&sub_region=16",
  "prver" : "0",
  "isUik" : true,
  "selected" : false,
  "load_on_demand" : false
}, {
  "id" : 4164026571461,
  "text" : "УИК №291",
  "href" : "region/izbirkom?action=show&root=162000006&tvd=4164026571461&vrn=100100225883172&prver=0&pronetvd=null&region=16&sub_region=16",
  "prver" : "0",
  "isUik" : true,
  "selected" : false,
  "load_on_demand" : false
}, {
  "id" : 4164026571462,
  "text" : "УИК №292",
  "href" : "region/izbirkom?action=show&root=162000006&tvd=4164026571462&vrn=100100225883172&prver=0&pronetvd=null&region=16&sub_region=16",
  "prver" : "0",
  "isUik" : true,
  "selected" : false,
  "load_on_demand" : false
}, {
  "id" : 4164026571463,
  "text" : "УИК №293",
  "href" : "region/izbirkom?action=show&root=162000006&tvd=4164026571463&vrn=100100225883172&prver=0&pronetvd=null&region=16&sub_region=16",
  "prver" : "0",
  "isUik" : true,
  "selected" : false,
  "load_on_demand" : false
}, {
  "id" : 4164026571464,
  "text" : "УИК №294",
  "href" : "region/izbirkom?action=show&root=162000006&tvd=4164026571464&vrn=100100225883172&prver=0&pronetvd=null&region=16&sub_region=16",
  "prver" : "0",
  "isUik" : true,
  "selected" : false,
  "load_on_demand" : false
}, {
  "id" : 4164026571465,
  "text" : "УИК №295",
  "href" : "region/izbirkom?action=show&root=162000006&tvd=4164026571465&vrn=100100225883172&prver=0&pronetvd=null&region=16&sub_region=16",
  "prver" : "0",
  "isUik" : true,
  "selected" : false,
  "load_on_demand" : false
}, {
  "id" : 4164026571466,
  "text" : "УИК №296",
  "href" : "region/izbirkom?action=show&root=162000006&tvd=4164026571466&vrn=100100225883172&prver=0&pronetvd=null&region=16&sub_region=16",
  "prver" : "0",
  "isUik" : true,
  "selected" : false,
  "load_on_demand" : false
}, {
  "id" : 4164026571467,
  "text" : "УИК №297",
  "href" : "region/izbirkom?action=show&root=162000006&tvd=4164026571467&vrn=100100225883172&prver=0&pronetvd=null&region=16&sub_region=16",
  "prver" : "0",
  "isUik" : true,
  "selected" : false,
  "load_on_demand" : false
}, {
  "id" : 4164026571468,
  "text" : "УИК №298",
  "href" : "region/izbirkom?action=show&root=162000006&tvd=4164026571468&vrn=100100225883172&prver=0&pronetvd=null&region=16&sub_region=16",
  "prver" : "0",
  "isUik" : true,
  "selected" : false,
  "load_on_demand" : false
}, {
  "id" : 4164026571469,
  "text" : "УИК №299",
  "href" : "region/izbirkom?action=show&root=162000006&tvd=4164026571469&vrn=100100225883172&prver=0&pronetvd=null&region=16&sub_region=16",
  "prver" : "0",
  "isUik" : true,
  "selected" : false,
  "load_on_demand" : false
}, {
  "id" : 4164026571470,
  "text" : "УИК №300",
  "href" : "region/izbirkom?action=show&root=162000006&tvd=4164026571470&vrn=100100225883172&prver=0&pronetvd=null&region=16&sub_region=16",
  "prver" : "0",
  "isUik" : true,
  "selected" : false,
  "load_on_demand" : false
}, {
  "id" : 4164026571471,
  "text" : "УИК №301",
  "href" : "region/izbirkom?action=show&root=162000006&tvd=4164026571471&vrn=100100225883172&prver=0&pronetvd=null&region=16&sub_region=16",
  "prver" : "0",
  "isUik" : true,
  "selected" : false,
  "load_on_demand" : false
}, {
  "id" : 4164026571472,
  "text" : "УИК №302",
  "href" : "region/izbirkom?action=show&root=162000006&tvd=4164026571472&vrn=100100225883172&prver=0&pronetvd=null&region=16&sub_region=16",
  "prver" : "0",
  "isUik" : true,
  "selected" : false,
  "load_on_demand" : false
}, {
  "id" : 4164026571473,
  "text" : "УИК №303",
  "href" : "region/izbirkom?action=show&root=162000006&tvd=4164026571473&vrn=100100225883172&prver=0&pronetvd=null&region=16&sub_region=16",
  "prver" : "0",
  "isUik" : true,
  "selected" : false,
  "load_on_demand" : false
}, {
  "id" : 4164026571474,
  "text" : "УИК №304",
  "href" : "region/izbirkom?action=show&root=162000006&tvd=4164026571474&vrn=100100225883172&prver=0&pronetvd=null&region=16&sub_region=16",
  "prver" : "0",
  "isUik" : true,
  "selected" : false,
  "load_on_demand" : false
}, {
  "id" : 4164026571475,
  "text" : "УИК №305",
  "href" : "region/izbirkom?action=show&root=162000006&tvd=4164026571475&vrn=100100225883172&prver=0&pronetvd=null&region=16&sub_region=16",
  "prver" : "0",
  "isUik" : true,
  "selected" : false,
  "load_on_demand" : false
}, {
  "id" : 4164026571476,
  "text" : "УИК №306",
  "href" : "region/izbirkom?action=show&root=162000006&tvd=4164026571476&vrn=100100225883172&prver=0&pronetvd=null&region=16&sub_region=16",
  "prver" : "0",
  "isUik" : true,
  "selected" : false,
  "load_on_demand" : false
}, {
  "id" : 4164026571477,
  "text" : "УИК №307",
  "href" : "region/izbirkom?action=show&root=162000006&tvd=4164026571477&vrn=100100225883172&prver=0&pronetvd=null&region=16&sub_region=16",
  "prver" : "0",
  "isUik" : true,
  "selected" : false,
  "load_on_demand" : false
}, {
  "id" : 4164026571478,
  "text" : "УИК №308",
  "href" : "region/izbirkom?action=show&root=162000006&tvd=4164026571478&vrn=100100225883172&prver=0&pronetvd=null&region=16&sub_region=16",
  "prver" : "0",
  "isUik" : true,
  "selected" : false,
  "load_on_demand" : false
}, {
  "id" : 4164026571479,
  "text" : "УИК №309",
  "href" : "region/izbirkom?action=show&root=162000006&tvd=4164026571479&vrn=100100225883172&prver=0&pronetvd=null&region=16&sub_region=16",
  "prver" : "0",
  "isUik" : true,
  "selected" : false,
  "load_on_demand" : false
}, {
  "id" : 4164026571480,
  "text" : "УИК №310",
  "href" : "region/izbirkom?action=show&root=162000006&tvd=4164026571480&vrn=100100225883172&prver=0&pronetvd=null&region=16&sub_region=16",
  "prver" : "0",
  "isUik" : true,
  "selected" : false,
  "load_on_demand" : false
}, {
  "id" : 4164026571481,
  "text" : "УИК №311",
  "href" : "region/izbirkom?action=show&root=162000006&tvd=4164026571481&vrn=100100225883172&prver=0&pronetvd=null&region=16&sub_region=16",
  "prver" : "0",
  "isUik" : true,
  "selected" : false,
  "load_on_demand" : false
}, {
  "id" : 4164026571482,
  "text" : "УИК №312",
  "href" : "region/izbirkom?action=show&root=162000006&tvd=4164026571482&vrn=100100225883172&prver=0&pronetvd=null&region=16&sub_region=16",
  "prver" : "0",
  "isUik" : true,
  "selected" : false,
  "load_on_demand" : false
}, {
  "id" : 4164026571483,
  "text" : "УИК №313",
  "href" : "region/izbirkom?action=show&root=162000006&tvd=4164026571483&vrn=100100225883172&prver=0&pronetvd=null&region=16&sub_region=16",
  "prver" : "0",
  "isUik" : true,
  "selected" : false,
  "load_on_demand" : false
}, {
  "id" : 4164026571484,
  "text" : "УИК №314",
  "href" : "region/izbirkom?action=show&root=162000006&tvd=4164026571484&vrn=100100225883172&prver=0&pronetvd=null&region=16&sub_region=16",
  "prver" : "0",
  "isUik" : true,
  "selected" : false,
  "load_on_demand" : false
}, {
  "id" : 4164026571485,
  "text" : "УИК №315",
  "href" : "region/izbirkom?action=show&root=162000006&tvd=4164026571485&vrn=100100225883172&prver=0&pronetvd=null&region=16&sub_region=16",
  "prver" : "0",
  "isUik" : true,
  "selected" : false,
  "load_on_demand" : false
}, {
  "id" : 4164026571486,
  "text" : "УИК №316",
  "href" : "region/izbirkom?action=show&root=162000006&tvd=4164026571486&vrn=100100225883172&prver=0&pronetvd=null&region=16&sub_region=16",
  "prver" : "0",
  "isUik" : true,
  "selected" : false,
  "load_on_demand" : false
}, {
  "id" : 4164026571487,
  "text" : "УИК №317",
  "href" : "region/izbirkom?action=show&root=162000006&tvd=4164026571487&vrn=100100225883172&prver=0&pronetvd=null&region=16&sub_region=16",
  "prver" : "0",
  "isUik" : true,
  "selected" : false,
  "load_on_demand" : false
}, {
  "id" : 4164026571488,
  "text" : "УИК №318",
  "href" : "region/izbirkom?action=show&root=162000006&tvd=4164026571488&vrn=100100225883172&prver=0&pronetvd=null&region=16&sub_region=16",
  "prver" : "0",
  "isUik" : true,
  "selected" : false,
  "load_on_demand" : false
}, {
  "id" : 4164026571489,
  "text" : "УИК №319",
  "href" : "region/izbirkom?action=show&root=162000006&tvd=4164026571489&vrn=100100225883172&prver=0&pronetvd=null&region=16&sub_region=16",
  "prver" : "0",
  "isUik" : true,
  "selected" : false,
  "load_on_demand" : false
}, {
  "id" : 4164026571490,
  "text" : "УИК №320",
  "href" : "region/izbirkom?action=show&root=162000006&tvd=4164026571490&vrn=100100225883172&prver=0&pronetvd=null&region=16&sub_region=16",
  "prver" : "0",
  "isUik" : true,
  "selected" : false,
  "load_on_demand" : false
}, {
  "id" : 4164026571491,
  "text" : "УИК №321",
  "href" : "region/izbirkom?action=show&root=162000006&tvd=4164026571491&vrn=100100225883172&prver=0&pronetvd=null&region=16&sub_region=16",
  "prver" : "0",
  "isUik" : true,
  "selected" : false,
  "load_on_demand" : false
}, {
  "id" : 4164026571492,
  "text" : "УИК №322",
  "href" : "region/izbirkom?action=show&root=162000006&tvd=4164026571492&vrn=100100225883172&prver=0&pronetvd=null&region=16&sub_region=16",
  "prver" : "0",
  "isUik" : true,
  "selected" : false,
  "load_on_demand" : false
}, {
  "id" : 4164026571493,
  "text" : "УИК №323",
  "href" : "region/izbirkom?action=show&root=162000006&tvd=4164026571493&vrn=100100225883172&prver=0&pronetvd=null&region=16&sub_region=16",
  "prver" : "0",
  "isUik" : true,
  "selected" : false,
  "load_on_demand" : false
}, {
  "id" : 4164026571494,
  "text" : "УИК №324",
  "href" : "region/izbirkom?action=show&root=162000006&tvd=4164026571494&vrn=100100225883172&prver=0&pronetvd=null&region=16&sub_region=16",
  "prver" : "0",
  "isUik" : true,
  "selected" : false,
  "load_on_demand" : false
}, {
  "id" : 4164026571495,
  "text" : "УИК №325",
  "href" : "region/izbirkom?action=show&root=162000006&tvd=4164026571495&vrn=100100225883172&prver=0&pronetvd=null&region=16&sub_region=16",
  "prver" : "0",
  "isUik" : true,
  "selected" : false,
  "load_on_demand" : false
}, {
  "id" : 4164026571496,
  "text" : "УИК №326",
  "href" : "region/izbirkom?action=show&root=162000006&tvd=4164026571496&vrn=100100225883172&prver=0&pronetvd=null&region=16&sub_region=16",
  "prver" : "0",
  "isUik" : true,
  "selected" : false,
  "load_on_demand" : false
}, {
  "id" : 4164026571497,
  "text" : "УИК №327",
  "href" : "region/izbirkom?action=show&root=162000006&tvd=4164026571497&vrn=100100225883172&prver=0&pronetvd=null&region=16&sub_region=16",
  "prver" : "0",
  "isUik" : true,
  "selected" : false,
  "load_on_demand" : false
}, {
  "id" : 4164026571498,
  "text" : "УИК №328",
  "href" : "region/izbirkom?action=show&root=162000006&tvd=4164026571498&vrn=100100225883172&prver=0&pronetvd=null&region=16&sub_region=16",
  "prver" : "0",
  "isUik" : true,
  "selected" : false,
  "load_on_demand" : false
}, {
  "id" : 4164026571499,
  "text" : "УИК №329",
  "href" : "region/izbirkom?action=show&root=162000006&tvd=4164026571499&vrn=100100225883172&prver=0&pronetvd=null&region=16&sub_region=16",
  "prver" : "0",
  "isUik" : true,
  "selected" : false,
  "load_on_demand" : false
}, {
  "id" : 4164026571500,
  "text" : "УИК №330",
  "href" : "region/izbirkom?action=show&root=162000006&tvd=4164026571500&vrn=100100225883172&prver=0&pronetvd=null&region=16&sub_region=16",
  "prver" : "0",
  "isUik" : true,
  "selected" : false,
  "load_on_demand" : false
}, {
  "id" : 4164026571501,
  "text" : "УИК №331",
  "href" : "region/izbirkom?action=show&root=162000006&tvd=4164026571501&vrn=100100225883172&prver=0&pronetvd=null&region=16&sub_region=16",
  "prver" : "0",
  "isUik" : true,
  "selected" : false,
  "load_on_demand" : false
}, {
  "id" : 4164026571502,
  "text" : "УИК №332",
  "href" : "region/izbirkom?action=show&root=162000006&tvd=4164026571502&vrn=100100225883172&prver=0&pronetvd=null&region=16&sub_region=16",
  "prver" : "0",
  "isUik" : true,
  "selected" : false,
  "load_on_demand" : false
}, {
  "id" : 4164026571503,
  "text" : "УИК №333",
  "href" : "region/izbirkom?action=show&root=162000006&tvd=4164026571503&vrn=100100225883172&prver=0&pronetvd=null&region=16&sub_region=16",
  "prver" : "0",
  "isUik" : true,
  "selected" : false,
  "load_on_demand" : false
}, {
  "id" : 4164026571504,
  "text" : "УИК №334",
  "href" : "region/izbirkom?action=show&root=162000006&tvd=4164026571504&vrn=100100225883172&prver=0&pronetvd=null&region=16&sub_region=16",
  "prver" : "0",
  "isUik" : true,
  "selected" : false,
  "load_on_demand" : false
}, {
  "id" : 4164026571505,
  "text" : "УИК №335",
  "href" : "region/izbirkom?action=show&root=162000006&tvd=4164026571505&vrn=100100225883172&prver=0&pronetvd=null&region=16&sub_region=16",
  "prver" : "0",
  "isUik" : true,
  "selected" : false,
  "load_on_demand" : false
}, {
  "id" : 4164026571506,
  "text" : "УИК №336",
  "href" : "region/izbirkom?action=show&root=162000006&tvd=4164026571506&vrn=100100225883172&prver=0&pronetvd=null&region=16&sub_region=16",
  "prver" : "0",
  "isUik" : true,
  "selected" : false,
  "load_on_demand" : false
}, {
  "id" : 4164026571507,
  "text" : "УИК №337",
  "href" : "region/izbirkom?action=show&root=162000006&tvd=4164026571507&vrn=100100225883172&prver=0&pronetvd=null&region=16&sub_region=16",
  "prver" : "0",
  "isUik" : true,
  "selected" : false,
  "load_on_demand" : false
}, {
  "id" : 4164026571508,
  "text" : "УИК №338",
  "href" : "region/izbirkom?action=show&root=162000006&tvd=4164026571508&vrn=100100225883172&prver=0&pronetvd=null&region=16&sub_region=16",
  "prver" : "0",
  "isUik" : true,
  "selected" : false,
  "load_on_demand" : false
}, {
  "id" : 4164026571509,
  "text" : "УИК №339",
  "href" : "region/izbirkom?action=show&root=162000006&tvd=4164026571509&vrn=100100225883172&prver=0&pronetvd=null&region=16&sub_region=16",
  "prver" : "0",
  "isUik" : true,
  "selected" : false,
  "load_on_demand" : false
}, {
  "id" : 4164026571510,
  "text" : "УИК №340",
  "href" : "region/izbirkom?action=show&root=162000006&tvd=4164026571510&vrn=100100225883172&prver=0&pronetvd=null&region=16&sub_region=16",
  "prver" : "0",
  "isUik" : true,
  "selected" : false,
  "load_on_demand" : false
}, {
  "id" : 4164026571511,
  "text" : "УИК №341",
  "href" : "region/izbirkom?action=show&root=162000006&tvd=4164026571511&vrn=100100225883172&prver=0&pronetvd=null&region=16&sub_region=16",
  "prver" : "0",
  "isUik" : true,
  "selected" : false,
  "load_on_demand" : false
}, {
  "id" : 4164026579788,
  "text" : "УИК №342",
  "href" : "region/izbirkom?action=show&root=162000006&tvd=4164026579788&vrn=100100225883172&prver=0&pronetvd=null&region=16&sub_region=16",
  "prver" : "0",
  "isUik" : true,
  "selected" : false,
  "load_on_demand" : false
}, {
  "id" : 4164026571512,
  "text" : "УИК №343",
  "href" : "region/izbirkom?action=show&root=162000006&tvd=4164026571512&vrn=100100225883172&prver=0&pronetvd=null&region=16&sub_region=16",
  "prver" : "0",
  "isUik" : true,
  "selected" : false,
  "load_on_demand" : false
}, {
  "id" : 4164026579789,
  "text" : "УИК №344",
  "href" : "region/izbirkom?action=show&root=162000006&tvd=4164026579789&vrn=100100225883172&prver=0&pronetvd=null&region=16&sub_region=16",
  "prver" : "0",
  "isUik" : true,
  "selected" : false,
  "load_on_demand" : false
}, {
  "id" : 4164026579790,
  "text" : "УИК №345",
  "href" : "region/izbirkom?action=show&root=162000006&tvd=4164026579790&vrn=100100225883172&prver=0&pronetvd=null&region=16&sub_region=16",
  "prver" : "0",
  "isUik" : true,
  "selected" : false,
  "load_on_demand" : false
}, {
  "id" : 4164026579791,
  "text" : "УИК №346",
  "href" : "region/izbirkom?action=show&root=162000006&tvd=4164026579791&vrn=100100225883172&prver=0&pronetvd=null&region=16&sub_region=16",
  "prver" : "0",
  "isUik" : true,
  "selected" : false,
  "load_on_demand" : false
}, {
  "id" : 4164026579792,
  "text" : "УИК №347",
  "href" : "region/izbirkom?action=show&root=162000006&tvd=4164026579792&vrn=100100225883172&prver=0&pronetvd=null&region=16&sub_region=16",
  "prver" : "0",
  "isUik" : true,
  "selected" : false,
  "load_on_demand" : false
}, {
  "id" : 4164026571513,
  "text" : "УИК №348",
  "href" : "region/izbirkom?action=show&root=162000006&tvd=4164026571513&vrn=100100225883172&prver=0&pronetvd=null&region=16&sub_region=16",
  "prver" : "0",
  "isUik" : true,
  "selected" : false,
  "load_on_demand" : false
}, {
  "id" : 4164026571514,
  "text" : "УИК №453",
  "href" : "region/izbirkom?action=show&root=162000006&tvd=4164026571514&vrn=100100225883172&prver=0&pronetvd=null&region=16&sub_region=16",
  "prver" : "0",
  "isUik" : true,
  "selected" : false,
  "load_on_demand" : false
}, {
  "id" : 4164026571515,
  "text" : "УИК №2757",
  "href" : "region/izbirkom?action=show&root=162000006&tvd=4164026571515&vrn=100100225883172&prver=0&pronetvd=null&region=16&sub_region=16",
  "prver" : "0",
  "isUik" : true,
  "selected" : false,
  "load_on_demand" : false
}, {
  "id" : 4164026571516,
  "text" : "УИК №2837",
  "href" : "region/izbirkom?action=show&root=162000006&tvd=4164026571516&vrn=100100225883172&prver=0&pronetvd=null&region=16&sub_region=16",
  "prver" : "0",
  "isUik" : true,
  "selected" : false,
  "load_on_demand" : false
}, {
  "id" : 4164026571517,
  "text" : "УИК №2838",
  "href" : "region/izbirkom?action=show&root=162000006&tvd=4164026571517&vrn=100100225883172&prver=0&pronetvd=null&region=16&sub_region=16",
  "prver" : "0",
  "isUik" : true,
  "selected" : false,
  "load_on_demand" : false
} ]