[ {
  "id" : 4164042455860,
  "text" : "УИК №2413",
  "href" : "region/izbirkom?action=show&root=162000002&tvd=4164042455860&vrn=100100225883172&prver=0&pronetvd=null&region=16&sub_region=16",
  "prver" : "0",
  "isUik" : true,
  "selected" : false,
  "load_on_demand" : false
}, {
  "id" : 4164042455861,
  "text" : "УИК №2414",
  "href" : "region/izbirkom?action=show&root=162000002&tvd=4164042455861&vrn=100100225883172&prver=0&pronetvd=null&region=16&sub_region=16",
  "prver" : "0",
  "isUik" : true,
  "selected" : false,
  "load_on_demand" : false
}, {
  "id" : 4164042455862,
  "text" : "УИК №2415",
  "href" : "region/izbirkom?action=show&root=162000002&tvd=4164042455862&vrn=100100225883172&prver=0&pronetvd=null&region=16&sub_region=16",
  "prver" : "0",
  "isUik" : true,
  "selected" : false,
  "load_on_demand" : false
}, {
  "id" : 4164042455863,
  "text" : "УИК №2416",
  "href" : "region/izbirkom?action=show&root=162000002&tvd=4164042455863&vrn=100100225883172&prver=0&pronetvd=null&region=16&sub_region=16",
  "prver" : "0",
  "isUik" : true,
  "selected" : false,
  "load_on_demand" : false
}, {
  "id" : 4164042455864,
  "text" : "УИК №2417",
  "href" : "region/izbirkom?action=show&root=162000002&tvd=4164042455864&vrn=100100225883172&prver=0&pronetvd=null&region=16&sub_region=16",
  "prver" : "0",
  "isUik" : true,
  "selected" : false,
  "load_on_demand" : false
}, {
  "id" : 4164042455865,
  "text" : "УИК №2418",
  "href" : "region/izbirkom?action=show&root=162000002&tvd=4164042455865&vrn=100100225883172&prver=0&pronetvd=null&region=16&sub_region=16",
  "prver" : "0",
  "isUik" : true,
  "selected" : false,
  "load_on_demand" : false
}, {
  "id" : 4164042455866,
  "text" : "УИК №2419",
  "href" : "region/izbirkom?action=show&root=162000002&tvd=4164042455866&vrn=100100225883172&prver=0&pronetvd=null&region=16&sub_region=16",
  "prver" : "0",
  "isUik" : true,
  "selected" : false,
  "load_on_demand" : false
}, {
  "id" : 4164042455867,
  "text" : "УИК №2420",
  "href" : "region/izbirkom?action=show&root=162000002&tvd=4164042455867&vrn=100100225883172&prver=0&pronetvd=null&region=16&sub_region=16",
  "prver" : "0",
  "isUik" : true,
  "selected" : false,
  "load_on_demand" : false
}, {
  "id" : 4164042455868,
  "text" : "УИК №2421",
  "href" : "region/izbirkom?action=show&root=162000002&tvd=4164042455868&vrn=100100225883172&prver=0&pronetvd=null&region=16&sub_region=16",
  "prver" : "0",
  "isUik" : true,
  "selected" : false,
  "load_on_demand" : false
}, {
  "id" : 4164042455869,
  "text" : "УИК №2422",
  "href" : "region/izbirkom?action=show&root=162000002&tvd=4164042455869&vrn=100100225883172&prver=0&pronetvd=null&region=16&sub_region=16",
  "prver" : "0",
  "isUik" : true,
  "selected" : false,
  "load_on_demand" : false
}, {
  "id" : 4164042455870,
  "text" : "УИК №2423",
  "href" : "region/izbirkom?action=show&root=162000002&tvd=4164042455870&vrn=100100225883172&prver=0&pronetvd=null&region=16&sub_region=16",
  "prver" : "0",
  "isUik" : true,
  "selected" : false,
  "load_on_demand" : false
}, {
  "id" : 4164042455871,
  "text" : "УИК №2424",
  "href" : "region/izbirkom?action=show&root=162000002&tvd=4164042455871&vrn=100100225883172&prver=0&pronetvd=null&region=16&sub_region=16",
  "prver" : "0",
  "isUik" : true,
  "selected" : false,
  "load_on_demand" : false
}, {
  "id" : 4164042455872,
  "text" : "УИК №2425",
  "href" : "region/izbirkom?action=show&root=162000002&tvd=4164042455872&vrn=100100225883172&prver=0&pronetvd=null&region=16&sub_region=16",
  "prver" : "0",
  "isUik" : true,
  "selected" : false,
  "load_on_demand" : false
}, {
  "id" : 4164042455873,
  "text" : "УИК №2426",
  "href" : "region/izbirkom?action=show&root=162000002&tvd=4164042455873&vrn=100100225883172&prver=0&pronetvd=null&region=16&sub_region=16",
  "prver" : "0",
  "isUik" : true,
  "selected" : false,
  "load_on_demand" : false
}, {
  "id" : 4164042455874,
  "text" : "УИК №2427",
  "href" : "region/izbirkom?action=show&root=162000002&tvd=4164042455874&vrn=100100225883172&prver=0&pronetvd=null&region=16&sub_region=16",
  "prver" : "0",
  "isUik" : true,
  "selected" : false,
  "load_on_demand" : false
}, {
  "id" : 4164042455875,
  "text" : "УИК №2428",
  "href" : "region/izbirkom?action=show&root=162000002&tvd=4164042455875&vrn=100100225883172&prver=0&pronetvd=null&region=16&sub_region=16",
  "prver" : "0",
  "isUik" : true,
  "selected" : false,
  "load_on_demand" : false
}, {
  "id" : 4164042455876,
  "text" : "УИК №2429",
  "href" : "region/izbirkom?action=show&root=162000002&tvd=4164042455876&vrn=100100225883172&prver=0&pronetvd=null&region=16&sub_region=16",
  "prver" : "0",
  "isUik" : true,
  "selected" : false,
  "load_on_demand" : false
}, {
  "id" : 4164042455877,
  "text" : "УИК №2430",
  "href" : "region/izbirkom?action=show&root=162000002&tvd=4164042455877&vrn=100100225883172&prver=0&pronetvd=null&region=16&sub_region=16",
  "prver" : "0",
  "isUik" : true,
  "selected" : false,
  "load_on_demand" : false
}, {
  "id" : 4164042455878,
  "text" : "УИК №2431",
  "href" : "region/izbirkom?action=show&root=162000002&tvd=4164042455878&vrn=100100225883172&prver=0&pronetvd=null&region=16&sub_region=16",
  "prver" : "0",
  "isUik" : true,
  "selected" : false,
  "load_on_demand" : false
}, {
  "id" : 4164042455879,
  "text" : "УИК №2432",
  "href" : "region/izbirkom?action=show&root=162000002&tvd=4164042455879&vrn=100100225883172&prver=0&pronetvd=null&region=16&sub_region=16",
  "prver" : "0",
  "isUik" : true,
  "selected" : false,
  "load_on_demand" : false
}, {
  "id" : 4164042455880,
  "text" : "УИК №2433",
  "href" : "region/izbirkom?action=show&root=162000002&tvd=4164042455880&vrn=100100225883172&prver=0&pronetvd=null&region=16&sub_region=16",
  "prver" : "0",
  "isUik" : true,
  "selected" : false,
  "load_on_demand" : false
}, {
  "id" : 4164042455881,
  "text" : "УИК №2434",
  "href" : "region/izbirkom?action=show&root=162000002&tvd=4164042455881&vrn=100100225883172&prver=0&pronetvd=null&region=16&sub_region=16",
  "prver" : "0",
  "isUik" : true,
  "selected" : false,
  "load_on_demand" : false
}, {
  "id" : 4164042455882,
  "text" : "УИК №2435",
  "href" : "region/izbirkom?action=show&root=162000002&tvd=4164042455882&vrn=100100225883172&prver=0&pronetvd=null&region=16&sub_region=16",
  "prver" : "0",
  "isUik" : true,
  "selected" : false,
  "load_on_demand" : false
}, {
  "id" : 4164042455883,
  "text" : "УИК №2436",
  "href" : "region/izbirkom?action=show&root=162000002&tvd=4164042455883&vrn=100100225883172&prver=0&pronetvd=null&region=16&sub_region=16",
  "prver" : "0",
  "isUik" : true,
  "selected" : false,
  "load_on_demand" : false
}, {
  "id" : 4164042455884,
  "text" : "УИК №2437",
  "href" : "region/izbirkom?action=show&root=162000002&tvd=4164042455884&vrn=100100225883172&prver=0&pronetvd=null&region=16&sub_region=16",
  "prver" : "0",
  "isUik" : true,
  "selected" : false,
  "load_on_demand" : false
}, {
  "id" : 4164042455885,
  "text" : "УИК №2438",
  "href" : "region/izbirkom?action=show&root=162000002&tvd=4164042455885&vrn=100100225883172&prver=0&pronetvd=null&region=16&sub_region=16",
  "prver" : "0",
  "isUik" : true,
  "selected" : false,
  "load_on_demand" : false
}, {
  "id" : 4164042455886,
  "text" : "УИК №2439",
  "href" : "region/izbirkom?action=show&root=162000002&tvd=4164042455886&vrn=100100225883172&prver=0&pronetvd=null&region=16&sub_region=16",
  "prver" : "0",
  "isUik" : true,
  "selected" : false,
  "load_on_demand" : false
}, {
  "id" : 4164042455887,
  "text" : "УИК №2440",
  "href" : "region/izbirkom?action=show&root=162000002&tvd=4164042455887&vrn=100100225883172&prver=0&pronetvd=null&region=16&sub_region=16",
  "prver" : "0",
  "isUik" : true,
  "selected" : false,
  "load_on_demand" : false
}, {
  "id" : 4164042455888,
  "text" : "УИК №2441",
  "href" : "region/izbirkom?action=show&root=162000002&tvd=4164042455888&vrn=100100225883172&prver=0&pronetvd=null&region=16&sub_region=16",
  "prver" : "0",
  "isUik" : true,
  "selected" : false,
  "load_on_demand" : false
}, {
  "id" : 4164042455889,
  "text" : "УИК №2442",
  "href" : "region/izbirkom?action=show&root=162000002&tvd=4164042455889&vrn=100100225883172&prver=0&pronetvd=null&region=16&sub_region=16",
  "prver" : "0",
  "isUik" : true,
  "selected" : false,
  "load_on_demand" : false
}, {
  "id" : 4164042455890,
  "text" : "УИК №2443",
  "href" : "region/izbirkom?action=show&root=162000002&tvd=4164042455890&vrn=100100225883172&prver=0&pronetvd=null&region=16&sub_region=16",
  "prver" : "0",
  "isUik" : true,
  "selected" : false,
  "load_on_demand" : false
}, {
  "id" : 4164042455891,
  "text" : "УИК №2444",
  "href" : "region/izbirkom?action=show&root=162000002&tvd=4164042455891&vrn=100100225883172&prver=0&pronetvd=null&region=16&sub_region=16",
  "prver" : "0",
  "isUik" : true,
  "selected" : false,
  "load_on_demand" : false
}, {
  "id" : 4164042455892,
  "text" : "УИК №2445",
  "href" : "region/izbirkom?action=show&root=162000002&tvd=4164042455892&vrn=100100225883172&prver=0&pronetvd=null&region=16&sub_region=16",
  "prver" : "0",
  "isUik" : true,
  "selected" : false,
  "load_on_demand" : false
}, {
  "id" : 4164042455893,
  "text" : "УИК №2446",
  "href" : "region/izbirkom?action=show&root=162000002&tvd=4164042455893&vrn=100100225883172&prver=0&pronetvd=null&region=16&sub_region=16",
  "prver" : "0",
  "isUik" : true,
  "selected" : false,
  "load_on_demand" : false
}, {
  "id" : 4164042455894,
  "text" : "УИК №2447",
  "href" : "region/izbirkom?action=show&root=162000002&tvd=4164042455894&vrn=100100225883172&prver=0&pronetvd=null&region=16&sub_region=16",
  "prver" : "0",
  "isUik" : true,
  "selected" : false,
  "load_on_demand" : false
}, {
  "id" : 4164042455895,
  "text" : "УИК №2448",
  "href" : "region/izbirkom?action=show&root=162000002&tvd=4164042455895&vrn=100100225883172&prver=0&pronetvd=null&region=16&sub_region=16",
  "prver" : "0",
  "isUik" : true,
  "selected" : false,
  "load_on_demand" : false
}, {
  "id" : 4164042455896,
  "text" : "УИК №2449",
  "href" : "region/izbirkom?action=show&root=162000002&tvd=4164042455896&vrn=100100225883172&prver=0&pronetvd=null&region=16&sub_region=16",
  "prver" : "0",
  "isUik" : true,
  "selected" : false,
  "load_on_demand" : false
}, {
  "id" : 4164042455897,
  "text" : "УИК №2450",
  "href" : "region/izbirkom?action=show&root=162000002&tvd=4164042455897&vrn=100100225883172&prver=0&pronetvd=null&region=16&sub_region=16",
  "prver" : "0",
  "isUik" : true,
  "selected" : false,
  "load_on_demand" : false
}, {
  "id" : 4164042455898,
  "text" : "УИК №2451",
  "href" : "region/izbirkom?action=show&root=162000002&tvd=4164042455898&vrn=100100225883172&prver=0&pronetvd=null&region=16&sub_region=16",
  "prver" : "0",
  "isUik" : true,
  "selected" : false,
  "load_on_demand" : false
}, {
  "id" : 4164042455899,
  "text" : "УИК №2452",
  "href" : "region/izbirkom?action=show&root=162000002&tvd=4164042455899&vrn=100100225883172&prver=0&pronetvd=null&region=16&sub_region=16",
  "prver" : "0",
  "isUik" : true,
  "selected" : false,
  "load_on_demand" : false
}, {
  "id" : 4164042455900,
  "text" : "УИК №2453",
  "href" : "region/izbirkom?action=show&root=162000002&tvd=4164042455900&vrn=100100225883172&prver=0&pronetvd=null&region=16&sub_region=16",
  "prver" : "0",
  "isUik" : true,
  "selected" : false,
  "load_on_demand" : false
}, {
  "id" : 4164042455901,
  "text" : "УИК №2454",
  "href" : "region/izbirkom?action=show&root=162000002&tvd=4164042455901&vrn=100100225883172&prver=0&pronetvd=null&region=16&sub_region=16",
  "prver" : "0",
  "isUik" : true,
  "selected" : false,
  "load_on_demand" : false
}, {
  "id" : 4164042455902,
  "text" : "УИК №2455",
  "href" : "region/izbirkom?action=show&root=162000002&tvd=4164042455902&vrn=100100225883172&prver=0&pronetvd=null&region=16&sub_region=16",
  "prver" : "0",
  "isUik" : true,
  "selected" : false,
  "load_on_demand" : false
}, {
  "id" : 4164042455903,
  "text" : "УИК №2456",
  "href" : "region/izbirkom?action=show&root=162000002&tvd=4164042455903&vrn=100100225883172&prver=0&pronetvd=null&region=16&sub_region=16",
  "prver" : "0",
  "isUik" : true,
  "selected" : false,
  "load_on_demand" : false
}, {
  "id" : 4164042455904,
  "text" : "УИК №2457",
  "href" : "region/izbirkom?action=show&root=162000002&tvd=4164042455904&vrn=100100225883172&prver=0&pronetvd=null&region=16&sub_region=16",
  "prver" : "0",
  "isUik" : true,
  "selected" : false,
  "load_on_demand" : false
}, {
  "id" : 4164042455905,
  "text" : "УИК №2458",
  "href" : "region/izbirkom?action=show&root=162000002&tvd=4164042455905&vrn=100100225883172&prver=0&pronetvd=null&region=16&sub_region=16",
  "prver" : "0",
  "isUik" : true,
  "selected" : false,
  "load_on_demand" : false
}, {
  "id" : 4164042455906,
  "text" : "УИК №2459",
  "href" : "region/izbirkom?action=show&root=162000002&tvd=4164042455906&vrn=100100225883172&prver=0&pronetvd=null&region=16&sub_region=16",
  "prver" : "0",
  "isUik" : true,
  "selected" : false,
  "load_on_demand" : false
} ]