[ {
  "id" : 4164060411963,
  "text" : "УИК №2761",
  "href" : "region/izbirkom?action=show&root=162000027&tvd=4164060411963&vrn=100100225883172&prver=0&pronetvd=null&region=16&sub_region=16",
  "prver" : "0",
  "isUik" : true,
  "selected" : false,
  "load_on_demand" : false
}, {
  "id" : 4164060411964,
  "text" : "УИК №2762",
  "href" : "region/izbirkom?action=show&root=162000027&tvd=4164060411964&vrn=100100225883172&prver=0&pronetvd=null&region=16&sub_region=16",
  "prver" : "0",
  "isUik" : true,
  "selected" : false,
  "load_on_demand" : false
}, {
  "id" : 4164060411965,
  "text" : "УИК №2763",
  "href" : "region/izbirkom?action=show&root=162000027&tvd=4164060411965&vrn=100100225883172&prver=0&pronetvd=null&region=16&sub_region=16",
  "prver" : "0",
  "isUik" : true,
  "selected" : false,
  "load_on_demand" : false
}, {
  "id" : 4164060411966,
  "text" : "УИК №2764",
  "href" : "region/izbirkom?action=show&root=162000027&tvd=4164060411966&vrn=100100225883172&prver=0&pronetvd=null&region=16&sub_region=16",
  "prver" : "0",
  "isUik" : true,
  "selected" : false,
  "load_on_demand" : false
}, {
  "id" : 4164060411967,
  "text" : "УИК №2765",
  "href" : "region/izbirkom?action=show&root=162000027&tvd=4164060411967&vrn=100100225883172&prver=0&pronetvd=null&region=16&sub_region=16",
  "prver" : "0",
  "isUik" : true,
  "selected" : false,
  "load_on_demand" : false
}, {
  "id" : 4164060411968,
  "text" : "УИК №2766",
  "href" : "region/izbirkom?action=show&root=162000027&tvd=4164060411968&vrn=100100225883172&prver=0&pronetvd=null&region=16&sub_region=16",
  "prver" : "0",
  "isUik" : true,
  "selected" : false,
  "load_on_demand" : false
}, {
  "id" : 4164060411969,
  "text" : "УИК №2767",
  "href" : "region/izbirkom?action=show&root=162000027&tvd=4164060411969&vrn=100100225883172&prver=0&pronetvd=null&region=16&sub_region=16",
  "prver" : "0",
  "isUik" : true,
  "selected" : false,
  "load_on_demand" : false
}, {
  "id" : 4164060411970,
  "text" : "УИК №2768",
  "href" : "region/izbirkom?action=show&root=162000027&tvd=4164060411970&vrn=100100225883172&prver=0&pronetvd=null&region=16&sub_region=16",
  "prver" : "0",
  "isUik" : true,
  "selected" : false,
  "load_on_demand" : false
}, {
  "id" : 4164060411971,
  "text" : "УИК №2769",
  "href" : "region/izbirkom?action=show&root=162000027&tvd=4164060411971&vrn=100100225883172&prver=0&pronetvd=null&region=16&sub_region=16",
  "prver" : "0",
  "isUik" : true,
  "selected" : false,
  "load_on_demand" : false
}, {
  "id" : 4164060411972,
  "text" : "УИК №2770",
  "href" : "region/izbirkom?action=show&root=162000027&tvd=4164060411972&vrn=100100225883172&prver=0&pronetvd=null&region=16&sub_region=16",
  "prver" : "0",
  "isUik" : true,
  "selected" : false,
  "load_on_demand" : false
}, {
  "id" : 4164060411973,
  "text" : "УИК №2771",
  "href" : "region/izbirkom?action=show&root=162000027&tvd=4164060411973&vrn=100100225883172&prver=0&pronetvd=null&region=16&sub_region=16",
  "prver" : "0",
  "isUik" : true,
  "selected" : false,
  "load_on_demand" : false
}, {
  "id" : 4164060411974,
  "text" : "УИК №2772",
  "href" : "region/izbirkom?action=show&root=162000027&tvd=4164060411974&vrn=100100225883172&prver=0&pronetvd=null&region=16&sub_region=16",
  "prver" : "0",
  "isUik" : true,
  "selected" : false,
  "load_on_demand" : false
}, {
  "id" : 4164060411975,
  "text" : "УИК №2773",
  "href" : "region/izbirkom?action=show&root=162000027&tvd=4164060411975&vrn=100100225883172&prver=0&pronetvd=null&region=16&sub_region=16",
  "prver" : "0",
  "isUik" : true,
  "selected" : false,
  "load_on_demand" : false
}, {
  "id" : 4164060411976,
  "text" : "УИК №2774",
  "href" : "region/izbirkom?action=show&root=162000027&tvd=4164060411976&vrn=100100225883172&prver=0&pronetvd=null&region=16&sub_region=16",
  "prver" : "0",
  "isUik" : true,
  "selected" : false,
  "load_on_demand" : false
}, {
  "id" : 4164060411977,
  "text" : "УИК №2775",
  "href" : "region/izbirkom?action=show&root=162000027&tvd=4164060411977&vrn=100100225883172&prver=0&pronetvd=null&region=16&sub_region=16",
  "prver" : "0",
  "isUik" : true,
  "selected" : false,
  "load_on_demand" : false
}, {
  "id" : 4164060411978,
  "text" : "УИК №2776",
  "href" : "region/izbirkom?action=show&root=162000027&tvd=4164060411978&vrn=100100225883172&prver=0&pronetvd=null&region=16&sub_region=16",
  "prver" : "0",
  "isUik" : true,
  "selected" : false,
  "load_on_demand" : false
}, {
  "id" : 4164060411979,
  "text" : "УИК №2777",
  "href" : "region/izbirkom?action=show&root=162000027&tvd=4164060411979&vrn=100100225883172&prver=0&pronetvd=null&region=16&sub_region=16",
  "prver" : "0",
  "isUik" : true,
  "selected" : false,
  "load_on_demand" : false
}, {
  "id" : 4164060411980,
  "text" : "УИК №2778",
  "href" : "region/izbirkom?action=show&root=162000027&tvd=4164060411980&vrn=100100225883172&prver=0&pronetvd=null&region=16&sub_region=16",
  "prver" : "0",
  "isUik" : true,
  "selected" : false,
  "load_on_demand" : false
}, {
  "id" : 4164060411981,
  "text" : "УИК №2779",
  "href" : "region/izbirkom?action=show&root=162000027&tvd=4164060411981&vrn=100100225883172&prver=0&pronetvd=null&region=16&sub_region=16",
  "prver" : "0",
  "isUik" : true,
  "selected" : false,
  "load_on_demand" : false
}, {
  "id" : 4164060411982,
  "text" : "УИК №2780",
  "href" : "region/izbirkom?action=show&root=162000027&tvd=4164060411982&vrn=100100225883172&prver=0&pronetvd=null&region=16&sub_region=16",
  "prver" : "0",
  "isUik" : true,
  "selected" : false,
  "load_on_demand" : false
}, {
  "id" : 4164060411983,
  "text" : "УИК №2781",
  "href" : "region/izbirkom?action=show&root=162000027&tvd=4164060411983&vrn=100100225883172&prver=0&pronetvd=null&region=16&sub_region=16",
  "prver" : "0",
  "isUik" : true,
  "selected" : false,
  "load_on_demand" : false
}, {
  "id" : 4164060411984,
  "text" : "УИК №2782",
  "href" : "region/izbirkom?action=show&root=162000027&tvd=4164060411984&vrn=100100225883172&prver=0&pronetvd=null&region=16&sub_region=16",
  "prver" : "0",
  "isUik" : true,
  "selected" : false,
  "load_on_demand" : false
}, {
  "id" : 4164060411985,
  "text" : "УИК №2783",
  "href" : "region/izbirkom?action=show&root=162000027&tvd=4164060411985&vrn=100100225883172&prver=0&pronetvd=null&region=16&sub_region=16",
  "prver" : "0",
  "isUik" : true,
  "selected" : false,
  "load_on_demand" : false
}, {
  "id" : 4164060411986,
  "text" : "УИК №2784",
  "href" : "region/izbirkom?action=show&root=162000027&tvd=4164060411986&vrn=100100225883172&prver=0&pronetvd=null&region=16&sub_region=16",
  "prver" : "0",
  "isUik" : true,
  "selected" : false,
  "load_on_demand" : false
}, {
  "id" : 4164060411987,
  "text" : "УИК №2785",
  "href" : "region/izbirkom?action=show&root=162000027&tvd=4164060411987&vrn=100100225883172&prver=0&pronetvd=null&region=16&sub_region=16",
  "prver" : "0",
  "isUik" : true,
  "selected" : false,
  "load_on_demand" : false
}, {
  "id" : 4164060411988,
  "text" : "УИК №2786",
  "href" : "region/izbirkom?action=show&root=162000027&tvd=4164060411988&vrn=100100225883172&prver=0&pronetvd=null&region=16&sub_region=16",
  "prver" : "0",
  "isUik" : true,
  "selected" : false,
  "load_on_demand" : false
}, {
  "id" : 4164060411989,
  "text" : "УИК №2787",
  "href" : "region/izbirkom?action=show&root=162000027&tvd=4164060411989&vrn=100100225883172&prver=0&pronetvd=null&region=16&sub_region=16",
  "prver" : "0",
  "isUik" : true,
  "selected" : false,
  "load_on_demand" : false
}, {
  "id" : 4164060411990,
  "text" : "УИК №2788",
  "href" : "region/izbirkom?action=show&root=162000027&tvd=4164060411990&vrn=100100225883172&prver=0&pronetvd=null&region=16&sub_region=16",
  "prver" : "0",
  "isUik" : true,
  "selected" : false,
  "load_on_demand" : false
}, {
  "id" : 4164060411991,
  "text" : "УИК №2789",
  "href" : "region/izbirkom?action=show&root=162000027&tvd=4164060411991&vrn=100100225883172&prver=0&pronetvd=null&region=16&sub_region=16",
  "prver" : "0",
  "isUik" : true,
  "selected" : false,
  "load_on_demand" : false
}, {
  "id" : 4164060411992,
  "text" : "УИК №2790",
  "href" : "region/izbirkom?action=show&root=162000027&tvd=4164060411992&vrn=100100225883172&prver=0&pronetvd=null&region=16&sub_region=16",
  "prver" : "0",
  "isUik" : true,
  "selected" : false,
  "load_on_demand" : false
}, {
  "id" : 4164060411993,
  "text" : "УИК №2791",
  "href" : "region/izbirkom?action=show&root=162000027&tvd=4164060411993&vrn=100100225883172&prver=0&pronetvd=null&region=16&sub_region=16",
  "prver" : "0",
  "isUik" : true,
  "selected" : false,
  "load_on_demand" : false
}, {
  "id" : 4164060411994,
  "text" : "УИК №2792",
  "href" : "region/izbirkom?action=show&root=162000027&tvd=4164060411994&vrn=100100225883172&prver=0&pronetvd=null&region=16&sub_region=16",
  "prver" : "0",
  "isUik" : true,
  "selected" : false,
  "load_on_demand" : false
}, {
  "id" : 4164060411995,
  "text" : "УИК №2793",
  "href" : "region/izbirkom?action=show&root=162000027&tvd=4164060411995&vrn=100100225883172&prver=0&pronetvd=null&region=16&sub_region=16",
  "prver" : "0",
  "isUik" : true,
  "selected" : false,
  "load_on_demand" : false
}, {
  "id" : 4164060411996,
  "text" : "УИК №2794",
  "href" : "region/izbirkom?action=show&root=162000027&tvd=4164060411996&vrn=100100225883172&prver=0&pronetvd=null&region=16&sub_region=16",
  "prver" : "0",
  "isUik" : true,
  "selected" : false,
  "load_on_demand" : false
} ]