[ {
  "id" : 4174010202638,
  "text" : "УИК №112",
  "href" : "region/izbirkom?action=show&root=172000010&tvd=4174010202638&vrn=100100225883172&prver=0&pronetvd=null&region=17&sub_region=17",
  "prver" : "0",
  "isUik" : true,
  "selected" : false,
  "load_on_demand" : false
}, {
  "id" : 4174010202639,
  "text" : "УИК №113",
  "href" : "region/izbirkom?action=show&root=172000010&tvd=4174010202639&vrn=100100225883172&prver=0&pronetvd=null&region=17&sub_region=17",
  "prver" : "0",
  "isUik" : true,
  "selected" : false,
  "load_on_demand" : false
}, {
  "id" : 4174010202640,
  "text" : "УИК №114",
  "href" : "region/izbirkom?action=show&root=172000010&tvd=4174010202640&vrn=100100225883172&prver=0&pronetvd=null&region=17&sub_region=17",
  "prver" : "0",
  "isUik" : true,
  "selected" : false,
  "load_on_demand" : false
}, {
  "id" : 4174010202641,
  "text" : "УИК №115",
  "href" : "region/izbirkom?action=show&root=172000010&tvd=4174010202641&vrn=100100225883172&prver=0&pronetvd=null&region=17&sub_region=17",
  "prver" : "0",
  "isUik" : true,
  "selected" : false,
  "load_on_demand" : false
}, {
  "id" : 4174010202642,
  "text" : "УИК №116",
  "href" : "region/izbirkom?action=show&root=172000010&tvd=4174010202642&vrn=100100225883172&prver=0&pronetvd=null&region=17&sub_region=17",
  "prver" : "0",
  "isUik" : true,
  "selected" : false,
  "load_on_demand" : false
}, {
  "id" : 4174010202643,
  "text" : "УИК №117",
  "href" : "region/izbirkom?action=show&root=172000010&tvd=4174010202643&vrn=100100225883172&prver=0&pronetvd=null&region=17&sub_region=17",
  "prver" : "0",
  "isUik" : true,
  "selected" : false,
  "load_on_demand" : false
}, {
  "id" : 4174010202644,
  "text" : "УИК №118",
  "href" : "region/izbirkom?action=show&root=172000010&tvd=4174010202644&vrn=100100225883172&prver=0&pronetvd=null&region=17&sub_region=17",
  "prver" : "0",
  "isUik" : true,
  "selected" : false,
  "load_on_demand" : false
}, {
  "id" : 4174010202645,
  "text" : "УИК №119",
  "href" : "region/izbirkom?action=show&root=172000010&tvd=4174010202645&vrn=100100225883172&prver=0&pronetvd=null&region=17&sub_region=17",
  "prver" : "0",
  "isUik" : true,
  "selected" : false,
  "load_on_demand" : false
}, {
  "id" : 4174010202646,
  "text" : "УИК №120",
  "href" : "region/izbirkom?action=show&root=172000010&tvd=4174010202646&vrn=100100225883172&prver=0&pronetvd=null&region=17&sub_region=17",
  "prver" : "0",
  "isUik" : true,
  "selected" : false,
  "load_on_demand" : false
}, {
  "id" : 4174010202647,
  "text" : "УИК №121",
  "href" : "region/izbirkom?action=show&root=172000010&tvd=4174010202647&vrn=100100225883172&prver=0&pronetvd=null&region=17&sub_region=17",
  "prver" : "0",
  "isUik" : true,
  "selected" : false,
  "load_on_demand" : false
}, {
  "id" : 4174010202648,
  "text" : "УИК №122",
  "href" : "region/izbirkom?action=show&root=172000010&tvd=4174010202648&vrn=100100225883172&prver=0&pronetvd=null&region=17&sub_region=17",
  "prver" : "0",
  "isUik" : true,
  "selected" : false,
  "load_on_demand" : false
}, {
  "id" : 4174010202649,
  "text" : "УИК №123",
  "href" : "region/izbirkom?action=show&root=172000010&tvd=4174010202649&vrn=100100225883172&prver=0&pronetvd=null&region=17&sub_region=17",
  "prver" : "0",
  "isUik" : true,
  "selected" : false,
  "load_on_demand" : false
}, {
  "id" : 4174010202650,
  "text" : "УИК №124",
  "href" : "region/izbirkom?action=show&root=172000010&tvd=4174010202650&vrn=100100225883172&prver=0&pronetvd=null&region=17&sub_region=17",
  "prver" : "0",
  "isUik" : true,
  "selected" : false,
  "load_on_demand" : false
} ]