[ {
  "id" : 4174003223712,
  "text" : "УИК №49",
  "href" : "region/izbirkom?action=show&root=172000017&tvd=4174003223712&vrn=100100225883172&prver=0&pronetvd=null&region=17&sub_region=17",
  "prver" : "0",
  "isUik" : true,
  "selected" : false,
  "load_on_demand" : false
}, {
  "id" : 4174003223713,
  "text" : "УИК №50",
  "href" : "region/izbirkom?action=show&root=172000017&tvd=4174003223713&vrn=100100225883172&prver=0&pronetvd=null&region=17&sub_region=17",
  "prver" : "0",
  "isUik" : true,
  "selected" : false,
  "load_on_demand" : false
}, {
  "id" : 4174003223714,
  "text" : "УИК №51",
  "href" : "region/izbirkom?action=show&root=172000017&tvd=4174003223714&vrn=100100225883172&prver=0&pronetvd=null&region=17&sub_region=17",
  "prver" : "0",
  "isUik" : true,
  "selected" : false,
  "load_on_demand" : false
}, {
  "id" : 4174003223715,
  "text" : "УИК №52",
  "href" : "region/izbirkom?action=show&root=172000017&tvd=4174003223715&vrn=100100225883172&prver=0&pronetvd=null&region=17&sub_region=17",
  "prver" : "0",
  "isUik" : true,
  "selected" : false,
  "load_on_demand" : false
}, {
  "id" : 4174003223716,
  "text" : "УИК №53",
  "href" : "region/izbirkom?action=show&root=172000017&tvd=4174003223716&vrn=100100225883172&prver=0&pronetvd=null&region=17&sub_region=17",
  "prver" : "0",
  "isUik" : true,
  "selected" : false,
  "load_on_demand" : false
}, {
  "id" : 4174003223717,
  "text" : "УИК №54",
  "href" : "region/izbirkom?action=show&root=172000017&tvd=4174003223717&vrn=100100225883172&prver=0&pronetvd=null&region=17&sub_region=17",
  "prver" : "0",
  "isUik" : true,
  "selected" : false,
  "load_on_demand" : false
}, {
  "id" : 4174003223718,
  "text" : "УИК №55",
  "href" : "region/izbirkom?action=show&root=172000017&tvd=4174003223718&vrn=100100225883172&prver=0&pronetvd=null&region=17&sub_region=17",
  "prver" : "0",
  "isUik" : true,
  "selected" : false,
  "load_on_demand" : false
}, {
  "id" : 4174003223719,
  "text" : "УИК №56",
  "href" : "region/izbirkom?action=show&root=172000017&tvd=4174003223719&vrn=100100225883172&prver=0&pronetvd=null&region=17&sub_region=17",
  "prver" : "0",
  "isUik" : true,
  "selected" : false,
  "load_on_demand" : false
}, {
  "id" : 4174003223720,
  "text" : "УИК №57",
  "href" : "region/izbirkom?action=show&root=172000017&tvd=4174003223720&vrn=100100225883172&prver=0&pronetvd=null&region=17&sub_region=17",
  "prver" : "0",
  "isUik" : true,
  "selected" : false,
  "load_on_demand" : false
}, {
  "id" : 4174003223721,
  "text" : "УИК №58",
  "href" : "region/izbirkom?action=show&root=172000017&tvd=4174003223721&vrn=100100225883172&prver=0&pronetvd=null&region=17&sub_region=17",
  "prver" : "0",
  "isUik" : true,
  "selected" : false,
  "load_on_demand" : false
} ]