[ {
  "id" : 4174015232362,
  "text" : "УИК №158",
  "href" : "region/izbirkom?action=show&root=172000005&tvd=4174015232362&vrn=100100225883172&prver=0&pronetvd=null&region=17&sub_region=17",
  "prver" : "0",
  "isUik" : true,
  "selected" : false,
  "load_on_demand" : false
}, {
  "id" : 4174015232363,
  "text" : "УИК №159",
  "href" : "region/izbirkom?action=show&root=172000005&tvd=4174015232363&vrn=100100225883172&prver=0&pronetvd=null&region=17&sub_region=17",
  "prver" : "0",
  "isUik" : true,
  "selected" : false,
  "load_on_demand" : false
}, {
  "id" : 4174015232364,
  "text" : "УИК №160",
  "href" : "region/izbirkom?action=show&root=172000005&tvd=4174015232364&vrn=100100225883172&prver=0&pronetvd=null&region=17&sub_region=17",
  "prver" : "0",
  "isUik" : true,
  "selected" : false,
  "load_on_demand" : false
}, {
  "id" : 4174015232365,
  "text" : "УИК №161",
  "href" : "region/izbirkom?action=show&root=172000005&tvd=4174015232365&vrn=100100225883172&prver=0&pronetvd=null&region=17&sub_region=17",
  "prver" : "0",
  "isUik" : true,
  "selected" : false,
  "load_on_demand" : false
}, {
  "id" : 4174015232366,
  "text" : "УИК №162",
  "href" : "region/izbirkom?action=show&root=172000005&tvd=4174015232366&vrn=100100225883172&prver=0&pronetvd=null&region=17&sub_region=17",
  "prver" : "0",
  "isUik" : true,
  "selected" : false,
  "load_on_demand" : false
}, {
  "id" : 4174015232367,
  "text" : "УИК №163",
  "href" : "region/izbirkom?action=show&root=172000005&tvd=4174015232367&vrn=100100225883172&prver=0&pronetvd=null&region=17&sub_region=17",
  "prver" : "0",
  "isUik" : true,
  "selected" : false,
  "load_on_demand" : false
}, {
  "id" : 4174015232368,
  "text" : "УИК №164",
  "href" : "region/izbirkom?action=show&root=172000005&tvd=4174015232368&vrn=100100225883172&prver=0&pronetvd=null&region=17&sub_region=17",
  "prver" : "0",
  "isUik" : true,
  "selected" : false,
  "load_on_demand" : false
}, {
  "id" : 4174015232369,
  "text" : "УИК №165",
  "href" : "region/izbirkom?action=show&root=172000005&tvd=4174015232369&vrn=100100225883172&prver=0&pronetvd=null&region=17&sub_region=17",
  "prver" : "0",
  "isUik" : true,
  "selected" : false,
  "load_on_demand" : false
}, {
  "id" : 4174015232370,
  "text" : "УИК №166",
  "href" : "region/izbirkom?action=show&root=172000005&tvd=4174015232370&vrn=100100225883172&prver=0&pronetvd=null&region=17&sub_region=17",
  "prver" : "0",
  "isUik" : true,
  "selected" : false,
  "load_on_demand" : false
}, {
  "id" : 4174015232371,
  "text" : "УИК №167",
  "href" : "region/izbirkom?action=show&root=172000005&tvd=4174015232371&vrn=100100225883172&prver=0&pronetvd=null&region=17&sub_region=17",
  "prver" : "0",
  "isUik" : true,
  "selected" : false,
  "load_on_demand" : false
}, {
  "id" : 4174015232372,
  "text" : "УИК №168",
  "href" : "region/izbirkom?action=show&root=172000005&tvd=4174015232372&vrn=100100225883172&prver=0&pronetvd=null&region=17&sub_region=17",
  "prver" : "0",
  "isUik" : true,
  "selected" : false,
  "load_on_demand" : false
}, {
  "id" : 4174015232373,
  "text" : "УИК №169",
  "href" : "region/izbirkom?action=show&root=172000005&tvd=4174015232373&vrn=100100225883172&prver=0&pronetvd=null&region=17&sub_region=17",
  "prver" : "0",
  "isUik" : true,
  "selected" : false,
  "load_on_demand" : false
}, {
  "id" : 4174015232374,
  "text" : "УИК №170",
  "href" : "region/izbirkom?action=show&root=172000005&tvd=4174015232374&vrn=100100225883172&prver=0&pronetvd=null&region=17&sub_region=17",
  "prver" : "0",
  "isUik" : true,
  "selected" : false,
  "load_on_demand" : false
} ]