[ {
  "id" : 4174006338231,
  "text" : "УИК №1",
  "href" : "region/izbirkom?action=show&root=172000014&tvd=4174006338231&vrn=100100225883172&prver=0&pronetvd=null&region=17&sub_region=17",
  "prver" : "0",
  "isUik" : true,
  "selected" : false,
  "load_on_demand" : false
}, {
  "id" : 4174006338232,
  "text" : "УИК №2",
  "href" : "region/izbirkom?action=show&root=172000014&tvd=4174006338232&vrn=100100225883172&prver=0&pronetvd=null&region=17&sub_region=17",
  "prver" : "0",
  "isUik" : true,
  "selected" : false,
  "load_on_demand" : false
}, {
  "id" : 4174006338233,
  "text" : "УИК №3",
  "href" : "region/izbirkom?action=show&root=172000014&tvd=4174006338233&vrn=100100225883172&prver=0&pronetvd=null&region=17&sub_region=17",
  "prver" : "0",
  "isUik" : true,
  "selected" : false,
  "load_on_demand" : false
}, {
  "id" : 4174006338234,
  "text" : "УИК №4",
  "href" : "region/izbirkom?action=show&root=172000014&tvd=4174006338234&vrn=100100225883172&prver=0&pronetvd=null&region=17&sub_region=17",
  "prver" : "0",
  "isUik" : true,
  "selected" : false,
  "load_on_demand" : false
}, {
  "id" : 4174006338235,
  "text" : "УИК №5",
  "href" : "region/izbirkom?action=show&root=172000014&tvd=4174006338235&vrn=100100225883172&prver=0&pronetvd=null&region=17&sub_region=17",
  "prver" : "0",
  "isUik" : true,
  "selected" : false,
  "load_on_demand" : false
}, {
  "id" : 4174006338236,
  "text" : "УИК №6",
  "href" : "region/izbirkom?action=show&root=172000014&tvd=4174006338236&vrn=100100225883172&prver=0&pronetvd=null&region=17&sub_region=17",
  "prver" : "0",
  "isUik" : true,
  "selected" : false,
  "load_on_demand" : false
}, {
  "id" : 4174006338237,
  "text" : "УИК №7",
  "href" : "region/izbirkom?action=show&root=172000014&tvd=4174006338237&vrn=100100225883172&prver=0&pronetvd=null&region=17&sub_region=17",
  "prver" : "0",
  "isUik" : true,
  "selected" : false,
  "load_on_demand" : false
}, {
  "id" : 4174006338238,
  "text" : "УИК №8",
  "href" : "region/izbirkom?action=show&root=172000014&tvd=4174006338238&vrn=100100225883172&prver=0&pronetvd=null&region=17&sub_region=17",
  "prver" : "0",
  "isUik" : true,
  "selected" : false,
  "load_on_demand" : false
}, {
  "id" : 4174006338239,
  "text" : "УИК №9",
  "href" : "region/izbirkom?action=show&root=172000014&tvd=4174006338239&vrn=100100225883172&prver=0&pronetvd=null&region=17&sub_region=17",
  "prver" : "0",
  "isUik" : true,
  "selected" : false,
  "load_on_demand" : false
}, {
  "id" : 4174006338240,
  "text" : "УИК №10",
  "href" : "region/izbirkom?action=show&root=172000014&tvd=4174006338240&vrn=100100225883172&prver=0&pronetvd=null&region=17&sub_region=17",
  "prver" : "0",
  "isUik" : true,
  "selected" : false,
  "load_on_demand" : false
}, {
  "id" : 4174006338241,
  "text" : "УИК №11",
  "href" : "region/izbirkom?action=show&root=172000014&tvd=4174006338241&vrn=100100225883172&prver=0&pronetvd=null&region=17&sub_region=17",
  "prver" : "0",
  "isUik" : true,
  "selected" : false,
  "load_on_demand" : false
}, {
  "id" : 4174006338242,
  "text" : "УИК №12",
  "href" : "region/izbirkom?action=show&root=172000014&tvd=4174006338242&vrn=100100225883172&prver=0&pronetvd=null&region=17&sub_region=17",
  "prver" : "0",
  "isUik" : true,
  "selected" : false,
  "load_on_demand" : false
}, {
  "id" : 4174006338243,
  "text" : "УИК №13",
  "href" : "region/izbirkom?action=show&root=172000014&tvd=4174006338243&vrn=100100225883172&prver=0&pronetvd=null&region=17&sub_region=17",
  "prver" : "0",
  "isUik" : true,
  "selected" : false,
  "load_on_demand" : false
}, {
  "id" : 4174006338244,
  "text" : "УИК №14",
  "href" : "region/izbirkom?action=show&root=172000014&tvd=4174006338244&vrn=100100225883172&prver=0&pronetvd=null&region=17&sub_region=17",
  "prver" : "0",
  "isUik" : true,
  "selected" : false,
  "load_on_demand" : false
}, {
  "id" : 4174006338245,
  "text" : "УИК №15",
  "href" : "region/izbirkom?action=show&root=172000014&tvd=4174006338245&vrn=100100225883172&prver=0&pronetvd=null&region=17&sub_region=17",
  "prver" : "0",
  "isUik" : true,
  "selected" : false,
  "load_on_demand" : false
}, {
  "id" : 4174006338246,
  "text" : "УИК №16",
  "href" : "region/izbirkom?action=show&root=172000014&tvd=4174006338246&vrn=100100225883172&prver=0&pronetvd=null&region=17&sub_region=17",
  "prver" : "0",
  "isUik" : true,
  "selected" : false,
  "load_on_demand" : false
}, {
  "id" : 4174006338247,
  "text" : "УИК №17",
  "href" : "region/izbirkom?action=show&root=172000014&tvd=4174006338247&vrn=100100225883172&prver=0&pronetvd=null&region=17&sub_region=17",
  "prver" : "0",
  "isUik" : true,
  "selected" : false,
  "load_on_demand" : false
}, {
  "id" : 4174006338248,
  "text" : "УИК №18",
  "href" : "region/izbirkom?action=show&root=172000014&tvd=4174006338248&vrn=100100225883172&prver=0&pronetvd=null&region=17&sub_region=17",
  "prver" : "0",
  "isUik" : true,
  "selected" : false,
  "load_on_demand" : false
}, {
  "id" : 4174006338249,
  "text" : "УИК №19",
  "href" : "region/izbirkom?action=show&root=172000014&tvd=4174006338249&vrn=100100225883172&prver=0&pronetvd=null&region=17&sub_region=17",
  "prver" : "0",
  "isUik" : true,
  "selected" : false,
  "load_on_demand" : false
}, {
  "id" : 4174006338250,
  "text" : "УИК №20",
  "href" : "region/izbirkom?action=show&root=172000014&tvd=4174006338250&vrn=100100225883172&prver=0&pronetvd=null&region=17&sub_region=17",
  "prver" : "0",
  "isUik" : true,
  "selected" : false,
  "load_on_demand" : false
}, {
  "id" : 4174006338251,
  "text" : "УИК №21",
  "href" : "region/izbirkom?action=show&root=172000014&tvd=4174006338251&vrn=100100225883172&prver=0&pronetvd=null&region=17&sub_region=17",
  "prver" : "0",
  "isUik" : true,
  "selected" : false,
  "load_on_demand" : false
}, {
  "id" : 4174006338252,
  "text" : "УИК №22",
  "href" : "region/izbirkom?action=show&root=172000014&tvd=4174006338252&vrn=100100225883172&prver=0&pronetvd=null&region=17&sub_region=17",
  "prver" : "0",
  "isUik" : true,
  "selected" : false,
  "load_on_demand" : false
}, {
  "id" : 4174006338253,
  "text" : "УИК №23",
  "href" : "region/izbirkom?action=show&root=172000014&tvd=4174006338253&vrn=100100225883172&prver=0&pronetvd=null&region=17&sub_region=17",
  "prver" : "0",
  "isUik" : true,
  "selected" : false,
  "load_on_demand" : false
}, {
  "id" : 4174006338254,
  "text" : "УИК №24",
  "href" : "region/izbirkom?action=show&root=172000014&tvd=4174006338254&vrn=100100225883172&prver=0&pronetvd=null&region=17&sub_region=17",
  "prver" : "0",
  "isUik" : true,
  "selected" : false,
  "load_on_demand" : false
}, {
  "id" : 4174006338255,
  "text" : "УИК №25",
  "href" : "region/izbirkom?action=show&root=172000014&tvd=4174006338255&vrn=100100225883172&prver=0&pronetvd=null&region=17&sub_region=17",
  "prver" : "0",
  "isUik" : true,
  "selected" : false,
  "load_on_demand" : false
}, {
  "id" : 4174006338256,
  "text" : "УИК №26",
  "href" : "region/izbirkom?action=show&root=172000014&tvd=4174006338256&vrn=100100225883172&prver=0&pronetvd=null&region=17&sub_region=17",
  "prver" : "0",
  "isUik" : true,
  "selected" : false,
  "load_on_demand" : false
}, {
  "id" : 4174006338257,
  "text" : "УИК №27",
  "href" : "region/izbirkom?action=show&root=172000014&tvd=4174006338257&vrn=100100225883172&prver=0&pronetvd=null&region=17&sub_region=17",
  "prver" : "0",
  "isUik" : true,
  "selected" : false,
  "load_on_demand" : false
}, {
  "id" : 4174006338258,
  "text" : "УИК №28",
  "href" : "region/izbirkom?action=show&root=172000014&tvd=4174006338258&vrn=100100225883172&prver=0&pronetvd=null&region=17&sub_region=17",
  "prver" : "0",
  "isUik" : true,
  "selected" : false,
  "load_on_demand" : false
}, {
  "id" : 4174006338259,
  "text" : "УИК №29",
  "href" : "region/izbirkom?action=show&root=172000014&tvd=4174006338259&vrn=100100225883172&prver=0&pronetvd=null&region=17&sub_region=17",
  "prver" : "0",
  "isUik" : true,
  "selected" : false,
  "load_on_demand" : false
}, {
  "id" : 4174006338260,
  "text" : "УИК №30",
  "href" : "region/izbirkom?action=show&root=172000014&tvd=4174006338260&vrn=100100225883172&prver=0&pronetvd=null&region=17&sub_region=17",
  "prver" : "0",
  "isUik" : true,
  "selected" : false,
  "load_on_demand" : false
}, {
  "id" : 4174006338261,
  "text" : "УИК №31",
  "href" : "region/izbirkom?action=show&root=172000014&tvd=4174006338261&vrn=100100225883172&prver=0&pronetvd=null&region=17&sub_region=17",
  "prver" : "0",
  "isUik" : true,
  "selected" : false,
  "load_on_demand" : false
}, {
  "id" : 4174006338262,
  "text" : "УИК №32",
  "href" : "region/izbirkom?action=show&root=172000014&tvd=4174006338262&vrn=100100225883172&prver=0&pronetvd=null&region=17&sub_region=17",
  "prver" : "0",
  "isUik" : true,
  "selected" : false,
  "load_on_demand" : false
}, {
  "id" : 4174006338263,
  "text" : "УИК №33",
  "href" : "region/izbirkom?action=show&root=172000014&tvd=4174006338263&vrn=100100225883172&prver=0&pronetvd=null&region=17&sub_region=17",
  "prver" : "0",
  "isUik" : true,
  "selected" : false,
  "load_on_demand" : false
}, {
  "id" : 4174006338264,
  "text" : "УИК №34",
  "href" : "region/izbirkom?action=show&root=172000014&tvd=4174006338264&vrn=100100225883172&prver=0&pronetvd=null&region=17&sub_region=17",
  "prver" : "0",
  "isUik" : true,
  "selected" : false,
  "load_on_demand" : false
}, {
  "id" : 4174006338265,
  "text" : "УИК №35",
  "href" : "region/izbirkom?action=show&root=172000014&tvd=4174006338265&vrn=100100225883172&prver=0&pronetvd=null&region=17&sub_region=17",
  "prver" : "0",
  "isUik" : true,
  "selected" : false,
  "load_on_demand" : false
}, {
  "id" : 4174006361659,
  "text" : "УИК №187",
  "href" : "region/izbirkom?action=show&root=172000014&tvd=4174006361659&vrn=100100225883172&prver=0&pronetvd=null&region=17&sub_region=17",
  "prver" : "0",
  "isUik" : true,
  "selected" : false,
  "load_on_demand" : false
} ]