[ {
  "id" : 4174007257736,
  "text" : "УИК №89",
  "href" : "region/izbirkom?action=show&root=172000013&tvd=4174007257736&vrn=100100225883172&prver=0&pronetvd=null&region=17&sub_region=17",
  "prver" : "0",
  "isUik" : true,
  "selected" : false,
  "load_on_demand" : false
}, {
  "id" : 4174007257737,
  "text" : "УИК №90",
  "href" : "region/izbirkom?action=show&root=172000013&tvd=4174007257737&vrn=100100225883172&prver=0&pronetvd=null&region=17&sub_region=17",
  "prver" : "0",
  "isUik" : true,
  "selected" : false,
  "load_on_demand" : false
}, {
  "id" : 4174007257738,
  "text" : "УИК №91",
  "href" : "region/izbirkom?action=show&root=172000013&tvd=4174007257738&vrn=100100225883172&prver=0&pronetvd=null&region=17&sub_region=17",
  "prver" : "0",
  "isUik" : true,
  "selected" : false,
  "load_on_demand" : false
}, {
  "id" : 4174007257739,
  "text" : "УИК №92",
  "href" : "region/izbirkom?action=show&root=172000013&tvd=4174007257739&vrn=100100225883172&prver=0&pronetvd=null&region=17&sub_region=17",
  "prver" : "0",
  "isUik" : true,
  "selected" : false,
  "load_on_demand" : false
}, {
  "id" : 4174007257740,
  "text" : "УИК №93",
  "href" : "region/izbirkom?action=show&root=172000013&tvd=4174007257740&vrn=100100225883172&prver=0&pronetvd=null&region=17&sub_region=17",
  "prver" : "0",
  "isUik" : true,
  "selected" : false,
  "load_on_demand" : false
}, {
  "id" : 4174007257741,
  "text" : "УИК №94",
  "href" : "region/izbirkom?action=show&root=172000013&tvd=4174007257741&vrn=100100225883172&prver=0&pronetvd=null&region=17&sub_region=17",
  "prver" : "0",
  "isUik" : true,
  "selected" : false,
  "load_on_demand" : false
}, {
  "id" : 4174007257742,
  "text" : "УИК №95",
  "href" : "region/izbirkom?action=show&root=172000013&tvd=4174007257742&vrn=100100225883172&prver=0&pronetvd=null&region=17&sub_region=17",
  "prver" : "0",
  "isUik" : true,
  "selected" : false,
  "load_on_demand" : false
}, {
  "id" : 4174007257743,
  "text" : "УИК №96",
  "href" : "region/izbirkom?action=show&root=172000013&tvd=4174007257743&vrn=100100225883172&prver=0&pronetvd=null&region=17&sub_region=17",
  "prver" : "0",
  "isUik" : true,
  "selected" : false,
  "load_on_demand" : false
}, {
  "id" : 4174007257744,
  "text" : "УИК №97",
  "href" : "region/izbirkom?action=show&root=172000013&tvd=4174007257744&vrn=100100225883172&prver=0&pronetvd=null&region=17&sub_region=17",
  "prver" : "0",
  "isUik" : true,
  "selected" : false,
  "load_on_demand" : false
}, {
  "id" : 4174007257745,
  "text" : "УИК №98",
  "href" : "region/izbirkom?action=show&root=172000013&tvd=4174007257745&vrn=100100225883172&prver=0&pronetvd=null&region=17&sub_region=17",
  "prver" : "0",
  "isUik" : true,
  "selected" : false,
  "load_on_demand" : false
}, {
  "id" : 4174007257746,
  "text" : "УИК №99",
  "href" : "region/izbirkom?action=show&root=172000013&tvd=4174007257746&vrn=100100225883172&prver=0&pronetvd=null&region=17&sub_region=17",
  "prver" : "0",
  "isUik" : true,
  "selected" : false,
  "load_on_demand" : false
}, {
  "id" : 4174007257747,
  "text" : "УИК №100",
  "href" : "region/izbirkom?action=show&root=172000013&tvd=4174007257747&vrn=100100225883172&prver=0&pronetvd=null&region=17&sub_region=17",
  "prver" : "0",
  "isUik" : true,
  "selected" : false,
  "load_on_demand" : false
}, {
  "id" : 4174007257748,
  "text" : "УИК №101",
  "href" : "region/izbirkom?action=show&root=172000013&tvd=4174007257748&vrn=100100225883172&prver=0&pronetvd=null&region=17&sub_region=17",
  "prver" : "0",
  "isUik" : true,
  "selected" : false,
  "load_on_demand" : false
}, {
  "id" : 4174007257749,
  "text" : "УИК №102",
  "href" : "region/izbirkom?action=show&root=172000013&tvd=4174007257749&vrn=100100225883172&prver=0&pronetvd=null&region=17&sub_region=17",
  "prver" : "0",
  "isUik" : true,
  "selected" : false,
  "load_on_demand" : false
} ]