[ {
  "id" : 4174004405479,
  "text" : "УИК №59",
  "href" : "region/izbirkom?action=show&root=172000016&tvd=4174004405479&vrn=100100225883172&prver=0&pronetvd=null&region=17&sub_region=17",
  "prver" : "0",
  "isUik" : true,
  "selected" : false,
  "load_on_demand" : false
}, {
  "id" : 4174004405480,
  "text" : "УИК №60",
  "href" : "region/izbirkom?action=show&root=172000016&tvd=4174004405480&vrn=100100225883172&prver=0&pronetvd=null&region=17&sub_region=17",
  "prver" : "0",
  "isUik" : true,
  "selected" : false,
  "load_on_demand" : false
}, {
  "id" : 4174004405481,
  "text" : "УИК №61",
  "href" : "region/izbirkom?action=show&root=172000016&tvd=4174004405481&vrn=100100225883172&prver=0&pronetvd=null&region=17&sub_region=17",
  "prver" : "0",
  "isUik" : true,
  "selected" : false,
  "load_on_demand" : false
}, {
  "id" : 4174004405482,
  "text" : "УИК №62",
  "href" : "region/izbirkom?action=show&root=172000016&tvd=4174004405482&vrn=100100225883172&prver=0&pronetvd=null&region=17&sub_region=17",
  "prver" : "0",
  "isUik" : true,
  "selected" : false,
  "load_on_demand" : false
}, {
  "id" : 4174004405483,
  "text" : "УИК №63",
  "href" : "region/izbirkom?action=show&root=172000016&tvd=4174004405483&vrn=100100225883172&prver=0&pronetvd=null&region=17&sub_region=17",
  "prver" : "0",
  "isUik" : true,
  "selected" : false,
  "load_on_demand" : false
}, {
  "id" : 4174004405484,
  "text" : "УИК №64",
  "href" : "region/izbirkom?action=show&root=172000016&tvd=4174004405484&vrn=100100225883172&prver=0&pronetvd=null&region=17&sub_region=17",
  "prver" : "0",
  "isUik" : true,
  "selected" : false,
  "load_on_demand" : false
}, {
  "id" : 4174004405485,
  "text" : "УИК №65",
  "href" : "region/izbirkom?action=show&root=172000016&tvd=4174004405485&vrn=100100225883172&prver=0&pronetvd=null&region=17&sub_region=17",
  "prver" : "0",
  "isUik" : true,
  "selected" : false,
  "load_on_demand" : false
}, {
  "id" : 4174004405486,
  "text" : "УИК №66",
  "href" : "region/izbirkom?action=show&root=172000016&tvd=4174004405486&vrn=100100225883172&prver=0&pronetvd=null&region=17&sub_region=17",
  "prver" : "0",
  "isUik" : true,
  "selected" : false,
  "load_on_demand" : false
}, {
  "id" : 4174004405487,
  "text" : "УИК №67",
  "href" : "region/izbirkom?action=show&root=172000016&tvd=4174004405487&vrn=100100225883172&prver=0&pronetvd=null&region=17&sub_region=17",
  "prver" : "0",
  "isUik" : true,
  "selected" : false,
  "load_on_demand" : false
}, {
  "id" : 4174004405488,
  "text" : "УИК №68",
  "href" : "region/izbirkom?action=show&root=172000016&tvd=4174004405488&vrn=100100225883172&prver=0&pronetvd=null&region=17&sub_region=17",
  "prver" : "0",
  "isUik" : true,
  "selected" : false,
  "load_on_demand" : false
}, {
  "id" : 4174004405489,
  "text" : "УИК №69",
  "href" : "region/izbirkom?action=show&root=172000016&tvd=4174004405489&vrn=100100225883172&prver=0&pronetvd=null&region=17&sub_region=17",
  "prver" : "0",
  "isUik" : true,
  "selected" : false,
  "load_on_demand" : false
}, {
  "id" : 4174004405490,
  "text" : "УИК №70",
  "href" : "region/izbirkom?action=show&root=172000016&tvd=4174004405490&vrn=100100225883172&prver=0&pronetvd=null&region=17&sub_region=17",
  "prver" : "0",
  "isUik" : true,
  "selected" : false,
  "load_on_demand" : false
}, {
  "id" : 4174004405491,
  "text" : "УИК №71",
  "href" : "region/izbirkom?action=show&root=172000016&tvd=4174004405491&vrn=100100225883172&prver=0&pronetvd=null&region=17&sub_region=17",
  "prver" : "0",
  "isUik" : true,
  "selected" : false,
  "load_on_demand" : false
}, {
  "id" : 4174004405492,
  "text" : "УИК №72",
  "href" : "region/izbirkom?action=show&root=172000016&tvd=4174004405492&vrn=100100225883172&prver=0&pronetvd=null&region=17&sub_region=17",
  "prver" : "0",
  "isUik" : true,
  "selected" : false,
  "load_on_demand" : false
}, {
  "id" : 4174004405493,
  "text" : "УИК №73",
  "href" : "region/izbirkom?action=show&root=172000016&tvd=4174004405493&vrn=100100225883172&prver=0&pronetvd=null&region=17&sub_region=17",
  "prver" : "0",
  "isUik" : true,
  "selected" : false,
  "load_on_demand" : false
} ]