[ {
  "id" : 4174019128226,
  "text" : "УИК №143",
  "href" : "region/izbirkom?action=show&root=172000001&tvd=4174019128226&vrn=100100225883172&prver=0&pronetvd=null&region=17&sub_region=17",
  "prver" : "0",
  "isUik" : true,
  "selected" : false,
  "load_on_demand" : false
}, {
  "id" : 4174019128228,
  "text" : "УИК №144",
  "href" : "region/izbirkom?action=show&root=172000001&tvd=4174019128228&vrn=100100225883172&prver=0&pronetvd=null&region=17&sub_region=17",
  "prver" : "0",
  "isUik" : true,
  "selected" : false,
  "load_on_demand" : false
} ]