[ {
  "id" : 4174012271001,
  "text" : "УИК №132",
  "href" : "region/izbirkom?action=show&root=172000008&tvd=4174012271001&vrn=100100225883172&prver=0&pronetvd=null&region=17&sub_region=17",
  "prver" : "0",
  "isUik" : true,
  "selected" : false,
  "load_on_demand" : false
}, {
  "id" : 4174012271002,
  "text" : "УИК №133",
  "href" : "region/izbirkom?action=show&root=172000008&tvd=4174012271002&vrn=100100225883172&prver=0&pronetvd=null&region=17&sub_region=17",
  "prver" : "0",
  "isUik" : true,
  "selected" : false,
  "load_on_demand" : false
}, {
  "id" : 4174012271003,
  "text" : "УИК №134",
  "href" : "region/izbirkom?action=show&root=172000008&tvd=4174012271003&vrn=100100225883172&prver=0&pronetvd=null&region=17&sub_region=17",
  "prver" : "0",
  "isUik" : true,
  "selected" : false,
  "load_on_demand" : false
}, {
  "id" : 4174012271004,
  "text" : "УИК №135",
  "href" : "region/izbirkom?action=show&root=172000008&tvd=4174012271004&vrn=100100225883172&prver=0&pronetvd=null&region=17&sub_region=17",
  "prver" : "0",
  "isUik" : true,
  "selected" : false,
  "load_on_demand" : false
}, {
  "id" : 4174012271005,
  "text" : "УИК №136",
  "href" : "region/izbirkom?action=show&root=172000008&tvd=4174012271005&vrn=100100225883172&prver=0&pronetvd=null&region=17&sub_region=17",
  "prver" : "0",
  "isUik" : true,
  "selected" : false,
  "load_on_demand" : false
}, {
  "id" : 4174012271006,
  "text" : "УИК №137",
  "href" : "region/izbirkom?action=show&root=172000008&tvd=4174012271006&vrn=100100225883172&prver=0&pronetvd=null&region=17&sub_region=17",
  "prver" : "0",
  "isUik" : true,
  "selected" : false,
  "load_on_demand" : false
}, {
  "id" : 4174012271007,
  "text" : "УИК №138",
  "href" : "region/izbirkom?action=show&root=172000008&tvd=4174012271007&vrn=100100225883172&prver=0&pronetvd=null&region=17&sub_region=17",
  "prver" : "0",
  "isUik" : true,
  "selected" : false,
  "load_on_demand" : false
}, {
  "id" : 4174012271008,
  "text" : "УИК №139",
  "href" : "region/izbirkom?action=show&root=172000008&tvd=4174012271008&vrn=100100225883172&prver=0&pronetvd=null&region=17&sub_region=17",
  "prver" : "0",
  "isUik" : true,
  "selected" : false,
  "load_on_demand" : false
}, {
  "id" : 4174012271009,
  "text" : "УИК №140",
  "href" : "region/izbirkom?action=show&root=172000008&tvd=4174012271009&vrn=100100225883172&prver=0&pronetvd=null&region=17&sub_region=17",
  "prver" : "0",
  "isUik" : true,
  "selected" : false,
  "load_on_demand" : false
}, {
  "id" : 4174012271010,
  "text" : "УИК №141",
  "href" : "region/izbirkom?action=show&root=172000008&tvd=4174012271010&vrn=100100225883172&prver=0&pronetvd=null&region=17&sub_region=17",
  "prver" : "0",
  "isUik" : true,
  "selected" : false,
  "load_on_demand" : false
}, {
  "id" : 4174012271011,
  "text" : "УИК №142",
  "href" : "region/izbirkom?action=show&root=172000008&tvd=4174012271011&vrn=100100225883172&prver=0&pronetvd=null&region=17&sub_region=17",
  "prver" : "0",
  "isUik" : true,
  "selected" : false,
  "load_on_demand" : false
} ]