[ {
  "id" : 4174014169862,
  "text" : "УИК №152",
  "href" : "region/izbirkom?action=show&root=172000006&tvd=4174014169862&vrn=100100225883172&prver=0&pronetvd=null&region=17&sub_region=17",
  "prver" : "0",
  "isUik" : true,
  "selected" : false,
  "load_on_demand" : false
}, {
  "id" : 4174014169863,
  "text" : "УИК №153",
  "href" : "region/izbirkom?action=show&root=172000006&tvd=4174014169863&vrn=100100225883172&prver=0&pronetvd=null&region=17&sub_region=17",
  "prver" : "0",
  "isUik" : true,
  "selected" : false,
  "load_on_demand" : false
}, {
  "id" : 4174014169864,
  "text" : "УИК №154",
  "href" : "region/izbirkom?action=show&root=172000006&tvd=4174014169864&vrn=100100225883172&prver=0&pronetvd=null&region=17&sub_region=17",
  "prver" : "0",
  "isUik" : true,
  "selected" : false,
  "load_on_demand" : false
}, {
  "id" : 4174014169865,
  "text" : "УИК №155",
  "href" : "region/izbirkom?action=show&root=172000006&tvd=4174014169865&vrn=100100225883172&prver=0&pronetvd=null&region=17&sub_region=17",
  "prver" : "0",
  "isUik" : true,
  "selected" : false,
  "load_on_demand" : false
}, {
  "id" : 4174014169866,
  "text" : "УИК №156",
  "href" : "region/izbirkom?action=show&root=172000006&tvd=4174014169866&vrn=100100225883172&prver=0&pronetvd=null&region=17&sub_region=17",
  "prver" : "0",
  "isUik" : true,
  "selected" : false,
  "load_on_demand" : false
}, {
  "id" : 4174014169867,
  "text" : "УИК №157",
  "href" : "region/izbirkom?action=show&root=172000006&tvd=4174014169867&vrn=100100225883172&prver=0&pronetvd=null&region=17&sub_region=17",
  "prver" : "0",
  "isUik" : true,
  "selected" : false,
  "load_on_demand" : false
} ]