[ {
  "id" : 4174008153532,
  "text" : "УИК №103",
  "href" : "region/izbirkom?action=show&root=172000012&tvd=4174008153532&vrn=100100225883172&prver=0&pronetvd=null&region=17&sub_region=17",
  "prver" : "0",
  "isUik" : true,
  "selected" : false,
  "load_on_demand" : false
}, {
  "id" : 4174008153533,
  "text" : "УИК №104",
  "href" : "region/izbirkom?action=show&root=172000012&tvd=4174008153533&vrn=100100225883172&prver=0&pronetvd=null&region=17&sub_region=17",
  "prver" : "0",
  "isUik" : true,
  "selected" : false,
  "load_on_demand" : false
}, {
  "id" : 4174008153534,
  "text" : "УИК №105",
  "href" : "region/izbirkom?action=show&root=172000012&tvd=4174008153534&vrn=100100225883172&prver=0&pronetvd=null&region=17&sub_region=17",
  "prver" : "0",
  "isUik" : true,
  "selected" : false,
  "load_on_demand" : false
} ]