[ {
  "id" : 4174013195988,
  "text" : "УИК №145",
  "href" : "region/izbirkom?action=show&root=172000007&tvd=4174013195988&vrn=100100225883172&prver=0&pronetvd=null&region=17&sub_region=17",
  "prver" : "0",
  "isUik" : true,
  "selected" : false,
  "load_on_demand" : false
}, {
  "id" : 4174013195989,
  "text" : "УИК №146",
  "href" : "region/izbirkom?action=show&root=172000007&tvd=4174013195989&vrn=100100225883172&prver=0&pronetvd=null&region=17&sub_region=17",
  "prver" : "0",
  "isUik" : true,
  "selected" : false,
  "load_on_demand" : false
}, {
  "id" : 4174013195990,
  "text" : "УИК №147",
  "href" : "region/izbirkom?action=show&root=172000007&tvd=4174013195990&vrn=100100225883172&prver=0&pronetvd=null&region=17&sub_region=17",
  "prver" : "0",
  "isUik" : true,
  "selected" : false,
  "load_on_demand" : false
}, {
  "id" : 4174013195991,
  "text" : "УИК №148",
  "href" : "region/izbirkom?action=show&root=172000007&tvd=4174013195991&vrn=100100225883172&prver=0&pronetvd=null&region=17&sub_region=17",
  "prver" : "0",
  "isUik" : true,
  "selected" : false,
  "load_on_demand" : false
}, {
  "id" : 4174013195992,
  "text" : "УИК №149",
  "href" : "region/izbirkom?action=show&root=172000007&tvd=4174013195992&vrn=100100225883172&prver=0&pronetvd=null&region=17&sub_region=17",
  "prver" : "0",
  "isUik" : true,
  "selected" : false,
  "load_on_demand" : false
}, {
  "id" : 4174013195993,
  "text" : "УИК №150",
  "href" : "region/izbirkom?action=show&root=172000007&tvd=4174013195993&vrn=100100225883172&prver=0&pronetvd=null&region=17&sub_region=17",
  "prver" : "0",
  "isUik" : true,
  "selected" : false,
  "load_on_demand" : false
}, {
  "id" : 4174013195994,
  "text" : "УИК №151",
  "href" : "region/izbirkom?action=show&root=172000007&tvd=4174013195994&vrn=100100225883172&prver=0&pronetvd=null&region=17&sub_region=17",
  "prver" : "0",
  "isUik" : true,
  "selected" : false,
  "load_on_demand" : false
} ]