[ {
  "id" : 4184010403660,
  "text" : "УИК №101",
  "href" : "region/izbirkom?action=show&root=182000009&tvd=4184010403660&vrn=100100225883172&prver=0&pronetvd=null&region=18&sub_region=18",
  "prver" : "0",
  "isUik" : true,
  "selected" : false,
  "load_on_demand" : false
}, {
  "id" : 4184010403661,
  "text" : "УИК №102",
  "href" : "region/izbirkom?action=show&root=182000009&tvd=4184010403661&vrn=100100225883172&prver=0&pronetvd=null&region=18&sub_region=18",
  "prver" : "0",
  "isUik" : true,
  "selected" : false,
  "load_on_demand" : false
}, {
  "id" : 4184010403662,
  "text" : "УИК №103",
  "href" : "region/izbirkom?action=show&root=182000009&tvd=4184010403662&vrn=100100225883172&prver=0&pronetvd=null&region=18&sub_region=18",
  "prver" : "0",
  "isUik" : true,
  "selected" : false,
  "load_on_demand" : false
}, {
  "id" : 4184010403663,
  "text" : "УИК №104",
  "href" : "region/izbirkom?action=show&root=182000009&tvd=4184010403663&vrn=100100225883172&prver=0&pronetvd=null&region=18&sub_region=18",
  "prver" : "0",
  "isUik" : true,
  "selected" : false,
  "load_on_demand" : false
}, {
  "id" : 4184010403664,
  "text" : "УИК №105",
  "href" : "region/izbirkom?action=show&root=182000009&tvd=4184010403664&vrn=100100225883172&prver=0&pronetvd=null&region=18&sub_region=18",
  "prver" : "0",
  "isUik" : true,
  "selected" : false,
  "load_on_demand" : false
}, {
  "id" : 4184010403665,
  "text" : "УИК №106",
  "href" : "region/izbirkom?action=show&root=182000009&tvd=4184010403665&vrn=100100225883172&prver=0&pronetvd=null&region=18&sub_region=18",
  "prver" : "0",
  "isUik" : true,
  "selected" : false,
  "load_on_demand" : false
}, {
  "id" : 4184010403666,
  "text" : "УИК №107",
  "href" : "region/izbirkom?action=show&root=182000009&tvd=4184010403666&vrn=100100225883172&prver=0&pronetvd=null&region=18&sub_region=18",
  "prver" : "0",
  "isUik" : true,
  "selected" : false,
  "load_on_demand" : false
}, {
  "id" : 4184010403667,
  "text" : "УИК №108",
  "href" : "region/izbirkom?action=show&root=182000009&tvd=4184010403667&vrn=100100225883172&prver=0&pronetvd=null&region=18&sub_region=18",
  "prver" : "0",
  "isUik" : true,
  "selected" : false,
  "load_on_demand" : false
}, {
  "id" : 4184010403668,
  "text" : "УИК №109",
  "href" : "region/izbirkom?action=show&root=182000009&tvd=4184010403668&vrn=100100225883172&prver=0&pronetvd=null&region=18&sub_region=18",
  "prver" : "0",
  "isUik" : true,
  "selected" : false,
  "load_on_demand" : false
}, {
  "id" : 4184010403669,
  "text" : "УИК №110",
  "href" : "region/izbirkom?action=show&root=182000009&tvd=4184010403669&vrn=100100225883172&prver=0&pronetvd=null&region=18&sub_region=18",
  "prver" : "0",
  "isUik" : true,
  "selected" : false,
  "load_on_demand" : false
}, {
  "id" : 4184010403670,
  "text" : "УИК №111",
  "href" : "region/izbirkom?action=show&root=182000009&tvd=4184010403670&vrn=100100225883172&prver=0&pronetvd=null&region=18&sub_region=18",
  "prver" : "0",
  "isUik" : true,
  "selected" : false,
  "load_on_demand" : false
}, {
  "id" : 4184010403671,
  "text" : "УИК №112",
  "href" : "region/izbirkom?action=show&root=182000009&tvd=4184010403671&vrn=100100225883172&prver=0&pronetvd=null&region=18&sub_region=18",
  "prver" : "0",
  "isUik" : true,
  "selected" : false,
  "load_on_demand" : false
}, {
  "id" : 4184010403672,
  "text" : "УИК №113",
  "href" : "region/izbirkom?action=show&root=182000009&tvd=4184010403672&vrn=100100225883172&prver=0&pronetvd=null&region=18&sub_region=18",
  "prver" : "0",
  "isUik" : true,
  "selected" : false,
  "load_on_demand" : false
}, {
  "id" : 4184010403673,
  "text" : "УИК №114",
  "href" : "region/izbirkom?action=show&root=182000009&tvd=4184010403673&vrn=100100225883172&prver=0&pronetvd=null&region=18&sub_region=18",
  "prver" : "0",
  "isUik" : true,
  "selected" : false,
  "load_on_demand" : false
}, {
  "id" : 4184010403674,
  "text" : "УИК №115",
  "href" : "region/izbirkom?action=show&root=182000009&tvd=4184010403674&vrn=100100225883172&prver=0&pronetvd=null&region=18&sub_region=18",
  "prver" : "0",
  "isUik" : true,
  "selected" : false,
  "load_on_demand" : false
}, {
  "id" : 4184010403675,
  "text" : "УИК №116",
  "href" : "region/izbirkom?action=show&root=182000009&tvd=4184010403675&vrn=100100225883172&prver=0&pronetvd=null&region=18&sub_region=18",
  "prver" : "0",
  "isUik" : true,
  "selected" : false,
  "load_on_demand" : false
}, {
  "id" : 4184010403676,
  "text" : "УИК №117",
  "href" : "region/izbirkom?action=show&root=182000009&tvd=4184010403676&vrn=100100225883172&prver=0&pronetvd=null&region=18&sub_region=18",
  "prver" : "0",
  "isUik" : true,
  "selected" : false,
  "load_on_demand" : false
}, {
  "id" : 4184010403677,
  "text" : "УИК №118",
  "href" : "region/izbirkom?action=show&root=182000009&tvd=4184010403677&vrn=100100225883172&prver=0&pronetvd=null&region=18&sub_region=18",
  "prver" : "0",
  "isUik" : true,
  "selected" : false,
  "load_on_demand" : false
}, {
  "id" : 4184010403678,
  "text" : "УИК №119",
  "href" : "region/izbirkom?action=show&root=182000009&tvd=4184010403678&vrn=100100225883172&prver=0&pronetvd=null&region=18&sub_region=18",
  "prver" : "0",
  "isUik" : true,
  "selected" : false,
  "load_on_demand" : false
}, {
  "id" : 4184010403679,
  "text" : "УИК №120",
  "href" : "region/izbirkom?action=show&root=182000009&tvd=4184010403679&vrn=100100225883172&prver=0&pronetvd=null&region=18&sub_region=18",
  "prver" : "0",
  "isUik" : true,
  "selected" : false,
  "load_on_demand" : false
}, {
  "id" : 4184010403680,
  "text" : "УИК №121",
  "href" : "region/izbirkom?action=show&root=182000009&tvd=4184010403680&vrn=100100225883172&prver=0&pronetvd=null&region=18&sub_region=18",
  "prver" : "0",
  "isUik" : true,
  "selected" : false,
  "load_on_demand" : false
}, {
  "id" : 4184010403681,
  "text" : "УИК №122",
  "href" : "region/izbirkom?action=show&root=182000009&tvd=4184010403681&vrn=100100225883172&prver=0&pronetvd=null&region=18&sub_region=18",
  "prver" : "0",
  "isUik" : true,
  "selected" : false,
  "load_on_demand" : false
}, {
  "id" : 4184010403682,
  "text" : "УИК №123",
  "href" : "region/izbirkom?action=show&root=182000009&tvd=4184010403682&vrn=100100225883172&prver=0&pronetvd=null&region=18&sub_region=18",
  "prver" : "0",
  "isUik" : true,
  "selected" : false,
  "load_on_demand" : false
}, {
  "id" : 4184010403683,
  "text" : "УИК №124",
  "href" : "region/izbirkom?action=show&root=182000009&tvd=4184010403683&vrn=100100225883172&prver=0&pronetvd=null&region=18&sub_region=18",
  "prver" : "0",
  "isUik" : true,
  "selected" : false,
  "load_on_demand" : false
}, {
  "id" : 4184010403684,
  "text" : "УИК №125",
  "href" : "region/izbirkom?action=show&root=182000009&tvd=4184010403684&vrn=100100225883172&prver=0&pronetvd=null&region=18&sub_region=18",
  "prver" : "0",
  "isUik" : true,
  "selected" : false,
  "load_on_demand" : false
}, {
  "id" : 4184010403685,
  "text" : "УИК №126",
  "href" : "region/izbirkom?action=show&root=182000009&tvd=4184010403685&vrn=100100225883172&prver=0&pronetvd=null&region=18&sub_region=18",
  "prver" : "0",
  "isUik" : true,
  "selected" : false,
  "load_on_demand" : false
}, {
  "id" : 4184010403686,
  "text" : "УИК №127",
  "href" : "region/izbirkom?action=show&root=182000009&tvd=4184010403686&vrn=100100225883172&prver=0&pronetvd=null&region=18&sub_region=18",
  "prver" : "0",
  "isUik" : true,
  "selected" : false,
  "load_on_demand" : false
}, {
  "id" : 4184010403687,
  "text" : "УИК №128",
  "href" : "region/izbirkom?action=show&root=182000009&tvd=4184010403687&vrn=100100225883172&prver=0&pronetvd=null&region=18&sub_region=18",
  "prver" : "0",
  "isUik" : true,
  "selected" : false,
  "load_on_demand" : false
}, {
  "id" : 4184010403688,
  "text" : "УИК №129",
  "href" : "region/izbirkom?action=show&root=182000009&tvd=4184010403688&vrn=100100225883172&prver=0&pronetvd=null&region=18&sub_region=18",
  "prver" : "0",
  "isUik" : true,
  "selected" : false,
  "load_on_demand" : false
}, {
  "id" : 4184010403689,
  "text" : "УИК №130",
  "href" : "region/izbirkom?action=show&root=182000009&tvd=4184010403689&vrn=100100225883172&prver=0&pronetvd=null&region=18&sub_region=18",
  "prver" : "0",
  "isUik" : true,
  "selected" : false,
  "load_on_demand" : false
}, {
  "id" : 4184010403690,
  "text" : "УИК №131",
  "href" : "region/izbirkom?action=show&root=182000009&tvd=4184010403690&vrn=100100225883172&prver=0&pronetvd=null&region=18&sub_region=18",
  "prver" : "0",
  "isUik" : true,
  "selected" : false,
  "load_on_demand" : false
}, {
  "id" : 4184010403691,
  "text" : "УИК №132",
  "href" : "region/izbirkom?action=show&root=182000009&tvd=4184010403691&vrn=100100225883172&prver=0&pronetvd=null&region=18&sub_region=18",
  "prver" : "0",
  "isUik" : true,
  "selected" : false,
  "load_on_demand" : false
}, {
  "id" : 4184010403692,
  "text" : "УИК №133",
  "href" : "region/izbirkom?action=show&root=182000009&tvd=4184010403692&vrn=100100225883172&prver=0&pronetvd=null&region=18&sub_region=18",
  "prver" : "0",
  "isUik" : true,
  "selected" : false,
  "load_on_demand" : false
}, {
  "id" : 4184010403693,
  "text" : "УИК №134",
  "href" : "region/izbirkom?action=show&root=182000009&tvd=4184010403693&vrn=100100225883172&prver=0&pronetvd=null&region=18&sub_region=18",
  "prver" : "0",
  "isUik" : true,
  "selected" : false,
  "load_on_demand" : false
}, {
  "id" : 4184010403694,
  "text" : "УИК №135",
  "href" : "region/izbirkom?action=show&root=182000009&tvd=4184010403694&vrn=100100225883172&prver=0&pronetvd=null&region=18&sub_region=18",
  "prver" : "0",
  "isUik" : true,
  "selected" : false,
  "load_on_demand" : false
}, {
  "id" : 4184010403695,
  "text" : "УИК №136",
  "href" : "region/izbirkom?action=show&root=182000009&tvd=4184010403695&vrn=100100225883172&prver=0&pronetvd=null&region=18&sub_region=18",
  "prver" : "0",
  "isUik" : true,
  "selected" : false,
  "load_on_demand" : false
}, {
  "id" : 4184010403696,
  "text" : "УИК №137",
  "href" : "region/izbirkom?action=show&root=182000009&tvd=4184010403696&vrn=100100225883172&prver=0&pronetvd=null&region=18&sub_region=18",
  "prver" : "0",
  "isUik" : true,
  "selected" : false,
  "load_on_demand" : false
}, {
  "id" : 4184010403697,
  "text" : "УИК №138",
  "href" : "region/izbirkom?action=show&root=182000009&tvd=4184010403697&vrn=100100225883172&prver=0&pronetvd=null&region=18&sub_region=18",
  "prver" : "0",
  "isUik" : true,
  "selected" : false,
  "load_on_demand" : false
}, {
  "id" : 4184010403698,
  "text" : "УИК №139",
  "href" : "region/izbirkom?action=show&root=182000009&tvd=4184010403698&vrn=100100225883172&prver=0&pronetvd=null&region=18&sub_region=18",
  "prver" : "0",
  "isUik" : true,
  "selected" : false,
  "load_on_demand" : false
}, {
  "id" : 4184010403699,
  "text" : "УИК №140",
  "href" : "region/izbirkom?action=show&root=182000009&tvd=4184010403699&vrn=100100225883172&prver=0&pronetvd=null&region=18&sub_region=18",
  "prver" : "0",
  "isUik" : true,
  "selected" : false,
  "load_on_demand" : false
}, {
  "id" : 4184010403700,
  "text" : "УИК №141",
  "href" : "region/izbirkom?action=show&root=182000009&tvd=4184010403700&vrn=100100225883172&prver=0&pronetvd=null&region=18&sub_region=18",
  "prver" : "0",
  "isUik" : true,
  "selected" : false,
  "load_on_demand" : false
}, {
  "id" : 4184010403701,
  "text" : "УИК №142",
  "href" : "region/izbirkom?action=show&root=182000009&tvd=4184010403701&vrn=100100225883172&prver=0&pronetvd=null&region=18&sub_region=18",
  "prver" : "0",
  "isUik" : true,
  "selected" : false,
  "load_on_demand" : false
}, {
  "id" : 4184010403702,
  "text" : "УИК №143",
  "href" : "region/izbirkom?action=show&root=182000009&tvd=4184010403702&vrn=100100225883172&prver=0&pronetvd=null&region=18&sub_region=18",
  "prver" : "0",
  "isUik" : true,
  "selected" : false,
  "load_on_demand" : false
}, {
  "id" : 4184010406190,
  "text" : "УИК №144",
  "href" : "region/izbirkom?action=show&root=182000009&tvd=4184010406190&vrn=100100225883172&prver=0&pronetvd=null&region=18&sub_region=18",
  "prver" : "0",
  "isUik" : true,
  "selected" : false,
  "load_on_demand" : false
}, {
  "id" : 4184010403704,
  "text" : "УИК №145",
  "href" : "region/izbirkom?action=show&root=182000009&tvd=4184010403704&vrn=100100225883172&prver=0&pronetvd=null&region=18&sub_region=18",
  "prver" : "0",
  "isUik" : true,
  "selected" : false,
  "load_on_demand" : false
}, {
  "id" : 4184010403706,
  "text" : "УИК №147",
  "href" : "region/izbirkom?action=show&root=182000009&tvd=4184010403706&vrn=100100225883172&prver=0&pronetvd=null&region=18&sub_region=18",
  "prver" : "0",
  "isUik" : true,
  "selected" : false,
  "load_on_demand" : false
}, {
  "id" : 4184010403707,
  "text" : "УИК №148",
  "href" : "region/izbirkom?action=show&root=182000009&tvd=4184010403707&vrn=100100225883172&prver=0&pronetvd=null&region=18&sub_region=18",
  "prver" : "0",
  "isUik" : true,
  "selected" : false,
  "load_on_demand" : false
}, {
  "id" : 4184010403708,
  "text" : "УИК №149",
  "href" : "region/izbirkom?action=show&root=182000009&tvd=4184010403708&vrn=100100225883172&prver=0&pronetvd=null&region=18&sub_region=18",
  "prver" : "0",
  "isUik" : true,
  "selected" : false,
  "load_on_demand" : false
}, {
  "id" : 4184010406192,
  "text" : "УИК №150",
  "href" : "region/izbirkom?action=show&root=182000009&tvd=4184010406192&vrn=100100225883172&prver=0&pronetvd=null&region=18&sub_region=18",
  "prver" : "0",
  "isUik" : true,
  "selected" : false,
  "load_on_demand" : false
}, {
  "id" : 4184010403710,
  "text" : "УИК №151",
  "href" : "region/izbirkom?action=show&root=182000009&tvd=4184010403710&vrn=100100225883172&prver=0&pronetvd=null&region=18&sub_region=18",
  "prver" : "0",
  "isUik" : true,
  "selected" : false,
  "load_on_demand" : false
}, {
  "id" : 4184010406194,
  "text" : "УИК №152",
  "href" : "region/izbirkom?action=show&root=182000009&tvd=4184010406194&vrn=100100225883172&prver=0&pronetvd=null&region=18&sub_region=18",
  "prver" : "0",
  "isUik" : true,
  "selected" : false,
  "load_on_demand" : false
}, {
  "id" : 4184010403712,
  "text" : "УИК №153",
  "href" : "region/izbirkom?action=show&root=182000009&tvd=4184010403712&vrn=100100225883172&prver=0&pronetvd=null&region=18&sub_region=18",
  "prver" : "0",
  "isUik" : true,
  "selected" : false,
  "load_on_demand" : false
}, {
  "id" : 4184010403713,
  "text" : "УИК №154",
  "href" : "region/izbirkom?action=show&root=182000009&tvd=4184010403713&vrn=100100225883172&prver=0&pronetvd=null&region=18&sub_region=18",
  "prver" : "0",
  "isUik" : true,
  "selected" : false,
  "load_on_demand" : false
} ]