[ {
  "id" : 4184026248409,
  "text" : "УИК №2901",
  "href" : "region/izbirkom?action=show&root=182000033&tvd=4184026248409&vrn=100100225883172&prver=0&pronetvd=null&region=18&sub_region=18",
  "prver" : "0",
  "isUik" : true,
  "selected" : false,
  "load_on_demand" : false
}, {
  "id" : 4184026248410,
  "text" : "УИК №2902",
  "href" : "region/izbirkom?action=show&root=182000033&tvd=4184026248410&vrn=100100225883172&prver=0&pronetvd=null&region=18&sub_region=18",
  "prver" : "0",
  "isUik" : true,
  "selected" : false,
  "load_on_demand" : false
}, {
  "id" : 4184026248411,
  "text" : "УИК №2903",
  "href" : "region/izbirkom?action=show&root=182000033&tvd=4184026248411&vrn=100100225883172&prver=0&pronetvd=null&region=18&sub_region=18",
  "prver" : "0",
  "isUik" : true,
  "selected" : false,
  "load_on_demand" : false
}, {
  "id" : 4184026248412,
  "text" : "УИК №2904",
  "href" : "region/izbirkom?action=show&root=182000033&tvd=4184026248412&vrn=100100225883172&prver=0&pronetvd=null&region=18&sub_region=18",
  "prver" : "0",
  "isUik" : true,
  "selected" : false,
  "load_on_demand" : false
}, {
  "id" : 4184026248413,
  "text" : "УИК №2905",
  "href" : "region/izbirkom?action=show&root=182000033&tvd=4184026248413&vrn=100100225883172&prver=0&pronetvd=null&region=18&sub_region=18",
  "prver" : "0",
  "isUik" : true,
  "selected" : false,
  "load_on_demand" : false
}, {
  "id" : 4184026248414,
  "text" : "УИК №2906",
  "href" : "region/izbirkom?action=show&root=182000033&tvd=4184026248414&vrn=100100225883172&prver=0&pronetvd=null&region=18&sub_region=18",
  "prver" : "0",
  "isUik" : true,
  "selected" : false,
  "load_on_demand" : false
}, {
  "id" : 4184026248415,
  "text" : "УИК №2907",
  "href" : "region/izbirkom?action=show&root=182000033&tvd=4184026248415&vrn=100100225883172&prver=0&pronetvd=null&region=18&sub_region=18",
  "prver" : "0",
  "isUik" : true,
  "selected" : false,
  "load_on_demand" : false
}, {
  "id" : 4184026248416,
  "text" : "УИК №2908",
  "href" : "region/izbirkom?action=show&root=182000033&tvd=4184026248416&vrn=100100225883172&prver=0&pronetvd=null&region=18&sub_region=18",
  "prver" : "0",
  "isUik" : true,
  "selected" : false,
  "load_on_demand" : false
}, {
  "id" : 4184026248417,
  "text" : "УИК №2909",
  "href" : "region/izbirkom?action=show&root=182000033&tvd=4184026248417&vrn=100100225883172&prver=0&pronetvd=null&region=18&sub_region=18",
  "prver" : "0",
  "isUik" : true,
  "selected" : false,
  "load_on_demand" : false
}, {
  "id" : 4184026248418,
  "text" : "УИК №2910",
  "href" : "region/izbirkom?action=show&root=182000033&tvd=4184026248418&vrn=100100225883172&prver=0&pronetvd=null&region=18&sub_region=18",
  "prver" : "0",
  "isUik" : true,
  "selected" : false,
  "load_on_demand" : false
}, {
  "id" : 4184026248419,
  "text" : "УИК №2911",
  "href" : "region/izbirkom?action=show&root=182000033&tvd=4184026248419&vrn=100100225883172&prver=0&pronetvd=null&region=18&sub_region=18",
  "prver" : "0",
  "isUik" : true,
  "selected" : false,
  "load_on_demand" : false
}, {
  "id" : 4184026248420,
  "text" : "УИК №2912",
  "href" : "region/izbirkom?action=show&root=182000033&tvd=4184026248420&vrn=100100225883172&prver=0&pronetvd=null&region=18&sub_region=18",
  "prver" : "0",
  "isUik" : true,
  "selected" : false,
  "load_on_demand" : false
}, {
  "id" : 4184026248421,
  "text" : "УИК №2913",
  "href" : "region/izbirkom?action=show&root=182000033&tvd=4184026248421&vrn=100100225883172&prver=0&pronetvd=null&region=18&sub_region=18",
  "prver" : "0",
  "isUik" : true,
  "selected" : false,
  "load_on_demand" : false
}, {
  "id" : 4184026248422,
  "text" : "УИК №2914",
  "href" : "region/izbirkom?action=show&root=182000033&tvd=4184026248422&vrn=100100225883172&prver=0&pronetvd=null&region=18&sub_region=18",
  "prver" : "0",
  "isUik" : true,
  "selected" : false,
  "load_on_demand" : false
}, {
  "id" : 4184026248423,
  "text" : "УИК №2915",
  "href" : "region/izbirkom?action=show&root=182000033&tvd=4184026248423&vrn=100100225883172&prver=0&pronetvd=null&region=18&sub_region=18",
  "prver" : "0",
  "isUik" : true,
  "selected" : false,
  "load_on_demand" : false
}, {
  "id" : 4184026248424,
  "text" : "УИК №2916",
  "href" : "region/izbirkom?action=show&root=182000033&tvd=4184026248424&vrn=100100225883172&prver=0&pronetvd=null&region=18&sub_region=18",
  "prver" : "0",
  "isUik" : true,
  "selected" : false,
  "load_on_demand" : false
}, {
  "id" : 4184026248425,
  "text" : "УИК №2917",
  "href" : "region/izbirkom?action=show&root=182000033&tvd=4184026248425&vrn=100100225883172&prver=0&pronetvd=null&region=18&sub_region=18",
  "prver" : "0",
  "isUik" : true,
  "selected" : false,
  "load_on_demand" : false
}, {
  "id" : 4184026248426,
  "text" : "УИК №2918",
  "href" : "region/izbirkom?action=show&root=182000033&tvd=4184026248426&vrn=100100225883172&prver=0&pronetvd=null&region=18&sub_region=18",
  "prver" : "0",
  "isUik" : true,
  "selected" : false,
  "load_on_demand" : false
}, {
  "id" : 4184026248427,
  "text" : "УИК №2919",
  "href" : "region/izbirkom?action=show&root=182000033&tvd=4184026248427&vrn=100100225883172&prver=0&pronetvd=null&region=18&sub_region=18",
  "prver" : "0",
  "isUik" : true,
  "selected" : false,
  "load_on_demand" : false
}, {
  "id" : 4184026248428,
  "text" : "УИК №2920",
  "href" : "region/izbirkom?action=show&root=182000033&tvd=4184026248428&vrn=100100225883172&prver=0&pronetvd=null&region=18&sub_region=18",
  "prver" : "0",
  "isUik" : true,
  "selected" : false,
  "load_on_demand" : false
}, {
  "id" : 4184026248429,
  "text" : "УИК №2921",
  "href" : "region/izbirkom?action=show&root=182000033&tvd=4184026248429&vrn=100100225883172&prver=0&pronetvd=null&region=18&sub_region=18",
  "prver" : "0",
  "isUik" : true,
  "selected" : false,
  "load_on_demand" : false
}, {
  "id" : 4184026248430,
  "text" : "УИК №2922",
  "href" : "region/izbirkom?action=show&root=182000033&tvd=4184026248430&vrn=100100225883172&prver=0&pronetvd=null&region=18&sub_region=18",
  "prver" : "0",
  "isUik" : true,
  "selected" : false,
  "load_on_demand" : false
}, {
  "id" : 4184026248431,
  "text" : "УИК №2923",
  "href" : "region/izbirkom?action=show&root=182000033&tvd=4184026248431&vrn=100100225883172&prver=0&pronetvd=null&region=18&sub_region=18",
  "prver" : "0",
  "isUik" : true,
  "selected" : false,
  "load_on_demand" : false
}, {
  "id" : 4184026248432,
  "text" : "УИК №2924",
  "href" : "region/izbirkom?action=show&root=182000033&tvd=4184026248432&vrn=100100225883172&prver=0&pronetvd=null&region=18&sub_region=18",
  "prver" : "0",
  "isUik" : true,
  "selected" : false,
  "load_on_demand" : false
}, {
  "id" : 4184026248433,
  "text" : "УИК №2925",
  "href" : "region/izbirkom?action=show&root=182000033&tvd=4184026248433&vrn=100100225883172&prver=0&pronetvd=null&region=18&sub_region=18",
  "prver" : "0",
  "isUik" : true,
  "selected" : false,
  "load_on_demand" : false
} ]