[ {
  "id" : 4184019225874,
  "text" : "УИК №2301",
  "href" : "region/izbirkom?action=show&root=182000027&tvd=4184019225874&vrn=100100225883172&prver=0&pronetvd=null&region=18&sub_region=18",
  "prver" : "0",
  "isUik" : true,
  "selected" : false,
  "load_on_demand" : false
}, {
  "id" : 4184019225875,
  "text" : "УИК №2302",
  "href" : "region/izbirkom?action=show&root=182000027&tvd=4184019225875&vrn=100100225883172&prver=0&pronetvd=null&region=18&sub_region=18",
  "prver" : "0",
  "isUik" : true,
  "selected" : false,
  "load_on_demand" : false
}, {
  "id" : 4184019225876,
  "text" : "УИК №2303",
  "href" : "region/izbirkom?action=show&root=182000027&tvd=4184019225876&vrn=100100225883172&prver=0&pronetvd=null&region=18&sub_region=18",
  "prver" : "0",
  "isUik" : true,
  "selected" : false,
  "load_on_demand" : false
}, {
  "id" : 4184019225877,
  "text" : "УИК №2304",
  "href" : "region/izbirkom?action=show&root=182000027&tvd=4184019225877&vrn=100100225883172&prver=0&pronetvd=null&region=18&sub_region=18",
  "prver" : "0",
  "isUik" : true,
  "selected" : false,
  "load_on_demand" : false
}, {
  "id" : 4184019225878,
  "text" : "УИК №2305",
  "href" : "region/izbirkom?action=show&root=182000027&tvd=4184019225878&vrn=100100225883172&prver=0&pronetvd=null&region=18&sub_region=18",
  "prver" : "0",
  "isUik" : true,
  "selected" : false,
  "load_on_demand" : false
}, {
  "id" : 4184019225879,
  "text" : "УИК №2306",
  "href" : "region/izbirkom?action=show&root=182000027&tvd=4184019225879&vrn=100100225883172&prver=0&pronetvd=null&region=18&sub_region=18",
  "prver" : "0",
  "isUik" : true,
  "selected" : false,
  "load_on_demand" : false
}, {
  "id" : 4184019225880,
  "text" : "УИК №2307",
  "href" : "region/izbirkom?action=show&root=182000027&tvd=4184019225880&vrn=100100225883172&prver=0&pronetvd=null&region=18&sub_region=18",
  "prver" : "0",
  "isUik" : true,
  "selected" : false,
  "load_on_demand" : false
}, {
  "id" : 4184019225881,
  "text" : "УИК №2308",
  "href" : "region/izbirkom?action=show&root=182000027&tvd=4184019225881&vrn=100100225883172&prver=0&pronetvd=null&region=18&sub_region=18",
  "prver" : "0",
  "isUik" : true,
  "selected" : false,
  "load_on_demand" : false
}, {
  "id" : 4184019225223,
  "text" : "УИК №2309",
  "href" : "region/izbirkom?action=show&root=182000027&tvd=4184019225223&vrn=100100225883172&prver=0&pronetvd=null&region=18&sub_region=18",
  "prver" : "0",
  "isUik" : true,
  "selected" : false,
  "load_on_demand" : false
}, {
  "id" : 4184019225224,
  "text" : "УИК №2310",
  "href" : "region/izbirkom?action=show&root=182000027&tvd=4184019225224&vrn=100100225883172&prver=0&pronetvd=null&region=18&sub_region=18",
  "prver" : "0",
  "isUik" : true,
  "selected" : false,
  "load_on_demand" : false
}, {
  "id" : 4184019225225,
  "text" : "УИК №2311",
  "href" : "region/izbirkom?action=show&root=182000027&tvd=4184019225225&vrn=100100225883172&prver=0&pronetvd=null&region=18&sub_region=18",
  "prver" : "0",
  "isUik" : true,
  "selected" : false,
  "load_on_demand" : false
}, {
  "id" : 4184019225226,
  "text" : "УИК №2312",
  "href" : "region/izbirkom?action=show&root=182000027&tvd=4184019225226&vrn=100100225883172&prver=0&pronetvd=null&region=18&sub_region=18",
  "prver" : "0",
  "isUik" : true,
  "selected" : false,
  "load_on_demand" : false
}, {
  "id" : 4184019225227,
  "text" : "УИК №2313",
  "href" : "region/izbirkom?action=show&root=182000027&tvd=4184019225227&vrn=100100225883172&prver=0&pronetvd=null&region=18&sub_region=18",
  "prver" : "0",
  "isUik" : true,
  "selected" : false,
  "load_on_demand" : false
}, {
  "id" : 4184019225882,
  "text" : "УИК №2314",
  "href" : "region/izbirkom?action=show&root=182000027&tvd=4184019225882&vrn=100100225883172&prver=0&pronetvd=null&region=18&sub_region=18",
  "prver" : "0",
  "isUik" : true,
  "selected" : false,
  "load_on_demand" : false
}, {
  "id" : 4184019225229,
  "text" : "УИК №2315",
  "href" : "region/izbirkom?action=show&root=182000027&tvd=4184019225229&vrn=100100225883172&prver=0&pronetvd=null&region=18&sub_region=18",
  "prver" : "0",
  "isUik" : true,
  "selected" : false,
  "load_on_demand" : false
}, {
  "id" : 4184019225230,
  "text" : "УИК №2316",
  "href" : "region/izbirkom?action=show&root=182000027&tvd=4184019225230&vrn=100100225883172&prver=0&pronetvd=null&region=18&sub_region=18",
  "prver" : "0",
  "isUik" : true,
  "selected" : false,
  "load_on_demand" : false
}, {
  "id" : 4184019225231,
  "text" : "УИК №2317",
  "href" : "region/izbirkom?action=show&root=182000027&tvd=4184019225231&vrn=100100225883172&prver=0&pronetvd=null&region=18&sub_region=18",
  "prver" : "0",
  "isUik" : true,
  "selected" : false,
  "load_on_demand" : false
}, {
  "id" : 4184019225883,
  "text" : "УИК №2318",
  "href" : "region/izbirkom?action=show&root=182000027&tvd=4184019225883&vrn=100100225883172&prver=0&pronetvd=null&region=18&sub_region=18",
  "prver" : "0",
  "isUik" : true,
  "selected" : false,
  "load_on_demand" : false
}, {
  "id" : 4184019225884,
  "text" : "УИК №2319",
  "href" : "region/izbirkom?action=show&root=182000027&tvd=4184019225884&vrn=100100225883172&prver=0&pronetvd=null&region=18&sub_region=18",
  "prver" : "0",
  "isUik" : true,
  "selected" : false,
  "load_on_demand" : false
}, {
  "id" : 4184019225234,
  "text" : "УИК №2320",
  "href" : "region/izbirkom?action=show&root=182000027&tvd=4184019225234&vrn=100100225883172&prver=0&pronetvd=null&region=18&sub_region=18",
  "prver" : "0",
  "isUik" : true,
  "selected" : false,
  "load_on_demand" : false
}, {
  "id" : 4184019225235,
  "text" : "УИК №2321",
  "href" : "region/izbirkom?action=show&root=182000027&tvd=4184019225235&vrn=100100225883172&prver=0&pronetvd=null&region=18&sub_region=18",
  "prver" : "0",
  "isUik" : true,
  "selected" : false,
  "load_on_demand" : false
}, {
  "id" : 4184019225236,
  "text" : "УИК №2322",
  "href" : "region/izbirkom?action=show&root=182000027&tvd=4184019225236&vrn=100100225883172&prver=0&pronetvd=null&region=18&sub_region=18",
  "prver" : "0",
  "isUik" : true,
  "selected" : false,
  "load_on_demand" : false
} ]