[ {
  "id" : 4184018231800,
  "text" : "УИК №2201",
  "href" : "region/izbirkom?action=show&root=182000026&tvd=4184018231800&vrn=100100225883172&prver=0&pronetvd=null&region=18&sub_region=18",
  "prver" : "0",
  "isUik" : true,
  "selected" : false,
  "load_on_demand" : false
}, {
  "id" : 4184018231801,
  "text" : "УИК №2202",
  "href" : "region/izbirkom?action=show&root=182000026&tvd=4184018231801&vrn=100100225883172&prver=0&pronetvd=null&region=18&sub_region=18",
  "prver" : "0",
  "isUik" : true,
  "selected" : false,
  "load_on_demand" : false
}, {
  "id" : 4184018231802,
  "text" : "УИК №2203",
  "href" : "region/izbirkom?action=show&root=182000026&tvd=4184018231802&vrn=100100225883172&prver=0&pronetvd=null&region=18&sub_region=18",
  "prver" : "0",
  "isUik" : true,
  "selected" : false,
  "load_on_demand" : false
}, {
  "id" : 4184018231803,
  "text" : "УИК №2204",
  "href" : "region/izbirkom?action=show&root=182000026&tvd=4184018231803&vrn=100100225883172&prver=0&pronetvd=null&region=18&sub_region=18",
  "prver" : "0",
  "isUik" : true,
  "selected" : false,
  "load_on_demand" : false
}, {
  "id" : 4184018231804,
  "text" : "УИК №2205",
  "href" : "region/izbirkom?action=show&root=182000026&tvd=4184018231804&vrn=100100225883172&prver=0&pronetvd=null&region=18&sub_region=18",
  "prver" : "0",
  "isUik" : true,
  "selected" : false,
  "load_on_demand" : false
}, {
  "id" : 4184018231805,
  "text" : "УИК №2206",
  "href" : "region/izbirkom?action=show&root=182000026&tvd=4184018231805&vrn=100100225883172&prver=0&pronetvd=null&region=18&sub_region=18",
  "prver" : "0",
  "isUik" : true,
  "selected" : false,
  "load_on_demand" : false
}, {
  "id" : 4184018231806,
  "text" : "УИК №2207",
  "href" : "region/izbirkom?action=show&root=182000026&tvd=4184018231806&vrn=100100225883172&prver=0&pronetvd=null&region=18&sub_region=18",
  "prver" : "0",
  "isUik" : true,
  "selected" : false,
  "load_on_demand" : false
}, {
  "id" : 4184018231807,
  "text" : "УИК №2208",
  "href" : "region/izbirkom?action=show&root=182000026&tvd=4184018231807&vrn=100100225883172&prver=0&pronetvd=null&region=18&sub_region=18",
  "prver" : "0",
  "isUik" : true,
  "selected" : false,
  "load_on_demand" : false
}, {
  "id" : 4184018231808,
  "text" : "УИК №2209",
  "href" : "region/izbirkom?action=show&root=182000026&tvd=4184018231808&vrn=100100225883172&prver=0&pronetvd=null&region=18&sub_region=18",
  "prver" : "0",
  "isUik" : true,
  "selected" : false,
  "load_on_demand" : false
}, {
  "id" : 4184018231809,
  "text" : "УИК №2210",
  "href" : "region/izbirkom?action=show&root=182000026&tvd=4184018231809&vrn=100100225883172&prver=0&pronetvd=null&region=18&sub_region=18",
  "prver" : "0",
  "isUik" : true,
  "selected" : false,
  "load_on_demand" : false
}, {
  "id" : 4184018231810,
  "text" : "УИК №2211",
  "href" : "region/izbirkom?action=show&root=182000026&tvd=4184018231810&vrn=100100225883172&prver=0&pronetvd=null&region=18&sub_region=18",
  "prver" : "0",
  "isUik" : true,
  "selected" : false,
  "load_on_demand" : false
}, {
  "id" : 4184018231811,
  "text" : "УИК №2212",
  "href" : "region/izbirkom?action=show&root=182000026&tvd=4184018231811&vrn=100100225883172&prver=0&pronetvd=null&region=18&sub_region=18",
  "prver" : "0",
  "isUik" : true,
  "selected" : false,
  "load_on_demand" : false
}, {
  "id" : 4184018231812,
  "text" : "УИК №2213",
  "href" : "region/izbirkom?action=show&root=182000026&tvd=4184018231812&vrn=100100225883172&prver=0&pronetvd=null&region=18&sub_region=18",
  "prver" : "0",
  "isUik" : true,
  "selected" : false,
  "load_on_demand" : false
}, {
  "id" : 4184018231813,
  "text" : "УИК №2214",
  "href" : "region/izbirkom?action=show&root=182000026&tvd=4184018231813&vrn=100100225883172&prver=0&pronetvd=null&region=18&sub_region=18",
  "prver" : "0",
  "isUik" : true,
  "selected" : false,
  "load_on_demand" : false
}, {
  "id" : 4184018231814,
  "text" : "УИК №2215",
  "href" : "region/izbirkom?action=show&root=182000026&tvd=4184018231814&vrn=100100225883172&prver=0&pronetvd=null&region=18&sub_region=18",
  "prver" : "0",
  "isUik" : true,
  "selected" : false,
  "load_on_demand" : false
}, {
  "id" : 4184018231815,
  "text" : "УИК №2216",
  "href" : "region/izbirkom?action=show&root=182000026&tvd=4184018231815&vrn=100100225883172&prver=0&pronetvd=null&region=18&sub_region=18",
  "prver" : "0",
  "isUik" : true,
  "selected" : false,
  "load_on_demand" : false
}, {
  "id" : 4184018231816,
  "text" : "УИК №2217",
  "href" : "region/izbirkom?action=show&root=182000026&tvd=4184018231816&vrn=100100225883172&prver=0&pronetvd=null&region=18&sub_region=18",
  "prver" : "0",
  "isUik" : true,
  "selected" : false,
  "load_on_demand" : false
}, {
  "id" : 4184018231817,
  "text" : "УИК №2218",
  "href" : "region/izbirkom?action=show&root=182000026&tvd=4184018231817&vrn=100100225883172&prver=0&pronetvd=null&region=18&sub_region=18",
  "prver" : "0",
  "isUik" : true,
  "selected" : false,
  "load_on_demand" : false
}, {
  "id" : 4184018231818,
  "text" : "УИК №2219",
  "href" : "region/izbirkom?action=show&root=182000026&tvd=4184018231818&vrn=100100225883172&prver=0&pronetvd=null&region=18&sub_region=18",
  "prver" : "0",
  "isUik" : true,
  "selected" : false,
  "load_on_demand" : false
}, {
  "id" : 4184018231819,
  "text" : "УИК №2220",
  "href" : "region/izbirkom?action=show&root=182000026&tvd=4184018231819&vrn=100100225883172&prver=0&pronetvd=null&region=18&sub_region=18",
  "prver" : "0",
  "isUik" : true,
  "selected" : false,
  "load_on_demand" : false
}, {
  "id" : 4184018231820,
  "text" : "УИК №2221",
  "href" : "region/izbirkom?action=show&root=182000026&tvd=4184018231820&vrn=100100225883172&prver=0&pronetvd=null&region=18&sub_region=18",
  "prver" : "0",
  "isUik" : true,
  "selected" : false,
  "load_on_demand" : false
}, {
  "id" : 4184018231821,
  "text" : "УИК №2222",
  "href" : "region/izbirkom?action=show&root=182000026&tvd=4184018231821&vrn=100100225883172&prver=0&pronetvd=null&region=18&sub_region=18",
  "prver" : "0",
  "isUik" : true,
  "selected" : false,
  "load_on_demand" : false
}, {
  "id" : 4184018231822,
  "text" : "УИК №2223",
  "href" : "region/izbirkom?action=show&root=182000026&tvd=4184018231822&vrn=100100225883172&prver=0&pronetvd=null&region=18&sub_region=18",
  "prver" : "0",
  "isUik" : true,
  "selected" : false,
  "load_on_demand" : false
}, {
  "id" : 4184018231823,
  "text" : "УИК №2224",
  "href" : "region/izbirkom?action=show&root=182000026&tvd=4184018231823&vrn=100100225883172&prver=0&pronetvd=null&region=18&sub_region=18",
  "prver" : "0",
  "isUik" : true,
  "selected" : false,
  "load_on_demand" : false
}, {
  "id" : 4184018231824,
  "text" : "УИК №2225",
  "href" : "region/izbirkom?action=show&root=182000026&tvd=4184018231824&vrn=100100225883172&prver=0&pronetvd=null&region=18&sub_region=18",
  "prver" : "0",
  "isUik" : true,
  "selected" : false,
  "load_on_demand" : false
}, {
  "id" : 4184018231825,
  "text" : "УИК №2226",
  "href" : "region/izbirkom?action=show&root=182000026&tvd=4184018231825&vrn=100100225883172&prver=0&pronetvd=null&region=18&sub_region=18",
  "prver" : "0",
  "isUik" : true,
  "selected" : false,
  "load_on_demand" : false
}, {
  "id" : 4184018231826,
  "text" : "УИК №2227",
  "href" : "region/izbirkom?action=show&root=182000026&tvd=4184018231826&vrn=100100225883172&prver=0&pronetvd=null&region=18&sub_region=18",
  "prver" : "0",
  "isUik" : true,
  "selected" : false,
  "load_on_demand" : false
}, {
  "id" : 4184018231827,
  "text" : "УИК №2228",
  "href" : "region/izbirkom?action=show&root=182000026&tvd=4184018231827&vrn=100100225883172&prver=0&pronetvd=null&region=18&sub_region=18",
  "prver" : "0",
  "isUik" : true,
  "selected" : false,
  "load_on_demand" : false
}, {
  "id" : 4184018231828,
  "text" : "УИК №2229",
  "href" : "region/izbirkom?action=show&root=182000026&tvd=4184018231828&vrn=100100225883172&prver=0&pronetvd=null&region=18&sub_region=18",
  "prver" : "0",
  "isUik" : true,
  "selected" : false,
  "load_on_demand" : false
}, {
  "id" : 4184018231829,
  "text" : "УИК №2230",
  "href" : "region/izbirkom?action=show&root=182000026&tvd=4184018231829&vrn=100100225883172&prver=0&pronetvd=null&region=18&sub_region=18",
  "prver" : "0",
  "isUik" : true,
  "selected" : false,
  "load_on_demand" : false
} ]