[ {
  "id" : 4184016216345,
  "text" : "УИК №2001",
  "href" : "region/izbirkom?action=show&root=182000025&tvd=4184016216345&vrn=100100225883172&prver=0&pronetvd=null&region=18&sub_region=18",
  "prver" : "0",
  "isUik" : true,
  "selected" : false,
  "load_on_demand" : false
}, {
  "id" : 4184016216346,
  "text" : "УИК №2002",
  "href" : "region/izbirkom?action=show&root=182000025&tvd=4184016216346&vrn=100100225883172&prver=0&pronetvd=null&region=18&sub_region=18",
  "prver" : "0",
  "isUik" : true,
  "selected" : false,
  "load_on_demand" : false
}, {
  "id" : 4184016216347,
  "text" : "УИК №2003",
  "href" : "region/izbirkom?action=show&root=182000025&tvd=4184016216347&vrn=100100225883172&prver=0&pronetvd=null&region=18&sub_region=18",
  "prver" : "0",
  "isUik" : true,
  "selected" : false,
  "load_on_demand" : false
}, {
  "id" : 4184016216348,
  "text" : "УИК №2004",
  "href" : "region/izbirkom?action=show&root=182000025&tvd=4184016216348&vrn=100100225883172&prver=0&pronetvd=null&region=18&sub_region=18",
  "prver" : "0",
  "isUik" : true,
  "selected" : false,
  "load_on_demand" : false
}, {
  "id" : 4184016216349,
  "text" : "УИК №2005",
  "href" : "region/izbirkom?action=show&root=182000025&tvd=4184016216349&vrn=100100225883172&prver=0&pronetvd=null&region=18&sub_region=18",
  "prver" : "0",
  "isUik" : true,
  "selected" : false,
  "load_on_demand" : false
}, {
  "id" : 4184016216350,
  "text" : "УИК №2006",
  "href" : "region/izbirkom?action=show&root=182000025&tvd=4184016216350&vrn=100100225883172&prver=0&pronetvd=null&region=18&sub_region=18",
  "prver" : "0",
  "isUik" : true,
  "selected" : false,
  "load_on_demand" : false
}, {
  "id" : 4184016216351,
  "text" : "УИК №2007",
  "href" : "region/izbirkom?action=show&root=182000025&tvd=4184016216351&vrn=100100225883172&prver=0&pronetvd=null&region=18&sub_region=18",
  "prver" : "0",
  "isUik" : true,
  "selected" : false,
  "load_on_demand" : false
}, {
  "id" : 4184016216352,
  "text" : "УИК №2008",
  "href" : "region/izbirkom?action=show&root=182000025&tvd=4184016216352&vrn=100100225883172&prver=0&pronetvd=null&region=18&sub_region=18",
  "prver" : "0",
  "isUik" : true,
  "selected" : false,
  "load_on_demand" : false
}, {
  "id" : 4184016216353,
  "text" : "УИК №2009",
  "href" : "region/izbirkom?action=show&root=182000025&tvd=4184016216353&vrn=100100225883172&prver=0&pronetvd=null&region=18&sub_region=18",
  "prver" : "0",
  "isUik" : true,
  "selected" : false,
  "load_on_demand" : false
}, {
  "id" : 4184016216354,
  "text" : "УИК №2010",
  "href" : "region/izbirkom?action=show&root=182000025&tvd=4184016216354&vrn=100100225883172&prver=0&pronetvd=null&region=18&sub_region=18",
  "prver" : "0",
  "isUik" : true,
  "selected" : false,
  "load_on_demand" : false
}, {
  "id" : 4184016216355,
  "text" : "УИК №2011",
  "href" : "region/izbirkom?action=show&root=182000025&tvd=4184016216355&vrn=100100225883172&prver=0&pronetvd=null&region=18&sub_region=18",
  "prver" : "0",
  "isUik" : true,
  "selected" : false,
  "load_on_demand" : false
}, {
  "id" : 4184016216356,
  "text" : "УИК №2012",
  "href" : "region/izbirkom?action=show&root=182000025&tvd=4184016216356&vrn=100100225883172&prver=0&pronetvd=null&region=18&sub_region=18",
  "prver" : "0",
  "isUik" : true,
  "selected" : false,
  "load_on_demand" : false
}, {
  "id" : 4184016216357,
  "text" : "УИК №2013",
  "href" : "region/izbirkom?action=show&root=182000025&tvd=4184016216357&vrn=100100225883172&prver=0&pronetvd=null&region=18&sub_region=18",
  "prver" : "0",
  "isUik" : true,
  "selected" : false,
  "load_on_demand" : false
}, {
  "id" : 4184016216358,
  "text" : "УИК №2014",
  "href" : "region/izbirkom?action=show&root=182000025&tvd=4184016216358&vrn=100100225883172&prver=0&pronetvd=null&region=18&sub_region=18",
  "prver" : "0",
  "isUik" : true,
  "selected" : false,
  "load_on_demand" : false
}, {
  "id" : 4184016216359,
  "text" : "УИК №2015",
  "href" : "region/izbirkom?action=show&root=182000025&tvd=4184016216359&vrn=100100225883172&prver=0&pronetvd=null&region=18&sub_region=18",
  "prver" : "0",
  "isUik" : true,
  "selected" : false,
  "load_on_demand" : false
}, {
  "id" : 4184016216360,
  "text" : "УИК №2016",
  "href" : "region/izbirkom?action=show&root=182000025&tvd=4184016216360&vrn=100100225883172&prver=0&pronetvd=null&region=18&sub_region=18",
  "prver" : "0",
  "isUik" : true,
  "selected" : false,
  "load_on_demand" : false
}, {
  "id" : 4184016216361,
  "text" : "УИК №2017",
  "href" : "region/izbirkom?action=show&root=182000025&tvd=4184016216361&vrn=100100225883172&prver=0&pronetvd=null&region=18&sub_region=18",
  "prver" : "0",
  "isUik" : true,
  "selected" : false,
  "load_on_demand" : false
} ]