[ {
  "id" : 4184031267318,
  "text" : "УИК №3401",
  "href" : "region/izbirkom?action=show&root=182000017&tvd=4184031267318&vrn=100100225883172&prver=0&pronetvd=null&region=18&sub_region=18",
  "prver" : "0",
  "isUik" : true,
  "selected" : false,
  "load_on_demand" : false
}, {
  "id" : 4184031267319,
  "text" : "УИК №3402",
  "href" : "region/izbirkom?action=show&root=182000017&tvd=4184031267319&vrn=100100225883172&prver=0&pronetvd=null&region=18&sub_region=18",
  "prver" : "0",
  "isUik" : true,
  "selected" : false,
  "load_on_demand" : false
}, {
  "id" : 4184031267320,
  "text" : "УИК №3403",
  "href" : "region/izbirkom?action=show&root=182000017&tvd=4184031267320&vrn=100100225883172&prver=0&pronetvd=null&region=18&sub_region=18",
  "prver" : "0",
  "isUik" : true,
  "selected" : false,
  "load_on_demand" : false
}, {
  "id" : 4184031267321,
  "text" : "УИК №3404",
  "href" : "region/izbirkom?action=show&root=182000017&tvd=4184031267321&vrn=100100225883172&prver=0&pronetvd=null&region=18&sub_region=18",
  "prver" : "0",
  "isUik" : true,
  "selected" : false,
  "load_on_demand" : false
}, {
  "id" : 4184031267322,
  "text" : "УИК №3406",
  "href" : "region/izbirkom?action=show&root=182000017&tvd=4184031267322&vrn=100100225883172&prver=0&pronetvd=null&region=18&sub_region=18",
  "prver" : "0",
  "isUik" : true,
  "selected" : false,
  "load_on_demand" : false
}, {
  "id" : 4184031267323,
  "text" : "УИК №3407",
  "href" : "region/izbirkom?action=show&root=182000017&tvd=4184031267323&vrn=100100225883172&prver=0&pronetvd=null&region=18&sub_region=18",
  "prver" : "0",
  "isUik" : true,
  "selected" : false,
  "load_on_demand" : false
}, {
  "id" : 4184031267324,
  "text" : "УИК №3408",
  "href" : "region/izbirkom?action=show&root=182000017&tvd=4184031267324&vrn=100100225883172&prver=0&pronetvd=null&region=18&sub_region=18",
  "prver" : "0",
  "isUik" : true,
  "selected" : false,
  "load_on_demand" : false
}, {
  "id" : 4184031267325,
  "text" : "УИК №3409",
  "href" : "region/izbirkom?action=show&root=182000017&tvd=4184031267325&vrn=100100225883172&prver=0&pronetvd=null&region=18&sub_region=18",
  "prver" : "0",
  "isUik" : true,
  "selected" : false,
  "load_on_demand" : false
}, {
  "id" : 4184031267326,
  "text" : "УИК №3411",
  "href" : "region/izbirkom?action=show&root=182000017&tvd=4184031267326&vrn=100100225883172&prver=0&pronetvd=null&region=18&sub_region=18",
  "prver" : "0",
  "isUik" : true,
  "selected" : false,
  "load_on_demand" : false
}, {
  "id" : 4184031267327,
  "text" : "УИК №3412",
  "href" : "region/izbirkom?action=show&root=182000017&tvd=4184031267327&vrn=100100225883172&prver=0&pronetvd=null&region=18&sub_region=18",
  "prver" : "0",
  "isUik" : true,
  "selected" : false,
  "load_on_demand" : false
}, {
  "id" : 4184031267328,
  "text" : "УИК №3413",
  "href" : "region/izbirkom?action=show&root=182000017&tvd=4184031267328&vrn=100100225883172&prver=0&pronetvd=null&region=18&sub_region=18",
  "prver" : "0",
  "isUik" : true,
  "selected" : false,
  "load_on_demand" : false
}, {
  "id" : 4184031267329,
  "text" : "УИК №3414",
  "href" : "region/izbirkom?action=show&root=182000017&tvd=4184031267329&vrn=100100225883172&prver=0&pronetvd=null&region=18&sub_region=18",
  "prver" : "0",
  "isUik" : true,
  "selected" : false,
  "load_on_demand" : false
}, {
  "id" : 4184031267330,
  "text" : "УИК №3415",
  "href" : "region/izbirkom?action=show&root=182000017&tvd=4184031267330&vrn=100100225883172&prver=0&pronetvd=null&region=18&sub_region=18",
  "prver" : "0",
  "isUik" : true,
  "selected" : false,
  "load_on_demand" : false
}, {
  "id" : 4184031267331,
  "text" : "УИК №3416",
  "href" : "region/izbirkom?action=show&root=182000017&tvd=4184031267331&vrn=100100225883172&prver=0&pronetvd=null&region=18&sub_region=18",
  "prver" : "0",
  "isUik" : true,
  "selected" : false,
  "load_on_demand" : false
}, {
  "id" : 4184031267332,
  "text" : "УИК №3417",
  "href" : "region/izbirkom?action=show&root=182000017&tvd=4184031267332&vrn=100100225883172&prver=0&pronetvd=null&region=18&sub_region=18",
  "prver" : "0",
  "isUik" : true,
  "selected" : false,
  "load_on_demand" : false
}, {
  "id" : 4184031267333,
  "text" : "УИК №3418",
  "href" : "region/izbirkom?action=show&root=182000017&tvd=4184031267333&vrn=100100225883172&prver=0&pronetvd=null&region=18&sub_region=18",
  "prver" : "0",
  "isUik" : true,
  "selected" : false,
  "load_on_demand" : false
}, {
  "id" : 4184031267334,
  "text" : "УИК №3419",
  "href" : "region/izbirkom?action=show&root=182000017&tvd=4184031267334&vrn=100100225883172&prver=0&pronetvd=null&region=18&sub_region=18",
  "prver" : "0",
  "isUik" : true,
  "selected" : false,
  "load_on_demand" : false
}, {
  "id" : 4184031267335,
  "text" : "УИК №3420",
  "href" : "region/izbirkom?action=show&root=182000017&tvd=4184031267335&vrn=100100225883172&prver=0&pronetvd=null&region=18&sub_region=18",
  "prver" : "0",
  "isUik" : true,
  "selected" : false,
  "load_on_demand" : false
}, {
  "id" : 4184031267336,
  "text" : "УИК №3421",
  "href" : "region/izbirkom?action=show&root=182000017&tvd=4184031267336&vrn=100100225883172&prver=0&pronetvd=null&region=18&sub_region=18",
  "prver" : "0",
  "isUik" : true,
  "selected" : false,
  "load_on_demand" : false
}, {
  "id" : 4184031267337,
  "text" : "УИК №3422",
  "href" : "region/izbirkom?action=show&root=182000017&tvd=4184031267337&vrn=100100225883172&prver=0&pronetvd=null&region=18&sub_region=18",
  "prver" : "0",
  "isUik" : true,
  "selected" : false,
  "load_on_demand" : false
}, {
  "id" : 4184031267338,
  "text" : "УИК №3423",
  "href" : "region/izbirkom?action=show&root=182000017&tvd=4184031267338&vrn=100100225883172&prver=0&pronetvd=null&region=18&sub_region=18",
  "prver" : "0",
  "isUik" : true,
  "selected" : false,
  "load_on_demand" : false
} ]