[ {
  "id" : 4184011293894,
  "text" : "УИК №201",
  "href" : "region/izbirkom?action=show&root=182000021&tvd=4184011293894&vrn=100100225883172&prver=0&pronetvd=null&region=18&sub_region=18",
  "prver" : "0",
  "isUik" : true,
  "selected" : false,
  "load_on_demand" : false
}, {
  "id" : 4184011293895,
  "text" : "УИК №202",
  "href" : "region/izbirkom?action=show&root=182000021&tvd=4184011293895&vrn=100100225883172&prver=0&pronetvd=null&region=18&sub_region=18",
  "prver" : "0",
  "isUik" : true,
  "selected" : false,
  "load_on_demand" : false
}, {
  "id" : 4184011293896,
  "text" : "УИК №203",
  "href" : "region/izbirkom?action=show&root=182000021&tvd=4184011293896&vrn=100100225883172&prver=0&pronetvd=null&region=18&sub_region=18",
  "prver" : "0",
  "isUik" : true,
  "selected" : false,
  "load_on_demand" : false
}, {
  "id" : 4184011293897,
  "text" : "УИК №204",
  "href" : "region/izbirkom?action=show&root=182000021&tvd=4184011293897&vrn=100100225883172&prver=0&pronetvd=null&region=18&sub_region=18",
  "prver" : "0",
  "isUik" : true,
  "selected" : false,
  "load_on_demand" : false
}, {
  "id" : 4184011293898,
  "text" : "УИК №205",
  "href" : "region/izbirkom?action=show&root=182000021&tvd=4184011293898&vrn=100100225883172&prver=0&pronetvd=null&region=18&sub_region=18",
  "prver" : "0",
  "isUik" : true,
  "selected" : false,
  "load_on_demand" : false
}, {
  "id" : 4184011293899,
  "text" : "УИК №206",
  "href" : "region/izbirkom?action=show&root=182000021&tvd=4184011293899&vrn=100100225883172&prver=0&pronetvd=null&region=18&sub_region=18",
  "prver" : "0",
  "isUik" : true,
  "selected" : false,
  "load_on_demand" : false
}, {
  "id" : 4184011293900,
  "text" : "УИК №207",
  "href" : "region/izbirkom?action=show&root=182000021&tvd=4184011293900&vrn=100100225883172&prver=0&pronetvd=null&region=18&sub_region=18",
  "prver" : "0",
  "isUik" : true,
  "selected" : false,
  "load_on_demand" : false
}, {
  "id" : 4184011293901,
  "text" : "УИК №208",
  "href" : "region/izbirkom?action=show&root=182000021&tvd=4184011293901&vrn=100100225883172&prver=0&pronetvd=null&region=18&sub_region=18",
  "prver" : "0",
  "isUik" : true,
  "selected" : false,
  "load_on_demand" : false
}, {
  "id" : 4184011293902,
  "text" : "УИК №209",
  "href" : "region/izbirkom?action=show&root=182000021&tvd=4184011293902&vrn=100100225883172&prver=0&pronetvd=null&region=18&sub_region=18",
  "prver" : "0",
  "isUik" : true,
  "selected" : false,
  "load_on_demand" : false
}, {
  "id" : 4184011293903,
  "text" : "УИК №210",
  "href" : "region/izbirkom?action=show&root=182000021&tvd=4184011293903&vrn=100100225883172&prver=0&pronetvd=null&region=18&sub_region=18",
  "prver" : "0",
  "isUik" : true,
  "selected" : false,
  "load_on_demand" : false
}, {
  "id" : 4184011293904,
  "text" : "УИК №211",
  "href" : "region/izbirkom?action=show&root=182000021&tvd=4184011293904&vrn=100100225883172&prver=0&pronetvd=null&region=18&sub_region=18",
  "prver" : "0",
  "isUik" : true,
  "selected" : false,
  "load_on_demand" : false
}, {
  "id" : 4184011293905,
  "text" : "УИК №212",
  "href" : "region/izbirkom?action=show&root=182000021&tvd=4184011293905&vrn=100100225883172&prver=0&pronetvd=null&region=18&sub_region=18",
  "prver" : "0",
  "isUik" : true,
  "selected" : false,
  "load_on_demand" : false
}, {
  "id" : 4184011293906,
  "text" : "УИК №213",
  "href" : "region/izbirkom?action=show&root=182000021&tvd=4184011293906&vrn=100100225883172&prver=0&pronetvd=null&region=18&sub_region=18",
  "prver" : "0",
  "isUik" : true,
  "selected" : false,
  "load_on_demand" : false
}, {
  "id" : 4184011293907,
  "text" : "УИК №214",
  "href" : "region/izbirkom?action=show&root=182000021&tvd=4184011293907&vrn=100100225883172&prver=0&pronetvd=null&region=18&sub_region=18",
  "prver" : "0",
  "isUik" : true,
  "selected" : false,
  "load_on_demand" : false
}, {
  "id" : 4184011293908,
  "text" : "УИК №215",
  "href" : "region/izbirkom?action=show&root=182000021&tvd=4184011293908&vrn=100100225883172&prver=0&pronetvd=null&region=18&sub_region=18",
  "prver" : "0",
  "isUik" : true,
  "selected" : false,
  "load_on_demand" : false
}, {
  "id" : 4184011293909,
  "text" : "УИК №216",
  "href" : "region/izbirkom?action=show&root=182000021&tvd=4184011293909&vrn=100100225883172&prver=0&pronetvd=null&region=18&sub_region=18",
  "prver" : "0",
  "isUik" : true,
  "selected" : false,
  "load_on_demand" : false
}, {
  "id" : 4184011293910,
  "text" : "УИК №217",
  "href" : "region/izbirkom?action=show&root=182000021&tvd=4184011293910&vrn=100100225883172&prver=0&pronetvd=null&region=18&sub_region=18",
  "prver" : "0",
  "isUik" : true,
  "selected" : false,
  "load_on_demand" : false
}, {
  "id" : 4184011293911,
  "text" : "УИК №218",
  "href" : "region/izbirkom?action=show&root=182000021&tvd=4184011293911&vrn=100100225883172&prver=0&pronetvd=null&region=18&sub_region=18",
  "prver" : "0",
  "isUik" : true,
  "selected" : false,
  "load_on_demand" : false
}, {
  "id" : 4184011293912,
  "text" : "УИК №219",
  "href" : "region/izbirkom?action=show&root=182000021&tvd=4184011293912&vrn=100100225883172&prver=0&pronetvd=null&region=18&sub_region=18",
  "prver" : "0",
  "isUik" : true,
  "selected" : false,
  "load_on_demand" : false
}, {
  "id" : 4184011293913,
  "text" : "УИК №220",
  "href" : "region/izbirkom?action=show&root=182000021&tvd=4184011293913&vrn=100100225883172&prver=0&pronetvd=null&region=18&sub_region=18",
  "prver" : "0",
  "isUik" : true,
  "selected" : false,
  "load_on_demand" : false
}, {
  "id" : 4184011293914,
  "text" : "УИК №221",
  "href" : "region/izbirkom?action=show&root=182000021&tvd=4184011293914&vrn=100100225883172&prver=0&pronetvd=null&region=18&sub_region=18",
  "prver" : "0",
  "isUik" : true,
  "selected" : false,
  "load_on_demand" : false
}, {
  "id" : 4184011293915,
  "text" : "УИК №222",
  "href" : "region/izbirkom?action=show&root=182000021&tvd=4184011293915&vrn=100100225883172&prver=0&pronetvd=null&region=18&sub_region=18",
  "prver" : "0",
  "isUik" : true,
  "selected" : false,
  "load_on_demand" : false
}, {
  "id" : 4184011293916,
  "text" : "УИК №223",
  "href" : "region/izbirkom?action=show&root=182000021&tvd=4184011293916&vrn=100100225883172&prver=0&pronetvd=null&region=18&sub_region=18",
  "prver" : "0",
  "isUik" : true,
  "selected" : false,
  "load_on_demand" : false
}, {
  "id" : 4184011293917,
  "text" : "УИК №224",
  "href" : "region/izbirkom?action=show&root=182000021&tvd=4184011293917&vrn=100100225883172&prver=0&pronetvd=null&region=18&sub_region=18",
  "prver" : "0",
  "isUik" : true,
  "selected" : false,
  "load_on_demand" : false
}, {
  "id" : 4184011293918,
  "text" : "УИК №225",
  "href" : "region/izbirkom?action=show&root=182000021&tvd=4184011293918&vrn=100100225883172&prver=0&pronetvd=null&region=18&sub_region=18",
  "prver" : "0",
  "isUik" : true,
  "selected" : false,
  "load_on_demand" : false
}, {
  "id" : 4184011293919,
  "text" : "УИК №226",
  "href" : "region/izbirkom?action=show&root=182000021&tvd=4184011293919&vrn=100100225883172&prver=0&pronetvd=null&region=18&sub_region=18",
  "prver" : "0",
  "isUik" : true,
  "selected" : false,
  "load_on_demand" : false
}, {
  "id" : 4184011293920,
  "text" : "УИК №227",
  "href" : "region/izbirkom?action=show&root=182000021&tvd=4184011293920&vrn=100100225883172&prver=0&pronetvd=null&region=18&sub_region=18",
  "prver" : "0",
  "isUik" : true,
  "selected" : false,
  "load_on_demand" : false
}, {
  "id" : 4184011293921,
  "text" : "УИК №228",
  "href" : "region/izbirkom?action=show&root=182000021&tvd=4184011293921&vrn=100100225883172&prver=0&pronetvd=null&region=18&sub_region=18",
  "prver" : "0",
  "isUik" : true,
  "selected" : false,
  "load_on_demand" : false
}, {
  "id" : 4184011293922,
  "text" : "УИК №229",
  "href" : "region/izbirkom?action=show&root=182000021&tvd=4184011293922&vrn=100100225883172&prver=0&pronetvd=null&region=18&sub_region=18",
  "prver" : "0",
  "isUik" : true,
  "selected" : false,
  "load_on_demand" : false
}, {
  "id" : 4184011293923,
  "text" : "УИК №230",
  "href" : "region/izbirkom?action=show&root=182000021&tvd=4184011293923&vrn=100100225883172&prver=0&pronetvd=null&region=18&sub_region=18",
  "prver" : "0",
  "isUik" : true,
  "selected" : false,
  "load_on_demand" : false
}, {
  "id" : 4184011297756,
  "text" : "УИК №231",
  "href" : "region/izbirkom?action=show&root=182000021&tvd=4184011297756&vrn=100100225883172&prver=0&pronetvd=null&region=18&sub_region=18",
  "prver" : "0",
  "isUik" : true,
  "selected" : false,
  "load_on_demand" : false
}, {
  "id" : 4184011293925,
  "text" : "УИК №232",
  "href" : "region/izbirkom?action=show&root=182000021&tvd=4184011293925&vrn=100100225883172&prver=0&pronetvd=null&region=18&sub_region=18",
  "prver" : "0",
  "isUik" : true,
  "selected" : false,
  "load_on_demand" : false
}, {
  "id" : 4184011293926,
  "text" : "УИК №233",
  "href" : "region/izbirkom?action=show&root=182000021&tvd=4184011293926&vrn=100100225883172&prver=0&pronetvd=null&region=18&sub_region=18",
  "prver" : "0",
  "isUik" : true,
  "selected" : false,
  "load_on_demand" : false
}, {
  "id" : 4184011293927,
  "text" : "УИК №234",
  "href" : "region/izbirkom?action=show&root=182000021&tvd=4184011293927&vrn=100100225883172&prver=0&pronetvd=null&region=18&sub_region=18",
  "prver" : "0",
  "isUik" : true,
  "selected" : false,
  "load_on_demand" : false
}, {
  "id" : 4184011293928,
  "text" : "УИК №235",
  "href" : "region/izbirkom?action=show&root=182000021&tvd=4184011293928&vrn=100100225883172&prver=0&pronetvd=null&region=18&sub_region=18",
  "prver" : "0",
  "isUik" : true,
  "selected" : false,
  "load_on_demand" : false
}, {
  "id" : 4184011293929,
  "text" : "УИК №236",
  "href" : "region/izbirkom?action=show&root=182000021&tvd=4184011293929&vrn=100100225883172&prver=0&pronetvd=null&region=18&sub_region=18",
  "prver" : "0",
  "isUik" : true,
  "selected" : false,
  "load_on_demand" : false
}, {
  "id" : 4184011293930,
  "text" : "УИК №237",
  "href" : "region/izbirkom?action=show&root=182000021&tvd=4184011293930&vrn=100100225883172&prver=0&pronetvd=null&region=18&sub_region=18",
  "prver" : "0",
  "isUik" : true,
  "selected" : false,
  "load_on_demand" : false
}, {
  "id" : 4184011293931,
  "text" : "УИК №238",
  "href" : "region/izbirkom?action=show&root=182000021&tvd=4184011293931&vrn=100100225883172&prver=0&pronetvd=null&region=18&sub_region=18",
  "prver" : "0",
  "isUik" : true,
  "selected" : false,
  "load_on_demand" : false
}, {
  "id" : 4184011297758,
  "text" : "УИК №239",
  "href" : "region/izbirkom?action=show&root=182000021&tvd=4184011297758&vrn=100100225883172&prver=0&pronetvd=null&region=18&sub_region=18",
  "prver" : "0",
  "isUik" : true,
  "selected" : false,
  "load_on_demand" : false
}, {
  "id" : 4184011297760,
  "text" : "УИК №240",
  "href" : "region/izbirkom?action=show&root=182000021&tvd=4184011297760&vrn=100100225883172&prver=0&pronetvd=null&region=18&sub_region=18",
  "prver" : "0",
  "isUik" : true,
  "selected" : false,
  "load_on_demand" : false
}, {
  "id" : 4184011293934,
  "text" : "УИК №241",
  "href" : "region/izbirkom?action=show&root=182000021&tvd=4184011293934&vrn=100100225883172&prver=0&pronetvd=null&region=18&sub_region=18",
  "prver" : "0",
  "isUik" : true,
  "selected" : false,
  "load_on_demand" : false
}, {
  "id" : 4184011293935,
  "text" : "УИК №242",
  "href" : "region/izbirkom?action=show&root=182000021&tvd=4184011293935&vrn=100100225883172&prver=0&pronetvd=null&region=18&sub_region=18",
  "prver" : "0",
  "isUik" : true,
  "selected" : false,
  "load_on_demand" : false
}, {
  "id" : 4184011293936,
  "text" : "УИК №243",
  "href" : "region/izbirkom?action=show&root=182000021&tvd=4184011293936&vrn=100100225883172&prver=0&pronetvd=null&region=18&sub_region=18",
  "prver" : "0",
  "isUik" : true,
  "selected" : false,
  "load_on_demand" : false
}, {
  "id" : 4184011293937,
  "text" : "УИК №244",
  "href" : "region/izbirkom?action=show&root=182000021&tvd=4184011293937&vrn=100100225883172&prver=0&pronetvd=null&region=18&sub_region=18",
  "prver" : "0",
  "isUik" : true,
  "selected" : false,
  "load_on_demand" : false
}, {
  "id" : 4184011293938,
  "text" : "УИК №245",
  "href" : "region/izbirkom?action=show&root=182000021&tvd=4184011293938&vrn=100100225883172&prver=0&pronetvd=null&region=18&sub_region=18",
  "prver" : "0",
  "isUik" : true,
  "selected" : false,
  "load_on_demand" : false
}, {
  "id" : 4184011293939,
  "text" : "УИК №246",
  "href" : "region/izbirkom?action=show&root=182000021&tvd=4184011293939&vrn=100100225883172&prver=0&pronetvd=null&region=18&sub_region=18",
  "prver" : "0",
  "isUik" : true,
  "selected" : false,
  "load_on_demand" : false
}, {
  "id" : 4184011293940,
  "text" : "УИК №247",
  "href" : "region/izbirkom?action=show&root=182000021&tvd=4184011293940&vrn=100100225883172&prver=0&pronetvd=null&region=18&sub_region=18",
  "prver" : "0",
  "isUik" : true,
  "selected" : false,
  "load_on_demand" : false
}, {
  "id" : 4184011293941,
  "text" : "УИК №248",
  "href" : "region/izbirkom?action=show&root=182000021&tvd=4184011293941&vrn=100100225883172&prver=0&pronetvd=null&region=18&sub_region=18",
  "prver" : "0",
  "isUik" : true,
  "selected" : false,
  "load_on_demand" : false
}, {
  "id" : 4184011293942,
  "text" : "УИК №249",
  "href" : "region/izbirkom?action=show&root=182000021&tvd=4184011293942&vrn=100100225883172&prver=0&pronetvd=null&region=18&sub_region=18",
  "prver" : "0",
  "isUik" : true,
  "selected" : false,
  "load_on_demand" : false
}, {
  "id" : 4184011293943,
  "text" : "УИК №250",
  "href" : "region/izbirkom?action=show&root=182000021&tvd=4184011293943&vrn=100100225883172&prver=0&pronetvd=null&region=18&sub_region=18",
  "prver" : "0",
  "isUik" : true,
  "selected" : false,
  "load_on_demand" : false
}, {
  "id" : 4184011293944,
  "text" : "УИК №251",
  "href" : "region/izbirkom?action=show&root=182000021&tvd=4184011293944&vrn=100100225883172&prver=0&pronetvd=null&region=18&sub_region=18",
  "prver" : "0",
  "isUik" : true,
  "selected" : false,
  "load_on_demand" : false
}, {
  "id" : 4184011293945,
  "text" : "УИК №252",
  "href" : "region/izbirkom?action=show&root=182000021&tvd=4184011293945&vrn=100100225883172&prver=0&pronetvd=null&region=18&sub_region=18",
  "prver" : "0",
  "isUik" : true,
  "selected" : false,
  "load_on_demand" : false
}, {
  "id" : 4184011293946,
  "text" : "УИК №253",
  "href" : "region/izbirkom?action=show&root=182000021&tvd=4184011293946&vrn=100100225883172&prver=0&pronetvd=null&region=18&sub_region=18",
  "prver" : "0",
  "isUik" : true,
  "selected" : false,
  "load_on_demand" : false
}, {
  "id" : 4184011293947,
  "text" : "УИК №254",
  "href" : "region/izbirkom?action=show&root=182000021&tvd=4184011293947&vrn=100100225883172&prver=0&pronetvd=null&region=18&sub_region=18",
  "prver" : "0",
  "isUik" : true,
  "selected" : false,
  "load_on_demand" : false
}, {
  "id" : 4184011293948,
  "text" : "УИК №255",
  "href" : "region/izbirkom?action=show&root=182000021&tvd=4184011293948&vrn=100100225883172&prver=0&pronetvd=null&region=18&sub_region=18",
  "prver" : "0",
  "isUik" : true,
  "selected" : false,
  "load_on_demand" : false
}, {
  "id" : 4184011293949,
  "text" : "УИК №256",
  "href" : "region/izbirkom?action=show&root=182000021&tvd=4184011293949&vrn=100100225883172&prver=0&pronetvd=null&region=18&sub_region=18",
  "prver" : "0",
  "isUik" : true,
  "selected" : false,
  "load_on_demand" : false
}, {
  "id" : 4184011293950,
  "text" : "УИК №257",
  "href" : "region/izbirkom?action=show&root=182000021&tvd=4184011293950&vrn=100100225883172&prver=0&pronetvd=null&region=18&sub_region=18",
  "prver" : "0",
  "isUik" : true,
  "selected" : false,
  "load_on_demand" : false
}, {
  "id" : 4184011293951,
  "text" : "УИК №258",
  "href" : "region/izbirkom?action=show&root=182000021&tvd=4184011293951&vrn=100100225883172&prver=0&pronetvd=null&region=18&sub_region=18",
  "prver" : "0",
  "isUik" : true,
  "selected" : false,
  "load_on_demand" : false
} ]