[ {
  "id" : 4184032262253,
  "text" : "УИК №601",
  "href" : "region/izbirkom?action=show&root=182000003&tvd=4184032262253&vrn=100100225883172&prver=0&pronetvd=null&region=18&sub_region=18",
  "prver" : "0",
  "isUik" : true,
  "selected" : false,
  "load_on_demand" : false
}, {
  "id" : 4184032262254,
  "text" : "УИК №602",
  "href" : "region/izbirkom?action=show&root=182000003&tvd=4184032262254&vrn=100100225883172&prver=0&pronetvd=null&region=18&sub_region=18",
  "prver" : "0",
  "isUik" : true,
  "selected" : false,
  "load_on_demand" : false
}, {
  "id" : 4184032262255,
  "text" : "УИК №603",
  "href" : "region/izbirkom?action=show&root=182000003&tvd=4184032262255&vrn=100100225883172&prver=0&pronetvd=null&region=18&sub_region=18",
  "prver" : "0",
  "isUik" : true,
  "selected" : false,
  "load_on_demand" : false
}, {
  "id" : 4184032262256,
  "text" : "УИК №604",
  "href" : "region/izbirkom?action=show&root=182000003&tvd=4184032262256&vrn=100100225883172&prver=0&pronetvd=null&region=18&sub_region=18",
  "prver" : "0",
  "isUik" : true,
  "selected" : false,
  "load_on_demand" : false
}, {
  "id" : 4184032262257,
  "text" : "УИК №605",
  "href" : "region/izbirkom?action=show&root=182000003&tvd=4184032262257&vrn=100100225883172&prver=0&pronetvd=null&region=18&sub_region=18",
  "prver" : "0",
  "isUik" : true,
  "selected" : false,
  "load_on_demand" : false
}, {
  "id" : 4184032262258,
  "text" : "УИК №606",
  "href" : "region/izbirkom?action=show&root=182000003&tvd=4184032262258&vrn=100100225883172&prver=0&pronetvd=null&region=18&sub_region=18",
  "prver" : "0",
  "isUik" : true,
  "selected" : false,
  "load_on_demand" : false
}, {
  "id" : 4184032262259,
  "text" : "УИК №607",
  "href" : "region/izbirkom?action=show&root=182000003&tvd=4184032262259&vrn=100100225883172&prver=0&pronetvd=null&region=18&sub_region=18",
  "prver" : "0",
  "isUik" : true,
  "selected" : false,
  "load_on_demand" : false
}, {
  "id" : 4184032262260,
  "text" : "УИК №608",
  "href" : "region/izbirkom?action=show&root=182000003&tvd=4184032262260&vrn=100100225883172&prver=0&pronetvd=null&region=18&sub_region=18",
  "prver" : "0",
  "isUik" : true,
  "selected" : false,
  "load_on_demand" : false
}, {
  "id" : 4184032262261,
  "text" : "УИК №609",
  "href" : "region/izbirkom?action=show&root=182000003&tvd=4184032262261&vrn=100100225883172&prver=0&pronetvd=null&region=18&sub_region=18",
  "prver" : "0",
  "isUik" : true,
  "selected" : false,
  "load_on_demand" : false
}, {
  "id" : 4184032262262,
  "text" : "УИК №610",
  "href" : "region/izbirkom?action=show&root=182000003&tvd=4184032262262&vrn=100100225883172&prver=0&pronetvd=null&region=18&sub_region=18",
  "prver" : "0",
  "isUik" : true,
  "selected" : false,
  "load_on_demand" : false
}, {
  "id" : 4184032262263,
  "text" : "УИК №611",
  "href" : "region/izbirkom?action=show&root=182000003&tvd=4184032262263&vrn=100100225883172&prver=0&pronetvd=null&region=18&sub_region=18",
  "prver" : "0",
  "isUik" : true,
  "selected" : false,
  "load_on_demand" : false
}, {
  "id" : 4184032262264,
  "text" : "УИК №612",
  "href" : "region/izbirkom?action=show&root=182000003&tvd=4184032262264&vrn=100100225883172&prver=0&pronetvd=null&region=18&sub_region=18",
  "prver" : "0",
  "isUik" : true,
  "selected" : false,
  "load_on_demand" : false
}, {
  "id" : 4184032262265,
  "text" : "УИК №613",
  "href" : "region/izbirkom?action=show&root=182000003&tvd=4184032262265&vrn=100100225883172&prver=0&pronetvd=null&region=18&sub_region=18",
  "prver" : "0",
  "isUik" : true,
  "selected" : false,
  "load_on_demand" : false
}, {
  "id" : 4184032262266,
  "text" : "УИК №614",
  "href" : "region/izbirkom?action=show&root=182000003&tvd=4184032262266&vrn=100100225883172&prver=0&pronetvd=null&region=18&sub_region=18",
  "prver" : "0",
  "isUik" : true,
  "selected" : false,
  "load_on_demand" : false
}, {
  "id" : 4184032262267,
  "text" : "УИК №615",
  "href" : "region/izbirkom?action=show&root=182000003&tvd=4184032262267&vrn=100100225883172&prver=0&pronetvd=null&region=18&sub_region=18",
  "prver" : "0",
  "isUik" : true,
  "selected" : false,
  "load_on_demand" : false
}, {
  "id" : 4184032262268,
  "text" : "УИК №616",
  "href" : "region/izbirkom?action=show&root=182000003&tvd=4184032262268&vrn=100100225883172&prver=0&pronetvd=null&region=18&sub_region=18",
  "prver" : "0",
  "isUik" : true,
  "selected" : false,
  "load_on_demand" : false
}, {
  "id" : 4184032262269,
  "text" : "УИК №617",
  "href" : "region/izbirkom?action=show&root=182000003&tvd=4184032262269&vrn=100100225883172&prver=0&pronetvd=null&region=18&sub_region=18",
  "prver" : "0",
  "isUik" : true,
  "selected" : false,
  "load_on_demand" : false
}, {
  "id" : 4184032262270,
  "text" : "УИК №618",
  "href" : "region/izbirkom?action=show&root=182000003&tvd=4184032262270&vrn=100100225883172&prver=0&pronetvd=null&region=18&sub_region=18",
  "prver" : "0",
  "isUik" : true,
  "selected" : false,
  "load_on_demand" : false
}, {
  "id" : 4184032262271,
  "text" : "УИК №619",
  "href" : "region/izbirkom?action=show&root=182000003&tvd=4184032262271&vrn=100100225883172&prver=0&pronetvd=null&region=18&sub_region=18",
  "prver" : "0",
  "isUik" : true,
  "selected" : false,
  "load_on_demand" : false
}, {
  "id" : 4184032262272,
  "text" : "УИК №620",
  "href" : "region/izbirkom?action=show&root=182000003&tvd=4184032262272&vrn=100100225883172&prver=0&pronetvd=null&region=18&sub_region=18",
  "prver" : "0",
  "isUik" : true,
  "selected" : false,
  "load_on_demand" : false
}, {
  "id" : 4184032262273,
  "text" : "УИК №621",
  "href" : "region/izbirkom?action=show&root=182000003&tvd=4184032262273&vrn=100100225883172&prver=0&pronetvd=null&region=18&sub_region=18",
  "prver" : "0",
  "isUik" : true,
  "selected" : false,
  "load_on_demand" : false
}, {
  "id" : 4184032262274,
  "text" : "УИК №622",
  "href" : "region/izbirkom?action=show&root=182000003&tvd=4184032262274&vrn=100100225883172&prver=0&pronetvd=null&region=18&sub_region=18",
  "prver" : "0",
  "isUik" : true,
  "selected" : false,
  "load_on_demand" : false
}, {
  "id" : 4184032262275,
  "text" : "УИК №623",
  "href" : "region/izbirkom?action=show&root=182000003&tvd=4184032262275&vrn=100100225883172&prver=0&pronetvd=null&region=18&sub_region=18",
  "prver" : "0",
  "isUik" : true,
  "selected" : false,
  "load_on_demand" : false
}, {
  "id" : 4184032262276,
  "text" : "УИК №624",
  "href" : "region/izbirkom?action=show&root=182000003&tvd=4184032262276&vrn=100100225883172&prver=0&pronetvd=null&region=18&sub_region=18",
  "prver" : "0",
  "isUik" : true,
  "selected" : false,
  "load_on_demand" : false
}, {
  "id" : 4184032262277,
  "text" : "УИК №625",
  "href" : "region/izbirkom?action=show&root=182000003&tvd=4184032262277&vrn=100100225883172&prver=0&pronetvd=null&region=18&sub_region=18",
  "prver" : "0",
  "isUik" : true,
  "selected" : false,
  "load_on_demand" : false
}, {
  "id" : 4184032262278,
  "text" : "УИК №626",
  "href" : "region/izbirkom?action=show&root=182000003&tvd=4184032262278&vrn=100100225883172&prver=0&pronetvd=null&region=18&sub_region=18",
  "prver" : "0",
  "isUik" : true,
  "selected" : false,
  "load_on_demand" : false
}, {
  "id" : 4184032262279,
  "text" : "УИК №627",
  "href" : "region/izbirkom?action=show&root=182000003&tvd=4184032262279&vrn=100100225883172&prver=0&pronetvd=null&region=18&sub_region=18",
  "prver" : "0",
  "isUik" : true,
  "selected" : false,
  "load_on_demand" : false
}, {
  "id" : 4184032262280,
  "text" : "УИК №628",
  "href" : "region/izbirkom?action=show&root=182000003&tvd=4184032262280&vrn=100100225883172&prver=0&pronetvd=null&region=18&sub_region=18",
  "prver" : "0",
  "isUik" : true,
  "selected" : false,
  "load_on_demand" : false
}, {
  "id" : 4184032262281,
  "text" : "УИК №629",
  "href" : "region/izbirkom?action=show&root=182000003&tvd=4184032262281&vrn=100100225883172&prver=0&pronetvd=null&region=18&sub_region=18",
  "prver" : "0",
  "isUik" : true,
  "selected" : false,
  "load_on_demand" : false
}, {
  "id" : 4184032262282,
  "text" : "УИК №630",
  "href" : "region/izbirkom?action=show&root=182000003&tvd=4184032262282&vrn=100100225883172&prver=0&pronetvd=null&region=18&sub_region=18",
  "prver" : "0",
  "isUik" : true,
  "selected" : false,
  "load_on_demand" : false
}, {
  "id" : 4184032262283,
  "text" : "УИК №631",
  "href" : "region/izbirkom?action=show&root=182000003&tvd=4184032262283&vrn=100100225883172&prver=0&pronetvd=null&region=18&sub_region=18",
  "prver" : "0",
  "isUik" : true,
  "selected" : false,
  "load_on_demand" : false
}, {
  "id" : 4184032262284,
  "text" : "УИК №632",
  "href" : "region/izbirkom?action=show&root=182000003&tvd=4184032262284&vrn=100100225883172&prver=0&pronetvd=null&region=18&sub_region=18",
  "prver" : "0",
  "isUik" : true,
  "selected" : false,
  "load_on_demand" : false
}, {
  "id" : 4184032262285,
  "text" : "УИК №633",
  "href" : "region/izbirkom?action=show&root=182000003&tvd=4184032262285&vrn=100100225883172&prver=0&pronetvd=null&region=18&sub_region=18",
  "prver" : "0",
  "isUik" : true,
  "selected" : false,
  "load_on_demand" : false
}, {
  "id" : 4184032262286,
  "text" : "УИК №634",
  "href" : "region/izbirkom?action=show&root=182000003&tvd=4184032262286&vrn=100100225883172&prver=0&pronetvd=null&region=18&sub_region=18",
  "prver" : "0",
  "isUik" : true,
  "selected" : false,
  "load_on_demand" : false
}, {
  "id" : 4184032262287,
  "text" : "УИК №635",
  "href" : "region/izbirkom?action=show&root=182000003&tvd=4184032262287&vrn=100100225883172&prver=0&pronetvd=null&region=18&sub_region=18",
  "prver" : "0",
  "isUik" : true,
  "selected" : false,
  "load_on_demand" : false
}, {
  "id" : 4184032262288,
  "text" : "УИК №636",
  "href" : "region/izbirkom?action=show&root=182000003&tvd=4184032262288&vrn=100100225883172&prver=0&pronetvd=null&region=18&sub_region=18",
  "prver" : "0",
  "isUik" : true,
  "selected" : false,
  "load_on_demand" : false
}, {
  "id" : 4184032262289,
  "text" : "УИК №637",
  "href" : "region/izbirkom?action=show&root=182000003&tvd=4184032262289&vrn=100100225883172&prver=0&pronetvd=null&region=18&sub_region=18",
  "prver" : "0",
  "isUik" : true,
  "selected" : false,
  "load_on_demand" : false
}, {
  "id" : 4184032262290,
  "text" : "УИК №638",
  "href" : "region/izbirkom?action=show&root=182000003&tvd=4184032262290&vrn=100100225883172&prver=0&pronetvd=null&region=18&sub_region=18",
  "prver" : "0",
  "isUik" : true,
  "selected" : false,
  "load_on_demand" : false
}, {
  "id" : 4184032262291,
  "text" : "УИК №639",
  "href" : "region/izbirkom?action=show&root=182000003&tvd=4184032262291&vrn=100100225883172&prver=0&pronetvd=null&region=18&sub_region=18",
  "prver" : "0",
  "isUik" : true,
  "selected" : false,
  "load_on_demand" : false
}, {
  "id" : 4184032262292,
  "text" : "УИК №640",
  "href" : "region/izbirkom?action=show&root=182000003&tvd=4184032262292&vrn=100100225883172&prver=0&pronetvd=null&region=18&sub_region=18",
  "prver" : "0",
  "isUik" : true,
  "selected" : false,
  "load_on_demand" : false
}, {
  "id" : 4184032262293,
  "text" : "УИК №641",
  "href" : "region/izbirkom?action=show&root=182000003&tvd=4184032262293&vrn=100100225883172&prver=0&pronetvd=null&region=18&sub_region=18",
  "prver" : "0",
  "isUik" : true,
  "selected" : false,
  "load_on_demand" : false
}, {
  "id" : 4184032262294,
  "text" : "УИК №642",
  "href" : "region/izbirkom?action=show&root=182000003&tvd=4184032262294&vrn=100100225883172&prver=0&pronetvd=null&region=18&sub_region=18",
  "prver" : "0",
  "isUik" : true,
  "selected" : false,
  "load_on_demand" : false
}, {
  "id" : 4184032262295,
  "text" : "УИК №643",
  "href" : "region/izbirkom?action=show&root=182000003&tvd=4184032262295&vrn=100100225883172&prver=0&pronetvd=null&region=18&sub_region=18",
  "prver" : "0",
  "isUik" : true,
  "selected" : false,
  "load_on_demand" : false
}, {
  "id" : 4184032262296,
  "text" : "УИК №644",
  "href" : "region/izbirkom?action=show&root=182000003&tvd=4184032262296&vrn=100100225883172&prver=0&pronetvd=null&region=18&sub_region=18",
  "prver" : "0",
  "isUik" : true,
  "selected" : false,
  "load_on_demand" : false
}, {
  "id" : 4184032262297,
  "text" : "УИК №645",
  "href" : "region/izbirkom?action=show&root=182000003&tvd=4184032262297&vrn=100100225883172&prver=0&pronetvd=null&region=18&sub_region=18",
  "prver" : "0",
  "isUik" : true,
  "selected" : false,
  "load_on_demand" : false
}, {
  "id" : 4184032262298,
  "text" : "УИК №646",
  "href" : "region/izbirkom?action=show&root=182000003&tvd=4184032262298&vrn=100100225883172&prver=0&pronetvd=null&region=18&sub_region=18",
  "prver" : "0",
  "isUik" : true,
  "selected" : false,
  "load_on_demand" : false
}, {
  "id" : 4184032262299,
  "text" : "УИК №647",
  "href" : "region/izbirkom?action=show&root=182000003&tvd=4184032262299&vrn=100100225883172&prver=0&pronetvd=null&region=18&sub_region=18",
  "prver" : "0",
  "isUik" : true,
  "selected" : false,
  "load_on_demand" : false
}, {
  "id" : 4184032262300,
  "text" : "УИК №648",
  "href" : "region/izbirkom?action=show&root=182000003&tvd=4184032262300&vrn=100100225883172&prver=0&pronetvd=null&region=18&sub_region=18",
  "prver" : "0",
  "isUik" : true,
  "selected" : false,
  "load_on_demand" : false
}, {
  "id" : 4184032262301,
  "text" : "УИК №649",
  "href" : "region/izbirkom?action=show&root=182000003&tvd=4184032262301&vrn=100100225883172&prver=0&pronetvd=null&region=18&sub_region=18",
  "prver" : "0",
  "isUik" : true,
  "selected" : false,
  "load_on_demand" : false
}, {
  "id" : 4184032262302,
  "text" : "УИК №650",
  "href" : "region/izbirkom?action=show&root=182000003&tvd=4184032262302&vrn=100100225883172&prver=0&pronetvd=null&region=18&sub_region=18",
  "prver" : "0",
  "isUik" : true,
  "selected" : false,
  "load_on_demand" : false
}, {
  "id" : 4184032262303,
  "text" : "УИК №651",
  "href" : "region/izbirkom?action=show&root=182000003&tvd=4184032262303&vrn=100100225883172&prver=0&pronetvd=null&region=18&sub_region=18",
  "prver" : "0",
  "isUik" : true,
  "selected" : false,
  "load_on_demand" : false
} ]