[ {
  "id" : 4184008395921,
  "text" : "УИК №1706",
  "href" : "region/izbirkom?action=show&root=182000007&tvd=4184008395921&vrn=100100225883172&prver=0&pronetvd=null&region=18&sub_region=18",
  "prver" : "0",
  "isUik" : true,
  "selected" : false,
  "load_on_demand" : false
}, {
  "id" : 4184008395922,
  "text" : "УИК №1707",
  "href" : "region/izbirkom?action=show&root=182000007&tvd=4184008395922&vrn=100100225883172&prver=0&pronetvd=null&region=18&sub_region=18",
  "prver" : "0",
  "isUik" : true,
  "selected" : false,
  "load_on_demand" : false
}, {
  "id" : 4184008395923,
  "text" : "УИК №1708",
  "href" : "region/izbirkom?action=show&root=182000007&tvd=4184008395923&vrn=100100225883172&prver=0&pronetvd=null&region=18&sub_region=18",
  "prver" : "0",
  "isUik" : true,
  "selected" : false,
  "load_on_demand" : false
}, {
  "id" : 4184008395924,
  "text" : "УИК №1709",
  "href" : "region/izbirkom?action=show&root=182000007&tvd=4184008395924&vrn=100100225883172&prver=0&pronetvd=null&region=18&sub_region=18",
  "prver" : "0",
  "isUik" : true,
  "selected" : false,
  "load_on_demand" : false
}, {
  "id" : 4184008395925,
  "text" : "УИК №1710",
  "href" : "region/izbirkom?action=show&root=182000007&tvd=4184008395925&vrn=100100225883172&prver=0&pronetvd=null&region=18&sub_region=18",
  "prver" : "0",
  "isUik" : true,
  "selected" : false,
  "load_on_demand" : false
}, {
  "id" : 4184008395926,
  "text" : "УИК №1711",
  "href" : "region/izbirkom?action=show&root=182000007&tvd=4184008395926&vrn=100100225883172&prver=0&pronetvd=null&region=18&sub_region=18",
  "prver" : "0",
  "isUik" : true,
  "selected" : false,
  "load_on_demand" : false
}, {
  "id" : 4184008395927,
  "text" : "УИК №1712",
  "href" : "region/izbirkom?action=show&root=182000007&tvd=4184008395927&vrn=100100225883172&prver=0&pronetvd=null&region=18&sub_region=18",
  "prver" : "0",
  "isUik" : true,
  "selected" : false,
  "load_on_demand" : false
}, {
  "id" : 4184008395928,
  "text" : "УИК №1713",
  "href" : "region/izbirkom?action=show&root=182000007&tvd=4184008395928&vrn=100100225883172&prver=0&pronetvd=null&region=18&sub_region=18",
  "prver" : "0",
  "isUik" : true,
  "selected" : false,
  "load_on_demand" : false
}, {
  "id" : 4184008395929,
  "text" : "УИК №1714",
  "href" : "region/izbirkom?action=show&root=182000007&tvd=4184008395929&vrn=100100225883172&prver=0&pronetvd=null&region=18&sub_region=18",
  "prver" : "0",
  "isUik" : true,
  "selected" : false,
  "load_on_demand" : false
}, {
  "id" : 4184008395930,
  "text" : "УИК №1715",
  "href" : "region/izbirkom?action=show&root=182000007&tvd=4184008395930&vrn=100100225883172&prver=0&pronetvd=null&region=18&sub_region=18",
  "prver" : "0",
  "isUik" : true,
  "selected" : false,
  "load_on_demand" : false
}, {
  "id" : 4184008395931,
  "text" : "УИК №1716",
  "href" : "region/izbirkom?action=show&root=182000007&tvd=4184008395931&vrn=100100225883172&prver=0&pronetvd=null&region=18&sub_region=18",
  "prver" : "0",
  "isUik" : true,
  "selected" : false,
  "load_on_demand" : false
}, {
  "id" : 4184008395932,
  "text" : "УИК №1717",
  "href" : "region/izbirkom?action=show&root=182000007&tvd=4184008395932&vrn=100100225883172&prver=0&pronetvd=null&region=18&sub_region=18",
  "prver" : "0",
  "isUik" : true,
  "selected" : false,
  "load_on_demand" : false
}, {
  "id" : 4184008397482,
  "text" : "УИК №1720",
  "href" : "region/izbirkom?action=show&root=182000007&tvd=4184008397482&vrn=100100225883172&prver=0&pronetvd=null&region=18&sub_region=18",
  "prver" : "0",
  "isUik" : true,
  "selected" : false,
  "load_on_demand" : false
}, {
  "id" : 4184008395933,
  "text" : "УИК №1727",
  "href" : "region/izbirkom?action=show&root=182000007&tvd=4184008395933&vrn=100100225883172&prver=0&pronetvd=null&region=18&sub_region=18",
  "prver" : "0",
  "isUik" : true,
  "selected" : false,
  "load_on_demand" : false
}, {
  "id" : 4184008395934,
  "text" : "УИК №1728",
  "href" : "region/izbirkom?action=show&root=182000007&tvd=4184008395934&vrn=100100225883172&prver=0&pronetvd=null&region=18&sub_region=18",
  "prver" : "0",
  "isUik" : true,
  "selected" : false,
  "load_on_demand" : false
}, {
  "id" : 4184008395935,
  "text" : "УИК №1729",
  "href" : "region/izbirkom?action=show&root=182000007&tvd=4184008395935&vrn=100100225883172&prver=0&pronetvd=null&region=18&sub_region=18",
  "prver" : "0",
  "isUik" : true,
  "selected" : false,
  "load_on_demand" : false
}, {
  "id" : 4184008395936,
  "text" : "УИК №1730",
  "href" : "region/izbirkom?action=show&root=182000007&tvd=4184008395936&vrn=100100225883172&prver=0&pronetvd=null&region=18&sub_region=18",
  "prver" : "0",
  "isUik" : true,
  "selected" : false,
  "load_on_demand" : false
}, {
  "id" : 4184008395937,
  "text" : "УИК №1731",
  "href" : "region/izbirkom?action=show&root=182000007&tvd=4184008395937&vrn=100100225883172&prver=0&pronetvd=null&region=18&sub_region=18",
  "prver" : "0",
  "isUik" : true,
  "selected" : false,
  "load_on_demand" : false
}, {
  "id" : 4184008395938,
  "text" : "УИК №1732",
  "href" : "region/izbirkom?action=show&root=182000007&tvd=4184008395938&vrn=100100225883172&prver=0&pronetvd=null&region=18&sub_region=18",
  "prver" : "0",
  "isUik" : true,
  "selected" : false,
  "load_on_demand" : false
}, {
  "id" : 4184008395939,
  "text" : "УИК №1746",
  "href" : "region/izbirkom?action=show&root=182000007&tvd=4184008395939&vrn=100100225883172&prver=0&pronetvd=null&region=18&sub_region=18",
  "prver" : "0",
  "isUik" : true,
  "selected" : false,
  "load_on_demand" : false
}, {
  "id" : 4184008395940,
  "text" : "УИК №1747",
  "href" : "region/izbirkom?action=show&root=182000007&tvd=4184008395940&vrn=100100225883172&prver=0&pronetvd=null&region=18&sub_region=18",
  "prver" : "0",
  "isUik" : true,
  "selected" : false,
  "load_on_demand" : false
}, {
  "id" : 4184008395941,
  "text" : "УИК №1750",
  "href" : "region/izbirkom?action=show&root=182000007&tvd=4184008395941&vrn=100100225883172&prver=0&pronetvd=null&region=18&sub_region=18",
  "prver" : "0",
  "isUik" : true,
  "selected" : false,
  "load_on_demand" : false
}, {
  "id" : 4184008395942,
  "text" : "УИК №1751",
  "href" : "region/izbirkom?action=show&root=182000007&tvd=4184008395942&vrn=100100225883172&prver=0&pronetvd=null&region=18&sub_region=18",
  "prver" : "0",
  "isUik" : true,
  "selected" : false,
  "load_on_demand" : false
}, {
  "id" : 4184008395943,
  "text" : "УИК №1752",
  "href" : "region/izbirkom?action=show&root=182000007&tvd=4184008395943&vrn=100100225883172&prver=0&pronetvd=null&region=18&sub_region=18",
  "prver" : "0",
  "isUik" : true,
  "selected" : false,
  "load_on_demand" : false
}, {
  "id" : 4184008395944,
  "text" : "УИК №1753",
  "href" : "region/izbirkom?action=show&root=182000007&tvd=4184008395944&vrn=100100225883172&prver=0&pronetvd=null&region=18&sub_region=18",
  "prver" : "0",
  "isUik" : true,
  "selected" : false,
  "load_on_demand" : false
}, {
  "id" : 4184008395945,
  "text" : "УИК №1754",
  "href" : "region/izbirkom?action=show&root=182000007&tvd=4184008395945&vrn=100100225883172&prver=0&pronetvd=null&region=18&sub_region=18",
  "prver" : "0",
  "isUik" : true,
  "selected" : false,
  "load_on_demand" : false
} ]