[ {
  "id" : 4184009343676,
  "text" : "УИК №1801",
  "href" : "region/izbirkom?action=show&root=182000008&tvd=4184009343676&vrn=100100225883172&prver=0&pronetvd=null&region=18&sub_region=18",
  "prver" : "0",
  "isUik" : true,
  "selected" : false,
  "load_on_demand" : false
}, {
  "id" : 4184009343677,
  "text" : "УИК №1802",
  "href" : "region/izbirkom?action=show&root=182000008&tvd=4184009343677&vrn=100100225883172&prver=0&pronetvd=null&region=18&sub_region=18",
  "prver" : "0",
  "isUik" : true,
  "selected" : false,
  "load_on_demand" : false
}, {
  "id" : 4184009343678,
  "text" : "УИК №1803",
  "href" : "region/izbirkom?action=show&root=182000008&tvd=4184009343678&vrn=100100225883172&prver=0&pronetvd=null&region=18&sub_region=18",
  "prver" : "0",
  "isUik" : true,
  "selected" : false,
  "load_on_demand" : false
}, {
  "id" : 4184009343679,
  "text" : "УИК №1804",
  "href" : "region/izbirkom?action=show&root=182000008&tvd=4184009343679&vrn=100100225883172&prver=0&pronetvd=null&region=18&sub_region=18",
  "prver" : "0",
  "isUik" : true,
  "selected" : false,
  "load_on_demand" : false
}, {
  "id" : 4184009343680,
  "text" : "УИК №1805",
  "href" : "region/izbirkom?action=show&root=182000008&tvd=4184009343680&vrn=100100225883172&prver=0&pronetvd=null&region=18&sub_region=18",
  "prver" : "0",
  "isUik" : true,
  "selected" : false,
  "load_on_demand" : false
}, {
  "id" : 4184009343681,
  "text" : "УИК №1806",
  "href" : "region/izbirkom?action=show&root=182000008&tvd=4184009343681&vrn=100100225883172&prver=0&pronetvd=null&region=18&sub_region=18",
  "prver" : "0",
  "isUik" : true,
  "selected" : false,
  "load_on_demand" : false
}, {
  "id" : 4184009343682,
  "text" : "УИК №1807",
  "href" : "region/izbirkom?action=show&root=182000008&tvd=4184009343682&vrn=100100225883172&prver=0&pronetvd=null&region=18&sub_region=18",
  "prver" : "0",
  "isUik" : true,
  "selected" : false,
  "load_on_demand" : false
}, {
  "id" : 4184009343683,
  "text" : "УИК №1808",
  "href" : "region/izbirkom?action=show&root=182000008&tvd=4184009343683&vrn=100100225883172&prver=0&pronetvd=null&region=18&sub_region=18",
  "prver" : "0",
  "isUik" : true,
  "selected" : false,
  "load_on_demand" : false
}, {
  "id" : 4184009343684,
  "text" : "УИК №1809",
  "href" : "region/izbirkom?action=show&root=182000008&tvd=4184009343684&vrn=100100225883172&prver=0&pronetvd=null&region=18&sub_region=18",
  "prver" : "0",
  "isUik" : true,
  "selected" : false,
  "load_on_demand" : false
}, {
  "id" : 4184009343685,
  "text" : "УИК №1810",
  "href" : "region/izbirkom?action=show&root=182000008&tvd=4184009343685&vrn=100100225883172&prver=0&pronetvd=null&region=18&sub_region=18",
  "prver" : "0",
  "isUik" : true,
  "selected" : false,
  "load_on_demand" : false
}, {
  "id" : 4184009343686,
  "text" : "УИК №1811",
  "href" : "region/izbirkom?action=show&root=182000008&tvd=4184009343686&vrn=100100225883172&prver=0&pronetvd=null&region=18&sub_region=18",
  "prver" : "0",
  "isUik" : true,
  "selected" : false,
  "load_on_demand" : false
}, {
  "id" : 4184009343687,
  "text" : "УИК №1812",
  "href" : "region/izbirkom?action=show&root=182000008&tvd=4184009343687&vrn=100100225883172&prver=0&pronetvd=null&region=18&sub_region=18",
  "prver" : "0",
  "isUik" : true,
  "selected" : false,
  "load_on_demand" : false
}, {
  "id" : 4184009343688,
  "text" : "УИК №1813",
  "href" : "region/izbirkom?action=show&root=182000008&tvd=4184009343688&vrn=100100225883172&prver=0&pronetvd=null&region=18&sub_region=18",
  "prver" : "0",
  "isUik" : true,
  "selected" : false,
  "load_on_demand" : false
}, {
  "id" : 4184009343689,
  "text" : "УИК №1814",
  "href" : "region/izbirkom?action=show&root=182000008&tvd=4184009343689&vrn=100100225883172&prver=0&pronetvd=null&region=18&sub_region=18",
  "prver" : "0",
  "isUik" : true,
  "selected" : false,
  "load_on_demand" : false
}, {
  "id" : 4184009343690,
  "text" : "УИК №1815",
  "href" : "region/izbirkom?action=show&root=182000008&tvd=4184009343690&vrn=100100225883172&prver=0&pronetvd=null&region=18&sub_region=18",
  "prver" : "0",
  "isUik" : true,
  "selected" : false,
  "load_on_demand" : false
}, {
  "id" : 4184009343691,
  "text" : "УИК №1816",
  "href" : "region/izbirkom?action=show&root=182000008&tvd=4184009343691&vrn=100100225883172&prver=0&pronetvd=null&region=18&sub_region=18",
  "prver" : "0",
  "isUik" : true,
  "selected" : false,
  "load_on_demand" : false
}, {
  "id" : 4184009343692,
  "text" : "УИК №1817",
  "href" : "region/izbirkom?action=show&root=182000008&tvd=4184009343692&vrn=100100225883172&prver=0&pronetvd=null&region=18&sub_region=18",
  "prver" : "0",
  "isUik" : true,
  "selected" : false,
  "load_on_demand" : false
}, {
  "id" : 4184009343693,
  "text" : "УИК №1818",
  "href" : "region/izbirkom?action=show&root=182000008&tvd=4184009343693&vrn=100100225883172&prver=0&pronetvd=null&region=18&sub_region=18",
  "prver" : "0",
  "isUik" : true,
  "selected" : false,
  "load_on_demand" : false
}, {
  "id" : 4184009343694,
  "text" : "УИК №1819",
  "href" : "region/izbirkom?action=show&root=182000008&tvd=4184009343694&vrn=100100225883172&prver=0&pronetvd=null&region=18&sub_region=18",
  "prver" : "0",
  "isUik" : true,
  "selected" : false,
  "load_on_demand" : false
}, {
  "id" : 4184009343695,
  "text" : "УИК №1820",
  "href" : "region/izbirkom?action=show&root=182000008&tvd=4184009343695&vrn=100100225883172&prver=0&pronetvd=null&region=18&sub_region=18",
  "prver" : "0",
  "isUik" : true,
  "selected" : false,
  "load_on_demand" : false
}, {
  "id" : 4184009343696,
  "text" : "УИК №1821",
  "href" : "region/izbirkom?action=show&root=182000008&tvd=4184009343696&vrn=100100225883172&prver=0&pronetvd=null&region=18&sub_region=18",
  "prver" : "0",
  "isUik" : true,
  "selected" : false,
  "load_on_demand" : false
}, {
  "id" : 4184009343697,
  "text" : "УИК №1822",
  "href" : "region/izbirkom?action=show&root=182000008&tvd=4184009343697&vrn=100100225883172&prver=0&pronetvd=null&region=18&sub_region=18",
  "prver" : "0",
  "isUik" : true,
  "selected" : false,
  "load_on_demand" : false
}, {
  "id" : 4184009343698,
  "text" : "УИК №1823",
  "href" : "region/izbirkom?action=show&root=182000008&tvd=4184009343698&vrn=100100225883172&prver=0&pronetvd=null&region=18&sub_region=18",
  "prver" : "0",
  "isUik" : true,
  "selected" : false,
  "load_on_demand" : false
}, {
  "id" : 4184009343699,
  "text" : "УИК №1824",
  "href" : "region/izbirkom?action=show&root=182000008&tvd=4184009343699&vrn=100100225883172&prver=0&pronetvd=null&region=18&sub_region=18",
  "prver" : "0",
  "isUik" : true,
  "selected" : false,
  "load_on_demand" : false
}, {
  "id" : 4184009343700,
  "text" : "УИК №1825",
  "href" : "region/izbirkom?action=show&root=182000008&tvd=4184009343700&vrn=100100225883172&prver=0&pronetvd=null&region=18&sub_region=18",
  "prver" : "0",
  "isUik" : true,
  "selected" : false,
  "load_on_demand" : false
}, {
  "id" : 4184009343701,
  "text" : "УИК №1826",
  "href" : "region/izbirkom?action=show&root=182000008&tvd=4184009343701&vrn=100100225883172&prver=0&pronetvd=null&region=18&sub_region=18",
  "prver" : "0",
  "isUik" : true,
  "selected" : false,
  "load_on_demand" : false
}, {
  "id" : 4184009343702,
  "text" : "УИК №1827",
  "href" : "region/izbirkom?action=show&root=182000008&tvd=4184009343702&vrn=100100225883172&prver=0&pronetvd=null&region=18&sub_region=18",
  "prver" : "0",
  "isUik" : true,
  "selected" : false,
  "load_on_demand" : false
}, {
  "id" : 4184009343703,
  "text" : "УИК №1828",
  "href" : "region/izbirkom?action=show&root=182000008&tvd=4184009343703&vrn=100100225883172&prver=0&pronetvd=null&region=18&sub_region=18",
  "prver" : "0",
  "isUik" : true,
  "selected" : false,
  "load_on_demand" : false
}, {
  "id" : 4184009343704,
  "text" : "УИК №1829",
  "href" : "region/izbirkom?action=show&root=182000008&tvd=4184009343704&vrn=100100225883172&prver=0&pronetvd=null&region=18&sub_region=18",
  "prver" : "0",
  "isUik" : true,
  "selected" : false,
  "load_on_demand" : false
}, {
  "id" : 4184009343705,
  "text" : "УИК №1830",
  "href" : "region/izbirkom?action=show&root=182000008&tvd=4184009343705&vrn=100100225883172&prver=0&pronetvd=null&region=18&sub_region=18",
  "prver" : "0",
  "isUik" : true,
  "selected" : false,
  "load_on_demand" : false
}, {
  "id" : 4184009343706,
  "text" : "УИК №1831",
  "href" : "region/izbirkom?action=show&root=182000008&tvd=4184009343706&vrn=100100225883172&prver=0&pronetvd=null&region=18&sub_region=18",
  "prver" : "0",
  "isUik" : true,
  "selected" : false,
  "load_on_demand" : false
}, {
  "id" : 4184009343707,
  "text" : "УИК №1832",
  "href" : "region/izbirkom?action=show&root=182000008&tvd=4184009343707&vrn=100100225883172&prver=0&pronetvd=null&region=18&sub_region=18",
  "prver" : "0",
  "isUik" : true,
  "selected" : false,
  "load_on_demand" : false
}, {
  "id" : 4184009343708,
  "text" : "УИК №1833",
  "href" : "region/izbirkom?action=show&root=182000008&tvd=4184009343708&vrn=100100225883172&prver=0&pronetvd=null&region=18&sub_region=18",
  "prver" : "0",
  "isUik" : true,
  "selected" : false,
  "load_on_demand" : false
}, {
  "id" : 4184009343709,
  "text" : "УИК №1834",
  "href" : "region/izbirkom?action=show&root=182000008&tvd=4184009343709&vrn=100100225883172&prver=0&pronetvd=null&region=18&sub_region=18",
  "prver" : "0",
  "isUik" : true,
  "selected" : false,
  "load_on_demand" : false
}, {
  "id" : 4184009343710,
  "text" : "УИК №1835",
  "href" : "region/izbirkom?action=show&root=182000008&tvd=4184009343710&vrn=100100225883172&prver=0&pronetvd=null&region=18&sub_region=18",
  "prver" : "0",
  "isUik" : true,
  "selected" : false,
  "load_on_demand" : false
}, {
  "id" : 4184009343711,
  "text" : "УИК №1836",
  "href" : "region/izbirkom?action=show&root=182000008&tvd=4184009343711&vrn=100100225883172&prver=0&pronetvd=null&region=18&sub_region=18",
  "prver" : "0",
  "isUik" : true,
  "selected" : false,
  "load_on_demand" : false
}, {
  "id" : 4184009343712,
  "text" : "УИК №1837",
  "href" : "region/izbirkom?action=show&root=182000008&tvd=4184009343712&vrn=100100225883172&prver=0&pronetvd=null&region=18&sub_region=18",
  "prver" : "0",
  "isUik" : true,
  "selected" : false,
  "load_on_demand" : false
}, {
  "id" : 4184009343713,
  "text" : "УИК №1838",
  "href" : "region/izbirkom?action=show&root=182000008&tvd=4184009343713&vrn=100100225883172&prver=0&pronetvd=null&region=18&sub_region=18",
  "prver" : "0",
  "isUik" : true,
  "selected" : false,
  "load_on_demand" : false
}, {
  "id" : 4184009343714,
  "text" : "УИК №1839",
  "href" : "region/izbirkom?action=show&root=182000008&tvd=4184009343714&vrn=100100225883172&prver=0&pronetvd=null&region=18&sub_region=18",
  "prver" : "0",
  "isUik" : true,
  "selected" : false,
  "load_on_demand" : false
} ]