[ {
  "id" : 4184020204865,
  "text" : "УИК №2401",
  "href" : "region/izbirkom?action=show&root=182000012&tvd=4184020204865&vrn=100100225883172&prver=0&pronetvd=null&region=18&sub_region=18",
  "prver" : "0",
  "isUik" : true,
  "selected" : false,
  "load_on_demand" : false
}, {
  "id" : 4184020204866,
  "text" : "УИК №2402",
  "href" : "region/izbirkom?action=show&root=182000012&tvd=4184020204866&vrn=100100225883172&prver=0&pronetvd=null&region=18&sub_region=18",
  "prver" : "0",
  "isUik" : true,
  "selected" : false,
  "load_on_demand" : false
}, {
  "id" : 4184020204867,
  "text" : "УИК №2403",
  "href" : "region/izbirkom?action=show&root=182000012&tvd=4184020204867&vrn=100100225883172&prver=0&pronetvd=null&region=18&sub_region=18",
  "prver" : "0",
  "isUik" : true,
  "selected" : false,
  "load_on_demand" : false
}, {
  "id" : 4184020204868,
  "text" : "УИК №2404",
  "href" : "region/izbirkom?action=show&root=182000012&tvd=4184020204868&vrn=100100225883172&prver=0&pronetvd=null&region=18&sub_region=18",
  "prver" : "0",
  "isUik" : true,
  "selected" : false,
  "load_on_demand" : false
}, {
  "id" : 4184020204869,
  "text" : "УИК №2405",
  "href" : "region/izbirkom?action=show&root=182000012&tvd=4184020204869&vrn=100100225883172&prver=0&pronetvd=null&region=18&sub_region=18",
  "prver" : "0",
  "isUik" : true,
  "selected" : false,
  "load_on_demand" : false
}, {
  "id" : 4184020204870,
  "text" : "УИК №2406",
  "href" : "region/izbirkom?action=show&root=182000012&tvd=4184020204870&vrn=100100225883172&prver=0&pronetvd=null&region=18&sub_region=18",
  "prver" : "0",
  "isUik" : true,
  "selected" : false,
  "load_on_demand" : false
}, {
  "id" : 4184020204871,
  "text" : "УИК №2407",
  "href" : "region/izbirkom?action=show&root=182000012&tvd=4184020204871&vrn=100100225883172&prver=0&pronetvd=null&region=18&sub_region=18",
  "prver" : "0",
  "isUik" : true,
  "selected" : false,
  "load_on_demand" : false
}, {
  "id" : 4184020204872,
  "text" : "УИК №2408",
  "href" : "region/izbirkom?action=show&root=182000012&tvd=4184020204872&vrn=100100225883172&prver=0&pronetvd=null&region=18&sub_region=18",
  "prver" : "0",
  "isUik" : true,
  "selected" : false,
  "load_on_demand" : false
}, {
  "id" : 4184020204873,
  "text" : "УИК №2409",
  "href" : "region/izbirkom?action=show&root=182000012&tvd=4184020204873&vrn=100100225883172&prver=0&pronetvd=null&region=18&sub_region=18",
  "prver" : "0",
  "isUik" : true,
  "selected" : false,
  "load_on_demand" : false
}, {
  "id" : 4184020204874,
  "text" : "УИК №2410",
  "href" : "region/izbirkom?action=show&root=182000012&tvd=4184020204874&vrn=100100225883172&prver=0&pronetvd=null&region=18&sub_region=18",
  "prver" : "0",
  "isUik" : true,
  "selected" : false,
  "load_on_demand" : false
}, {
  "id" : 4184020204875,
  "text" : "УИК №2411",
  "href" : "region/izbirkom?action=show&root=182000012&tvd=4184020204875&vrn=100100225883172&prver=0&pronetvd=null&region=18&sub_region=18",
  "prver" : "0",
  "isUik" : true,
  "selected" : false,
  "load_on_demand" : false
}, {
  "id" : 4184020204876,
  "text" : "УИК №2412",
  "href" : "region/izbirkom?action=show&root=182000012&tvd=4184020204876&vrn=100100225883172&prver=0&pronetvd=null&region=18&sub_region=18",
  "prver" : "0",
  "isUik" : true,
  "selected" : false,
  "load_on_demand" : false
}, {
  "id" : 4184020204877,
  "text" : "УИК №2413",
  "href" : "region/izbirkom?action=show&root=182000012&tvd=4184020204877&vrn=100100225883172&prver=0&pronetvd=null&region=18&sub_region=18",
  "prver" : "0",
  "isUik" : true,
  "selected" : false,
  "load_on_demand" : false
}, {
  "id" : 4184020204878,
  "text" : "УИК №2414",
  "href" : "region/izbirkom?action=show&root=182000012&tvd=4184020204878&vrn=100100225883172&prver=0&pronetvd=null&region=18&sub_region=18",
  "prver" : "0",
  "isUik" : true,
  "selected" : false,
  "load_on_demand" : false
}, {
  "id" : 4184020204879,
  "text" : "УИК №2415",
  "href" : "region/izbirkom?action=show&root=182000012&tvd=4184020204879&vrn=100100225883172&prver=0&pronetvd=null&region=18&sub_region=18",
  "prver" : "0",
  "isUik" : true,
  "selected" : false,
  "load_on_demand" : false
}, {
  "id" : 4184020204880,
  "text" : "УИК №2416",
  "href" : "region/izbirkom?action=show&root=182000012&tvd=4184020204880&vrn=100100225883172&prver=0&pronetvd=null&region=18&sub_region=18",
  "prver" : "0",
  "isUik" : true,
  "selected" : false,
  "load_on_demand" : false
} ]