[ {
  "id" : 4184024314079,
  "text" : "УИК №2701",
  "href" : "region/izbirkom?action=show&root=182000031&tvd=4184024314079&vrn=100100225883172&prver=0&pronetvd=null&region=18&sub_region=18",
  "prver" : "0",
  "isUik" : true,
  "selected" : false,
  "load_on_demand" : false
}, {
  "id" : 4184024314080,
  "text" : "УИК №2702",
  "href" : "region/izbirkom?action=show&root=182000031&tvd=4184024314080&vrn=100100225883172&prver=0&pronetvd=null&region=18&sub_region=18",
  "prver" : "0",
  "isUik" : true,
  "selected" : false,
  "load_on_demand" : false
}, {
  "id" : 4184024314081,
  "text" : "УИК №2703",
  "href" : "region/izbirkom?action=show&root=182000031&tvd=4184024314081&vrn=100100225883172&prver=0&pronetvd=null&region=18&sub_region=18",
  "prver" : "0",
  "isUik" : true,
  "selected" : false,
  "load_on_demand" : false
}, {
  "id" : 4184024314082,
  "text" : "УИК №2704",
  "href" : "region/izbirkom?action=show&root=182000031&tvd=4184024314082&vrn=100100225883172&prver=0&pronetvd=null&region=18&sub_region=18",
  "prver" : "0",
  "isUik" : true,
  "selected" : false,
  "load_on_demand" : false
}, {
  "id" : 4184024314083,
  "text" : "УИК №2705",
  "href" : "region/izbirkom?action=show&root=182000031&tvd=4184024314083&vrn=100100225883172&prver=0&pronetvd=null&region=18&sub_region=18",
  "prver" : "0",
  "isUik" : true,
  "selected" : false,
  "load_on_demand" : false
}, {
  "id" : 4184024314084,
  "text" : "УИК №2706",
  "href" : "region/izbirkom?action=show&root=182000031&tvd=4184024314084&vrn=100100225883172&prver=0&pronetvd=null&region=18&sub_region=18",
  "prver" : "0",
  "isUik" : true,
  "selected" : false,
  "load_on_demand" : false
}, {
  "id" : 4184024314085,
  "text" : "УИК №2707",
  "href" : "region/izbirkom?action=show&root=182000031&tvd=4184024314085&vrn=100100225883172&prver=0&pronetvd=null&region=18&sub_region=18",
  "prver" : "0",
  "isUik" : true,
  "selected" : false,
  "load_on_demand" : false
}, {
  "id" : 4184024314086,
  "text" : "УИК №2708",
  "href" : "region/izbirkom?action=show&root=182000031&tvd=4184024314086&vrn=100100225883172&prver=0&pronetvd=null&region=18&sub_region=18",
  "prver" : "0",
  "isUik" : true,
  "selected" : false,
  "load_on_demand" : false
}, {
  "id" : 4184024314087,
  "text" : "УИК №2709",
  "href" : "region/izbirkom?action=show&root=182000031&tvd=4184024314087&vrn=100100225883172&prver=0&pronetvd=null&region=18&sub_region=18",
  "prver" : "0",
  "isUik" : true,
  "selected" : false,
  "load_on_demand" : false
}, {
  "id" : 4184024314088,
  "text" : "УИК №2710",
  "href" : "region/izbirkom?action=show&root=182000031&tvd=4184024314088&vrn=100100225883172&prver=0&pronetvd=null&region=18&sub_region=18",
  "prver" : "0",
  "isUik" : true,
  "selected" : false,
  "load_on_demand" : false
}, {
  "id" : 4184024314089,
  "text" : "УИК №2711",
  "href" : "region/izbirkom?action=show&root=182000031&tvd=4184024314089&vrn=100100225883172&prver=0&pronetvd=null&region=18&sub_region=18",
  "prver" : "0",
  "isUik" : true,
  "selected" : false,
  "load_on_demand" : false
}, {
  "id" : 4184024314090,
  "text" : "УИК №2712",
  "href" : "region/izbirkom?action=show&root=182000031&tvd=4184024314090&vrn=100100225883172&prver=0&pronetvd=null&region=18&sub_region=18",
  "prver" : "0",
  "isUik" : true,
  "selected" : false,
  "load_on_demand" : false
}, {
  "id" : 4184024314091,
  "text" : "УИК №2713",
  "href" : "region/izbirkom?action=show&root=182000031&tvd=4184024314091&vrn=100100225883172&prver=0&pronetvd=null&region=18&sub_region=18",
  "prver" : "0",
  "isUik" : true,
  "selected" : false,
  "load_on_demand" : false
}, {
  "id" : 4184024314092,
  "text" : "УИК №2714",
  "href" : "region/izbirkom?action=show&root=182000031&tvd=4184024314092&vrn=100100225883172&prver=0&pronetvd=null&region=18&sub_region=18",
  "prver" : "0",
  "isUik" : true,
  "selected" : false,
  "load_on_demand" : false
}, {
  "id" : 4184024314093,
  "text" : "УИК №2715",
  "href" : "region/izbirkom?action=show&root=182000031&tvd=4184024314093&vrn=100100225883172&prver=0&pronetvd=null&region=18&sub_region=18",
  "prver" : "0",
  "isUik" : true,
  "selected" : false,
  "load_on_demand" : false
}, {
  "id" : 4184024314094,
  "text" : "УИК №2716",
  "href" : "region/izbirkom?action=show&root=182000031&tvd=4184024314094&vrn=100100225883172&prver=0&pronetvd=null&region=18&sub_region=18",
  "prver" : "0",
  "isUik" : true,
  "selected" : false,
  "load_on_demand" : false
}, {
  "id" : 4184024314095,
  "text" : "УИК №2717",
  "href" : "region/izbirkom?action=show&root=182000031&tvd=4184024314095&vrn=100100225883172&prver=0&pronetvd=null&region=18&sub_region=18",
  "prver" : "0",
  "isUik" : true,
  "selected" : false,
  "load_on_demand" : false
}, {
  "id" : 4184024314096,
  "text" : "УИК №2718",
  "href" : "region/izbirkom?action=show&root=182000031&tvd=4184024314096&vrn=100100225883172&prver=0&pronetvd=null&region=18&sub_region=18",
  "prver" : "0",
  "isUik" : true,
  "selected" : false,
  "load_on_demand" : false
}, {
  "id" : 4184024314097,
  "text" : "УИК №2719",
  "href" : "region/izbirkom?action=show&root=182000031&tvd=4184024314097&vrn=100100225883172&prver=0&pronetvd=null&region=18&sub_region=18",
  "prver" : "0",
  "isUik" : true,
  "selected" : false,
  "load_on_demand" : false
}, {
  "id" : 4184024314098,
  "text" : "УИК №2720",
  "href" : "region/izbirkom?action=show&root=182000031&tvd=4184024314098&vrn=100100225883172&prver=0&pronetvd=null&region=18&sub_region=18",
  "prver" : "0",
  "isUik" : true,
  "selected" : false,
  "load_on_demand" : false
}, {
  "id" : 4184024314099,
  "text" : "УИК №2721",
  "href" : "region/izbirkom?action=show&root=182000031&tvd=4184024314099&vrn=100100225883172&prver=0&pronetvd=null&region=18&sub_region=18",
  "prver" : "0",
  "isUik" : true,
  "selected" : false,
  "load_on_demand" : false
}, {
  "id" : 4184024314100,
  "text" : "УИК №2722",
  "href" : "region/izbirkom?action=show&root=182000031&tvd=4184024314100&vrn=100100225883172&prver=0&pronetvd=null&region=18&sub_region=18",
  "prver" : "0",
  "isUik" : true,
  "selected" : false,
  "load_on_demand" : false
}, {
  "id" : 4184024314101,
  "text" : "УИК №2723",
  "href" : "region/izbirkom?action=show&root=182000031&tvd=4184024314101&vrn=100100225883172&prver=0&pronetvd=null&region=18&sub_region=18",
  "prver" : "0",
  "isUik" : true,
  "selected" : false,
  "load_on_demand" : false
}, {
  "id" : 4184024314102,
  "text" : "УИК №2724",
  "href" : "region/izbirkom?action=show&root=182000031&tvd=4184024314102&vrn=100100225883172&prver=0&pronetvd=null&region=18&sub_region=18",
  "prver" : "0",
  "isUik" : true,
  "selected" : false,
  "load_on_demand" : false
}, {
  "id" : 4184024314103,
  "text" : "УИК №2725",
  "href" : "region/izbirkom?action=show&root=182000031&tvd=4184024314103&vrn=100100225883172&prver=0&pronetvd=null&region=18&sub_region=18",
  "prver" : "0",
  "isUik" : true,
  "selected" : false,
  "load_on_demand" : false
}, {
  "id" : 4184024314104,
  "text" : "УИК №2726",
  "href" : "region/izbirkom?action=show&root=182000031&tvd=4184024314104&vrn=100100225883172&prver=0&pronetvd=null&region=18&sub_region=18",
  "prver" : "0",
  "isUik" : true,
  "selected" : false,
  "load_on_demand" : false
} ]