[ {
  "id" : 4184004259548,
  "text" : "УИК №1301",
  "href" : "region/izbirkom?action=show&root=182000002&tvd=4184004259548&vrn=100100225883172&prver=0&pronetvd=null&region=18&sub_region=18",
  "prver" : "0",
  "isUik" : true,
  "selected" : false,
  "load_on_demand" : false
}, {
  "id" : 4184004259549,
  "text" : "УИК №1302",
  "href" : "region/izbirkom?action=show&root=182000002&tvd=4184004259549&vrn=100100225883172&prver=0&pronetvd=null&region=18&sub_region=18",
  "prver" : "0",
  "isUik" : true,
  "selected" : false,
  "load_on_demand" : false
}, {
  "id" : 4184004259550,
  "text" : "УИК №1303",
  "href" : "region/izbirkom?action=show&root=182000002&tvd=4184004259550&vrn=100100225883172&prver=0&pronetvd=null&region=18&sub_region=18",
  "prver" : "0",
  "isUik" : true,
  "selected" : false,
  "load_on_demand" : false
}, {
  "id" : 4184004259551,
  "text" : "УИК №1304",
  "href" : "region/izbirkom?action=show&root=182000002&tvd=4184004259551&vrn=100100225883172&prver=0&pronetvd=null&region=18&sub_region=18",
  "prver" : "0",
  "isUik" : true,
  "selected" : false,
  "load_on_demand" : false
}, {
  "id" : 4184004259552,
  "text" : "УИК №1305",
  "href" : "region/izbirkom?action=show&root=182000002&tvd=4184004259552&vrn=100100225883172&prver=0&pronetvd=null&region=18&sub_region=18",
  "prver" : "0",
  "isUik" : true,
  "selected" : false,
  "load_on_demand" : false
}, {
  "id" : 4184004259553,
  "text" : "УИК №1306",
  "href" : "region/izbirkom?action=show&root=182000002&tvd=4184004259553&vrn=100100225883172&prver=0&pronetvd=null&region=18&sub_region=18",
  "prver" : "0",
  "isUik" : true,
  "selected" : false,
  "load_on_demand" : false
}, {
  "id" : 4184004259554,
  "text" : "УИК №1307",
  "href" : "region/izbirkom?action=show&root=182000002&tvd=4184004259554&vrn=100100225883172&prver=0&pronetvd=null&region=18&sub_region=18",
  "prver" : "0",
  "isUik" : true,
  "selected" : false,
  "load_on_demand" : false
}, {
  "id" : 4184004259555,
  "text" : "УИК №1308",
  "href" : "region/izbirkom?action=show&root=182000002&tvd=4184004259555&vrn=100100225883172&prver=0&pronetvd=null&region=18&sub_region=18",
  "prver" : "0",
  "isUik" : true,
  "selected" : false,
  "load_on_demand" : false
}, {
  "id" : 4184004259556,
  "text" : "УИК №1309",
  "href" : "region/izbirkom?action=show&root=182000002&tvd=4184004259556&vrn=100100225883172&prver=0&pronetvd=null&region=18&sub_region=18",
  "prver" : "0",
  "isUik" : true,
  "selected" : false,
  "load_on_demand" : false
}, {
  "id" : 4184004259557,
  "text" : "УИК №1310",
  "href" : "region/izbirkom?action=show&root=182000002&tvd=4184004259557&vrn=100100225883172&prver=0&pronetvd=null&region=18&sub_region=18",
  "prver" : "0",
  "isUik" : true,
  "selected" : false,
  "load_on_demand" : false
}, {
  "id" : 4184004259558,
  "text" : "УИК №1311",
  "href" : "region/izbirkom?action=show&root=182000002&tvd=4184004259558&vrn=100100225883172&prver=0&pronetvd=null&region=18&sub_region=18",
  "prver" : "0",
  "isUik" : true,
  "selected" : false,
  "load_on_demand" : false
}, {
  "id" : 4184004259559,
  "text" : "УИК №1312",
  "href" : "region/izbirkom?action=show&root=182000002&tvd=4184004259559&vrn=100100225883172&prver=0&pronetvd=null&region=18&sub_region=18",
  "prver" : "0",
  "isUik" : true,
  "selected" : false,
  "load_on_demand" : false
}, {
  "id" : 4184004259560,
  "text" : "УИК №1313",
  "href" : "region/izbirkom?action=show&root=182000002&tvd=4184004259560&vrn=100100225883172&prver=0&pronetvd=null&region=18&sub_region=18",
  "prver" : "0",
  "isUik" : true,
  "selected" : false,
  "load_on_demand" : false
}, {
  "id" : 4184004259561,
  "text" : "УИК №1314",
  "href" : "region/izbirkom?action=show&root=182000002&tvd=4184004259561&vrn=100100225883172&prver=0&pronetvd=null&region=18&sub_region=18",
  "prver" : "0",
  "isUik" : true,
  "selected" : false,
  "load_on_demand" : false
}, {
  "id" : 4184004259562,
  "text" : "УИК №1315",
  "href" : "region/izbirkom?action=show&root=182000002&tvd=4184004259562&vrn=100100225883172&prver=0&pronetvd=null&region=18&sub_region=18",
  "prver" : "0",
  "isUik" : true,
  "selected" : false,
  "load_on_demand" : false
}, {
  "id" : 4184004259563,
  "text" : "УИК №1316",
  "href" : "region/izbirkom?action=show&root=182000002&tvd=4184004259563&vrn=100100225883172&prver=0&pronetvd=null&region=18&sub_region=18",
  "prver" : "0",
  "isUik" : true,
  "selected" : false,
  "load_on_demand" : false
}, {
  "id" : 4184004259564,
  "text" : "УИК №1317",
  "href" : "region/izbirkom?action=show&root=182000002&tvd=4184004259564&vrn=100100225883172&prver=0&pronetvd=null&region=18&sub_region=18",
  "prver" : "0",
  "isUik" : true,
  "selected" : false,
  "load_on_demand" : false
}, {
  "id" : 4184004259565,
  "text" : "УИК №1318",
  "href" : "region/izbirkom?action=show&root=182000002&tvd=4184004259565&vrn=100100225883172&prver=0&pronetvd=null&region=18&sub_region=18",
  "prver" : "0",
  "isUik" : true,
  "selected" : false,
  "load_on_demand" : false
}, {
  "id" : 4184004259566,
  "text" : "УИК №1319",
  "href" : "region/izbirkom?action=show&root=182000002&tvd=4184004259566&vrn=100100225883172&prver=0&pronetvd=null&region=18&sub_region=18",
  "prver" : "0",
  "isUik" : true,
  "selected" : false,
  "load_on_demand" : false
}, {
  "id" : 4184004259567,
  "text" : "УИК №1320",
  "href" : "region/izbirkom?action=show&root=182000002&tvd=4184004259567&vrn=100100225883172&prver=0&pronetvd=null&region=18&sub_region=18",
  "prver" : "0",
  "isUik" : true,
  "selected" : false,
  "load_on_demand" : false
}, {
  "id" : 4184004259568,
  "text" : "УИК №1321",
  "href" : "region/izbirkom?action=show&root=182000002&tvd=4184004259568&vrn=100100225883172&prver=0&pronetvd=null&region=18&sub_region=18",
  "prver" : "0",
  "isUik" : true,
  "selected" : false,
  "load_on_demand" : false
}, {
  "id" : 4184004259569,
  "text" : "УИК №1322",
  "href" : "region/izbirkom?action=show&root=182000002&tvd=4184004259569&vrn=100100225883172&prver=0&pronetvd=null&region=18&sub_region=18",
  "prver" : "0",
  "isUik" : true,
  "selected" : false,
  "load_on_demand" : false
}, {
  "id" : 4184004259570,
  "text" : "УИК №1323",
  "href" : "region/izbirkom?action=show&root=182000002&tvd=4184004259570&vrn=100100225883172&prver=0&pronetvd=null&region=18&sub_region=18",
  "prver" : "0",
  "isUik" : true,
  "selected" : false,
  "load_on_demand" : false
}, {
  "id" : 4184004259571,
  "text" : "УИК №1324",
  "href" : "region/izbirkom?action=show&root=182000002&tvd=4184004259571&vrn=100100225883172&prver=0&pronetvd=null&region=18&sub_region=18",
  "prver" : "0",
  "isUik" : true,
  "selected" : false,
  "load_on_demand" : false
}, {
  "id" : 4184004259572,
  "text" : "УИК №1325",
  "href" : "region/izbirkom?action=show&root=182000002&tvd=4184004259572&vrn=100100225883172&prver=0&pronetvd=null&region=18&sub_region=18",
  "prver" : "0",
  "isUik" : true,
  "selected" : false,
  "load_on_demand" : false
}, {
  "id" : 4184004259573,
  "text" : "УИК №1326",
  "href" : "region/izbirkom?action=show&root=182000002&tvd=4184004259573&vrn=100100225883172&prver=0&pronetvd=null&region=18&sub_region=18",
  "prver" : "0",
  "isUik" : true,
  "selected" : false,
  "load_on_demand" : false
}, {
  "id" : 4184004259574,
  "text" : "УИК №1327",
  "href" : "region/izbirkom?action=show&root=182000002&tvd=4184004259574&vrn=100100225883172&prver=0&pronetvd=null&region=18&sub_region=18",
  "prver" : "0",
  "isUik" : true,
  "selected" : false,
  "load_on_demand" : false
} ]