[ {
  "id" : 4184003235245,
  "text" : "УИК №1201",
  "href" : "region/izbirkom?action=show&root=182000019&tvd=4184003235245&vrn=100100225883172&prver=0&pronetvd=null&region=18&sub_region=18",
  "prver" : "0",
  "isUik" : true,
  "selected" : false,
  "load_on_demand" : false
}, {
  "id" : 4184003235246,
  "text" : "УИК №1202",
  "href" : "region/izbirkom?action=show&root=182000019&tvd=4184003235246&vrn=100100225883172&prver=0&pronetvd=null&region=18&sub_region=18",
  "prver" : "0",
  "isUik" : true,
  "selected" : false,
  "load_on_demand" : false
}, {
  "id" : 4184003235247,
  "text" : "УИК №1203",
  "href" : "region/izbirkom?action=show&root=182000019&tvd=4184003235247&vrn=100100225883172&prver=0&pronetvd=null&region=18&sub_region=18",
  "prver" : "0",
  "isUik" : true,
  "selected" : false,
  "load_on_demand" : false
}, {
  "id" : 4184003235248,
  "text" : "УИК №1204",
  "href" : "region/izbirkom?action=show&root=182000019&tvd=4184003235248&vrn=100100225883172&prver=0&pronetvd=null&region=18&sub_region=18",
  "prver" : "0",
  "isUik" : true,
  "selected" : false,
  "load_on_demand" : false
}, {
  "id" : 4184003235249,
  "text" : "УИК №1205",
  "href" : "region/izbirkom?action=show&root=182000019&tvd=4184003235249&vrn=100100225883172&prver=0&pronetvd=null&region=18&sub_region=18",
  "prver" : "0",
  "isUik" : true,
  "selected" : false,
  "load_on_demand" : false
}, {
  "id" : 4184003235250,
  "text" : "УИК №1206",
  "href" : "region/izbirkom?action=show&root=182000019&tvd=4184003235250&vrn=100100225883172&prver=0&pronetvd=null&region=18&sub_region=18",
  "prver" : "0",
  "isUik" : true,
  "selected" : false,
  "load_on_demand" : false
}, {
  "id" : 4184003235251,
  "text" : "УИК №1207",
  "href" : "region/izbirkom?action=show&root=182000019&tvd=4184003235251&vrn=100100225883172&prver=0&pronetvd=null&region=18&sub_region=18",
  "prver" : "0",
  "isUik" : true,
  "selected" : false,
  "load_on_demand" : false
}, {
  "id" : 4184003235252,
  "text" : "УИК №1208",
  "href" : "region/izbirkom?action=show&root=182000019&tvd=4184003235252&vrn=100100225883172&prver=0&pronetvd=null&region=18&sub_region=18",
  "prver" : "0",
  "isUik" : true,
  "selected" : false,
  "load_on_demand" : false
}, {
  "id" : 4184003235253,
  "text" : "УИК №1209",
  "href" : "region/izbirkom?action=show&root=182000019&tvd=4184003235253&vrn=100100225883172&prver=0&pronetvd=null&region=18&sub_region=18",
  "prver" : "0",
  "isUik" : true,
  "selected" : false,
  "load_on_demand" : false
}, {
  "id" : 4184003235254,
  "text" : "УИК №1210",
  "href" : "region/izbirkom?action=show&root=182000019&tvd=4184003235254&vrn=100100225883172&prver=0&pronetvd=null&region=18&sub_region=18",
  "prver" : "0",
  "isUik" : true,
  "selected" : false,
  "load_on_demand" : false
}, {
  "id" : 4184003235255,
  "text" : "УИК №1211",
  "href" : "region/izbirkom?action=show&root=182000019&tvd=4184003235255&vrn=100100225883172&prver=0&pronetvd=null&region=18&sub_region=18",
  "prver" : "0",
  "isUik" : true,
  "selected" : false,
  "load_on_demand" : false
}, {
  "id" : 4184003235256,
  "text" : "УИК №1212",
  "href" : "region/izbirkom?action=show&root=182000019&tvd=4184003235256&vrn=100100225883172&prver=0&pronetvd=null&region=18&sub_region=18",
  "prver" : "0",
  "isUik" : true,
  "selected" : false,
  "load_on_demand" : false
}, {
  "id" : 4184003235257,
  "text" : "УИК №1213",
  "href" : "region/izbirkom?action=show&root=182000019&tvd=4184003235257&vrn=100100225883172&prver=0&pronetvd=null&region=18&sub_region=18",
  "prver" : "0",
  "isUik" : true,
  "selected" : false,
  "load_on_demand" : false
}, {
  "id" : 4184003235258,
  "text" : "УИК №1214",
  "href" : "region/izbirkom?action=show&root=182000019&tvd=4184003235258&vrn=100100225883172&prver=0&pronetvd=null&region=18&sub_region=18",
  "prver" : "0",
  "isUik" : true,
  "selected" : false,
  "load_on_demand" : false
}, {
  "id" : 4184003235259,
  "text" : "УИК №1215",
  "href" : "region/izbirkom?action=show&root=182000019&tvd=4184003235259&vrn=100100225883172&prver=0&pronetvd=null&region=18&sub_region=18",
  "prver" : "0",
  "isUik" : true,
  "selected" : false,
  "load_on_demand" : false
}, {
  "id" : 4184003235260,
  "text" : "УИК №1216",
  "href" : "region/izbirkom?action=show&root=182000019&tvd=4184003235260&vrn=100100225883172&prver=0&pronetvd=null&region=18&sub_region=18",
  "prver" : "0",
  "isUik" : true,
  "selected" : false,
  "load_on_demand" : false
}, {
  "id" : 4184003235261,
  "text" : "УИК №1217",
  "href" : "region/izbirkom?action=show&root=182000019&tvd=4184003235261&vrn=100100225883172&prver=0&pronetvd=null&region=18&sub_region=18",
  "prver" : "0",
  "isUik" : true,
  "selected" : false,
  "load_on_demand" : false
}, {
  "id" : 4184003235262,
  "text" : "УИК №1218",
  "href" : "region/izbirkom?action=show&root=182000019&tvd=4184003235262&vrn=100100225883172&prver=0&pronetvd=null&region=18&sub_region=18",
  "prver" : "0",
  "isUik" : true,
  "selected" : false,
  "load_on_demand" : false
}, {
  "id" : 4184003235263,
  "text" : "УИК №1219",
  "href" : "region/izbirkom?action=show&root=182000019&tvd=4184003235263&vrn=100100225883172&prver=0&pronetvd=null&region=18&sub_region=18",
  "prver" : "0",
  "isUik" : true,
  "selected" : false,
  "load_on_demand" : false
}, {
  "id" : 4184003235264,
  "text" : "УИК №1220",
  "href" : "region/izbirkom?action=show&root=182000019&tvd=4184003235264&vrn=100100225883172&prver=0&pronetvd=null&region=18&sub_region=18",
  "prver" : "0",
  "isUik" : true,
  "selected" : false,
  "load_on_demand" : false
}, {
  "id" : 4184003235265,
  "text" : "УИК №1221",
  "href" : "region/izbirkom?action=show&root=182000019&tvd=4184003235265&vrn=100100225883172&prver=0&pronetvd=null&region=18&sub_region=18",
  "prver" : "0",
  "isUik" : true,
  "selected" : false,
  "load_on_demand" : false
}, {
  "id" : 4184003235266,
  "text" : "УИК №1222",
  "href" : "region/izbirkom?action=show&root=182000019&tvd=4184003235266&vrn=100100225883172&prver=0&pronetvd=null&region=18&sub_region=18",
  "prver" : "0",
  "isUik" : true,
  "selected" : false,
  "load_on_demand" : false
}, {
  "id" : 4184003235267,
  "text" : "УИК №1223",
  "href" : "region/izbirkom?action=show&root=182000019&tvd=4184003235267&vrn=100100225883172&prver=0&pronetvd=null&region=18&sub_region=18",
  "prver" : "0",
  "isUik" : true,
  "selected" : false,
  "load_on_demand" : false
}, {
  "id" : 4184003235268,
  "text" : "УИК №1224",
  "href" : "region/izbirkom?action=show&root=182000019&tvd=4184003235268&vrn=100100225883172&prver=0&pronetvd=null&region=18&sub_region=18",
  "prver" : "0",
  "isUik" : true,
  "selected" : false,
  "load_on_demand" : false
}, {
  "id" : 4184003235269,
  "text" : "УИК №1225",
  "href" : "region/izbirkom?action=show&root=182000019&tvd=4184003235269&vrn=100100225883172&prver=0&pronetvd=null&region=18&sub_region=18",
  "prver" : "0",
  "isUik" : true,
  "selected" : false,
  "load_on_demand" : false
}, {
  "id" : 4184003235270,
  "text" : "УИК №1226",
  "href" : "region/izbirkom?action=show&root=182000019&tvd=4184003235270&vrn=100100225883172&prver=0&pronetvd=null&region=18&sub_region=18",
  "prver" : "0",
  "isUik" : true,
  "selected" : false,
  "load_on_demand" : false
}, {
  "id" : 4184003235271,
  "text" : "УИК №1227",
  "href" : "region/izbirkom?action=show&root=182000019&tvd=4184003235271&vrn=100100225883172&prver=0&pronetvd=null&region=18&sub_region=18",
  "prver" : "0",
  "isUik" : true,
  "selected" : false,
  "load_on_demand" : false
}, {
  "id" : 4184003235272,
  "text" : "УИК №1228",
  "href" : "region/izbirkom?action=show&root=182000019&tvd=4184003235272&vrn=100100225883172&prver=0&pronetvd=null&region=18&sub_region=18",
  "prver" : "0",
  "isUik" : true,
  "selected" : false,
  "load_on_demand" : false
}, {
  "id" : 4184003235273,
  "text" : "УИК №1229",
  "href" : "region/izbirkom?action=show&root=182000019&tvd=4184003235273&vrn=100100225883172&prver=0&pronetvd=null&region=18&sub_region=18",
  "prver" : "0",
  "isUik" : true,
  "selected" : false,
  "load_on_demand" : false
} ]