[ {
  "id" : 4184005289001,
  "text" : "УИК №701",
  "href" : "region/izbirkom?action=show&root=182000005&tvd=4184005289001&vrn=100100225883172&prver=0&pronetvd=null&region=18&sub_region=18",
  "prver" : "0",
  "isUik" : true,
  "selected" : false,
  "load_on_demand" : false
}, {
  "id" : 4184005289002,
  "text" : "УИК №702",
  "href" : "region/izbirkom?action=show&root=182000005&tvd=4184005289002&vrn=100100225883172&prver=0&pronetvd=null&region=18&sub_region=18",
  "prver" : "0",
  "isUik" : true,
  "selected" : false,
  "load_on_demand" : false
}, {
  "id" : 4184005289003,
  "text" : "УИК №703",
  "href" : "region/izbirkom?action=show&root=182000005&tvd=4184005289003&vrn=100100225883172&prver=0&pronetvd=null&region=18&sub_region=18",
  "prver" : "0",
  "isUik" : true,
  "selected" : false,
  "load_on_demand" : false
}, {
  "id" : 4184005289004,
  "text" : "УИК №704",
  "href" : "region/izbirkom?action=show&root=182000005&tvd=4184005289004&vrn=100100225883172&prver=0&pronetvd=null&region=18&sub_region=18",
  "prver" : "0",
  "isUik" : true,
  "selected" : false,
  "load_on_demand" : false
}, {
  "id" : 4184005289005,
  "text" : "УИК №705",
  "href" : "region/izbirkom?action=show&root=182000005&tvd=4184005289005&vrn=100100225883172&prver=0&pronetvd=null&region=18&sub_region=18",
  "prver" : "0",
  "isUik" : true,
  "selected" : false,
  "load_on_demand" : false
}, {
  "id" : 4184005289006,
  "text" : "УИК №706",
  "href" : "region/izbirkom?action=show&root=182000005&tvd=4184005289006&vrn=100100225883172&prver=0&pronetvd=null&region=18&sub_region=18",
  "prver" : "0",
  "isUik" : true,
  "selected" : false,
  "load_on_demand" : false
}, {
  "id" : 4184005289007,
  "text" : "УИК №707",
  "href" : "region/izbirkom?action=show&root=182000005&tvd=4184005289007&vrn=100100225883172&prver=0&pronetvd=null&region=18&sub_region=18",
  "prver" : "0",
  "isUik" : true,
  "selected" : false,
  "load_on_demand" : false
}, {
  "id" : 4184005289008,
  "text" : "УИК №708",
  "href" : "region/izbirkom?action=show&root=182000005&tvd=4184005289008&vrn=100100225883172&prver=0&pronetvd=null&region=18&sub_region=18",
  "prver" : "0",
  "isUik" : true,
  "selected" : false,
  "load_on_demand" : false
}, {
  "id" : 4184005289009,
  "text" : "УИК №709",
  "href" : "region/izbirkom?action=show&root=182000005&tvd=4184005289009&vrn=100100225883172&prver=0&pronetvd=null&region=18&sub_region=18",
  "prver" : "0",
  "isUik" : true,
  "selected" : false,
  "load_on_demand" : false
}, {
  "id" : 4184005289010,
  "text" : "УИК №710",
  "href" : "region/izbirkom?action=show&root=182000005&tvd=4184005289010&vrn=100100225883172&prver=0&pronetvd=null&region=18&sub_region=18",
  "prver" : "0",
  "isUik" : true,
  "selected" : false,
  "load_on_demand" : false
}, {
  "id" : 4184005289011,
  "text" : "УИК №711",
  "href" : "region/izbirkom?action=show&root=182000005&tvd=4184005289011&vrn=100100225883172&prver=0&pronetvd=null&region=18&sub_region=18",
  "prver" : "0",
  "isUik" : true,
  "selected" : false,
  "load_on_demand" : false
}, {
  "id" : 4184005289012,
  "text" : "УИК №712",
  "href" : "region/izbirkom?action=show&root=182000005&tvd=4184005289012&vrn=100100225883172&prver=0&pronetvd=null&region=18&sub_region=18",
  "prver" : "0",
  "isUik" : true,
  "selected" : false,
  "load_on_demand" : false
}, {
  "id" : 4184005289013,
  "text" : "УИК №713",
  "href" : "region/izbirkom?action=show&root=182000005&tvd=4184005289013&vrn=100100225883172&prver=0&pronetvd=null&region=18&sub_region=18",
  "prver" : "0",
  "isUik" : true,
  "selected" : false,
  "load_on_demand" : false
}, {
  "id" : 4184005289014,
  "text" : "УИК №714",
  "href" : "region/izbirkom?action=show&root=182000005&tvd=4184005289014&vrn=100100225883172&prver=0&pronetvd=null&region=18&sub_region=18",
  "prver" : "0",
  "isUik" : true,
  "selected" : false,
  "load_on_demand" : false
}, {
  "id" : 4184005289015,
  "text" : "УИК №715",
  "href" : "region/izbirkom?action=show&root=182000005&tvd=4184005289015&vrn=100100225883172&prver=0&pronetvd=null&region=18&sub_region=18",
  "prver" : "0",
  "isUik" : true,
  "selected" : false,
  "load_on_demand" : false
}, {
  "id" : 4184005289016,
  "text" : "УИК №716",
  "href" : "region/izbirkom?action=show&root=182000005&tvd=4184005289016&vrn=100100225883172&prver=0&pronetvd=null&region=18&sub_region=18",
  "prver" : "0",
  "isUik" : true,
  "selected" : false,
  "load_on_demand" : false
}, {
  "id" : 4184005289017,
  "text" : "УИК №717",
  "href" : "region/izbirkom?action=show&root=182000005&tvd=4184005289017&vrn=100100225883172&prver=0&pronetvd=null&region=18&sub_region=18",
  "prver" : "0",
  "isUik" : true,
  "selected" : false,
  "load_on_demand" : false
}, {
  "id" : 4184005289018,
  "text" : "УИК №718",
  "href" : "region/izbirkom?action=show&root=182000005&tvd=4184005289018&vrn=100100225883172&prver=0&pronetvd=null&region=18&sub_region=18",
  "prver" : "0",
  "isUik" : true,
  "selected" : false,
  "load_on_demand" : false
}, {
  "id" : 4184005289019,
  "text" : "УИК №719",
  "href" : "region/izbirkom?action=show&root=182000005&tvd=4184005289019&vrn=100100225883172&prver=0&pronetvd=null&region=18&sub_region=18",
  "prver" : "0",
  "isUik" : true,
  "selected" : false,
  "load_on_demand" : false
}, {
  "id" : 4184005289020,
  "text" : "УИК №720",
  "href" : "region/izbirkom?action=show&root=182000005&tvd=4184005289020&vrn=100100225883172&prver=0&pronetvd=null&region=18&sub_region=18",
  "prver" : "0",
  "isUik" : true,
  "selected" : false,
  "load_on_demand" : false
}, {
  "id" : 4184005289021,
  "text" : "УИК №721",
  "href" : "region/izbirkom?action=show&root=182000005&tvd=4184005289021&vrn=100100225883172&prver=0&pronetvd=null&region=18&sub_region=18",
  "prver" : "0",
  "isUik" : true,
  "selected" : false,
  "load_on_demand" : false
}, {
  "id" : 4184005289022,
  "text" : "УИК №722",
  "href" : "region/izbirkom?action=show&root=182000005&tvd=4184005289022&vrn=100100225883172&prver=0&pronetvd=null&region=18&sub_region=18",
  "prver" : "0",
  "isUik" : true,
  "selected" : false,
  "load_on_demand" : false
}, {
  "id" : 4184005289023,
  "text" : "УИК №723",
  "href" : "region/izbirkom?action=show&root=182000005&tvd=4184005289023&vrn=100100225883172&prver=0&pronetvd=null&region=18&sub_region=18",
  "prver" : "0",
  "isUik" : true,
  "selected" : false,
  "load_on_demand" : false
}, {
  "id" : 4184005289024,
  "text" : "УИК №724",
  "href" : "region/izbirkom?action=show&root=182000005&tvd=4184005289024&vrn=100100225883172&prver=0&pronetvd=null&region=18&sub_region=18",
  "prver" : "0",
  "isUik" : true,
  "selected" : false,
  "load_on_demand" : false
}, {
  "id" : 4184005289025,
  "text" : "УИК №725",
  "href" : "region/izbirkom?action=show&root=182000005&tvd=4184005289025&vrn=100100225883172&prver=0&pronetvd=null&region=18&sub_region=18",
  "prver" : "0",
  "isUik" : true,
  "selected" : false,
  "load_on_demand" : false
}, {
  "id" : 4184005289026,
  "text" : "УИК №726",
  "href" : "region/izbirkom?action=show&root=182000005&tvd=4184005289026&vrn=100100225883172&prver=0&pronetvd=null&region=18&sub_region=18",
  "prver" : "0",
  "isUik" : true,
  "selected" : false,
  "load_on_demand" : false
}, {
  "id" : 4184005289027,
  "text" : "УИК №727",
  "href" : "region/izbirkom?action=show&root=182000005&tvd=4184005289027&vrn=100100225883172&prver=0&pronetvd=null&region=18&sub_region=18",
  "prver" : "0",
  "isUik" : true,
  "selected" : false,
  "load_on_demand" : false
}, {
  "id" : 4184005289028,
  "text" : "УИК №728",
  "href" : "region/izbirkom?action=show&root=182000005&tvd=4184005289028&vrn=100100225883172&prver=0&pronetvd=null&region=18&sub_region=18",
  "prver" : "0",
  "isUik" : true,
  "selected" : false,
  "load_on_demand" : false
}, {
  "id" : 4184005289029,
  "text" : "УИК №729",
  "href" : "region/izbirkom?action=show&root=182000005&tvd=4184005289029&vrn=100100225883172&prver=0&pronetvd=null&region=18&sub_region=18",
  "prver" : "0",
  "isUik" : true,
  "selected" : false,
  "load_on_demand" : false
}, {
  "id" : 4184005289030,
  "text" : "УИК №730",
  "href" : "region/izbirkom?action=show&root=182000005&tvd=4184005289030&vrn=100100225883172&prver=0&pronetvd=null&region=18&sub_region=18",
  "prver" : "0",
  "isUik" : true,
  "selected" : false,
  "load_on_demand" : false
}, {
  "id" : 4184005289031,
  "text" : "УИК №731",
  "href" : "region/izbirkom?action=show&root=182000005&tvd=4184005289031&vrn=100100225883172&prver=0&pronetvd=null&region=18&sub_region=18",
  "prver" : "0",
  "isUik" : true,
  "selected" : false,
  "load_on_demand" : false
}, {
  "id" : 4184005289032,
  "text" : "УИК №732",
  "href" : "region/izbirkom?action=show&root=182000005&tvd=4184005289032&vrn=100100225883172&prver=0&pronetvd=null&region=18&sub_region=18",
  "prver" : "0",
  "isUik" : true,
  "selected" : false,
  "load_on_demand" : false
}, {
  "id" : 4184005289033,
  "text" : "УИК №733",
  "href" : "region/izbirkom?action=show&root=182000005&tvd=4184005289033&vrn=100100225883172&prver=0&pronetvd=null&region=18&sub_region=18",
  "prver" : "0",
  "isUik" : true,
  "selected" : false,
  "load_on_demand" : false
}, {
  "id" : 4184005289034,
  "text" : "УИК №734",
  "href" : "region/izbirkom?action=show&root=182000005&tvd=4184005289034&vrn=100100225883172&prver=0&pronetvd=null&region=18&sub_region=18",
  "prver" : "0",
  "isUik" : true,
  "selected" : false,
  "load_on_demand" : false
}, {
  "id" : 4184005289035,
  "text" : "УИК №735",
  "href" : "region/izbirkom?action=show&root=182000005&tvd=4184005289035&vrn=100100225883172&prver=0&pronetvd=null&region=18&sub_region=18",
  "prver" : "0",
  "isUik" : true,
  "selected" : false,
  "load_on_demand" : false
}, {
  "id" : 4184005289036,
  "text" : "УИК №736",
  "href" : "region/izbirkom?action=show&root=182000005&tvd=4184005289036&vrn=100100225883172&prver=0&pronetvd=null&region=18&sub_region=18",
  "prver" : "0",
  "isUik" : true,
  "selected" : false,
  "load_on_demand" : false
}, {
  "id" : 4184005289037,
  "text" : "УИК №737",
  "href" : "region/izbirkom?action=show&root=182000005&tvd=4184005289037&vrn=100100225883172&prver=0&pronetvd=null&region=18&sub_region=18",
  "prver" : "0",
  "isUik" : true,
  "selected" : false,
  "load_on_demand" : false
}, {
  "id" : 4184005289038,
  "text" : "УИК №738",
  "href" : "region/izbirkom?action=show&root=182000005&tvd=4184005289038&vrn=100100225883172&prver=0&pronetvd=null&region=18&sub_region=18",
  "prver" : "0",
  "isUik" : true,
  "selected" : false,
  "load_on_demand" : false
}, {
  "id" : 4184005289039,
  "text" : "УИК №739",
  "href" : "region/izbirkom?action=show&root=182000005&tvd=4184005289039&vrn=100100225883172&prver=0&pronetvd=null&region=18&sub_region=18",
  "prver" : "0",
  "isUik" : true,
  "selected" : false,
  "load_on_demand" : false
}, {
  "id" : 4184005291339,
  "text" : "УИК №740",
  "href" : "region/izbirkom?action=show&root=182000005&tvd=4184005291339&vrn=100100225883172&prver=0&pronetvd=null&region=18&sub_region=18",
  "prver" : "0",
  "isUik" : true,
  "selected" : false,
  "load_on_demand" : false
}, {
  "id" : 4184005291341,
  "text" : "УИК №741",
  "href" : "region/izbirkom?action=show&root=182000005&tvd=4184005291341&vrn=100100225883172&prver=0&pronetvd=null&region=18&sub_region=18",
  "prver" : "0",
  "isUik" : true,
  "selected" : false,
  "load_on_demand" : false
}, {
  "id" : 4184005291343,
  "text" : "УИК №742",
  "href" : "region/izbirkom?action=show&root=182000005&tvd=4184005291343&vrn=100100225883172&prver=0&pronetvd=null&region=18&sub_region=18",
  "prver" : "0",
  "isUik" : true,
  "selected" : false,
  "load_on_demand" : false
} ]