[ {
  "id" : 4184007220277,
  "text" : "УИК №1601",
  "href" : "region/izbirkom?action=show&root=182000006&tvd=4184007220277&vrn=100100225883172&prver=0&pronetvd=null&region=18&sub_region=18",
  "prver" : "0",
  "isUik" : true,
  "selected" : false,
  "load_on_demand" : false
}, {
  "id" : 4184007220278,
  "text" : "УИК №1602",
  "href" : "region/izbirkom?action=show&root=182000006&tvd=4184007220278&vrn=100100225883172&prver=0&pronetvd=null&region=18&sub_region=18",
  "prver" : "0",
  "isUik" : true,
  "selected" : false,
  "load_on_demand" : false
}, {
  "id" : 4184007220279,
  "text" : "УИК №1603",
  "href" : "region/izbirkom?action=show&root=182000006&tvd=4184007220279&vrn=100100225883172&prver=0&pronetvd=null&region=18&sub_region=18",
  "prver" : "0",
  "isUik" : true,
  "selected" : false,
  "load_on_demand" : false
}, {
  "id" : 4184007220280,
  "text" : "УИК №1604",
  "href" : "region/izbirkom?action=show&root=182000006&tvd=4184007220280&vrn=100100225883172&prver=0&pronetvd=null&region=18&sub_region=18",
  "prver" : "0",
  "isUik" : true,
  "selected" : false,
  "load_on_demand" : false
}, {
  "id" : 4184007220281,
  "text" : "УИК №1605",
  "href" : "region/izbirkom?action=show&root=182000006&tvd=4184007220281&vrn=100100225883172&prver=0&pronetvd=null&region=18&sub_region=18",
  "prver" : "0",
  "isUik" : true,
  "selected" : false,
  "load_on_demand" : false
}, {
  "id" : 4184007220282,
  "text" : "УИК №1606",
  "href" : "region/izbirkom?action=show&root=182000006&tvd=4184007220282&vrn=100100225883172&prver=0&pronetvd=null&region=18&sub_region=18",
  "prver" : "0",
  "isUik" : true,
  "selected" : false,
  "load_on_demand" : false
}, {
  "id" : 4184007220283,
  "text" : "УИК №1607",
  "href" : "region/izbirkom?action=show&root=182000006&tvd=4184007220283&vrn=100100225883172&prver=0&pronetvd=null&region=18&sub_region=18",
  "prver" : "0",
  "isUik" : true,
  "selected" : false,
  "load_on_demand" : false
}, {
  "id" : 4184007220284,
  "text" : "УИК №1608",
  "href" : "region/izbirkom?action=show&root=182000006&tvd=4184007220284&vrn=100100225883172&prver=0&pronetvd=null&region=18&sub_region=18",
  "prver" : "0",
  "isUik" : true,
  "selected" : false,
  "load_on_demand" : false
}, {
  "id" : 4184007220285,
  "text" : "УИК №1609",
  "href" : "region/izbirkom?action=show&root=182000006&tvd=4184007220285&vrn=100100225883172&prver=0&pronetvd=null&region=18&sub_region=18",
  "prver" : "0",
  "isUik" : true,
  "selected" : false,
  "load_on_demand" : false
}, {
  "id" : 4184007220286,
  "text" : "УИК №1610",
  "href" : "region/izbirkom?action=show&root=182000006&tvd=4184007220286&vrn=100100225883172&prver=0&pronetvd=null&region=18&sub_region=18",
  "prver" : "0",
  "isUik" : true,
  "selected" : false,
  "load_on_demand" : false
}, {
  "id" : 4184007220287,
  "text" : "УИК №1611",
  "href" : "region/izbirkom?action=show&root=182000006&tvd=4184007220287&vrn=100100225883172&prver=0&pronetvd=null&region=18&sub_region=18",
  "prver" : "0",
  "isUik" : true,
  "selected" : false,
  "load_on_demand" : false
}, {
  "id" : 4184007220288,
  "text" : "УИК №1612",
  "href" : "region/izbirkom?action=show&root=182000006&tvd=4184007220288&vrn=100100225883172&prver=0&pronetvd=null&region=18&sub_region=18",
  "prver" : "0",
  "isUik" : true,
  "selected" : false,
  "load_on_demand" : false
}, {
  "id" : 4184007220289,
  "text" : "УИК №1613",
  "href" : "region/izbirkom?action=show&root=182000006&tvd=4184007220289&vrn=100100225883172&prver=0&pronetvd=null&region=18&sub_region=18",
  "prver" : "0",
  "isUik" : true,
  "selected" : false,
  "load_on_demand" : false
}, {
  "id" : 4184007220290,
  "text" : "УИК №1614",
  "href" : "region/izbirkom?action=show&root=182000006&tvd=4184007220290&vrn=100100225883172&prver=0&pronetvd=null&region=18&sub_region=18",
  "prver" : "0",
  "isUik" : true,
  "selected" : false,
  "load_on_demand" : false
}, {
  "id" : 4184007220291,
  "text" : "УИК №1615",
  "href" : "region/izbirkom?action=show&root=182000006&tvd=4184007220291&vrn=100100225883172&prver=0&pronetvd=null&region=18&sub_region=18",
  "prver" : "0",
  "isUik" : true,
  "selected" : false,
  "load_on_demand" : false
}, {
  "id" : 4184007220292,
  "text" : "УИК №1616",
  "href" : "region/izbirkom?action=show&root=182000006&tvd=4184007220292&vrn=100100225883172&prver=0&pronetvd=null&region=18&sub_region=18",
  "prver" : "0",
  "isUik" : true,
  "selected" : false,
  "load_on_demand" : false
}, {
  "id" : 4184007220293,
  "text" : "УИК №1617",
  "href" : "region/izbirkom?action=show&root=182000006&tvd=4184007220293&vrn=100100225883172&prver=0&pronetvd=null&region=18&sub_region=18",
  "prver" : "0",
  "isUik" : true,
  "selected" : false,
  "load_on_demand" : false
}, {
  "id" : 4184007220294,
  "text" : "УИК №1618",
  "href" : "region/izbirkom?action=show&root=182000006&tvd=4184007220294&vrn=100100225883172&prver=0&pronetvd=null&region=18&sub_region=18",
  "prver" : "0",
  "isUik" : true,
  "selected" : false,
  "load_on_demand" : false
}, {
  "id" : 4184007220295,
  "text" : "УИК №1619",
  "href" : "region/izbirkom?action=show&root=182000006&tvd=4184007220295&vrn=100100225883172&prver=0&pronetvd=null&region=18&sub_region=18",
  "prver" : "0",
  "isUik" : true,
  "selected" : false,
  "load_on_demand" : false
}, {
  "id" : 4184007220296,
  "text" : "УИК №1620",
  "href" : "region/izbirkom?action=show&root=182000006&tvd=4184007220296&vrn=100100225883172&prver=0&pronetvd=null&region=18&sub_region=18",
  "prver" : "0",
  "isUik" : true,
  "selected" : false,
  "load_on_demand" : false
}, {
  "id" : 4184007220297,
  "text" : "УИК №1621",
  "href" : "region/izbirkom?action=show&root=182000006&tvd=4184007220297&vrn=100100225883172&prver=0&pronetvd=null&region=18&sub_region=18",
  "prver" : "0",
  "isUik" : true,
  "selected" : false,
  "load_on_demand" : false
}, {
  "id" : 4184007220298,
  "text" : "УИК №1622",
  "href" : "region/izbirkom?action=show&root=182000006&tvd=4184007220298&vrn=100100225883172&prver=0&pronetvd=null&region=18&sub_region=18",
  "prver" : "0",
  "isUik" : true,
  "selected" : false,
  "load_on_demand" : false
}, {
  "id" : 4184007220299,
  "text" : "УИК №1623",
  "href" : "region/izbirkom?action=show&root=182000006&tvd=4184007220299&vrn=100100225883172&prver=0&pronetvd=null&region=18&sub_region=18",
  "prver" : "0",
  "isUik" : true,
  "selected" : false,
  "load_on_demand" : false
} ]