[ {
  "id" : 4184027384951,
  "text" : "УИК №3001",
  "href" : "region/izbirkom?action=show&root=182000034&tvd=4184027384951&vrn=100100225883172&prver=0&pronetvd=null&region=18&sub_region=18",
  "prver" : "0",
  "isUik" : true,
  "selected" : false,
  "load_on_demand" : false
}, {
  "id" : 4184027384952,
  "text" : "УИК №3002",
  "href" : "region/izbirkom?action=show&root=182000034&tvd=4184027384952&vrn=100100225883172&prver=0&pronetvd=null&region=18&sub_region=18",
  "prver" : "0",
  "isUik" : true,
  "selected" : false,
  "load_on_demand" : false
}, {
  "id" : 4184027384953,
  "text" : "УИК №3003",
  "href" : "region/izbirkom?action=show&root=182000034&tvd=4184027384953&vrn=100100225883172&prver=0&pronetvd=null&region=18&sub_region=18",
  "prver" : "0",
  "isUik" : true,
  "selected" : false,
  "load_on_demand" : false
}, {
  "id" : 4184027384954,
  "text" : "УИК №3004",
  "href" : "region/izbirkom?action=show&root=182000034&tvd=4184027384954&vrn=100100225883172&prver=0&pronetvd=null&region=18&sub_region=18",
  "prver" : "0",
  "isUik" : true,
  "selected" : false,
  "load_on_demand" : false
}, {
  "id" : 4184027384955,
  "text" : "УИК №3005",
  "href" : "region/izbirkom?action=show&root=182000034&tvd=4184027384955&vrn=100100225883172&prver=0&pronetvd=null&region=18&sub_region=18",
  "prver" : "0",
  "isUik" : true,
  "selected" : false,
  "load_on_demand" : false
}, {
  "id" : 4184027384956,
  "text" : "УИК №3006",
  "href" : "region/izbirkom?action=show&root=182000034&tvd=4184027384956&vrn=100100225883172&prver=0&pronetvd=null&region=18&sub_region=18",
  "prver" : "0",
  "isUik" : true,
  "selected" : false,
  "load_on_demand" : false
}, {
  "id" : 4184027384957,
  "text" : "УИК №3007",
  "href" : "region/izbirkom?action=show&root=182000034&tvd=4184027384957&vrn=100100225883172&prver=0&pronetvd=null&region=18&sub_region=18",
  "prver" : "0",
  "isUik" : true,
  "selected" : false,
  "load_on_demand" : false
}, {
  "id" : 4184027384958,
  "text" : "УИК №3008",
  "href" : "region/izbirkom?action=show&root=182000034&tvd=4184027384958&vrn=100100225883172&prver=0&pronetvd=null&region=18&sub_region=18",
  "prver" : "0",
  "isUik" : true,
  "selected" : false,
  "load_on_demand" : false
}, {
  "id" : 4184027384959,
  "text" : "УИК №3009",
  "href" : "region/izbirkom?action=show&root=182000034&tvd=4184027384959&vrn=100100225883172&prver=0&pronetvd=null&region=18&sub_region=18",
  "prver" : "0",
  "isUik" : true,
  "selected" : false,
  "load_on_demand" : false
}, {
  "id" : 4184027384960,
  "text" : "УИК №3010",
  "href" : "region/izbirkom?action=show&root=182000034&tvd=4184027384960&vrn=100100225883172&prver=0&pronetvd=null&region=18&sub_region=18",
  "prver" : "0",
  "isUik" : true,
  "selected" : false,
  "load_on_demand" : false
}, {
  "id" : 4184027384961,
  "text" : "УИК №3011",
  "href" : "region/izbirkom?action=show&root=182000034&tvd=4184027384961&vrn=100100225883172&prver=0&pronetvd=null&region=18&sub_region=18",
  "prver" : "0",
  "isUik" : true,
  "selected" : false,
  "load_on_demand" : false
}, {
  "id" : 4184027384962,
  "text" : "УИК №3012",
  "href" : "region/izbirkom?action=show&root=182000034&tvd=4184027384962&vrn=100100225883172&prver=0&pronetvd=null&region=18&sub_region=18",
  "prver" : "0",
  "isUik" : true,
  "selected" : false,
  "load_on_demand" : false
}, {
  "id" : 4184027384963,
  "text" : "УИК №3013",
  "href" : "region/izbirkom?action=show&root=182000034&tvd=4184027384963&vrn=100100225883172&prver=0&pronetvd=null&region=18&sub_region=18",
  "prver" : "0",
  "isUik" : true,
  "selected" : false,
  "load_on_demand" : false
}, {
  "id" : 4184027384964,
  "text" : "УИК №3014",
  "href" : "region/izbirkom?action=show&root=182000034&tvd=4184027384964&vrn=100100225883172&prver=0&pronetvd=null&region=18&sub_region=18",
  "prver" : "0",
  "isUik" : true,
  "selected" : false,
  "load_on_demand" : false
}, {
  "id" : 4184027384965,
  "text" : "УИК №3015",
  "href" : "region/izbirkom?action=show&root=182000034&tvd=4184027384965&vrn=100100225883172&prver=0&pronetvd=null&region=18&sub_region=18",
  "prver" : "0",
  "isUik" : true,
  "selected" : false,
  "load_on_demand" : false
}, {
  "id" : 4184027384966,
  "text" : "УИК №3016",
  "href" : "region/izbirkom?action=show&root=182000034&tvd=4184027384966&vrn=100100225883172&prver=0&pronetvd=null&region=18&sub_region=18",
  "prver" : "0",
  "isUik" : true,
  "selected" : false,
  "load_on_demand" : false
}, {
  "id" : 4184027384967,
  "text" : "УИК №3017",
  "href" : "region/izbirkom?action=show&root=182000034&tvd=4184027384967&vrn=100100225883172&prver=0&pronetvd=null&region=18&sub_region=18",
  "prver" : "0",
  "isUik" : true,
  "selected" : false,
  "load_on_demand" : false
}, {
  "id" : 4184027384968,
  "text" : "УИК №3018",
  "href" : "region/izbirkom?action=show&root=182000034&tvd=4184027384968&vrn=100100225883172&prver=0&pronetvd=null&region=18&sub_region=18",
  "prver" : "0",
  "isUik" : true,
  "selected" : false,
  "load_on_demand" : false
}, {
  "id" : 4184027384969,
  "text" : "УИК №3019",
  "href" : "region/izbirkom?action=show&root=182000034&tvd=4184027384969&vrn=100100225883172&prver=0&pronetvd=null&region=18&sub_region=18",
  "prver" : "0",
  "isUik" : true,
  "selected" : false,
  "load_on_demand" : false
}, {
  "id" : 4184027384970,
  "text" : "УИК №3020",
  "href" : "region/izbirkom?action=show&root=182000034&tvd=4184027384970&vrn=100100225883172&prver=0&pronetvd=null&region=18&sub_region=18",
  "prver" : "0",
  "isUik" : true,
  "selected" : false,
  "load_on_demand" : false
}, {
  "id" : 4184027384971,
  "text" : "УИК №3021",
  "href" : "region/izbirkom?action=show&root=182000034&tvd=4184027384971&vrn=100100225883172&prver=0&pronetvd=null&region=18&sub_region=18",
  "prver" : "0",
  "isUik" : true,
  "selected" : false,
  "load_on_demand" : false
}, {
  "id" : 4184027384972,
  "text" : "УИК №3022",
  "href" : "region/izbirkom?action=show&root=182000034&tvd=4184027384972&vrn=100100225883172&prver=0&pronetvd=null&region=18&sub_region=18",
  "prver" : "0",
  "isUik" : true,
  "selected" : false,
  "load_on_demand" : false
}, {
  "id" : 4184027384973,
  "text" : "УИК №3023",
  "href" : "region/izbirkom?action=show&root=182000034&tvd=4184027384973&vrn=100100225883172&prver=0&pronetvd=null&region=18&sub_region=18",
  "prver" : "0",
  "isUik" : true,
  "selected" : false,
  "load_on_demand" : false
}, {
  "id" : 4184027384974,
  "text" : "УИК №3024",
  "href" : "region/izbirkom?action=show&root=182000034&tvd=4184027384974&vrn=100100225883172&prver=0&pronetvd=null&region=18&sub_region=18",
  "prver" : "0",
  "isUik" : true,
  "selected" : false,
  "load_on_demand" : false
}, {
  "id" : 4184027384975,
  "text" : "УИК №3025",
  "href" : "region/izbirkom?action=show&root=182000034&tvd=4184027384975&vrn=100100225883172&prver=0&pronetvd=null&region=18&sub_region=18",
  "prver" : "0",
  "isUik" : true,
  "selected" : false,
  "load_on_demand" : false
}, {
  "id" : 4184027384976,
  "text" : "УИК №3026",
  "href" : "region/izbirkom?action=show&root=182000034&tvd=4184027384976&vrn=100100225883172&prver=0&pronetvd=null&region=18&sub_region=18",
  "prver" : "0",
  "isUik" : true,
  "selected" : false,
  "load_on_demand" : false
}, {
  "id" : 4184027384977,
  "text" : "УИК №3027",
  "href" : "region/izbirkom?action=show&root=182000034&tvd=4184027384977&vrn=100100225883172&prver=0&pronetvd=null&region=18&sub_region=18",
  "prver" : "0",
  "isUik" : true,
  "selected" : false,
  "load_on_demand" : false
}, {
  "id" : 4184027384978,
  "text" : "УИК №3028",
  "href" : "region/izbirkom?action=show&root=182000034&tvd=4184027384978&vrn=100100225883172&prver=0&pronetvd=null&region=18&sub_region=18",
  "prver" : "0",
  "isUik" : true,
  "selected" : false,
  "load_on_demand" : false
}, {
  "id" : 4184027384979,
  "text" : "УИК №3029",
  "href" : "region/izbirkom?action=show&root=182000034&tvd=4184027384979&vrn=100100225883172&prver=0&pronetvd=null&region=18&sub_region=18",
  "prver" : "0",
  "isUik" : true,
  "selected" : false,
  "load_on_demand" : false
}, {
  "id" : 4184027384980,
  "text" : "УИК №3030",
  "href" : "region/izbirkom?action=show&root=182000034&tvd=4184027384980&vrn=100100225883172&prver=0&pronetvd=null&region=18&sub_region=18",
  "prver" : "0",
  "isUik" : true,
  "selected" : false,
  "load_on_demand" : false
}, {
  "id" : 4184027384981,
  "text" : "УИК №3031",
  "href" : "region/izbirkom?action=show&root=182000034&tvd=4184027384981&vrn=100100225883172&prver=0&pronetvd=null&region=18&sub_region=18",
  "prver" : "0",
  "isUik" : true,
  "selected" : false,
  "load_on_demand" : false
}, {
  "id" : 4184027384982,
  "text" : "УИК №3032",
  "href" : "region/izbirkom?action=show&root=182000034&tvd=4184027384982&vrn=100100225883172&prver=0&pronetvd=null&region=18&sub_region=18",
  "prver" : "0",
  "isUik" : true,
  "selected" : false,
  "load_on_demand" : false
}, {
  "id" : 4184027384983,
  "text" : "УИК №3033",
  "href" : "region/izbirkom?action=show&root=182000034&tvd=4184027384983&vrn=100100225883172&prver=0&pronetvd=null&region=18&sub_region=18",
  "prver" : "0",
  "isUik" : true,
  "selected" : false,
  "load_on_demand" : false
}, {
  "id" : 4184027384984,
  "text" : "УИК №3034",
  "href" : "region/izbirkom?action=show&root=182000034&tvd=4184027384984&vrn=100100225883172&prver=0&pronetvd=null&region=18&sub_region=18",
  "prver" : "0",
  "isUik" : true,
  "selected" : false,
  "load_on_demand" : false
}, {
  "id" : 4184027384985,
  "text" : "УИК №3035",
  "href" : "region/izbirkom?action=show&root=182000034&tvd=4184027384985&vrn=100100225883172&prver=0&pronetvd=null&region=18&sub_region=18",
  "prver" : "0",
  "isUik" : true,
  "selected" : false,
  "load_on_demand" : false
}, {
  "id" : 4184027384986,
  "text" : "УИК №3036",
  "href" : "region/izbirkom?action=show&root=182000034&tvd=4184027384986&vrn=100100225883172&prver=0&pronetvd=null&region=18&sub_region=18",
  "prver" : "0",
  "isUik" : true,
  "selected" : false,
  "load_on_demand" : false
}, {
  "id" : 4184027384987,
  "text" : "УИК №3037",
  "href" : "region/izbirkom?action=show&root=182000034&tvd=4184027384987&vrn=100100225883172&prver=0&pronetvd=null&region=18&sub_region=18",
  "prver" : "0",
  "isUik" : true,
  "selected" : false,
  "load_on_demand" : false
}, {
  "id" : 4184027384988,
  "text" : "УИК №3038",
  "href" : "region/izbirkom?action=show&root=182000034&tvd=4184027384988&vrn=100100225883172&prver=0&pronetvd=null&region=18&sub_region=18",
  "prver" : "0",
  "isUik" : true,
  "selected" : false,
  "load_on_demand" : false
}, {
  "id" : 4184027384989,
  "text" : "УИК №3039",
  "href" : "region/izbirkom?action=show&root=182000034&tvd=4184027384989&vrn=100100225883172&prver=0&pronetvd=null&region=18&sub_region=18",
  "prver" : "0",
  "isUik" : true,
  "selected" : false,
  "load_on_demand" : false
}, {
  "id" : 4184027384990,
  "text" : "УИК №3040",
  "href" : "region/izbirkom?action=show&root=182000034&tvd=4184027384990&vrn=100100225883172&prver=0&pronetvd=null&region=18&sub_region=18",
  "prver" : "0",
  "isUik" : true,
  "selected" : false,
  "load_on_demand" : false
}, {
  "id" : 4184027384991,
  "text" : "УИК №3041",
  "href" : "region/izbirkom?action=show&root=182000034&tvd=4184027384991&vrn=100100225883172&prver=0&pronetvd=null&region=18&sub_region=18",
  "prver" : "0",
  "isUik" : true,
  "selected" : false,
  "load_on_demand" : false
}, {
  "id" : 4184027384992,
  "text" : "УИК №3042",
  "href" : "region/izbirkom?action=show&root=182000034&tvd=4184027384992&vrn=100100225883172&prver=0&pronetvd=null&region=18&sub_region=18",
  "prver" : "0",
  "isUik" : true,
  "selected" : false,
  "load_on_demand" : false
} ]