[ {
  "id" : 4194010205813,
  "text" : "УИК №126",
  "href" : "region/izbirkom?action=show&root=192000005&tvd=4194010205813&vrn=100100225883172&prver=0&pronetvd=null&region=19&sub_region=19",
  "prver" : "0",
  "isUik" : true,
  "selected" : false,
  "load_on_demand" : false
}, {
  "id" : 4194010205814,
  "text" : "УИК №127",
  "href" : "region/izbirkom?action=show&root=192000005&tvd=4194010205814&vrn=100100225883172&prver=0&pronetvd=null&region=19&sub_region=19",
  "prver" : "0",
  "isUik" : true,
  "selected" : false,
  "load_on_demand" : false
}, {
  "id" : 4194010205815,
  "text" : "УИК №128",
  "href" : "region/izbirkom?action=show&root=192000005&tvd=4194010205815&vrn=100100225883172&prver=0&pronetvd=null&region=19&sub_region=19",
  "prver" : "0",
  "isUik" : true,
  "selected" : false,
  "load_on_demand" : false
}, {
  "id" : 4194010205816,
  "text" : "УИК №129",
  "href" : "region/izbirkom?action=show&root=192000005&tvd=4194010205816&vrn=100100225883172&prver=0&pronetvd=null&region=19&sub_region=19",
  "prver" : "0",
  "isUik" : true,
  "selected" : false,
  "load_on_demand" : false
}, {
  "id" : 4194010205817,
  "text" : "УИК №130",
  "href" : "region/izbirkom?action=show&root=192000005&tvd=4194010205817&vrn=100100225883172&prver=0&pronetvd=null&region=19&sub_region=19",
  "prver" : "0",
  "isUik" : true,
  "selected" : false,
  "load_on_demand" : false
}, {
  "id" : 4194010205818,
  "text" : "УИК №131",
  "href" : "region/izbirkom?action=show&root=192000005&tvd=4194010205818&vrn=100100225883172&prver=0&pronetvd=null&region=19&sub_region=19",
  "prver" : "0",
  "isUik" : true,
  "selected" : false,
  "load_on_demand" : false
}, {
  "id" : 4194010205819,
  "text" : "УИК №132",
  "href" : "region/izbirkom?action=show&root=192000005&tvd=4194010205819&vrn=100100225883172&prver=0&pronetvd=null&region=19&sub_region=19",
  "prver" : "0",
  "isUik" : true,
  "selected" : false,
  "load_on_demand" : false
}, {
  "id" : 4194010205820,
  "text" : "УИК №133",
  "href" : "region/izbirkom?action=show&root=192000005&tvd=4194010205820&vrn=100100225883172&prver=0&pronetvd=null&region=19&sub_region=19",
  "prver" : "0",
  "isUik" : true,
  "selected" : false,
  "load_on_demand" : false
}, {
  "id" : 4194010205821,
  "text" : "УИК №134",
  "href" : "region/izbirkom?action=show&root=192000005&tvd=4194010205821&vrn=100100225883172&prver=0&pronetvd=null&region=19&sub_region=19",
  "prver" : "0",
  "isUik" : true,
  "selected" : false,
  "load_on_demand" : false
}, {
  "id" : 4194010205822,
  "text" : "УИК №135",
  "href" : "region/izbirkom?action=show&root=192000005&tvd=4194010205822&vrn=100100225883172&prver=0&pronetvd=null&region=19&sub_region=19",
  "prver" : "0",
  "isUik" : true,
  "selected" : false,
  "load_on_demand" : false
}, {
  "id" : 4194010205823,
  "text" : "УИК №136",
  "href" : "region/izbirkom?action=show&root=192000005&tvd=4194010205823&vrn=100100225883172&prver=0&pronetvd=null&region=19&sub_region=19",
  "prver" : "0",
  "isUik" : true,
  "selected" : false,
  "load_on_demand" : false
}, {
  "id" : 4194010205824,
  "text" : "УИК №137",
  "href" : "region/izbirkom?action=show&root=192000005&tvd=4194010205824&vrn=100100225883172&prver=0&pronetvd=null&region=19&sub_region=19",
  "prver" : "0",
  "isUik" : true,
  "selected" : false,
  "load_on_demand" : false
}, {
  "id" : 4194010205825,
  "text" : "УИК №138",
  "href" : "region/izbirkom?action=show&root=192000005&tvd=4194010205825&vrn=100100225883172&prver=0&pronetvd=null&region=19&sub_region=19",
  "prver" : "0",
  "isUik" : true,
  "selected" : false,
  "load_on_demand" : false
}, {
  "id" : 4194010205826,
  "text" : "УИК №139",
  "href" : "region/izbirkom?action=show&root=192000005&tvd=4194010205826&vrn=100100225883172&prver=0&pronetvd=null&region=19&sub_region=19",
  "prver" : "0",
  "isUik" : true,
  "selected" : false,
  "load_on_demand" : false
}, {
  "id" : 4194010205827,
  "text" : "УИК №140",
  "href" : "region/izbirkom?action=show&root=192000005&tvd=4194010205827&vrn=100100225883172&prver=0&pronetvd=null&region=19&sub_region=19",
  "prver" : "0",
  "isUik" : true,
  "selected" : false,
  "load_on_demand" : false
}, {
  "id" : 4194010205828,
  "text" : "УИК №141",
  "href" : "region/izbirkom?action=show&root=192000005&tvd=4194010205828&vrn=100100225883172&prver=0&pronetvd=null&region=19&sub_region=19",
  "prver" : "0",
  "isUik" : true,
  "selected" : false,
  "load_on_demand" : false
}, {
  "id" : 4194010205829,
  "text" : "УИК №142",
  "href" : "region/izbirkom?action=show&root=192000005&tvd=4194010205829&vrn=100100225883172&prver=0&pronetvd=null&region=19&sub_region=19",
  "prver" : "0",
  "isUik" : true,
  "selected" : false,
  "load_on_demand" : false
}, {
  "id" : 4194010205830,
  "text" : "УИК №143",
  "href" : "region/izbirkom?action=show&root=192000005&tvd=4194010205830&vrn=100100225883172&prver=0&pronetvd=null&region=19&sub_region=19",
  "prver" : "0",
  "isUik" : true,
  "selected" : false,
  "load_on_demand" : false
}, {
  "id" : 4194010205831,
  "text" : "УИК №144",
  "href" : "region/izbirkom?action=show&root=192000005&tvd=4194010205831&vrn=100100225883172&prver=0&pronetvd=null&region=19&sub_region=19",
  "prver" : "0",
  "isUik" : true,
  "selected" : false,
  "load_on_demand" : false
}, {
  "id" : 4194010205832,
  "text" : "УИК №145",
  "href" : "region/izbirkom?action=show&root=192000005&tvd=4194010205832&vrn=100100225883172&prver=0&pronetvd=null&region=19&sub_region=19",
  "prver" : "0",
  "isUik" : true,
  "selected" : false,
  "load_on_demand" : false
}, {
  "id" : 4194010205833,
  "text" : "УИК №146",
  "href" : "region/izbirkom?action=show&root=192000005&tvd=4194010205833&vrn=100100225883172&prver=0&pronetvd=null&region=19&sub_region=19",
  "prver" : "0",
  "isUik" : true,
  "selected" : false,
  "load_on_demand" : false
}, {
  "id" : 4194010205834,
  "text" : "УИК №147",
  "href" : "region/izbirkom?action=show&root=192000005&tvd=4194010205834&vrn=100100225883172&prver=0&pronetvd=null&region=19&sub_region=19",
  "prver" : "0",
  "isUik" : true,
  "selected" : false,
  "load_on_demand" : false
}, {
  "id" : 4194010205835,
  "text" : "УИК №148",
  "href" : "region/izbirkom?action=show&root=192000005&tvd=4194010205835&vrn=100100225883172&prver=0&pronetvd=null&region=19&sub_region=19",
  "prver" : "0",
  "isUik" : true,
  "selected" : false,
  "load_on_demand" : false
}, {
  "id" : 4194010205836,
  "text" : "УИК №149",
  "href" : "region/izbirkom?action=show&root=192000005&tvd=4194010205836&vrn=100100225883172&prver=0&pronetvd=null&region=19&sub_region=19",
  "prver" : "0",
  "isUik" : true,
  "selected" : false,
  "load_on_demand" : false
}, {
  "id" : 4194010205837,
  "text" : "УИК №150",
  "href" : "region/izbirkom?action=show&root=192000005&tvd=4194010205837&vrn=100100225883172&prver=0&pronetvd=null&region=19&sub_region=19",
  "prver" : "0",
  "isUik" : true,
  "selected" : false,
  "load_on_demand" : false
}, {
  "id" : 4194010205838,
  "text" : "УИК №151",
  "href" : "region/izbirkom?action=show&root=192000005&tvd=4194010205838&vrn=100100225883172&prver=0&pronetvd=null&region=19&sub_region=19",
  "prver" : "0",
  "isUik" : true,
  "selected" : false,
  "load_on_demand" : false
}, {
  "id" : 4194010205839,
  "text" : "УИК №152",
  "href" : "region/izbirkom?action=show&root=192000005&tvd=4194010205839&vrn=100100225883172&prver=0&pronetvd=null&region=19&sub_region=19",
  "prver" : "0",
  "isUik" : true,
  "selected" : false,
  "load_on_demand" : false
}, {
  "id" : 4194010205840,
  "text" : "УИК №153",
  "href" : "region/izbirkom?action=show&root=192000005&tvd=4194010205840&vrn=100100225883172&prver=0&pronetvd=null&region=19&sub_region=19",
  "prver" : "0",
  "isUik" : true,
  "selected" : false,
  "load_on_demand" : false
}, {
  "id" : 4194010205841,
  "text" : "УИК №154",
  "href" : "region/izbirkom?action=show&root=192000005&tvd=4194010205841&vrn=100100225883172&prver=0&pronetvd=null&region=19&sub_region=19",
  "prver" : "0",
  "isUik" : true,
  "selected" : false,
  "load_on_demand" : false
}, {
  "id" : 4194010205842,
  "text" : "УИК №155",
  "href" : "region/izbirkom?action=show&root=192000005&tvd=4194010205842&vrn=100100225883172&prver=0&pronetvd=null&region=19&sub_region=19",
  "prver" : "0",
  "isUik" : true,
  "selected" : false,
  "load_on_demand" : false
}, {
  "id" : 4194010205843,
  "text" : "УИК №156",
  "href" : "region/izbirkom?action=show&root=192000005&tvd=4194010205843&vrn=100100225883172&prver=0&pronetvd=null&region=19&sub_region=19",
  "prver" : "0",
  "isUik" : true,
  "selected" : false,
  "load_on_demand" : false
}, {
  "id" : 4194010205844,
  "text" : "УИК №157",
  "href" : "region/izbirkom?action=show&root=192000005&tvd=4194010205844&vrn=100100225883172&prver=0&pronetvd=null&region=19&sub_region=19",
  "prver" : "0",
  "isUik" : true,
  "selected" : false,
  "load_on_demand" : false
}, {
  "id" : 4194010205845,
  "text" : "УИК №158",
  "href" : "region/izbirkom?action=show&root=192000005&tvd=4194010205845&vrn=100100225883172&prver=0&pronetvd=null&region=19&sub_region=19",
  "prver" : "0",
  "isUik" : true,
  "selected" : false,
  "load_on_demand" : false
}, {
  "id" : 4194010205846,
  "text" : "УИК №159",
  "href" : "region/izbirkom?action=show&root=192000005&tvd=4194010205846&vrn=100100225883172&prver=0&pronetvd=null&region=19&sub_region=19",
  "prver" : "0",
  "isUik" : true,
  "selected" : false,
  "load_on_demand" : false
}, {
  "id" : 4194010205847,
  "text" : "УИК №160",
  "href" : "region/izbirkom?action=show&root=192000005&tvd=4194010205847&vrn=100100225883172&prver=0&pronetvd=null&region=19&sub_region=19",
  "prver" : "0",
  "isUik" : true,
  "selected" : false,
  "load_on_demand" : false
}, {
  "id" : 4194010205848,
  "text" : "УИК №161",
  "href" : "region/izbirkom?action=show&root=192000005&tvd=4194010205848&vrn=100100225883172&prver=0&pronetvd=null&region=19&sub_region=19",
  "prver" : "0",
  "isUik" : true,
  "selected" : false,
  "load_on_demand" : false
}, {
  "id" : 4194010205849,
  "text" : "УИК №162",
  "href" : "region/izbirkom?action=show&root=192000005&tvd=4194010205849&vrn=100100225883172&prver=0&pronetvd=null&region=19&sub_region=19",
  "prver" : "0",
  "isUik" : true,
  "selected" : false,
  "load_on_demand" : false
}, {
  "id" : 4194010205850,
  "text" : "УИК №163",
  "href" : "region/izbirkom?action=show&root=192000005&tvd=4194010205850&vrn=100100225883172&prver=0&pronetvd=null&region=19&sub_region=19",
  "prver" : "0",
  "isUik" : true,
  "selected" : false,
  "load_on_demand" : false
}, {
  "id" : 4194010205851,
  "text" : "УИК №164",
  "href" : "region/izbirkom?action=show&root=192000005&tvd=4194010205851&vrn=100100225883172&prver=0&pronetvd=null&region=19&sub_region=19",
  "prver" : "0",
  "isUik" : true,
  "selected" : false,
  "load_on_demand" : false
}, {
  "id" : 4194010205852,
  "text" : "УИК №165",
  "href" : "region/izbirkom?action=show&root=192000005&tvd=4194010205852&vrn=100100225883172&prver=0&pronetvd=null&region=19&sub_region=19",
  "prver" : "0",
  "isUik" : true,
  "selected" : false,
  "load_on_demand" : false
}, {
  "id" : 4194010205853,
  "text" : "УИК №166",
  "href" : "region/izbirkom?action=show&root=192000005&tvd=4194010205853&vrn=100100225883172&prver=0&pronetvd=null&region=19&sub_region=19",
  "prver" : "0",
  "isUik" : true,
  "selected" : false,
  "load_on_demand" : false
}, {
  "id" : 4194010205854,
  "text" : "УИК №167",
  "href" : "region/izbirkom?action=show&root=192000005&tvd=4194010205854&vrn=100100225883172&prver=0&pronetvd=null&region=19&sub_region=19",
  "prver" : "0",
  "isUik" : true,
  "selected" : false,
  "load_on_demand" : false
} ]