[ {
  "id" : 4194005232457,
  "text" : "УИК №275",
  "href" : "region/izbirkom?action=show&root=192000001&tvd=4194005232457&vrn=100100225883172&prver=0&pronetvd=null&region=19&sub_region=19",
  "prver" : "0",
  "isUik" : true,
  "selected" : false,
  "load_on_demand" : false
}, {
  "id" : 4194005232458,
  "text" : "УИК №276",
  "href" : "region/izbirkom?action=show&root=192000001&tvd=4194005232458&vrn=100100225883172&prver=0&pronetvd=null&region=19&sub_region=19",
  "prver" : "0",
  "isUik" : true,
  "selected" : false,
  "load_on_demand" : false
}, {
  "id" : 4194005232459,
  "text" : "УИК №277",
  "href" : "region/izbirkom?action=show&root=192000001&tvd=4194005232459&vrn=100100225883172&prver=0&pronetvd=null&region=19&sub_region=19",
  "prver" : "0",
  "isUik" : true,
  "selected" : false,
  "load_on_demand" : false
}, {
  "id" : 4194005232460,
  "text" : "УИК №278",
  "href" : "region/izbirkom?action=show&root=192000001&tvd=4194005232460&vrn=100100225883172&prver=0&pronetvd=null&region=19&sub_region=19",
  "prver" : "0",
  "isUik" : true,
  "selected" : false,
  "load_on_demand" : false
}, {
  "id" : 4194005232461,
  "text" : "УИК №280",
  "href" : "region/izbirkom?action=show&root=192000001&tvd=4194005232461&vrn=100100225883172&prver=0&pronetvd=null&region=19&sub_region=19",
  "prver" : "0",
  "isUik" : true,
  "selected" : false,
  "load_on_demand" : false
}, {
  "id" : 4194005232462,
  "text" : "УИК №281",
  "href" : "region/izbirkom?action=show&root=192000001&tvd=4194005232462&vrn=100100225883172&prver=0&pronetvd=null&region=19&sub_region=19",
  "prver" : "0",
  "isUik" : true,
  "selected" : false,
  "load_on_demand" : false
}, {
  "id" : 4194005232463,
  "text" : "УИК №282",
  "href" : "region/izbirkom?action=show&root=192000001&tvd=4194005232463&vrn=100100225883172&prver=0&pronetvd=null&region=19&sub_region=19",
  "prver" : "0",
  "isUik" : true,
  "selected" : false,
  "load_on_demand" : false
}, {
  "id" : 4194005232464,
  "text" : "УИК №284",
  "href" : "region/izbirkom?action=show&root=192000001&tvd=4194005232464&vrn=100100225883172&prver=0&pronetvd=null&region=19&sub_region=19",
  "prver" : "0",
  "isUik" : true,
  "selected" : false,
  "load_on_demand" : false
}, {
  "id" : 4194005232465,
  "text" : "УИК №285",
  "href" : "region/izbirkom?action=show&root=192000001&tvd=4194005232465&vrn=100100225883172&prver=0&pronetvd=null&region=19&sub_region=19",
  "prver" : "0",
  "isUik" : true,
  "selected" : false,
  "load_on_demand" : false
}, {
  "id" : 4194005232466,
  "text" : "УИК №286",
  "href" : "region/izbirkom?action=show&root=192000001&tvd=4194005232466&vrn=100100225883172&prver=0&pronetvd=null&region=19&sub_region=19",
  "prver" : "0",
  "isUik" : true,
  "selected" : false,
  "load_on_demand" : false
}, {
  "id" : 4194005232467,
  "text" : "УИК №288",
  "href" : "region/izbirkom?action=show&root=192000001&tvd=4194005232467&vrn=100100225883172&prver=0&pronetvd=null&region=19&sub_region=19",
  "prver" : "0",
  "isUik" : true,
  "selected" : false,
  "load_on_demand" : false
}, {
  "id" : 4194005232468,
  "text" : "УИК №289",
  "href" : "region/izbirkom?action=show&root=192000001&tvd=4194005232468&vrn=100100225883172&prver=0&pronetvd=null&region=19&sub_region=19",
  "prver" : "0",
  "isUik" : true,
  "selected" : false,
  "load_on_demand" : false
}, {
  "id" : 4194005232469,
  "text" : "УИК №290",
  "href" : "region/izbirkom?action=show&root=192000001&tvd=4194005232469&vrn=100100225883172&prver=0&pronetvd=null&region=19&sub_region=19",
  "prver" : "0",
  "isUik" : true,
  "selected" : false,
  "load_on_demand" : false
}, {
  "id" : 4194005232470,
  "text" : "УИК №291",
  "href" : "region/izbirkom?action=show&root=192000001&tvd=4194005232470&vrn=100100225883172&prver=0&pronetvd=null&region=19&sub_region=19",
  "prver" : "0",
  "isUik" : true,
  "selected" : false,
  "load_on_demand" : false
}, {
  "id" : 4194005232471,
  "text" : "УИК №292",
  "href" : "region/izbirkom?action=show&root=192000001&tvd=4194005232471&vrn=100100225883172&prver=0&pronetvd=null&region=19&sub_region=19",
  "prver" : "0",
  "isUik" : true,
  "selected" : false,
  "load_on_demand" : false
}, {
  "id" : 4194005232472,
  "text" : "УИК №293",
  "href" : "region/izbirkom?action=show&root=192000001&tvd=4194005232472&vrn=100100225883172&prver=0&pronetvd=null&region=19&sub_region=19",
  "prver" : "0",
  "isUik" : true,
  "selected" : false,
  "load_on_demand" : false
}, {
  "id" : 4194005232473,
  "text" : "УИК №294",
  "href" : "region/izbirkom?action=show&root=192000001&tvd=4194005232473&vrn=100100225883172&prver=0&pronetvd=null&region=19&sub_region=19",
  "prver" : "0",
  "isUik" : true,
  "selected" : false,
  "load_on_demand" : false
}, {
  "id" : 4194005232474,
  "text" : "УИК №295",
  "href" : "region/izbirkom?action=show&root=192000001&tvd=4194005232474&vrn=100100225883172&prver=0&pronetvd=null&region=19&sub_region=19",
  "prver" : "0",
  "isUik" : true,
  "selected" : false,
  "load_on_demand" : false
}, {
  "id" : 4194005232475,
  "text" : "УИК №296",
  "href" : "region/izbirkom?action=show&root=192000001&tvd=4194005232475&vrn=100100225883172&prver=0&pronetvd=null&region=19&sub_region=19",
  "prver" : "0",
  "isUik" : true,
  "selected" : false,
  "load_on_demand" : false
}, {
  "id" : 4194005232476,
  "text" : "УИК №297",
  "href" : "region/izbirkom?action=show&root=192000001&tvd=4194005232476&vrn=100100225883172&prver=0&pronetvd=null&region=19&sub_region=19",
  "prver" : "0",
  "isUik" : true,
  "selected" : false,
  "load_on_demand" : false
}, {
  "id" : 4194005232477,
  "text" : "УИК №298",
  "href" : "region/izbirkom?action=show&root=192000001&tvd=4194005232477&vrn=100100225883172&prver=0&pronetvd=null&region=19&sub_region=19",
  "prver" : "0",
  "isUik" : true,
  "selected" : false,
  "load_on_demand" : false
}, {
  "id" : 4194005232478,
  "text" : "УИК №299",
  "href" : "region/izbirkom?action=show&root=192000001&tvd=4194005232478&vrn=100100225883172&prver=0&pronetvd=null&region=19&sub_region=19",
  "prver" : "0",
  "isUik" : true,
  "selected" : false,
  "load_on_demand" : false
}, {
  "id" : 4194005232479,
  "text" : "УИК №300",
  "href" : "region/izbirkom?action=show&root=192000001&tvd=4194005232479&vrn=100100225883172&prver=0&pronetvd=null&region=19&sub_region=19",
  "prver" : "0",
  "isUik" : true,
  "selected" : false,
  "load_on_demand" : false
} ]