[ {
  "id" : 4194006231602,
  "text" : "УИК №305",
  "href" : "region/izbirkom?action=show&root=192000012&tvd=4194006231602&vrn=100100225883172&prver=0&pronetvd=null&region=19&sub_region=19",
  "prver" : "0",
  "isUik" : true,
  "selected" : false,
  "load_on_demand" : false
}, {
  "id" : 4194006231603,
  "text" : "УИК №306",
  "href" : "region/izbirkom?action=show&root=192000012&tvd=4194006231603&vrn=100100225883172&prver=0&pronetvd=null&region=19&sub_region=19",
  "prver" : "0",
  "isUik" : true,
  "selected" : false,
  "load_on_demand" : false
}, {
  "id" : 4194006231604,
  "text" : "УИК №307",
  "href" : "region/izbirkom?action=show&root=192000012&tvd=4194006231604&vrn=100100225883172&prver=0&pronetvd=null&region=19&sub_region=19",
  "prver" : "0",
  "isUik" : true,
  "selected" : false,
  "load_on_demand" : false
}, {
  "id" : 4194006231605,
  "text" : "УИК №308",
  "href" : "region/izbirkom?action=show&root=192000012&tvd=4194006231605&vrn=100100225883172&prver=0&pronetvd=null&region=19&sub_region=19",
  "prver" : "0",
  "isUik" : true,
  "selected" : false,
  "load_on_demand" : false
}, {
  "id" : 4194006231606,
  "text" : "УИК №309",
  "href" : "region/izbirkom?action=show&root=192000012&tvd=4194006231606&vrn=100100225883172&prver=0&pronetvd=null&region=19&sub_region=19",
  "prver" : "0",
  "isUik" : true,
  "selected" : false,
  "load_on_demand" : false
}, {
  "id" : 4194006231607,
  "text" : "УИК №310",
  "href" : "region/izbirkom?action=show&root=192000012&tvd=4194006231607&vrn=100100225883172&prver=0&pronetvd=null&region=19&sub_region=19",
  "prver" : "0",
  "isUik" : true,
  "selected" : false,
  "load_on_demand" : false
}, {
  "id" : 4194006231608,
  "text" : "УИК №311",
  "href" : "region/izbirkom?action=show&root=192000012&tvd=4194006231608&vrn=100100225883172&prver=0&pronetvd=null&region=19&sub_region=19",
  "prver" : "0",
  "isUik" : true,
  "selected" : false,
  "load_on_demand" : false
}, {
  "id" : 4194006231609,
  "text" : "УИК №312",
  "href" : "region/izbirkom?action=show&root=192000012&tvd=4194006231609&vrn=100100225883172&prver=0&pronetvd=null&region=19&sub_region=19",
  "prver" : "0",
  "isUik" : true,
  "selected" : false,
  "load_on_demand" : false
}, {
  "id" : 4194006231610,
  "text" : "УИК №313",
  "href" : "region/izbirkom?action=show&root=192000012&tvd=4194006231610&vrn=100100225883172&prver=0&pronetvd=null&region=19&sub_region=19",
  "prver" : "0",
  "isUik" : true,
  "selected" : false,
  "load_on_demand" : false
}, {
  "id" : 4194006231611,
  "text" : "УИК №314",
  "href" : "region/izbirkom?action=show&root=192000012&tvd=4194006231611&vrn=100100225883172&prver=0&pronetvd=null&region=19&sub_region=19",
  "prver" : "0",
  "isUik" : true,
  "selected" : false,
  "load_on_demand" : false
}, {
  "id" : 4194006231612,
  "text" : "УИК №315",
  "href" : "region/izbirkom?action=show&root=192000012&tvd=4194006231612&vrn=100100225883172&prver=0&pronetvd=null&region=19&sub_region=19",
  "prver" : "0",
  "isUik" : true,
  "selected" : false,
  "load_on_demand" : false
}, {
  "id" : 4194006231613,
  "text" : "УИК №316",
  "href" : "region/izbirkom?action=show&root=192000012&tvd=4194006231613&vrn=100100225883172&prver=0&pronetvd=null&region=19&sub_region=19",
  "prver" : "0",
  "isUik" : true,
  "selected" : false,
  "load_on_demand" : false
}, {
  "id" : 4194006231614,
  "text" : "УИК №317",
  "href" : "region/izbirkom?action=show&root=192000012&tvd=4194006231614&vrn=100100225883172&prver=0&pronetvd=null&region=19&sub_region=19",
  "prver" : "0",
  "isUik" : true,
  "selected" : false,
  "load_on_demand" : false
}, {
  "id" : 4194006231615,
  "text" : "УИК №318",
  "href" : "region/izbirkom?action=show&root=192000012&tvd=4194006231615&vrn=100100225883172&prver=0&pronetvd=null&region=19&sub_region=19",
  "prver" : "0",
  "isUik" : true,
  "selected" : false,
  "load_on_demand" : false
}, {
  "id" : 4194006231616,
  "text" : "УИК №319",
  "href" : "region/izbirkom?action=show&root=192000012&tvd=4194006231616&vrn=100100225883172&prver=0&pronetvd=null&region=19&sub_region=19",
  "prver" : "0",
  "isUik" : true,
  "selected" : false,
  "load_on_demand" : false
}, {
  "id" : 4194006231617,
  "text" : "УИК №320",
  "href" : "region/izbirkom?action=show&root=192000012&tvd=4194006231617&vrn=100100225883172&prver=0&pronetvd=null&region=19&sub_region=19",
  "prver" : "0",
  "isUik" : true,
  "selected" : false,
  "load_on_demand" : false
}, {
  "id" : 4194006231618,
  "text" : "УИК №321",
  "href" : "region/izbirkom?action=show&root=192000012&tvd=4194006231618&vrn=100100225883172&prver=0&pronetvd=null&region=19&sub_region=19",
  "prver" : "0",
  "isUik" : true,
  "selected" : false,
  "load_on_demand" : false
}, {
  "id" : 4194006231619,
  "text" : "УИК №322",
  "href" : "region/izbirkom?action=show&root=192000012&tvd=4194006231619&vrn=100100225883172&prver=0&pronetvd=null&region=19&sub_region=19",
  "prver" : "0",
  "isUik" : true,
  "selected" : false,
  "load_on_demand" : false
}, {
  "id" : 4194006231620,
  "text" : "УИК №323",
  "href" : "region/izbirkom?action=show&root=192000012&tvd=4194006231620&vrn=100100225883172&prver=0&pronetvd=null&region=19&sub_region=19",
  "prver" : "0",
  "isUik" : true,
  "selected" : false,
  "load_on_demand" : false
}, {
  "id" : 4194006231621,
  "text" : "УИК №324",
  "href" : "region/izbirkom?action=show&root=192000012&tvd=4194006231621&vrn=100100225883172&prver=0&pronetvd=null&region=19&sub_region=19",
  "prver" : "0",
  "isUik" : true,
  "selected" : false,
  "load_on_demand" : false
}, {
  "id" : 4194006231622,
  "text" : "УИК №325",
  "href" : "region/izbirkom?action=show&root=192000012&tvd=4194006231622&vrn=100100225883172&prver=0&pronetvd=null&region=19&sub_region=19",
  "prver" : "0",
  "isUik" : true,
  "selected" : false,
  "load_on_demand" : false
} ]