[ {
  "id" : 4194009298544,
  "text" : "УИК №358",
  "href" : "region/izbirkom?action=show&root=192000008&tvd=4194009298544&vrn=100100225883172&prver=0&pronetvd=null&region=19&sub_region=19",
  "prver" : "0",
  "isUik" : true,
  "selected" : false,
  "load_on_demand" : false
}, {
  "id" : 4194009298545,
  "text" : "УИК №359",
  "href" : "region/izbirkom?action=show&root=192000008&tvd=4194009298545&vrn=100100225883172&prver=0&pronetvd=null&region=19&sub_region=19",
  "prver" : "0",
  "isUik" : true,
  "selected" : false,
  "load_on_demand" : false
}, {
  "id" : 4194009298546,
  "text" : "УИК №360",
  "href" : "region/izbirkom?action=show&root=192000008&tvd=4194009298546&vrn=100100225883172&prver=0&pronetvd=null&region=19&sub_region=19",
  "prver" : "0",
  "isUik" : true,
  "selected" : false,
  "load_on_demand" : false
}, {
  "id" : 4194009298547,
  "text" : "УИК №361",
  "href" : "region/izbirkom?action=show&root=192000008&tvd=4194009298547&vrn=100100225883172&prver=0&pronetvd=null&region=19&sub_region=19",
  "prver" : "0",
  "isUik" : true,
  "selected" : false,
  "load_on_demand" : false
}, {
  "id" : 4194009298548,
  "text" : "УИК №362",
  "href" : "region/izbirkom?action=show&root=192000008&tvd=4194009298548&vrn=100100225883172&prver=0&pronetvd=null&region=19&sub_region=19",
  "prver" : "0",
  "isUik" : true,
  "selected" : false,
  "load_on_demand" : false
}, {
  "id" : 4194009298549,
  "text" : "УИК №363",
  "href" : "region/izbirkom?action=show&root=192000008&tvd=4194009298549&vrn=100100225883172&prver=0&pronetvd=null&region=19&sub_region=19",
  "prver" : "0",
  "isUik" : true,
  "selected" : false,
  "load_on_demand" : false
}, {
  "id" : 4194009298550,
  "text" : "УИК №364",
  "href" : "region/izbirkom?action=show&root=192000008&tvd=4194009298550&vrn=100100225883172&prver=0&pronetvd=null&region=19&sub_region=19",
  "prver" : "0",
  "isUik" : true,
  "selected" : false,
  "load_on_demand" : false
}, {
  "id" : 4194009298551,
  "text" : "УИК №365",
  "href" : "region/izbirkom?action=show&root=192000008&tvd=4194009298551&vrn=100100225883172&prver=0&pronetvd=null&region=19&sub_region=19",
  "prver" : "0",
  "isUik" : true,
  "selected" : false,
  "load_on_demand" : false
}, {
  "id" : 4194009298552,
  "text" : "УИК №366",
  "href" : "region/izbirkom?action=show&root=192000008&tvd=4194009298552&vrn=100100225883172&prver=0&pronetvd=null&region=19&sub_region=19",
  "prver" : "0",
  "isUik" : true,
  "selected" : false,
  "load_on_demand" : false
}, {
  "id" : 4194009298553,
  "text" : "УИК №367",
  "href" : "region/izbirkom?action=show&root=192000008&tvd=4194009298553&vrn=100100225883172&prver=0&pronetvd=null&region=19&sub_region=19",
  "prver" : "0",
  "isUik" : true,
  "selected" : false,
  "load_on_demand" : false
}, {
  "id" : 4194009298554,
  "text" : "УИК №368",
  "href" : "region/izbirkom?action=show&root=192000008&tvd=4194009298554&vrn=100100225883172&prver=0&pronetvd=null&region=19&sub_region=19",
  "prver" : "0",
  "isUik" : true,
  "selected" : false,
  "load_on_demand" : false
}, {
  "id" : 4194009298555,
  "text" : "УИК №369",
  "href" : "region/izbirkom?action=show&root=192000008&tvd=4194009298555&vrn=100100225883172&prver=0&pronetvd=null&region=19&sub_region=19",
  "prver" : "0",
  "isUik" : true,
  "selected" : false,
  "load_on_demand" : false
}, {
  "id" : 4194009298556,
  "text" : "УИК №370",
  "href" : "region/izbirkom?action=show&root=192000008&tvd=4194009298556&vrn=100100225883172&prver=0&pronetvd=null&region=19&sub_region=19",
  "prver" : "0",
  "isUik" : true,
  "selected" : false,
  "load_on_demand" : false
}, {
  "id" : 4194009298557,
  "text" : "УИК №371",
  "href" : "region/izbirkom?action=show&root=192000008&tvd=4194009298557&vrn=100100225883172&prver=0&pronetvd=null&region=19&sub_region=19",
  "prver" : "0",
  "isUik" : true,
  "selected" : false,
  "load_on_demand" : false
}, {
  "id" : 4194009298558,
  "text" : "УИК №372",
  "href" : "region/izbirkom?action=show&root=192000008&tvd=4194009298558&vrn=100100225883172&prver=0&pronetvd=null&region=19&sub_region=19",
  "prver" : "0",
  "isUik" : true,
  "selected" : false,
  "load_on_demand" : false
}, {
  "id" : 4194009298559,
  "text" : "УИК №373",
  "href" : "region/izbirkom?action=show&root=192000008&tvd=4194009298559&vrn=100100225883172&prver=0&pronetvd=null&region=19&sub_region=19",
  "prver" : "0",
  "isUik" : true,
  "selected" : false,
  "load_on_demand" : false
}, {
  "id" : 4194009298560,
  "text" : "УИК №374",
  "href" : "region/izbirkom?action=show&root=192000008&tvd=4194009298560&vrn=100100225883172&prver=0&pronetvd=null&region=19&sub_region=19",
  "prver" : "0",
  "isUik" : true,
  "selected" : false,
  "load_on_demand" : false
}, {
  "id" : 4194009298561,
  "text" : "УИК №375",
  "href" : "region/izbirkom?action=show&root=192000008&tvd=4194009298561&vrn=100100225883172&prver=0&pronetvd=null&region=19&sub_region=19",
  "prver" : "0",
  "isUik" : true,
  "selected" : false,
  "load_on_demand" : false
}, {
  "id" : 4194009298562,
  "text" : "УИК №376",
  "href" : "region/izbirkom?action=show&root=192000008&tvd=4194009298562&vrn=100100225883172&prver=0&pronetvd=null&region=19&sub_region=19",
  "prver" : "0",
  "isUik" : true,
  "selected" : false,
  "load_on_demand" : false
}, {
  "id" : 4194009298563,
  "text" : "УИК №377",
  "href" : "region/izbirkom?action=show&root=192000008&tvd=4194009298563&vrn=100100225883172&prver=0&pronetvd=null&region=19&sub_region=19",
  "prver" : "0",
  "isUik" : true,
  "selected" : false,
  "load_on_demand" : false
}, {
  "id" : 4194009298564,
  "text" : "УИК №378",
  "href" : "region/izbirkom?action=show&root=192000008&tvd=4194009298564&vrn=100100225883172&prver=0&pronetvd=null&region=19&sub_region=19",
  "prver" : "0",
  "isUik" : true,
  "selected" : false,
  "load_on_demand" : false
}, {
  "id" : 4194009298565,
  "text" : "УИК №379",
  "href" : "region/izbirkom?action=show&root=192000008&tvd=4194009298565&vrn=100100225883172&prver=0&pronetvd=null&region=19&sub_region=19",
  "prver" : "0",
  "isUik" : true,
  "selected" : false,
  "load_on_demand" : false
}, {
  "id" : 4194009298566,
  "text" : "УИК №380",
  "href" : "region/izbirkom?action=show&root=192000008&tvd=4194009298566&vrn=100100225883172&prver=0&pronetvd=null&region=19&sub_region=19",
  "prver" : "0",
  "isUik" : true,
  "selected" : false,
  "load_on_demand" : false
}, {
  "id" : 4194009298567,
  "text" : "УИК №381",
  "href" : "region/izbirkom?action=show&root=192000008&tvd=4194009298567&vrn=100100225883172&prver=0&pronetvd=null&region=19&sub_region=19",
  "prver" : "0",
  "isUik" : true,
  "selected" : false,
  "load_on_demand" : false
}, {
  "id" : 4194009298568,
  "text" : "УИК №382",
  "href" : "region/izbirkom?action=show&root=192000008&tvd=4194009298568&vrn=100100225883172&prver=0&pronetvd=null&region=19&sub_region=19",
  "prver" : "0",
  "isUik" : true,
  "selected" : false,
  "load_on_demand" : false
}, {
  "id" : 4194009298569,
  "text" : "УИК №384",
  "href" : "region/izbirkom?action=show&root=192000008&tvd=4194009298569&vrn=100100225883172&prver=0&pronetvd=null&region=19&sub_region=19",
  "prver" : "0",
  "isUik" : true,
  "selected" : false,
  "load_on_demand" : false
}, {
  "id" : 4194009298570,
  "text" : "УИК №386",
  "href" : "region/izbirkom?action=show&root=192000008&tvd=4194009298570&vrn=100100225883172&prver=0&pronetvd=null&region=19&sub_region=19",
  "prver" : "0",
  "isUik" : true,
  "selected" : false,
  "load_on_demand" : false
}, {
  "id" : 4194009298571,
  "text" : "УИК №388",
  "href" : "region/izbirkom?action=show&root=192000008&tvd=4194009298571&vrn=100100225883172&prver=0&pronetvd=null&region=19&sub_region=19",
  "prver" : "0",
  "isUik" : true,
  "selected" : false,
  "load_on_demand" : false
}, {
  "id" : 4194009298572,
  "text" : "УИК №389",
  "href" : "region/izbirkom?action=show&root=192000008&tvd=4194009298572&vrn=100100225883172&prver=0&pronetvd=null&region=19&sub_region=19",
  "prver" : "0",
  "isUik" : true,
  "selected" : false,
  "load_on_demand" : false
}, {
  "id" : 4194009298573,
  "text" : "УИК №390",
  "href" : "region/izbirkom?action=show&root=192000008&tvd=4194009298573&vrn=100100225883172&prver=0&pronetvd=null&region=19&sub_region=19",
  "prver" : "0",
  "isUik" : true,
  "selected" : false,
  "load_on_demand" : false
}, {
  "id" : 4194009298574,
  "text" : "УИК №391",
  "href" : "region/izbirkom?action=show&root=192000008&tvd=4194009298574&vrn=100100225883172&prver=0&pronetvd=null&region=19&sub_region=19",
  "prver" : "0",
  "isUik" : true,
  "selected" : false,
  "load_on_demand" : false
} ]