[ {
  "id" : 4204020121014,
  "text" : "УИК №347",
  "href" : "region/izbirkom?action=show&root=202000017&tvd=4204020121014&vrn=100100225883172&prver=0&pronetvd=null&region=20&sub_region=20",
  "prver" : "0",
  "isUik" : true,
  "selected" : false,
  "load_on_demand" : false
}, {
  "id" : 4204020121015,
  "text" : "УИК №348",
  "href" : "region/izbirkom?action=show&root=202000017&tvd=4204020121015&vrn=100100225883172&prver=0&pronetvd=null&region=20&sub_region=20",
  "prver" : "0",
  "isUik" : true,
  "selected" : false,
  "load_on_demand" : false
}, {
  "id" : 4204020121016,
  "text" : "УИК №349",
  "href" : "region/izbirkom?action=show&root=202000017&tvd=4204020121016&vrn=100100225883172&prver=0&pronetvd=null&region=20&sub_region=20",
  "prver" : "0",
  "isUik" : true,
  "selected" : false,
  "load_on_demand" : false
}, {
  "id" : 4204020121017,
  "text" : "УИК №350",
  "href" : "region/izbirkom?action=show&root=202000017&tvd=4204020121017&vrn=100100225883172&prver=0&pronetvd=null&region=20&sub_region=20",
  "prver" : "0",
  "isUik" : true,
  "selected" : false,
  "load_on_demand" : false
}, {
  "id" : 4204020121018,
  "text" : "УИК №351",
  "href" : "region/izbirkom?action=show&root=202000017&tvd=4204020121018&vrn=100100225883172&prver=0&pronetvd=null&region=20&sub_region=20",
  "prver" : "0",
  "isUik" : true,
  "selected" : false,
  "load_on_demand" : false
}, {
  "id" : 4204020121019,
  "text" : "УИК №352",
  "href" : "region/izbirkom?action=show&root=202000017&tvd=4204020121019&vrn=100100225883172&prver=0&pronetvd=null&region=20&sub_region=20",
  "prver" : "0",
  "isUik" : true,
  "selected" : false,
  "load_on_demand" : false
}, {
  "id" : 4204020121020,
  "text" : "УИК №353",
  "href" : "region/izbirkom?action=show&root=202000017&tvd=4204020121020&vrn=100100225883172&prver=0&pronetvd=null&region=20&sub_region=20",
  "prver" : "0",
  "isUik" : true,
  "selected" : false,
  "load_on_demand" : false
}, {
  "id" : 4204020121021,
  "text" : "УИК №354",
  "href" : "region/izbirkom?action=show&root=202000017&tvd=4204020121021&vrn=100100225883172&prver=0&pronetvd=null&region=20&sub_region=20",
  "prver" : "0",
  "isUik" : true,
  "selected" : false,
  "load_on_demand" : false
}, {
  "id" : 4204020121022,
  "text" : "УИК №355",
  "href" : "region/izbirkom?action=show&root=202000017&tvd=4204020121022&vrn=100100225883172&prver=0&pronetvd=null&region=20&sub_region=20",
  "prver" : "0",
  "isUik" : true,
  "selected" : false,
  "load_on_demand" : false
}, {
  "id" : 4204020121023,
  "text" : "УИК №356",
  "href" : "region/izbirkom?action=show&root=202000017&tvd=4204020121023&vrn=100100225883172&prver=0&pronetvd=null&region=20&sub_region=20",
  "prver" : "0",
  "isUik" : true,
  "selected" : false,
  "load_on_demand" : false
}, {
  "id" : 4204020121024,
  "text" : "УИК №357",
  "href" : "region/izbirkom?action=show&root=202000017&tvd=4204020121024&vrn=100100225883172&prver=0&pronetvd=null&region=20&sub_region=20",
  "prver" : "0",
  "isUik" : true,
  "selected" : false,
  "load_on_demand" : false
}, {
  "id" : 4204020121025,
  "text" : "УИК №358",
  "href" : "region/izbirkom?action=show&root=202000017&tvd=4204020121025&vrn=100100225883172&prver=0&pronetvd=null&region=20&sub_region=20",
  "prver" : "0",
  "isUik" : true,
  "selected" : false,
  "load_on_demand" : false
}, {
  "id" : 4204020121026,
  "text" : "УИК №359",
  "href" : "region/izbirkom?action=show&root=202000017&tvd=4204020121026&vrn=100100225883172&prver=0&pronetvd=null&region=20&sub_region=20",
  "prver" : "0",
  "isUik" : true,
  "selected" : false,
  "load_on_demand" : false
}, {
  "id" : 4204020121027,
  "text" : "УИК №360",
  "href" : "region/izbirkom?action=show&root=202000017&tvd=4204020121027&vrn=100100225883172&prver=0&pronetvd=null&region=20&sub_region=20",
  "prver" : "0",
  "isUik" : true,
  "selected" : false,
  "load_on_demand" : false
}, {
  "id" : 4204020121028,
  "text" : "УИК №361",
  "href" : "region/izbirkom?action=show&root=202000017&tvd=4204020121028&vrn=100100225883172&prver=0&pronetvd=null&region=20&sub_region=20",
  "prver" : "0",
  "isUik" : true,
  "selected" : false,
  "load_on_demand" : false
}, {
  "id" : 4204020121029,
  "text" : "УИК №362",
  "href" : "region/izbirkom?action=show&root=202000017&tvd=4204020121029&vrn=100100225883172&prver=0&pronetvd=null&region=20&sub_region=20",
  "prver" : "0",
  "isUik" : true,
  "selected" : false,
  "load_on_demand" : false
}, {
  "id" : 4204020121030,
  "text" : "УИК №363",
  "href" : "region/izbirkom?action=show&root=202000017&tvd=4204020121030&vrn=100100225883172&prver=0&pronetvd=null&region=20&sub_region=20",
  "prver" : "0",
  "isUik" : true,
  "selected" : false,
  "load_on_demand" : false
}, {
  "id" : 4204020121031,
  "text" : "УИК №364",
  "href" : "region/izbirkom?action=show&root=202000017&tvd=4204020121031&vrn=100100225883172&prver=0&pronetvd=null&region=20&sub_region=20",
  "prver" : "0",
  "isUik" : true,
  "selected" : false,
  "load_on_demand" : false
}, {
  "id" : 4204020121032,
  "text" : "УИК №365",
  "href" : "region/izbirkom?action=show&root=202000017&tvd=4204020121032&vrn=100100225883172&prver=0&pronetvd=null&region=20&sub_region=20",
  "prver" : "0",
  "isUik" : true,
  "selected" : false,
  "load_on_demand" : false
}, {
  "id" : 4204020121033,
  "text" : "УИК №366",
  "href" : "region/izbirkom?action=show&root=202000017&tvd=4204020121033&vrn=100100225883172&prver=0&pronetvd=null&region=20&sub_region=20",
  "prver" : "0",
  "isUik" : true,
  "selected" : false,
  "load_on_demand" : false
}, {
  "id" : 4204020121034,
  "text" : "УИК №367",
  "href" : "region/izbirkom?action=show&root=202000017&tvd=4204020121034&vrn=100100225883172&prver=0&pronetvd=null&region=20&sub_region=20",
  "prver" : "0",
  "isUik" : true,
  "selected" : false,
  "load_on_demand" : false
}, {
  "id" : 4204020121035,
  "text" : "УИК №368",
  "href" : "region/izbirkom?action=show&root=202000017&tvd=4204020121035&vrn=100100225883172&prver=0&pronetvd=null&region=20&sub_region=20",
  "prver" : "0",
  "isUik" : true,
  "selected" : false,
  "load_on_demand" : false
}, {
  "id" : 4204020121036,
  "text" : "УИК №369",
  "href" : "region/izbirkom?action=show&root=202000017&tvd=4204020121036&vrn=100100225883172&prver=0&pronetvd=null&region=20&sub_region=20",
  "prver" : "0",
  "isUik" : true,
  "selected" : false,
  "load_on_demand" : false
}, {
  "id" : 4204020121037,
  "text" : "УИК №370",
  "href" : "region/izbirkom?action=show&root=202000017&tvd=4204020121037&vrn=100100225883172&prver=0&pronetvd=null&region=20&sub_region=20",
  "prver" : "0",
  "isUik" : true,
  "selected" : false,
  "load_on_demand" : false
}, {
  "id" : 4204020121038,
  "text" : "УИК №471",
  "href" : "region/izbirkom?action=show&root=202000017&tvd=4204020121038&vrn=100100225883172&prver=0&pronetvd=null&region=20&sub_region=20",
  "prver" : "0",
  "isUik" : true,
  "selected" : false,
  "load_on_demand" : false
}, {
  "id" : 4204020121039,
  "text" : "УИК №472",
  "href" : "region/izbirkom?action=show&root=202000017&tvd=4204020121039&vrn=100100225883172&prver=0&pronetvd=null&region=20&sub_region=20",
  "prver" : "0",
  "isUik" : true,
  "selected" : false,
  "load_on_demand" : false
}, {
  "id" : 4204020128567,
  "text" : "УИК №514",
  "href" : "region/izbirkom?action=show&root=202000017&tvd=4204020128567&vrn=100100225883172&prver=0&pronetvd=null&region=20&sub_region=20",
  "prver" : "0",
  "isUik" : true,
  "selected" : false,
  "load_on_demand" : false
}, {
  "id" : 4204020128568,
  "text" : "УИК №515",
  "href" : "region/izbirkom?action=show&root=202000017&tvd=4204020128568&vrn=100100225883172&prver=0&pronetvd=null&region=20&sub_region=20",
  "prver" : "0",
  "isUik" : true,
  "selected" : false,
  "load_on_demand" : false
} ]