[ {
  "id" : 4204002136126,
  "text" : "УИК №10",
  "href" : "region/izbirkom?action=show&root=202000018&tvd=4204002136126&vrn=100100225883172&prver=0&pronetvd=null&region=20&sub_region=20",
  "prver" : "0",
  "isUik" : true,
  "selected" : false,
  "load_on_demand" : false
}, {
  "id" : 4204002136127,
  "text" : "УИК №11",
  "href" : "region/izbirkom?action=show&root=202000018&tvd=4204002136127&vrn=100100225883172&prver=0&pronetvd=null&region=20&sub_region=20",
  "prver" : "0",
  "isUik" : true,
  "selected" : false,
  "load_on_demand" : false
}, {
  "id" : 4204002136128,
  "text" : "УИК №12",
  "href" : "region/izbirkom?action=show&root=202000018&tvd=4204002136128&vrn=100100225883172&prver=0&pronetvd=null&region=20&sub_region=20",
  "prver" : "0",
  "isUik" : true,
  "selected" : false,
  "load_on_demand" : false
}, {
  "id" : 4204002136129,
  "text" : "УИК №13",
  "href" : "region/izbirkom?action=show&root=202000018&tvd=4204002136129&vrn=100100225883172&prver=0&pronetvd=null&region=20&sub_region=20",
  "prver" : "0",
  "isUik" : true,
  "selected" : false,
  "load_on_demand" : false
}, {
  "id" : 4204002136130,
  "text" : "УИК №14",
  "href" : "region/izbirkom?action=show&root=202000018&tvd=4204002136130&vrn=100100225883172&prver=0&pronetvd=null&region=20&sub_region=20",
  "prver" : "0",
  "isUik" : true,
  "selected" : false,
  "load_on_demand" : false
}, {
  "id" : 4204002136131,
  "text" : "УИК №15",
  "href" : "region/izbirkom?action=show&root=202000018&tvd=4204002136131&vrn=100100225883172&prver=0&pronetvd=null&region=20&sub_region=20",
  "prver" : "0",
  "isUik" : true,
  "selected" : false,
  "load_on_demand" : false
}, {
  "id" : 4204002136132,
  "text" : "УИК №16",
  "href" : "region/izbirkom?action=show&root=202000018&tvd=4204002136132&vrn=100100225883172&prver=0&pronetvd=null&region=20&sub_region=20",
  "prver" : "0",
  "isUik" : true,
  "selected" : false,
  "load_on_demand" : false
}, {
  "id" : 4204002136133,
  "text" : "УИК №17",
  "href" : "region/izbirkom?action=show&root=202000018&tvd=4204002136133&vrn=100100225883172&prver=0&pronetvd=null&region=20&sub_region=20",
  "prver" : "0",
  "isUik" : true,
  "selected" : false,
  "load_on_demand" : false
}, {
  "id" : 4204002136134,
  "text" : "УИК №18",
  "href" : "region/izbirkom?action=show&root=202000018&tvd=4204002136134&vrn=100100225883172&prver=0&pronetvd=null&region=20&sub_region=20",
  "prver" : "0",
  "isUik" : true,
  "selected" : false,
  "load_on_demand" : false
}, {
  "id" : 4204002136135,
  "text" : "УИК №19",
  "href" : "region/izbirkom?action=show&root=202000018&tvd=4204002136135&vrn=100100225883172&prver=0&pronetvd=null&region=20&sub_region=20",
  "prver" : "0",
  "isUik" : true,
  "selected" : false,
  "load_on_demand" : false
}, {
  "id" : 4204002136136,
  "text" : "УИК №20",
  "href" : "region/izbirkom?action=show&root=202000018&tvd=4204002136136&vrn=100100225883172&prver=0&pronetvd=null&region=20&sub_region=20",
  "prver" : "0",
  "isUik" : true,
  "selected" : false,
  "load_on_demand" : false
}, {
  "id" : 4204002136137,
  "text" : "УИК №21",
  "href" : "region/izbirkom?action=show&root=202000018&tvd=4204002136137&vrn=100100225883172&prver=0&pronetvd=null&region=20&sub_region=20",
  "prver" : "0",
  "isUik" : true,
  "selected" : false,
  "load_on_demand" : false
}, {
  "id" : 4204002136138,
  "text" : "УИК №22",
  "href" : "region/izbirkom?action=show&root=202000018&tvd=4204002136138&vrn=100100225883172&prver=0&pronetvd=null&region=20&sub_region=20",
  "prver" : "0",
  "isUik" : true,
  "selected" : false,
  "load_on_demand" : false
}, {
  "id" : 4204002136139,
  "text" : "УИК №23",
  "href" : "region/izbirkom?action=show&root=202000018&tvd=4204002136139&vrn=100100225883172&prver=0&pronetvd=null&region=20&sub_region=20",
  "prver" : "0",
  "isUik" : true,
  "selected" : false,
  "load_on_demand" : false
}, {
  "id" : 4204002136140,
  "text" : "УИК №24",
  "href" : "region/izbirkom?action=show&root=202000018&tvd=4204002136140&vrn=100100225883172&prver=0&pronetvd=null&region=20&sub_region=20",
  "prver" : "0",
  "isUik" : true,
  "selected" : false,
  "load_on_demand" : false
}, {
  "id" : 4204002136141,
  "text" : "УИК №25",
  "href" : "region/izbirkom?action=show&root=202000018&tvd=4204002136141&vrn=100100225883172&prver=0&pronetvd=null&region=20&sub_region=20",
  "prver" : "0",
  "isUik" : true,
  "selected" : false,
  "load_on_demand" : false
}, {
  "id" : 4204002136142,
  "text" : "УИК №26",
  "href" : "region/izbirkom?action=show&root=202000018&tvd=4204002136142&vrn=100100225883172&prver=0&pronetvd=null&region=20&sub_region=20",
  "prver" : "0",
  "isUik" : true,
  "selected" : false,
  "load_on_demand" : false
}, {
  "id" : 4204002136143,
  "text" : "УИК №27",
  "href" : "region/izbirkom?action=show&root=202000018&tvd=4204002136143&vrn=100100225883172&prver=0&pronetvd=null&region=20&sub_region=20",
  "prver" : "0",
  "isUik" : true,
  "selected" : false,
  "load_on_demand" : false
}, {
  "id" : 4204002136144,
  "text" : "УИК №28",
  "href" : "region/izbirkom?action=show&root=202000018&tvd=4204002136144&vrn=100100225883172&prver=0&pronetvd=null&region=20&sub_region=20",
  "prver" : "0",
  "isUik" : true,
  "selected" : false,
  "load_on_demand" : false
}, {
  "id" : 4204002136145,
  "text" : "УИК №29",
  "href" : "region/izbirkom?action=show&root=202000018&tvd=4204002136145&vrn=100100225883172&prver=0&pronetvd=null&region=20&sub_region=20",
  "prver" : "0",
  "isUik" : true,
  "selected" : false,
  "load_on_demand" : false
}, {
  "id" : 4204002136146,
  "text" : "УИК №30",
  "href" : "region/izbirkom?action=show&root=202000018&tvd=4204002136146&vrn=100100225883172&prver=0&pronetvd=null&region=20&sub_region=20",
  "prver" : "0",
  "isUik" : true,
  "selected" : false,
  "load_on_demand" : false
}, {
  "id" : 4204002136147,
  "text" : "УИК №31",
  "href" : "region/izbirkom?action=show&root=202000018&tvd=4204002136147&vrn=100100225883172&prver=0&pronetvd=null&region=20&sub_region=20",
  "prver" : "0",
  "isUik" : true,
  "selected" : false,
  "load_on_demand" : false
}, {
  "id" : 4204002136148,
  "text" : "УИК №32",
  "href" : "region/izbirkom?action=show&root=202000018&tvd=4204002136148&vrn=100100225883172&prver=0&pronetvd=null&region=20&sub_region=20",
  "prver" : "0",
  "isUik" : true,
  "selected" : false,
  "load_on_demand" : false
}, {
  "id" : 4204002136149,
  "text" : "УИК №89",
  "href" : "region/izbirkom?action=show&root=202000018&tvd=4204002136149&vrn=100100225883172&prver=0&pronetvd=null&region=20&sub_region=20",
  "prver" : "0",
  "isUik" : true,
  "selected" : false,
  "load_on_demand" : false
}, {
  "id" : 4204002136150,
  "text" : "УИК №478",
  "href" : "region/izbirkom?action=show&root=202000018&tvd=4204002136150&vrn=100100225883172&prver=0&pronetvd=null&region=20&sub_region=20",
  "prver" : "0",
  "isUik" : true,
  "selected" : false,
  "load_on_demand" : false
}, {
  "id" : 4204002136151,
  "text" : "УИК №492",
  "href" : "region/izbirkom?action=show&root=202000018&tvd=4204002136151&vrn=100100225883172&prver=0&pronetvd=null&region=20&sub_region=20",
  "prver" : "0",
  "isUik" : true,
  "selected" : false,
  "load_on_demand" : false
} ]