[ {
  "id" : 420401593685,
  "text" : "УИК №33",
  "href" : "region/izbirkom?action=show&root=202000004&tvd=420401593685&vrn=100100225883172&prver=0&pronetvd=null&region=20&sub_region=20",
  "prver" : "0",
  "isUik" : true,
  "selected" : false,
  "load_on_demand" : false
}, {
  "id" : 420401593686,
  "text" : "УИК №254",
  "href" : "region/izbirkom?action=show&root=202000004&tvd=420401593686&vrn=100100225883172&prver=0&pronetvd=null&region=20&sub_region=20",
  "prver" : "0",
  "isUik" : true,
  "selected" : false,
  "load_on_demand" : false
}, {
  "id" : 420401593687,
  "text" : "УИК №255",
  "href" : "region/izbirkom?action=show&root=202000004&tvd=420401593687&vrn=100100225883172&prver=0&pronetvd=null&region=20&sub_region=20",
  "prver" : "0",
  "isUik" : true,
  "selected" : false,
  "load_on_demand" : false
}, {
  "id" : 420401593688,
  "text" : "УИК №256",
  "href" : "region/izbirkom?action=show&root=202000004&tvd=420401593688&vrn=100100225883172&prver=0&pronetvd=null&region=20&sub_region=20",
  "prver" : "0",
  "isUik" : true,
  "selected" : false,
  "load_on_demand" : false
}, {
  "id" : 420401593689,
  "text" : "УИК №257",
  "href" : "region/izbirkom?action=show&root=202000004&tvd=420401593689&vrn=100100225883172&prver=0&pronetvd=null&region=20&sub_region=20",
  "prver" : "0",
  "isUik" : true,
  "selected" : false,
  "load_on_demand" : false
}, {
  "id" : 420401593690,
  "text" : "УИК №258",
  "href" : "region/izbirkom?action=show&root=202000004&tvd=420401593690&vrn=100100225883172&prver=0&pronetvd=null&region=20&sub_region=20",
  "prver" : "0",
  "isUik" : true,
  "selected" : false,
  "load_on_demand" : false
}, {
  "id" : 420401593691,
  "text" : "УИК №259",
  "href" : "region/izbirkom?action=show&root=202000004&tvd=420401593691&vrn=100100225883172&prver=0&pronetvd=null&region=20&sub_region=20",
  "prver" : "0",
  "isUik" : true,
  "selected" : false,
  "load_on_demand" : false
}, {
  "id" : 420401593692,
  "text" : "УИК №260",
  "href" : "region/izbirkom?action=show&root=202000004&tvd=420401593692&vrn=100100225883172&prver=0&pronetvd=null&region=20&sub_region=20",
  "prver" : "0",
  "isUik" : true,
  "selected" : false,
  "load_on_demand" : false
} ]