[ {
  "id" : 4204006113151,
  "text" : "УИК №385",
  "href" : "region/izbirkom?action=show&root=202000019&tvd=4204006113151&vrn=100100225883172&prver=0&pronetvd=null&region=20&sub_region=20",
  "prver" : "0",
  "isUik" : true,
  "selected" : false,
  "load_on_demand" : false
}, {
  "id" : 4204006113152,
  "text" : "УИК №386",
  "href" : "region/izbirkom?action=show&root=202000019&tvd=4204006113152&vrn=100100225883172&prver=0&pronetvd=null&region=20&sub_region=20",
  "prver" : "0",
  "isUik" : true,
  "selected" : false,
  "load_on_demand" : false
}, {
  "id" : 4204006113153,
  "text" : "УИК №387",
  "href" : "region/izbirkom?action=show&root=202000019&tvd=4204006113153&vrn=100100225883172&prver=0&pronetvd=null&region=20&sub_region=20",
  "prver" : "0",
  "isUik" : true,
  "selected" : false,
  "load_on_demand" : false
}, {
  "id" : 4204006113154,
  "text" : "УИК №388",
  "href" : "region/izbirkom?action=show&root=202000019&tvd=4204006113154&vrn=100100225883172&prver=0&pronetvd=null&region=20&sub_region=20",
  "prver" : "0",
  "isUik" : true,
  "selected" : false,
  "load_on_demand" : false
}, {
  "id" : 4204006113155,
  "text" : "УИК №389",
  "href" : "region/izbirkom?action=show&root=202000019&tvd=4204006113155&vrn=100100225883172&prver=0&pronetvd=null&region=20&sub_region=20",
  "prver" : "0",
  "isUik" : true,
  "selected" : false,
  "load_on_demand" : false
}, {
  "id" : 4204006113156,
  "text" : "УИК №390",
  "href" : "region/izbirkom?action=show&root=202000019&tvd=4204006113156&vrn=100100225883172&prver=0&pronetvd=null&region=20&sub_region=20",
  "prver" : "0",
  "isUik" : true,
  "selected" : false,
  "load_on_demand" : false
}, {
  "id" : 4204006113157,
  "text" : "УИК №391",
  "href" : "region/izbirkom?action=show&root=202000019&tvd=4204006113157&vrn=100100225883172&prver=0&pronetvd=null&region=20&sub_region=20",
  "prver" : "0",
  "isUik" : true,
  "selected" : false,
  "load_on_demand" : false
}, {
  "id" : 4204006113158,
  "text" : "УИК №392",
  "href" : "region/izbirkom?action=show&root=202000019&tvd=4204006113158&vrn=100100225883172&prver=0&pronetvd=null&region=20&sub_region=20",
  "prver" : "0",
  "isUik" : true,
  "selected" : false,
  "load_on_demand" : false
}, {
  "id" : 4204006113159,
  "text" : "УИК №393",
  "href" : "region/izbirkom?action=show&root=202000019&tvd=4204006113159&vrn=100100225883172&prver=0&pronetvd=null&region=20&sub_region=20",
  "prver" : "0",
  "isUik" : true,
  "selected" : false,
  "load_on_demand" : false
}, {
  "id" : 4204006113160,
  "text" : "УИК №394",
  "href" : "region/izbirkom?action=show&root=202000019&tvd=4204006113160&vrn=100100225883172&prver=0&pronetvd=null&region=20&sub_region=20",
  "prver" : "0",
  "isUik" : true,
  "selected" : false,
  "load_on_demand" : false
}, {
  "id" : 4204006113161,
  "text" : "УИК №395",
  "href" : "region/izbirkom?action=show&root=202000019&tvd=4204006113161&vrn=100100225883172&prver=0&pronetvd=null&region=20&sub_region=20",
  "prver" : "0",
  "isUik" : true,
  "selected" : false,
  "load_on_demand" : false
}, {
  "id" : 4204006113162,
  "text" : "УИК №396",
  "href" : "region/izbirkom?action=show&root=202000019&tvd=4204006113162&vrn=100100225883172&prver=0&pronetvd=null&region=20&sub_region=20",
  "prver" : "0",
  "isUik" : true,
  "selected" : false,
  "load_on_demand" : false
}, {
  "id" : 4204006113163,
  "text" : "УИК №397",
  "href" : "region/izbirkom?action=show&root=202000019&tvd=4204006113163&vrn=100100225883172&prver=0&pronetvd=null&region=20&sub_region=20",
  "prver" : "0",
  "isUik" : true,
  "selected" : false,
  "load_on_demand" : false
}, {
  "id" : 4204006113164,
  "text" : "УИК №398",
  "href" : "region/izbirkom?action=show&root=202000019&tvd=4204006113164&vrn=100100225883172&prver=0&pronetvd=null&region=20&sub_region=20",
  "prver" : "0",
  "isUik" : true,
  "selected" : false,
  "load_on_demand" : false
}, {
  "id" : 4204006113165,
  "text" : "УИК №399",
  "href" : "region/izbirkom?action=show&root=202000019&tvd=4204006113165&vrn=100100225883172&prver=0&pronetvd=null&region=20&sub_region=20",
  "prver" : "0",
  "isUik" : true,
  "selected" : false,
  "load_on_demand" : false
}, {
  "id" : 4204006113166,
  "text" : "УИК №400",
  "href" : "region/izbirkom?action=show&root=202000019&tvd=4204006113166&vrn=100100225883172&prver=0&pronetvd=null&region=20&sub_region=20",
  "prver" : "0",
  "isUik" : true,
  "selected" : false,
  "load_on_demand" : false
}, {
  "id" : 4204006113167,
  "text" : "УИК №438",
  "href" : "region/izbirkom?action=show&root=202000019&tvd=4204006113167&vrn=100100225883172&prver=0&pronetvd=null&region=20&sub_region=20",
  "prver" : "0",
  "isUik" : true,
  "selected" : false,
  "load_on_demand" : false
}, {
  "id" : 4204006113168,
  "text" : "УИК №439",
  "href" : "region/izbirkom?action=show&root=202000019&tvd=4204006113168&vrn=100100225883172&prver=0&pronetvd=null&region=20&sub_region=20",
  "prver" : "0",
  "isUik" : true,
  "selected" : false,
  "load_on_demand" : false
}, {
  "id" : 4204006113169,
  "text" : "УИК №440",
  "href" : "region/izbirkom?action=show&root=202000019&tvd=4204006113169&vrn=100100225883172&prver=0&pronetvd=null&region=20&sub_region=20",
  "prver" : "0",
  "isUik" : true,
  "selected" : false,
  "load_on_demand" : false
}, {
  "id" : 4204006113170,
  "text" : "УИК №450",
  "href" : "region/izbirkom?action=show&root=202000019&tvd=4204006113170&vrn=100100225883172&prver=0&pronetvd=null&region=20&sub_region=20",
  "prver" : "0",
  "isUik" : true,
  "selected" : false,
  "load_on_demand" : false
}, {
  "id" : 4204006113171,
  "text" : "УИК №481",
  "href" : "region/izbirkom?action=show&root=202000019&tvd=4204006113171&vrn=100100225883172&prver=0&pronetvd=null&region=20&sub_region=20",
  "prver" : "0",
  "isUik" : true,
  "selected" : false,
  "load_on_demand" : false
}, {
  "id" : 4204006113172,
  "text" : "УИК №482",
  "href" : "region/izbirkom?action=show&root=202000019&tvd=4204006113172&vrn=100100225883172&prver=0&pronetvd=null&region=20&sub_region=20",
  "prver" : "0",
  "isUik" : true,
  "selected" : false,
  "load_on_demand" : false
}, {
  "id" : 4204006113173,
  "text" : "УИК №486",
  "href" : "region/izbirkom?action=show&root=202000019&tvd=4204006113173&vrn=100100225883172&prver=0&pronetvd=null&region=20&sub_region=20",
  "prver" : "0",
  "isUik" : true,
  "selected" : false,
  "load_on_demand" : false
}, {
  "id" : 4204006113174,
  "text" : "УИК №488",
  "href" : "region/izbirkom?action=show&root=202000019&tvd=4204006113174&vrn=100100225883172&prver=0&pronetvd=null&region=20&sub_region=20",
  "prver" : "0",
  "isUik" : true,
  "selected" : false,
  "load_on_demand" : false
}, {
  "id" : 4204006113175,
  "text" : "УИК №490",
  "href" : "region/izbirkom?action=show&root=202000019&tvd=4204006113175&vrn=100100225883172&prver=0&pronetvd=null&region=20&sub_region=20",
  "prver" : "0",
  "isUik" : true,
  "selected" : false,
  "load_on_demand" : false
}, {
  "id" : 4204006115318,
  "text" : "УИК №498",
  "href" : "region/izbirkom?action=show&root=202000019&tvd=4204006115318&vrn=100100225883172&prver=0&pronetvd=null&region=20&sub_region=20",
  "prver" : "0",
  "isUik" : true,
  "selected" : false,
  "load_on_demand" : false
}, {
  "id" : 4204006115319,
  "text" : "УИК №499",
  "href" : "region/izbirkom?action=show&root=202000019&tvd=4204006115319&vrn=100100225883172&prver=0&pronetvd=null&region=20&sub_region=20",
  "prver" : "0",
  "isUik" : true,
  "selected" : false,
  "load_on_demand" : false
}, {
  "id" : 4204006115320,
  "text" : "УИК №500",
  "href" : "region/izbirkom?action=show&root=202000019&tvd=4204006115320&vrn=100100225883172&prver=0&pronetvd=null&region=20&sub_region=20",
  "prver" : "0",
  "isUik" : true,
  "selected" : false,
  "load_on_demand" : false
}, {
  "id" : 4204006115321,
  "text" : "УИК №501",
  "href" : "region/izbirkom?action=show&root=202000019&tvd=4204006115321&vrn=100100225883172&prver=0&pronetvd=null&region=20&sub_region=20",
  "prver" : "0",
  "isUik" : true,
  "selected" : false,
  "load_on_demand" : false
}, {
  "id" : 4204006115322,
  "text" : "УИК №502",
  "href" : "region/izbirkom?action=show&root=202000019&tvd=4204006115322&vrn=100100225883172&prver=0&pronetvd=null&region=20&sub_region=20",
  "prver" : "0",
  "isUik" : true,
  "selected" : false,
  "load_on_demand" : false
}, {
  "id" : 4204006115323,
  "text" : "УИК №503",
  "href" : "region/izbirkom?action=show&root=202000019&tvd=4204006115323&vrn=100100225883172&prver=0&pronetvd=null&region=20&sub_region=20",
  "prver" : "0",
  "isUik" : true,
  "selected" : false,
  "load_on_demand" : false
} ]