[ {
  "id" : 4204004127388,
  "text" : "УИК №65",
  "href" : "region/izbirkom?action=show&root=202000011&tvd=4204004127388&vrn=100100225883172&prver=0&pronetvd=null&region=20&sub_region=20",
  "prver" : "0",
  "isUik" : true,
  "selected" : false,
  "load_on_demand" : false
}, {
  "id" : 4204004127389,
  "text" : "УИК №66",
  "href" : "region/izbirkom?action=show&root=202000011&tvd=4204004127389&vrn=100100225883172&prver=0&pronetvd=null&region=20&sub_region=20",
  "prver" : "0",
  "isUik" : true,
  "selected" : false,
  "load_on_demand" : false
}, {
  "id" : 4204004127390,
  "text" : "УИК №67",
  "href" : "region/izbirkom?action=show&root=202000011&tvd=4204004127390&vrn=100100225883172&prver=0&pronetvd=null&region=20&sub_region=20",
  "prver" : "0",
  "isUik" : true,
  "selected" : false,
  "load_on_demand" : false
}, {
  "id" : 4204004127391,
  "text" : "УИК №68",
  "href" : "region/izbirkom?action=show&root=202000011&tvd=4204004127391&vrn=100100225883172&prver=0&pronetvd=null&region=20&sub_region=20",
  "prver" : "0",
  "isUik" : true,
  "selected" : false,
  "load_on_demand" : false
}, {
  "id" : 4204004127392,
  "text" : "УИК №69",
  "href" : "region/izbirkom?action=show&root=202000011&tvd=4204004127392&vrn=100100225883172&prver=0&pronetvd=null&region=20&sub_region=20",
  "prver" : "0",
  "isUik" : true,
  "selected" : false,
  "load_on_demand" : false
}, {
  "id" : 4204004127393,
  "text" : "УИК №70",
  "href" : "region/izbirkom?action=show&root=202000011&tvd=4204004127393&vrn=100100225883172&prver=0&pronetvd=null&region=20&sub_region=20",
  "prver" : "0",
  "isUik" : true,
  "selected" : false,
  "load_on_demand" : false
}, {
  "id" : 4204004127394,
  "text" : "УИК №71",
  "href" : "region/izbirkom?action=show&root=202000011&tvd=4204004127394&vrn=100100225883172&prver=0&pronetvd=null&region=20&sub_region=20",
  "prver" : "0",
  "isUik" : true,
  "selected" : false,
  "load_on_demand" : false
}, {
  "id" : 4204004127395,
  "text" : "УИК №72",
  "href" : "region/izbirkom?action=show&root=202000011&tvd=4204004127395&vrn=100100225883172&prver=0&pronetvd=null&region=20&sub_region=20",
  "prver" : "0",
  "isUik" : true,
  "selected" : false,
  "load_on_demand" : false
}, {
  "id" : 4204004127396,
  "text" : "УИК №73",
  "href" : "region/izbirkom?action=show&root=202000011&tvd=4204004127396&vrn=100100225883172&prver=0&pronetvd=null&region=20&sub_region=20",
  "prver" : "0",
  "isUik" : true,
  "selected" : false,
  "load_on_demand" : false
}, {
  "id" : 4204004127397,
  "text" : "УИК №74",
  "href" : "region/izbirkom?action=show&root=202000011&tvd=4204004127397&vrn=100100225883172&prver=0&pronetvd=null&region=20&sub_region=20",
  "prver" : "0",
  "isUik" : true,
  "selected" : false,
  "load_on_demand" : false
}, {
  "id" : 4204004127398,
  "text" : "УИК №75",
  "href" : "region/izbirkom?action=show&root=202000011&tvd=4204004127398&vrn=100100225883172&prver=0&pronetvd=null&region=20&sub_region=20",
  "prver" : "0",
  "isUik" : true,
  "selected" : false,
  "load_on_demand" : false
}, {
  "id" : 4204004127399,
  "text" : "УИК №76",
  "href" : "region/izbirkom?action=show&root=202000011&tvd=4204004127399&vrn=100100225883172&prver=0&pronetvd=null&region=20&sub_region=20",
  "prver" : "0",
  "isUik" : true,
  "selected" : false,
  "load_on_demand" : false
}, {
  "id" : 4204004127400,
  "text" : "УИК №90",
  "href" : "region/izbirkom?action=show&root=202000011&tvd=4204004127400&vrn=100100225883172&prver=0&pronetvd=null&region=20&sub_region=20",
  "prver" : "0",
  "isUik" : true,
  "selected" : false,
  "load_on_demand" : false
}, {
  "id" : 4204004127401,
  "text" : "УИК №91",
  "href" : "region/izbirkom?action=show&root=202000011&tvd=4204004127401&vrn=100100225883172&prver=0&pronetvd=null&region=20&sub_region=20",
  "prver" : "0",
  "isUik" : true,
  "selected" : false,
  "load_on_demand" : false
}, {
  "id" : 4204004127402,
  "text" : "УИК №92",
  "href" : "region/izbirkom?action=show&root=202000011&tvd=4204004127402&vrn=100100225883172&prver=0&pronetvd=null&region=20&sub_region=20",
  "prver" : "0",
  "isUik" : true,
  "selected" : false,
  "load_on_demand" : false
}, {
  "id" : 4204004127403,
  "text" : "УИК №93",
  "href" : "region/izbirkom?action=show&root=202000011&tvd=4204004127403&vrn=100100225883172&prver=0&pronetvd=null&region=20&sub_region=20",
  "prver" : "0",
  "isUik" : true,
  "selected" : false,
  "load_on_demand" : false
}, {
  "id" : 4204004127404,
  "text" : "УИК №94",
  "href" : "region/izbirkom?action=show&root=202000011&tvd=4204004127404&vrn=100100225883172&prver=0&pronetvd=null&region=20&sub_region=20",
  "prver" : "0",
  "isUik" : true,
  "selected" : false,
  "load_on_demand" : false
}, {
  "id" : 4204004127405,
  "text" : "УИК №95",
  "href" : "region/izbirkom?action=show&root=202000011&tvd=4204004127405&vrn=100100225883172&prver=0&pronetvd=null&region=20&sub_region=20",
  "prver" : "0",
  "isUik" : true,
  "selected" : false,
  "load_on_demand" : false
}, {
  "id" : 4204004127406,
  "text" : "УИК №96",
  "href" : "region/izbirkom?action=show&root=202000011&tvd=4204004127406&vrn=100100225883172&prver=0&pronetvd=null&region=20&sub_region=20",
  "prver" : "0",
  "isUik" : true,
  "selected" : false,
  "load_on_demand" : false
}, {
  "id" : 4204004127407,
  "text" : "УИК №97",
  "href" : "region/izbirkom?action=show&root=202000011&tvd=4204004127407&vrn=100100225883172&prver=0&pronetvd=null&region=20&sub_region=20",
  "prver" : "0",
  "isUik" : true,
  "selected" : false,
  "load_on_demand" : false
}, {
  "id" : 4204004127408,
  "text" : "УИК №98",
  "href" : "region/izbirkom?action=show&root=202000011&tvd=4204004127408&vrn=100100225883172&prver=0&pronetvd=null&region=20&sub_region=20",
  "prver" : "0",
  "isUik" : true,
  "selected" : false,
  "load_on_demand" : false
}, {
  "id" : 4204004127409,
  "text" : "УИК №99",
  "href" : "region/izbirkom?action=show&root=202000011&tvd=4204004127409&vrn=100100225883172&prver=0&pronetvd=null&region=20&sub_region=20",
  "prver" : "0",
  "isUik" : true,
  "selected" : false,
  "load_on_demand" : false
}, {
  "id" : 4204004127410,
  "text" : "УИК №100",
  "href" : "region/izbirkom?action=show&root=202000011&tvd=4204004127410&vrn=100100225883172&prver=0&pronetvd=null&region=20&sub_region=20",
  "prver" : "0",
  "isUik" : true,
  "selected" : false,
  "load_on_demand" : false
}, {
  "id" : 4204004127411,
  "text" : "УИК №101",
  "href" : "region/izbirkom?action=show&root=202000011&tvd=4204004127411&vrn=100100225883172&prver=0&pronetvd=null&region=20&sub_region=20",
  "prver" : "0",
  "isUik" : true,
  "selected" : false,
  "load_on_demand" : false
}, {
  "id" : 4204004127412,
  "text" : "УИК №435",
  "href" : "region/izbirkom?action=show&root=202000011&tvd=4204004127412&vrn=100100225883172&prver=0&pronetvd=null&region=20&sub_region=20",
  "prver" : "0",
  "isUik" : true,
  "selected" : false,
  "load_on_demand" : false
}, {
  "id" : 4204004127413,
  "text" : "УИК №463",
  "href" : "region/izbirkom?action=show&root=202000011&tvd=4204004127413&vrn=100100225883172&prver=0&pronetvd=null&region=20&sub_region=20",
  "prver" : "0",
  "isUik" : true,
  "selected" : false,
  "load_on_demand" : false
}, {
  "id" : 4204004127414,
  "text" : "УИК №464",
  "href" : "region/izbirkom?action=show&root=202000011&tvd=4204004127414&vrn=100100225883172&prver=0&pronetvd=null&region=20&sub_region=20",
  "prver" : "0",
  "isUik" : true,
  "selected" : false,
  "load_on_demand" : false
}, {
  "id" : 4204004127415,
  "text" : "УИК №465",
  "href" : "region/izbirkom?action=show&root=202000011&tvd=4204004127415&vrn=100100225883172&prver=0&pronetvd=null&region=20&sub_region=20",
  "prver" : "0",
  "isUik" : true,
  "selected" : false,
  "load_on_demand" : false
}, {
  "id" : 4204004127416,
  "text" : "УИК №489",
  "href" : "region/izbirkom?action=show&root=202000011&tvd=4204004127416&vrn=100100225883172&prver=0&pronetvd=null&region=20&sub_region=20",
  "prver" : "0",
  "isUik" : true,
  "selected" : false,
  "load_on_demand" : false
} ]