[ {
  "id" : 4204007118369,
  "text" : "УИК №79",
  "href" : "region/izbirkom?action=show&root=202000010&tvd=4204007118369&vrn=100100225883172&prver=0&pronetvd=null&region=20&sub_region=20",
  "prver" : "0",
  "isUik" : true,
  "selected" : false,
  "load_on_demand" : false
}, {
  "id" : 4204007118370,
  "text" : "УИК №80",
  "href" : "region/izbirkom?action=show&root=202000010&tvd=4204007118370&vrn=100100225883172&prver=0&pronetvd=null&region=20&sub_region=20",
  "prver" : "0",
  "isUik" : true,
  "selected" : false,
  "load_on_demand" : false
}, {
  "id" : 4204007118371,
  "text" : "УИК №401",
  "href" : "region/izbirkom?action=show&root=202000010&tvd=4204007118371&vrn=100100225883172&prver=0&pronetvd=null&region=20&sub_region=20",
  "prver" : "0",
  "isUik" : true,
  "selected" : false,
  "load_on_demand" : false
}, {
  "id" : 4204007118372,
  "text" : "УИК №402",
  "href" : "region/izbirkom?action=show&root=202000010&tvd=4204007118372&vrn=100100225883172&prver=0&pronetvd=null&region=20&sub_region=20",
  "prver" : "0",
  "isUik" : true,
  "selected" : false,
  "load_on_demand" : false
}, {
  "id" : 4204007118373,
  "text" : "УИК №403",
  "href" : "region/izbirkom?action=show&root=202000010&tvd=4204007118373&vrn=100100225883172&prver=0&pronetvd=null&region=20&sub_region=20",
  "prver" : "0",
  "isUik" : true,
  "selected" : false,
  "load_on_demand" : false
}, {
  "id" : 4204007118374,
  "text" : "УИК №404",
  "href" : "region/izbirkom?action=show&root=202000010&tvd=4204007118374&vrn=100100225883172&prver=0&pronetvd=null&region=20&sub_region=20",
  "prver" : "0",
  "isUik" : true,
  "selected" : false,
  "load_on_demand" : false
}, {
  "id" : 4204007118375,
  "text" : "УИК №405",
  "href" : "region/izbirkom?action=show&root=202000010&tvd=4204007118375&vrn=100100225883172&prver=0&pronetvd=null&region=20&sub_region=20",
  "prver" : "0",
  "isUik" : true,
  "selected" : false,
  "load_on_demand" : false
}, {
  "id" : 4204007118376,
  "text" : "УИК №406",
  "href" : "region/izbirkom?action=show&root=202000010&tvd=4204007118376&vrn=100100225883172&prver=0&pronetvd=null&region=20&sub_region=20",
  "prver" : "0",
  "isUik" : true,
  "selected" : false,
  "load_on_demand" : false
}, {
  "id" : 4204007118377,
  "text" : "УИК №407",
  "href" : "region/izbirkom?action=show&root=202000010&tvd=4204007118377&vrn=100100225883172&prver=0&pronetvd=null&region=20&sub_region=20",
  "prver" : "0",
  "isUik" : true,
  "selected" : false,
  "load_on_demand" : false
}, {
  "id" : 4204007118378,
  "text" : "УИК №408",
  "href" : "region/izbirkom?action=show&root=202000010&tvd=4204007118378&vrn=100100225883172&prver=0&pronetvd=null&region=20&sub_region=20",
  "prver" : "0",
  "isUik" : true,
  "selected" : false,
  "load_on_demand" : false
}, {
  "id" : 4204007118379,
  "text" : "УИК №409",
  "href" : "region/izbirkom?action=show&root=202000010&tvd=4204007118379&vrn=100100225883172&prver=0&pronetvd=null&region=20&sub_region=20",
  "prver" : "0",
  "isUik" : true,
  "selected" : false,
  "load_on_demand" : false
}, {
  "id" : 4204007118380,
  "text" : "УИК №410",
  "href" : "region/izbirkom?action=show&root=202000010&tvd=4204007118380&vrn=100100225883172&prver=0&pronetvd=null&region=20&sub_region=20",
  "prver" : "0",
  "isUik" : true,
  "selected" : false,
  "load_on_demand" : false
}, {
  "id" : 4204007118381,
  "text" : "УИК №411",
  "href" : "region/izbirkom?action=show&root=202000010&tvd=4204007118381&vrn=100100225883172&prver=0&pronetvd=null&region=20&sub_region=20",
  "prver" : "0",
  "isUik" : true,
  "selected" : false,
  "load_on_demand" : false
}, {
  "id" : 4204007118382,
  "text" : "УИК №412",
  "href" : "region/izbirkom?action=show&root=202000010&tvd=4204007118382&vrn=100100225883172&prver=0&pronetvd=null&region=20&sub_region=20",
  "prver" : "0",
  "isUik" : true,
  "selected" : false,
  "load_on_demand" : false
}, {
  "id" : 4204007118383,
  "text" : "УИК №413",
  "href" : "region/izbirkom?action=show&root=202000010&tvd=4204007118383&vrn=100100225883172&prver=0&pronetvd=null&region=20&sub_region=20",
  "prver" : "0",
  "isUik" : true,
  "selected" : false,
  "load_on_demand" : false
}, {
  "id" : 4204007118384,
  "text" : "УИК №414",
  "href" : "region/izbirkom?action=show&root=202000010&tvd=4204007118384&vrn=100100225883172&prver=0&pronetvd=null&region=20&sub_region=20",
  "prver" : "0",
  "isUik" : true,
  "selected" : false,
  "load_on_demand" : false
}, {
  "id" : 4204007118385,
  "text" : "УИК №415",
  "href" : "region/izbirkom?action=show&root=202000010&tvd=4204007118385&vrn=100100225883172&prver=0&pronetvd=null&region=20&sub_region=20",
  "prver" : "0",
  "isUik" : true,
  "selected" : false,
  "load_on_demand" : false
}, {
  "id" : 4204007118386,
  "text" : "УИК №416",
  "href" : "region/izbirkom?action=show&root=202000010&tvd=4204007118386&vrn=100100225883172&prver=0&pronetvd=null&region=20&sub_region=20",
  "prver" : "0",
  "isUik" : true,
  "selected" : false,
  "load_on_demand" : false
}, {
  "id" : 4204007118387,
  "text" : "УИК №417",
  "href" : "region/izbirkom?action=show&root=202000010&tvd=4204007118387&vrn=100100225883172&prver=0&pronetvd=null&region=20&sub_region=20",
  "prver" : "0",
  "isUik" : true,
  "selected" : false,
  "load_on_demand" : false
}, {
  "id" : 4204007118388,
  "text" : "УИК №418",
  "href" : "region/izbirkom?action=show&root=202000010&tvd=4204007118388&vrn=100100225883172&prver=0&pronetvd=null&region=20&sub_region=20",
  "prver" : "0",
  "isUik" : true,
  "selected" : false,
  "load_on_demand" : false
}, {
  "id" : 4204007118389,
  "text" : "УИК №441",
  "href" : "region/izbirkom?action=show&root=202000010&tvd=4204007118389&vrn=100100225883172&prver=0&pronetvd=null&region=20&sub_region=20",
  "prver" : "0",
  "isUik" : true,
  "selected" : false,
  "load_on_demand" : false
}, {
  "id" : 4204007118390,
  "text" : "УИК №487",
  "href" : "region/izbirkom?action=show&root=202000010&tvd=4204007118390&vrn=100100225883172&prver=0&pronetvd=null&region=20&sub_region=20",
  "prver" : "0",
  "isUik" : true,
  "selected" : false,
  "load_on_demand" : false
}, {
  "id" : 4204007118391,
  "text" : "УИК №494",
  "href" : "region/izbirkom?action=show&root=202000010&tvd=4204007118391&vrn=100100225883172&prver=0&pronetvd=null&region=20&sub_region=20",
  "prver" : "0",
  "isUik" : true,
  "selected" : false,
  "load_on_demand" : false
}, {
  "id" : 4204007121786,
  "text" : "УИК №504",
  "href" : "region/izbirkom?action=show&root=202000010&tvd=4204007121786&vrn=100100225883172&prver=0&pronetvd=null&region=20&sub_region=20",
  "prver" : "0",
  "isUik" : true,
  "selected" : false,
  "load_on_demand" : false
}, {
  "id" : 4204007121787,
  "text" : "УИК №505",
  "href" : "region/izbirkom?action=show&root=202000010&tvd=4204007121787&vrn=100100225883172&prver=0&pronetvd=null&region=20&sub_region=20",
  "prver" : "0",
  "isUik" : true,
  "selected" : false,
  "load_on_demand" : false
}, {
  "id" : 4204007121788,
  "text" : "УИК №506",
  "href" : "region/izbirkom?action=show&root=202000010&tvd=4204007121788&vrn=100100225883172&prver=0&pronetvd=null&region=20&sub_region=20",
  "prver" : "0",
  "isUik" : true,
  "selected" : false,
  "load_on_demand" : false
} ]