[ {
  "id" : 4204014122470,
  "text" : "УИК №224",
  "href" : "region/izbirkom?action=show&root=202000012&tvd=4204014122470&vrn=100100225883172&prver=0&pronetvd=null&region=20&sub_region=20",
  "prver" : "0",
  "isUik" : true,
  "selected" : false,
  "load_on_demand" : false
}, {
  "id" : 4204014122471,
  "text" : "УИК №225",
  "href" : "region/izbirkom?action=show&root=202000012&tvd=4204014122471&vrn=100100225883172&prver=0&pronetvd=null&region=20&sub_region=20",
  "prver" : "0",
  "isUik" : true,
  "selected" : false,
  "load_on_demand" : false
}, {
  "id" : 4204014122472,
  "text" : "УИК №226",
  "href" : "region/izbirkom?action=show&root=202000012&tvd=4204014122472&vrn=100100225883172&prver=0&pronetvd=null&region=20&sub_region=20",
  "prver" : "0",
  "isUik" : true,
  "selected" : false,
  "load_on_demand" : false
}, {
  "id" : 4204014122473,
  "text" : "УИК №227",
  "href" : "region/izbirkom?action=show&root=202000012&tvd=4204014122473&vrn=100100225883172&prver=0&pronetvd=null&region=20&sub_region=20",
  "prver" : "0",
  "isUik" : true,
  "selected" : false,
  "load_on_demand" : false
}, {
  "id" : 4204014122474,
  "text" : "УИК №228",
  "href" : "region/izbirkom?action=show&root=202000012&tvd=4204014122474&vrn=100100225883172&prver=0&pronetvd=null&region=20&sub_region=20",
  "prver" : "0",
  "isUik" : true,
  "selected" : false,
  "load_on_demand" : false
}, {
  "id" : 4204014122475,
  "text" : "УИК №229",
  "href" : "region/izbirkom?action=show&root=202000012&tvd=4204014122475&vrn=100100225883172&prver=0&pronetvd=null&region=20&sub_region=20",
  "prver" : "0",
  "isUik" : true,
  "selected" : false,
  "load_on_demand" : false
}, {
  "id" : 4204014122476,
  "text" : "УИК №230",
  "href" : "region/izbirkom?action=show&root=202000012&tvd=4204014122476&vrn=100100225883172&prver=0&pronetvd=null&region=20&sub_region=20",
  "prver" : "0",
  "isUik" : true,
  "selected" : false,
  "load_on_demand" : false
}, {
  "id" : 4204014122477,
  "text" : "УИК №231",
  "href" : "region/izbirkom?action=show&root=202000012&tvd=4204014122477&vrn=100100225883172&prver=0&pronetvd=null&region=20&sub_region=20",
  "prver" : "0",
  "isUik" : true,
  "selected" : false,
  "load_on_demand" : false
}, {
  "id" : 4204014122478,
  "text" : "УИК №232",
  "href" : "region/izbirkom?action=show&root=202000012&tvd=4204014122478&vrn=100100225883172&prver=0&pronetvd=null&region=20&sub_region=20",
  "prver" : "0",
  "isUik" : true,
  "selected" : false,
  "load_on_demand" : false
}, {
  "id" : 4204014122479,
  "text" : "УИК №233",
  "href" : "region/izbirkom?action=show&root=202000012&tvd=4204014122479&vrn=100100225883172&prver=0&pronetvd=null&region=20&sub_region=20",
  "prver" : "0",
  "isUik" : true,
  "selected" : false,
  "load_on_demand" : false
}, {
  "id" : 4204014122480,
  "text" : "УИК №234",
  "href" : "region/izbirkom?action=show&root=202000012&tvd=4204014122480&vrn=100100225883172&prver=0&pronetvd=null&region=20&sub_region=20",
  "prver" : "0",
  "isUik" : true,
  "selected" : false,
  "load_on_demand" : false
}, {
  "id" : 4204014122481,
  "text" : "УИК №235",
  "href" : "region/izbirkom?action=show&root=202000012&tvd=4204014122481&vrn=100100225883172&prver=0&pronetvd=null&region=20&sub_region=20",
  "prver" : "0",
  "isUik" : true,
  "selected" : false,
  "load_on_demand" : false
}, {
  "id" : 4204014122482,
  "text" : "УИК №236",
  "href" : "region/izbirkom?action=show&root=202000012&tvd=4204014122482&vrn=100100225883172&prver=0&pronetvd=null&region=20&sub_region=20",
  "prver" : "0",
  "isUik" : true,
  "selected" : false,
  "load_on_demand" : false
}, {
  "id" : 4204014122483,
  "text" : "УИК №237",
  "href" : "region/izbirkom?action=show&root=202000012&tvd=4204014122483&vrn=100100225883172&prver=0&pronetvd=null&region=20&sub_region=20",
  "prver" : "0",
  "isUik" : true,
  "selected" : false,
  "load_on_demand" : false
}, {
  "id" : 4204014122484,
  "text" : "УИК №238",
  "href" : "region/izbirkom?action=show&root=202000012&tvd=4204014122484&vrn=100100225883172&prver=0&pronetvd=null&region=20&sub_region=20",
  "prver" : "0",
  "isUik" : true,
  "selected" : false,
  "load_on_demand" : false
}, {
  "id" : 4204014122485,
  "text" : "УИК №239",
  "href" : "region/izbirkom?action=show&root=202000012&tvd=4204014122485&vrn=100100225883172&prver=0&pronetvd=null&region=20&sub_region=20",
  "prver" : "0",
  "isUik" : true,
  "selected" : false,
  "load_on_demand" : false
}, {
  "id" : 4204014122486,
  "text" : "УИК №240",
  "href" : "region/izbirkom?action=show&root=202000012&tvd=4204014122486&vrn=100100225883172&prver=0&pronetvd=null&region=20&sub_region=20",
  "prver" : "0",
  "isUik" : true,
  "selected" : false,
  "load_on_demand" : false
}, {
  "id" : 4204014122487,
  "text" : "УИК №241",
  "href" : "region/izbirkom?action=show&root=202000012&tvd=4204014122487&vrn=100100225883172&prver=0&pronetvd=null&region=20&sub_region=20",
  "prver" : "0",
  "isUik" : true,
  "selected" : false,
  "load_on_demand" : false
}, {
  "id" : 4204014122488,
  "text" : "УИК №242",
  "href" : "region/izbirkom?action=show&root=202000012&tvd=4204014122488&vrn=100100225883172&prver=0&pronetvd=null&region=20&sub_region=20",
  "prver" : "0",
  "isUik" : true,
  "selected" : false,
  "load_on_demand" : false
}, {
  "id" : 4204014122489,
  "text" : "УИК №243",
  "href" : "region/izbirkom?action=show&root=202000012&tvd=4204014122489&vrn=100100225883172&prver=0&pronetvd=null&region=20&sub_region=20",
  "prver" : "0",
  "isUik" : true,
  "selected" : false,
  "load_on_demand" : false
}, {
  "id" : 4204014122490,
  "text" : "УИК №244",
  "href" : "region/izbirkom?action=show&root=202000012&tvd=4204014122490&vrn=100100225883172&prver=0&pronetvd=null&region=20&sub_region=20",
  "prver" : "0",
  "isUik" : true,
  "selected" : false,
  "load_on_demand" : false
}, {
  "id" : 4204014122491,
  "text" : "УИК №245",
  "href" : "region/izbirkom?action=show&root=202000012&tvd=4204014122491&vrn=100100225883172&prver=0&pronetvd=null&region=20&sub_region=20",
  "prver" : "0",
  "isUik" : true,
  "selected" : false,
  "load_on_demand" : false
}, {
  "id" : 4204014122492,
  "text" : "УИК №246",
  "href" : "region/izbirkom?action=show&root=202000012&tvd=4204014122492&vrn=100100225883172&prver=0&pronetvd=null&region=20&sub_region=20",
  "prver" : "0",
  "isUik" : true,
  "selected" : false,
  "load_on_demand" : false
}, {
  "id" : 4204014122493,
  "text" : "УИК №247",
  "href" : "region/izbirkom?action=show&root=202000012&tvd=4204014122493&vrn=100100225883172&prver=0&pronetvd=null&region=20&sub_region=20",
  "prver" : "0",
  "isUik" : true,
  "selected" : false,
  "load_on_demand" : false
}, {
  "id" : 4204014122494,
  "text" : "УИК №248",
  "href" : "region/izbirkom?action=show&root=202000012&tvd=4204014122494&vrn=100100225883172&prver=0&pronetvd=null&region=20&sub_region=20",
  "prver" : "0",
  "isUik" : true,
  "selected" : false,
  "load_on_demand" : false
}, {
  "id" : 4204014122495,
  "text" : "УИК №249",
  "href" : "region/izbirkom?action=show&root=202000012&tvd=4204014122495&vrn=100100225883172&prver=0&pronetvd=null&region=20&sub_region=20",
  "prver" : "0",
  "isUik" : true,
  "selected" : false,
  "load_on_demand" : false
}, {
  "id" : 4204014122496,
  "text" : "УИК №250",
  "href" : "region/izbirkom?action=show&root=202000012&tvd=4204014122496&vrn=100100225883172&prver=0&pronetvd=null&region=20&sub_region=20",
  "prver" : "0",
  "isUik" : true,
  "selected" : false,
  "load_on_demand" : false
}, {
  "id" : 4204014122497,
  "text" : "УИК №251",
  "href" : "region/izbirkom?action=show&root=202000012&tvd=4204014122497&vrn=100100225883172&prver=0&pronetvd=null&region=20&sub_region=20",
  "prver" : "0",
  "isUik" : true,
  "selected" : false,
  "load_on_demand" : false
}, {
  "id" : 4204014122498,
  "text" : "УИК №252",
  "href" : "region/izbirkom?action=show&root=202000012&tvd=4204014122498&vrn=100100225883172&prver=0&pronetvd=null&region=20&sub_region=20",
  "prver" : "0",
  "isUik" : true,
  "selected" : false,
  "load_on_demand" : false
}, {
  "id" : 4204014122499,
  "text" : "УИК №253",
  "href" : "region/izbirkom?action=show&root=202000012&tvd=4204014122499&vrn=100100225883172&prver=0&pronetvd=null&region=20&sub_region=20",
  "prver" : "0",
  "isUik" : true,
  "selected" : false,
  "load_on_demand" : false
}, {
  "id" : 4204014122500,
  "text" : "УИК №445",
  "href" : "region/izbirkom?action=show&root=202000012&tvd=4204014122500&vrn=100100225883172&prver=0&pronetvd=null&region=20&sub_region=20",
  "prver" : "0",
  "isUik" : true,
  "selected" : false,
  "load_on_demand" : false
}, {
  "id" : 4204014122501,
  "text" : "УИК №446",
  "href" : "region/izbirkom?action=show&root=202000012&tvd=4204014122501&vrn=100100225883172&prver=0&pronetvd=null&region=20&sub_region=20",
  "prver" : "0",
  "isUik" : true,
  "selected" : false,
  "load_on_demand" : false
}, {
  "id" : 4204014122502,
  "text" : "УИК №453",
  "href" : "region/izbirkom?action=show&root=202000012&tvd=4204014122502&vrn=100100225883172&prver=0&pronetvd=null&region=20&sub_region=20",
  "prver" : "0",
  "isUik" : true,
  "selected" : false,
  "load_on_demand" : false
}, {
  "id" : 4204014122503,
  "text" : "УИК №454",
  "href" : "region/izbirkom?action=show&root=202000012&tvd=4204014122503&vrn=100100225883172&prver=0&pronetvd=null&region=20&sub_region=20",
  "prver" : "0",
  "isUik" : true,
  "selected" : false,
  "load_on_demand" : false
}, {
  "id" : 4204014122504,
  "text" : "УИК №455",
  "href" : "region/izbirkom?action=show&root=202000012&tvd=4204014122504&vrn=100100225883172&prver=0&pronetvd=null&region=20&sub_region=20",
  "prver" : "0",
  "isUik" : true,
  "selected" : false,
  "load_on_demand" : false
}, {
  "id" : 4204014122505,
  "text" : "УИК №456",
  "href" : "region/izbirkom?action=show&root=202000012&tvd=4204014122505&vrn=100100225883172&prver=0&pronetvd=null&region=20&sub_region=20",
  "prver" : "0",
  "isUik" : true,
  "selected" : false,
  "load_on_demand" : false
}, {
  "id" : 4204014122506,
  "text" : "УИК №457",
  "href" : "region/izbirkom?action=show&root=202000012&tvd=4204014122506&vrn=100100225883172&prver=0&pronetvd=null&region=20&sub_region=20",
  "prver" : "0",
  "isUik" : true,
  "selected" : false,
  "load_on_demand" : false
}, {
  "id" : 4204014122507,
  "text" : "УИК №458",
  "href" : "region/izbirkom?action=show&root=202000012&tvd=4204014122507&vrn=100100225883172&prver=0&pronetvd=null&region=20&sub_region=20",
  "prver" : "0",
  "isUik" : true,
  "selected" : false,
  "load_on_demand" : false
}, {
  "id" : 4204014122508,
  "text" : "УИК №459",
  "href" : "region/izbirkom?action=show&root=202000012&tvd=4204014122508&vrn=100100225883172&prver=0&pronetvd=null&region=20&sub_region=20",
  "prver" : "0",
  "isUik" : true,
  "selected" : false,
  "load_on_demand" : false
}, {
  "id" : 4204014122509,
  "text" : "УИК №460",
  "href" : "region/izbirkom?action=show&root=202000012&tvd=4204014122509&vrn=100100225883172&prver=0&pronetvd=null&region=20&sub_region=20",
  "prver" : "0",
  "isUik" : true,
  "selected" : false,
  "load_on_demand" : false
}, {
  "id" : 4204014122510,
  "text" : "УИК №493",
  "href" : "region/izbirkom?action=show&root=202000012&tvd=4204014122510&vrn=100100225883172&prver=0&pronetvd=null&region=20&sub_region=20",
  "prver" : "0",
  "isUik" : true,
  "selected" : false,
  "load_on_demand" : false
} ]