[ {
  "id" : 4204009157301,
  "text" : "УИК №103",
  "href" : "region/izbirkom?action=show&root=202000014&tvd=4204009157301&vrn=100100225883172&prver=0&pronetvd=null&region=20&sub_region=20",
  "prver" : "0",
  "isUik" : true,
  "selected" : false,
  "load_on_demand" : false
}, {
  "id" : 4204009157302,
  "text" : "УИК №104",
  "href" : "region/izbirkom?action=show&root=202000014&tvd=4204009157302&vrn=100100225883172&prver=0&pronetvd=null&region=20&sub_region=20",
  "prver" : "0",
  "isUik" : true,
  "selected" : false,
  "load_on_demand" : false
}, {
  "id" : 4204009157303,
  "text" : "УИК №105",
  "href" : "region/izbirkom?action=show&root=202000014&tvd=4204009157303&vrn=100100225883172&prver=0&pronetvd=null&region=20&sub_region=20",
  "prver" : "0",
  "isUik" : true,
  "selected" : false,
  "load_on_demand" : false
}, {
  "id" : 4204009157304,
  "text" : "УИК №106",
  "href" : "region/izbirkom?action=show&root=202000014&tvd=4204009157304&vrn=100100225883172&prver=0&pronetvd=null&region=20&sub_region=20",
  "prver" : "0",
  "isUik" : true,
  "selected" : false,
  "load_on_demand" : false
}, {
  "id" : 4204009157305,
  "text" : "УИК №107",
  "href" : "region/izbirkom?action=show&root=202000014&tvd=4204009157305&vrn=100100225883172&prver=0&pronetvd=null&region=20&sub_region=20",
  "prver" : "0",
  "isUik" : true,
  "selected" : false,
  "load_on_demand" : false
}, {
  "id" : 4204009157306,
  "text" : "УИК №108",
  "href" : "region/izbirkom?action=show&root=202000014&tvd=4204009157306&vrn=100100225883172&prver=0&pronetvd=null&region=20&sub_region=20",
  "prver" : "0",
  "isUik" : true,
  "selected" : false,
  "load_on_demand" : false
}, {
  "id" : 4204009157307,
  "text" : "УИК №109",
  "href" : "region/izbirkom?action=show&root=202000014&tvd=4204009157307&vrn=100100225883172&prver=0&pronetvd=null&region=20&sub_region=20",
  "prver" : "0",
  "isUik" : true,
  "selected" : false,
  "load_on_demand" : false
}, {
  "id" : 4204009157308,
  "text" : "УИК №110",
  "href" : "region/izbirkom?action=show&root=202000014&tvd=4204009157308&vrn=100100225883172&prver=0&pronetvd=null&region=20&sub_region=20",
  "prver" : "0",
  "isUik" : true,
  "selected" : false,
  "load_on_demand" : false
}, {
  "id" : 4204009157309,
  "text" : "УИК №111",
  "href" : "region/izbirkom?action=show&root=202000014&tvd=4204009157309&vrn=100100225883172&prver=0&pronetvd=null&region=20&sub_region=20",
  "prver" : "0",
  "isUik" : true,
  "selected" : false,
  "load_on_demand" : false
}, {
  "id" : 4204009157310,
  "text" : "УИК №112",
  "href" : "region/izbirkom?action=show&root=202000014&tvd=4204009157310&vrn=100100225883172&prver=0&pronetvd=null&region=20&sub_region=20",
  "prver" : "0",
  "isUik" : true,
  "selected" : false,
  "load_on_demand" : false
}, {
  "id" : 4204009157311,
  "text" : "УИК №113",
  "href" : "region/izbirkom?action=show&root=202000014&tvd=4204009157311&vrn=100100225883172&prver=0&pronetvd=null&region=20&sub_region=20",
  "prver" : "0",
  "isUik" : true,
  "selected" : false,
  "load_on_demand" : false
}, {
  "id" : 4204009157312,
  "text" : "УИК №114",
  "href" : "region/izbirkom?action=show&root=202000014&tvd=4204009157312&vrn=100100225883172&prver=0&pronetvd=null&region=20&sub_region=20",
  "prver" : "0",
  "isUik" : true,
  "selected" : false,
  "load_on_demand" : false
}, {
  "id" : 4204009157313,
  "text" : "УИК №115",
  "href" : "region/izbirkom?action=show&root=202000014&tvd=4204009157313&vrn=100100225883172&prver=0&pronetvd=null&region=20&sub_region=20",
  "prver" : "0",
  "isUik" : true,
  "selected" : false,
  "load_on_demand" : false
}, {
  "id" : 4204009157314,
  "text" : "УИК №116",
  "href" : "region/izbirkom?action=show&root=202000014&tvd=4204009157314&vrn=100100225883172&prver=0&pronetvd=null&region=20&sub_region=20",
  "prver" : "0",
  "isUik" : true,
  "selected" : false,
  "load_on_demand" : false
}, {
  "id" : 4204009157315,
  "text" : "УИК №117",
  "href" : "region/izbirkom?action=show&root=202000014&tvd=4204009157315&vrn=100100225883172&prver=0&pronetvd=null&region=20&sub_region=20",
  "prver" : "0",
  "isUik" : true,
  "selected" : false,
  "load_on_demand" : false
}, {
  "id" : 4204009157316,
  "text" : "УИК №118",
  "href" : "region/izbirkom?action=show&root=202000014&tvd=4204009157316&vrn=100100225883172&prver=0&pronetvd=null&region=20&sub_region=20",
  "prver" : "0",
  "isUik" : true,
  "selected" : false,
  "load_on_demand" : false
}, {
  "id" : 4204009157317,
  "text" : "УИК №119",
  "href" : "region/izbirkom?action=show&root=202000014&tvd=4204009157317&vrn=100100225883172&prver=0&pronetvd=null&region=20&sub_region=20",
  "prver" : "0",
  "isUik" : true,
  "selected" : false,
  "load_on_demand" : false
}, {
  "id" : 4204009157318,
  "text" : "УИК №120",
  "href" : "region/izbirkom?action=show&root=202000014&tvd=4204009157318&vrn=100100225883172&prver=0&pronetvd=null&region=20&sub_region=20",
  "prver" : "0",
  "isUik" : true,
  "selected" : false,
  "load_on_demand" : false
}, {
  "id" : 4204009157319,
  "text" : "УИК №121",
  "href" : "region/izbirkom?action=show&root=202000014&tvd=4204009157319&vrn=100100225883172&prver=0&pronetvd=null&region=20&sub_region=20",
  "prver" : "0",
  "isUik" : true,
  "selected" : false,
  "load_on_demand" : false
}, {
  "id" : 4204009157320,
  "text" : "УИК №122",
  "href" : "region/izbirkom?action=show&root=202000014&tvd=4204009157320&vrn=100100225883172&prver=0&pronetvd=null&region=20&sub_region=20",
  "prver" : "0",
  "isUik" : true,
  "selected" : false,
  "load_on_demand" : false
}, {
  "id" : 4204009157321,
  "text" : "УИК №123",
  "href" : "region/izbirkom?action=show&root=202000014&tvd=4204009157321&vrn=100100225883172&prver=0&pronetvd=null&region=20&sub_region=20",
  "prver" : "0",
  "isUik" : true,
  "selected" : false,
  "load_on_demand" : false
}, {
  "id" : 4204009157322,
  "text" : "УИК №124",
  "href" : "region/izbirkom?action=show&root=202000014&tvd=4204009157322&vrn=100100225883172&prver=0&pronetvd=null&region=20&sub_region=20",
  "prver" : "0",
  "isUik" : true,
  "selected" : false,
  "load_on_demand" : false
}, {
  "id" : 4204009157323,
  "text" : "УИК №125",
  "href" : "region/izbirkom?action=show&root=202000014&tvd=4204009157323&vrn=100100225883172&prver=0&pronetvd=null&region=20&sub_region=20",
  "prver" : "0",
  "isUik" : true,
  "selected" : false,
  "load_on_demand" : false
}, {
  "id" : 4204009157324,
  "text" : "УИК №126",
  "href" : "region/izbirkom?action=show&root=202000014&tvd=4204009157324&vrn=100100225883172&prver=0&pronetvd=null&region=20&sub_region=20",
  "prver" : "0",
  "isUik" : true,
  "selected" : false,
  "load_on_demand" : false
}, {
  "id" : 4204009157325,
  "text" : "УИК №127",
  "href" : "region/izbirkom?action=show&root=202000014&tvd=4204009157325&vrn=100100225883172&prver=0&pronetvd=null&region=20&sub_region=20",
  "prver" : "0",
  "isUik" : true,
  "selected" : false,
  "load_on_demand" : false
}, {
  "id" : 4204009157326,
  "text" : "УИК №128",
  "href" : "region/izbirkom?action=show&root=202000014&tvd=4204009157326&vrn=100100225883172&prver=0&pronetvd=null&region=20&sub_region=20",
  "prver" : "0",
  "isUik" : true,
  "selected" : false,
  "load_on_demand" : false
}, {
  "id" : 4204009157327,
  "text" : "УИК №129",
  "href" : "region/izbirkom?action=show&root=202000014&tvd=4204009157327&vrn=100100225883172&prver=0&pronetvd=null&region=20&sub_region=20",
  "prver" : "0",
  "isUik" : true,
  "selected" : false,
  "load_on_demand" : false
}, {
  "id" : 4204009157328,
  "text" : "УИК №130",
  "href" : "region/izbirkom?action=show&root=202000014&tvd=4204009157328&vrn=100100225883172&prver=0&pronetvd=null&region=20&sub_region=20",
  "prver" : "0",
  "isUik" : true,
  "selected" : false,
  "load_on_demand" : false
}, {
  "id" : 4204009157329,
  "text" : "УИК №131",
  "href" : "region/izbirkom?action=show&root=202000014&tvd=4204009157329&vrn=100100225883172&prver=0&pronetvd=null&region=20&sub_region=20",
  "prver" : "0",
  "isUik" : true,
  "selected" : false,
  "load_on_demand" : false
}, {
  "id" : 4204009157330,
  "text" : "УИК №132",
  "href" : "region/izbirkom?action=show&root=202000014&tvd=4204009157330&vrn=100100225883172&prver=0&pronetvd=null&region=20&sub_region=20",
  "prver" : "0",
  "isUik" : true,
  "selected" : false,
  "load_on_demand" : false
}, {
  "id" : 4204009157331,
  "text" : "УИК №133",
  "href" : "region/izbirkom?action=show&root=202000014&tvd=4204009157331&vrn=100100225883172&prver=0&pronetvd=null&region=20&sub_region=20",
  "prver" : "0",
  "isUik" : true,
  "selected" : false,
  "load_on_demand" : false
}, {
  "id" : 4204009157332,
  "text" : "УИК №134",
  "href" : "region/izbirkom?action=show&root=202000014&tvd=4204009157332&vrn=100100225883172&prver=0&pronetvd=null&region=20&sub_region=20",
  "prver" : "0",
  "isUik" : true,
  "selected" : false,
  "load_on_demand" : false
}, {
  "id" : 4204009157333,
  "text" : "УИК №135",
  "href" : "region/izbirkom?action=show&root=202000014&tvd=4204009157333&vrn=100100225883172&prver=0&pronetvd=null&region=20&sub_region=20",
  "prver" : "0",
  "isUik" : true,
  "selected" : false,
  "load_on_demand" : false
}, {
  "id" : 4204009157334,
  "text" : "УИК №136",
  "href" : "region/izbirkom?action=show&root=202000014&tvd=4204009157334&vrn=100100225883172&prver=0&pronetvd=null&region=20&sub_region=20",
  "prver" : "0",
  "isUik" : true,
  "selected" : false,
  "load_on_demand" : false
}, {
  "id" : 4204009157335,
  "text" : "УИК №138",
  "href" : "region/izbirkom?action=show&root=202000014&tvd=4204009157335&vrn=100100225883172&prver=0&pronetvd=null&region=20&sub_region=20",
  "prver" : "0",
  "isUik" : true,
  "selected" : false,
  "load_on_demand" : false
}, {
  "id" : 4204009157336,
  "text" : "УИК №139",
  "href" : "region/izbirkom?action=show&root=202000014&tvd=4204009157336&vrn=100100225883172&prver=0&pronetvd=null&region=20&sub_region=20",
  "prver" : "0",
  "isUik" : true,
  "selected" : false,
  "load_on_demand" : false
}, {
  "id" : 4204009157337,
  "text" : "УИК №140",
  "href" : "region/izbirkom?action=show&root=202000014&tvd=4204009157337&vrn=100100225883172&prver=0&pronetvd=null&region=20&sub_region=20",
  "prver" : "0",
  "isUik" : true,
  "selected" : false,
  "load_on_demand" : false
}, {
  "id" : 4204009157338,
  "text" : "УИК №141",
  "href" : "region/izbirkom?action=show&root=202000014&tvd=4204009157338&vrn=100100225883172&prver=0&pronetvd=null&region=20&sub_region=20",
  "prver" : "0",
  "isUik" : true,
  "selected" : false,
  "load_on_demand" : false
}, {
  "id" : 4204009157339,
  "text" : "УИК №142",
  "href" : "region/izbirkom?action=show&root=202000014&tvd=4204009157339&vrn=100100225883172&prver=0&pronetvd=null&region=20&sub_region=20",
  "prver" : "0",
  "isUik" : true,
  "selected" : false,
  "load_on_demand" : false
}, {
  "id" : 4204009157340,
  "text" : "УИК №143",
  "href" : "region/izbirkom?action=show&root=202000014&tvd=4204009157340&vrn=100100225883172&prver=0&pronetvd=null&region=20&sub_region=20",
  "prver" : "0",
  "isUik" : true,
  "selected" : false,
  "load_on_demand" : false
}, {
  "id" : 4204009157341,
  "text" : "УИК №144",
  "href" : "region/izbirkom?action=show&root=202000014&tvd=4204009157341&vrn=100100225883172&prver=0&pronetvd=null&region=20&sub_region=20",
  "prver" : "0",
  "isUik" : true,
  "selected" : false,
  "load_on_demand" : false
}, {
  "id" : 4204009157342,
  "text" : "УИК №145",
  "href" : "region/izbirkom?action=show&root=202000014&tvd=4204009157342&vrn=100100225883172&prver=0&pronetvd=null&region=20&sub_region=20",
  "prver" : "0",
  "isUik" : true,
  "selected" : false,
  "load_on_demand" : false
}, {
  "id" : 4204009157343,
  "text" : "УИК №146",
  "href" : "region/izbirkom?action=show&root=202000014&tvd=4204009157343&vrn=100100225883172&prver=0&pronetvd=null&region=20&sub_region=20",
  "prver" : "0",
  "isUik" : true,
  "selected" : false,
  "load_on_demand" : false
}, {
  "id" : 4204009157344,
  "text" : "УИК №436",
  "href" : "region/izbirkom?action=show&root=202000014&tvd=4204009157344&vrn=100100225883172&prver=0&pronetvd=null&region=20&sub_region=20",
  "prver" : "0",
  "isUik" : true,
  "selected" : false,
  "load_on_demand" : false
}, {
  "id" : 4204009157345,
  "text" : "УИК №451",
  "href" : "region/izbirkom?action=show&root=202000014&tvd=4204009157345&vrn=100100225883172&prver=0&pronetvd=null&region=20&sub_region=20",
  "prver" : "0",
  "isUik" : true,
  "selected" : false,
  "load_on_demand" : false
}, {
  "id" : 4204009157346,
  "text" : "УИК №480",
  "href" : "region/izbirkom?action=show&root=202000014&tvd=4204009157346&vrn=100100225883172&prver=0&pronetvd=null&region=20&sub_region=20",
  "prver" : "0",
  "isUik" : true,
  "selected" : false,
  "load_on_demand" : false
}, {
  "id" : 4204009166953,
  "text" : "УИК №508",
  "href" : "region/izbirkom?action=show&root=202000014&tvd=4204009166953&vrn=100100225883172&prver=0&pronetvd=null&region=20&sub_region=20",
  "prver" : "0",
  "isUik" : true,
  "selected" : false,
  "load_on_demand" : false
}, {
  "id" : 4204009166954,
  "text" : "УИК №509",
  "href" : "region/izbirkom?action=show&root=202000014&tvd=4204009166954&vrn=100100225883172&prver=0&pronetvd=null&region=20&sub_region=20",
  "prver" : "0",
  "isUik" : true,
  "selected" : false,
  "load_on_demand" : false
} ]