[ {
  "id" : 420401096353,
  "text" : "УИК №147",
  "href" : "region/izbirkom?action=show&root=202000007&tvd=420401096353&vrn=100100225883172&prver=0&pronetvd=null&region=20&sub_region=20",
  "prver" : "0",
  "isUik" : true,
  "selected" : false,
  "load_on_demand" : false
}, {
  "id" : 420401096354,
  "text" : "УИК №148",
  "href" : "region/izbirkom?action=show&root=202000007&tvd=420401096354&vrn=100100225883172&prver=0&pronetvd=null&region=20&sub_region=20",
  "prver" : "0",
  "isUik" : true,
  "selected" : false,
  "load_on_demand" : false
}, {
  "id" : 420401096355,
  "text" : "УИК №149",
  "href" : "region/izbirkom?action=show&root=202000007&tvd=420401096355&vrn=100100225883172&prver=0&pronetvd=null&region=20&sub_region=20",
  "prver" : "0",
  "isUik" : true,
  "selected" : false,
  "load_on_demand" : false
}, {
  "id" : 420401096356,
  "text" : "УИК №150",
  "href" : "region/izbirkom?action=show&root=202000007&tvd=420401096356&vrn=100100225883172&prver=0&pronetvd=null&region=20&sub_region=20",
  "prver" : "0",
  "isUik" : true,
  "selected" : false,
  "load_on_demand" : false
}, {
  "id" : 420401096357,
  "text" : "УИК №151",
  "href" : "region/izbirkom?action=show&root=202000007&tvd=420401096357&vrn=100100225883172&prver=0&pronetvd=null&region=20&sub_region=20",
  "prver" : "0",
  "isUik" : true,
  "selected" : false,
  "load_on_demand" : false
}, {
  "id" : 420401096358,
  "text" : "УИК №152",
  "href" : "region/izbirkom?action=show&root=202000007&tvd=420401096358&vrn=100100225883172&prver=0&pronetvd=null&region=20&sub_region=20",
  "prver" : "0",
  "isUik" : true,
  "selected" : false,
  "load_on_demand" : false
}, {
  "id" : 420401096359,
  "text" : "УИК №153",
  "href" : "region/izbirkom?action=show&root=202000007&tvd=420401096359&vrn=100100225883172&prver=0&pronetvd=null&region=20&sub_region=20",
  "prver" : "0",
  "isUik" : true,
  "selected" : false,
  "load_on_demand" : false
}, {
  "id" : 420401096360,
  "text" : "УИК №154",
  "href" : "region/izbirkom?action=show&root=202000007&tvd=420401096360&vrn=100100225883172&prver=0&pronetvd=null&region=20&sub_region=20",
  "prver" : "0",
  "isUik" : true,
  "selected" : false,
  "load_on_demand" : false
}, {
  "id" : 420401096361,
  "text" : "УИК №155",
  "href" : "region/izbirkom?action=show&root=202000007&tvd=420401096361&vrn=100100225883172&prver=0&pronetvd=null&region=20&sub_region=20",
  "prver" : "0",
  "isUik" : true,
  "selected" : false,
  "load_on_demand" : false
}, {
  "id" : 420401096362,
  "text" : "УИК №156",
  "href" : "region/izbirkom?action=show&root=202000007&tvd=420401096362&vrn=100100225883172&prver=0&pronetvd=null&region=20&sub_region=20",
  "prver" : "0",
  "isUik" : true,
  "selected" : false,
  "load_on_demand" : false
}, {
  "id" : 420401096363,
  "text" : "УИК №157",
  "href" : "region/izbirkom?action=show&root=202000007&tvd=420401096363&vrn=100100225883172&prver=0&pronetvd=null&region=20&sub_region=20",
  "prver" : "0",
  "isUik" : true,
  "selected" : false,
  "load_on_demand" : false
}, {
  "id" : 420401096364,
  "text" : "УИК №158",
  "href" : "region/izbirkom?action=show&root=202000007&tvd=420401096364&vrn=100100225883172&prver=0&pronetvd=null&region=20&sub_region=20",
  "prver" : "0",
  "isUik" : true,
  "selected" : false,
  "load_on_demand" : false
}, {
  "id" : 420401096365,
  "text" : "УИК №159",
  "href" : "region/izbirkom?action=show&root=202000007&tvd=420401096365&vrn=100100225883172&prver=0&pronetvd=null&region=20&sub_region=20",
  "prver" : "0",
  "isUik" : true,
  "selected" : false,
  "load_on_demand" : false
} ]