[ {
  "id" : 4214017436178,
  "text" : "УИК №1724",
  "href" : "region/izbirkom?action=show&root=212000001&tvd=4214017436178&vrn=100100225883172&prver=0&pronetvd=null&region=21&sub_region=21",
  "prver" : "0",
  "isUik" : true,
  "selected" : false,
  "load_on_demand" : false
}, {
  "id" : 4214017436179,
  "text" : "УИК №1725",
  "href" : "region/izbirkom?action=show&root=212000001&tvd=4214017436179&vrn=100100225883172&prver=0&pronetvd=null&region=21&sub_region=21",
  "prver" : "0",
  "isUik" : true,
  "selected" : false,
  "load_on_demand" : false
}, {
  "id" : 4214017436180,
  "text" : "УИК №1726",
  "href" : "region/izbirkom?action=show&root=212000001&tvd=4214017436180&vrn=100100225883172&prver=0&pronetvd=null&region=21&sub_region=21",
  "prver" : "0",
  "isUik" : true,
  "selected" : false,
  "load_on_demand" : false
}, {
  "id" : 4214017436181,
  "text" : "УИК №1727",
  "href" : "region/izbirkom?action=show&root=212000001&tvd=4214017436181&vrn=100100225883172&prver=0&pronetvd=null&region=21&sub_region=21",
  "prver" : "0",
  "isUik" : true,
  "selected" : false,
  "load_on_demand" : false
}, {
  "id" : 4214017436182,
  "text" : "УИК №1728",
  "href" : "region/izbirkom?action=show&root=212000001&tvd=4214017436182&vrn=100100225883172&prver=0&pronetvd=null&region=21&sub_region=21",
  "prver" : "0",
  "isUik" : true,
  "selected" : false,
  "load_on_demand" : false
}, {
  "id" : 4214017436183,
  "text" : "УИК №1729",
  "href" : "region/izbirkom?action=show&root=212000001&tvd=4214017436183&vrn=100100225883172&prver=0&pronetvd=null&region=21&sub_region=21",
  "prver" : "0",
  "isUik" : true,
  "selected" : false,
  "load_on_demand" : false
}, {
  "id" : 4214017436184,
  "text" : "УИК №1730",
  "href" : "region/izbirkom?action=show&root=212000001&tvd=4214017436184&vrn=100100225883172&prver=0&pronetvd=null&region=21&sub_region=21",
  "prver" : "0",
  "isUik" : true,
  "selected" : false,
  "load_on_demand" : false
}, {
  "id" : 4214017436185,
  "text" : "УИК №1731",
  "href" : "region/izbirkom?action=show&root=212000001&tvd=4214017436185&vrn=100100225883172&prver=0&pronetvd=null&region=21&sub_region=21",
  "prver" : "0",
  "isUik" : true,
  "selected" : false,
  "load_on_demand" : false
}, {
  "id" : 4214017436186,
  "text" : "УИК №1732",
  "href" : "region/izbirkom?action=show&root=212000001&tvd=4214017436186&vrn=100100225883172&prver=0&pronetvd=null&region=21&sub_region=21",
  "prver" : "0",
  "isUik" : true,
  "selected" : false,
  "load_on_demand" : false
}, {
  "id" : 4214017436194,
  "text" : "УИК №1740",
  "href" : "region/izbirkom?action=show&root=212000001&tvd=4214017436194&vrn=100100225883172&prver=0&pronetvd=null&region=21&sub_region=21",
  "prver" : "0",
  "isUik" : true,
  "selected" : false,
  "load_on_demand" : false
}, {
  "id" : 4214017436195,
  "text" : "УИК №1741",
  "href" : "region/izbirkom?action=show&root=212000001&tvd=4214017436195&vrn=100100225883172&prver=0&pronetvd=null&region=21&sub_region=21",
  "prver" : "0",
  "isUik" : true,
  "selected" : false,
  "load_on_demand" : false
}, {
  "id" : 4214017436196,
  "text" : "УИК №1742",
  "href" : "region/izbirkom?action=show&root=212000001&tvd=4214017436196&vrn=100100225883172&prver=0&pronetvd=null&region=21&sub_region=21",
  "prver" : "0",
  "isUik" : true,
  "selected" : false,
  "load_on_demand" : false
}, {
  "id" : 4214017436197,
  "text" : "УИК №1743",
  "href" : "region/izbirkom?action=show&root=212000001&tvd=4214017436197&vrn=100100225883172&prver=0&pronetvd=null&region=21&sub_region=21",
  "prver" : "0",
  "isUik" : true,
  "selected" : false,
  "load_on_demand" : false
}, {
  "id" : 4214017436198,
  "text" : "УИК №1744",
  "href" : "region/izbirkom?action=show&root=212000001&tvd=4214017436198&vrn=100100225883172&prver=0&pronetvd=null&region=21&sub_region=21",
  "prver" : "0",
  "isUik" : true,
  "selected" : false,
  "load_on_demand" : false
}, {
  "id" : 4214017436199,
  "text" : "УИК №1745",
  "href" : "region/izbirkom?action=show&root=212000001&tvd=4214017436199&vrn=100100225883172&prver=0&pronetvd=null&region=21&sub_region=21",
  "prver" : "0",
  "isUik" : true,
  "selected" : false,
  "load_on_demand" : false
}, {
  "id" : 4214017436200,
  "text" : "УИК №1746",
  "href" : "region/izbirkom?action=show&root=212000001&tvd=4214017436200&vrn=100100225883172&prver=0&pronetvd=null&region=21&sub_region=21",
  "prver" : "0",
  "isUik" : true,
  "selected" : false,
  "load_on_demand" : false
}, {
  "id" : 4214017436201,
  "text" : "УИК №1747",
  "href" : "region/izbirkom?action=show&root=212000001&tvd=4214017436201&vrn=100100225883172&prver=0&pronetvd=null&region=21&sub_region=21",
  "prver" : "0",
  "isUik" : true,
  "selected" : false,
  "load_on_demand" : false
}, {
  "id" : 4214017436202,
  "text" : "УИК №1748",
  "href" : "region/izbirkom?action=show&root=212000001&tvd=4214017436202&vrn=100100225883172&prver=0&pronetvd=null&region=21&sub_region=21",
  "prver" : "0",
  "isUik" : true,
  "selected" : false,
  "load_on_demand" : false
}, {
  "id" : 4214017436203,
  "text" : "УИК №1749",
  "href" : "region/izbirkom?action=show&root=212000001&tvd=4214017436203&vrn=100100225883172&prver=0&pronetvd=null&region=21&sub_region=21",
  "prver" : "0",
  "isUik" : true,
  "selected" : false,
  "load_on_demand" : false
}, {
  "id" : 4214017436204,
  "text" : "УИК №1750",
  "href" : "region/izbirkom?action=show&root=212000001&tvd=4214017436204&vrn=100100225883172&prver=0&pronetvd=null&region=21&sub_region=21",
  "prver" : "0",
  "isUik" : true,
  "selected" : false,
  "load_on_demand" : false
}, {
  "id" : 4214017436205,
  "text" : "УИК №1751",
  "href" : "region/izbirkom?action=show&root=212000001&tvd=4214017436205&vrn=100100225883172&prver=0&pronetvd=null&region=21&sub_region=21",
  "prver" : "0",
  "isUik" : true,
  "selected" : false,
  "load_on_demand" : false
}, {
  "id" : 4214017436206,
  "text" : "УИК №1752",
  "href" : "region/izbirkom?action=show&root=212000001&tvd=4214017436206&vrn=100100225883172&prver=0&pronetvd=null&region=21&sub_region=21",
  "prver" : "0",
  "isUik" : true,
  "selected" : false,
  "load_on_demand" : false
}, {
  "id" : 4214017436207,
  "text" : "УИК №1753",
  "href" : "region/izbirkom?action=show&root=212000001&tvd=4214017436207&vrn=100100225883172&prver=0&pronetvd=null&region=21&sub_region=21",
  "prver" : "0",
  "isUik" : true,
  "selected" : false,
  "load_on_demand" : false
}, {
  "id" : 4214017436208,
  "text" : "УИК №1754",
  "href" : "region/izbirkom?action=show&root=212000001&tvd=4214017436208&vrn=100100225883172&prver=0&pronetvd=null&region=21&sub_region=21",
  "prver" : "0",
  "isUik" : true,
  "selected" : false,
  "load_on_demand" : false
}, {
  "id" : 4214017436223,
  "text" : "УИК №1755",
  "href" : "region/izbirkom?action=show&root=212000001&tvd=4214017436223&vrn=100100225883172&prver=0&pronetvd=null&region=21&sub_region=21",
  "prver" : "0",
  "isUik" : true,
  "selected" : false,
  "load_on_demand" : false
}, {
  "id" : 4214017436215,
  "text" : "УИК №1761",
  "href" : "region/izbirkom?action=show&root=212000001&tvd=4214017436215&vrn=100100225883172&prver=0&pronetvd=null&region=21&sub_region=21",
  "prver" : "0",
  "isUik" : true,
  "selected" : false,
  "load_on_demand" : false
}, {
  "id" : 4214017436216,
  "text" : "УИК №1762",
  "href" : "region/izbirkom?action=show&root=212000001&tvd=4214017436216&vrn=100100225883172&prver=0&pronetvd=null&region=21&sub_region=21",
  "prver" : "0",
  "isUik" : true,
  "selected" : false,
  "load_on_demand" : false
}, {
  "id" : 4214017436217,
  "text" : "УИК №1763",
  "href" : "region/izbirkom?action=show&root=212000001&tvd=4214017436217&vrn=100100225883172&prver=0&pronetvd=null&region=21&sub_region=21",
  "prver" : "0",
  "isUik" : true,
  "selected" : false,
  "load_on_demand" : false
}, {
  "id" : 4214017436218,
  "text" : "УИК №1764",
  "href" : "region/izbirkom?action=show&root=212000001&tvd=4214017436218&vrn=100100225883172&prver=0&pronetvd=null&region=21&sub_region=21",
  "prver" : "0",
  "isUik" : true,
  "selected" : false,
  "load_on_demand" : false
}, {
  "id" : 4214017436219,
  "text" : "УИК №1765",
  "href" : "region/izbirkom?action=show&root=212000001&tvd=4214017436219&vrn=100100225883172&prver=0&pronetvd=null&region=21&sub_region=21",
  "prver" : "0",
  "isUik" : true,
  "selected" : false,
  "load_on_demand" : false
} ]